task,filename,source_path,source_sha256,compressed_bytes,imu_type,rate_code,embedded_dates,validated_utc_mapping,six_file_fit_completed,expansion_status,configuration
594999d9bb7345ad87d3,ILVIS0_gyro_54935_lvis_applanix_POSAV.013,/site/repo/local-level-lab/data/ilvis0-ready/594999d9bb7345ad87d3/decoded/ILVIS0_gyro_54935_lvis_applanix_POSAV.013.gz,c83dfe2728b03bcdcd84edce7c538adf730380d7f7eb78cdbe068103094fb79a,7032656,6,2,2009-04-14,True,True,completed six-file pilot,"{""AV-510,VER5,S/N2720,HW3.1-7,SW04.50-Feb05/08,ICD14.00,OS425B14,IMU6,PGPS13,SGPS0"": 98}"
e2eab4a5165f2b84a703,ILVIS0_gyro_54936_atm_applanix_15Apr09.013,/site/repo/local-level-lab/data/ilvis0-ready/e2eab4a5165f2b84a703/decoded/ILVIS0_gyro_54936_atm_applanix_15Apr09.013.gz,070a6ef0b926a19817606b1a5eb18d25be88f89afd8c666e1763406960915a47,5406078,8,2,2009-04-15,True,False,pending conditional preparation; no calibrated science gate,"{""AV-510,VER5,S/N2036,HW3.5-7,SW04.60-Oct21/08,ICD15.00,OS425B14,IMU8,PGPS16,SGPS0"": 130}"
46f0a9ed26f8de10bb18,ILVIS0_gyro_54936_lvis_applanix_POSAV.013,/site/repo/local-level-lab/data/ilvis0-ready/46f0a9ed26f8de10bb18/decoded/ILVIS0_gyro_54936_lvis_applanix_POSAV.013.gz,52700f738969021134bce721dfba7643577fc938490bab888de34b79ef3e215a,4135002,6,2,2009-04-15,True,False,pending conditional preparation; no calibrated science gate,"{""AV-510,VER5,S/N2720,HW3.1-7,SW04.50-Feb05/08,ICD14.00,OS425B14,IMU6,PGPS13,SGPS0"": 57}"
0428cb9b1d87fedfb19e,ILVIS0_gyro_54937_atm_applanix_16Apr09.013,/site/repo/local-level-lab/data/ilvis0-ready/0428cb9b1d87fedfb19e/decoded/ILVIS0_gyro_54937_atm_applanix_16Apr09.013.gz,61e813eb65e1bd9f9a6dbe9de884e96e9b542ce305304bd145441ac173533068,5410073,8,2,2009-04-16,True,False,pending conditional preparation; no calibrated science gate,"{""AV-510,VER5,S/N2036,HW3.5-7,SW04.60-Oct21/08,ICD15.00,OS425B14,IMU8,PGPS16,SGPS0"": 132}"
b48221b3e76e93a5d27d,ILVIS0_gyro_54937_lvis_applanix_POSAV.013,/site/repo/local-level-lab/data/ilvis0-ready/b48221b3e76e93a5d27d/decoded/ILVIS0_gyro_54937_lvis_applanix_POSAV.013.gz,fdd5ef285fc076123fbdab26d9f14d548100dfee501437d82f2f01879413cf2f,7129361,6,2,2009-04-16,True,False,pending conditional preparation; no calibrated science gate,"{""AV-510,VER5,S/N2720,HW3.1-7,SW04.50-Feb05/08,ICD14.00,OS425B14,IMU6,PGPS13,SGPS0"": 99}"
d0e3a956ede05ba381c3,ILVIS0_applanix_55117_Ames_610-13Oct09_13Oct09.013,/site/repo/local-level-lab/data/ilvis0-ready/d0e3a956ede05ba381c3/decoded/ILVIS0_applanix_55117_Ames_610-13Oct09_13Oct09.013.gz,402ba1a0b44281f474f56b0624ee5ac255625e5eb5ff8de86f9b9d70b60af3cd,5887535,21,2,2009-10-13,True,False,pending conditional preparation; no calibrated science gate,"{""AV-610,VER5,S/N3456,HW4-7,SW04.70-Mar25/09,ICD16.00,OS425B14,IMU21,PGPS16,SGPS0,YDC-0,FMS-0"": 127}"
f9e6103611499862cdd5,ILVIS0_applanix_55117_LVIS_GSFC_510_POSAV.013,/site/repo/local-level-lab/data/ilvis0-ready/f9e6103611499862cdd5/decoded/ILVIS0_applanix_55117_LVIS_GSFC_510_POSAV.013.gz,22975392797ebe64a5e476c2b3f96c53892283c2155770bcd4b6818c08c4dd66,6945007,6,2,2009-10-13,True,False,pending conditional preparation; no calibrated science gate,"{""AV-510,VER5,S/N2720,HW3.1-7,SW04.50-Feb05/08,ICD14.00,OS425B14,IMU6,PGPS13,SGPS0"": 98}"
4c1edd9ff3709c652827,ILVIS0_applanix_55120_Ames_610-16Oct09_16Oct09.013,/site/repo/local-level-lab/data/ilvis0-ready/4c1edd9ff3709c652827/decoded/ILVIS0_applanix_55120_Ames_610-16Oct09_16Oct09.013.gz,a8833063ff23eb2290907037e05533f88006494d3988ba46a92c56a7f409f992,6147756,21,2,2009-10-16,True,False,pending conditional preparation; no calibrated science gate,"{""AV-610,VER5,S/N3456,HW4-7,SW04.70-Mar25/09,ICD16.00,OS425B14,IMU21,PGPS16,SGPS0,YDC-0,FMS-0"": 121}"
55459ded925fbb5b286f,ILVIS0_applanix_55120_LVIS_GSFC_510_POSAV.013,/site/repo/local-level-lab/data/ilvis0-ready/55459ded925fbb5b286f/decoded/ILVIS0_applanix_55120_LVIS_GSFC_510_POSAV.013.gz,c8c4285ffeaf1ef8dbd474c17f0b2c52edf60644cb060508bf3b7fa3d6960afa,7037410,6,2,2009-10-16,True,False,pending conditional preparation; no calibrated science gate,"{""AV-510,VER5,S/N2720,HW3.1-7,SW04.50-Feb05/08,ICD14.00,OS425B14,IMU6,PGPS13,SGPS0"": 95}"
ff36ab86ea03f8c2c49b,ILVIS0_applanix_55124_Ames_510-20oct09_20Oct09.013,/site/repo/local-level-lab/data/ilvis0-ready/ff36ab86ea03f8c2c49b/decoded/ILVIS0_applanix_55124_Ames_510-20oct09_20Oct09.013.gz,f39deb582f207574911dd3a16e6c389a8baac76ceace13ec2f13aefdc42341dd,4464057,8,2,2009-10-20,True,False,pending conditional preparation; no calibrated science gate,"{""AV-510,VER5,S/N2597,HW3.8-7,SW04.60-Oct21/08,ICD15.00,OS425B14,IMU8,PGPS16,SGPS0"": 138}"
26677dfea3fbb0fb60fe,ILVIS0_applanix_55124_Ames_610-20Oct09_20Oct09.013,/site/repo/local-level-lab/data/ilvis0-ready/26677dfea3fbb0fb60fe/decoded/ILVIS0_applanix_55124_Ames_610-20Oct09_20Oct09.013.gz,1d3907d662c774b03b41bbb3675ac3f49009a663d82c0e28b7d64af756c90dc2,6082759,21,2,2009-10-20,True,False,pending conditional preparation; no calibrated science gate,"{""AV-610,VER5,S/N3456,HW4-7,SW04.70-Mar25/09,ICD16.00,OS425B14,IMU21,PGPS16,SGPS0,YDC-0,FMS-0"": 134}"
b007185bd3fe112c44c3,ILVIS0_applanix_55124_LVIS_GSFC_510_POSAV.013,/site/repo/local-level-lab/data/ilvis0-ready/b007185bd3fe112c44c3/decoded/ILVIS0_applanix_55124_LVIS_GSFC_510_POSAV.013.gz,b696f62ba33fe7c06d5608c44449b0100e7416928c788ef82328769c92729986,7004418,6,2,2009-10-20,True,False,pending conditional preparation; no calibrated science gate,"{""AV-510,VER5,S/N2720,HW3.1-7,SW04.50-Feb05/08,ICD14.00,OS425B14,IMU6,PGPS13,SGPS0"": 96}"
a19f1e9e96315b20a4a2,ILVIS0_applanix_55125_Ames_510-21Oct09_21Oct09.013,/site/repo/local-level-lab/data/ilvis0-ready/a19f1e9e96315b20a4a2/decoded/ILVIS0_applanix_55125_Ames_510-21Oct09_21Oct09.013.gz,09efbfc8808d60e46cda1f1656efc23b386007a6db86122e41c49a8a26536e2b,4738553,8,2,2009-10-21,True,False,pending conditional preparation; no calibrated science gate,"{""AV-510,VER5,S/N2597,HW3.8-7,SW04.60-Oct21/08,ICD15.00,OS425B14,IMU8,PGPS16,SGPS0"": 138}"
6d4377977ca2fbed9e2b,ILVIS0_applanix_55125_Ames_610-21Oct09_21Oct09.013,/site/repo/local-level-lab/data/ilvis0-ready/6d4377977ca2fbed9e2b/decoded/ILVIS0_applanix_55125_Ames_610-21Oct09_21Oct09.013.gz,1404d1b8d433069b40496a2df15b439300ba2770ca3ceb302745ac4749c75d3e,6034067,21,2,2009-10-21,True,False,pending conditional preparation; no calibrated science gate,"{""AV-610,VER5,S/N3456,HW4-7,SW04.70-Mar25/09,ICD16.00,OS425B14,IMU21,PGPS16,SGPS0,YDC-0,FMS-0"": 139}"
4e045339dc4bf2ba0589,ILVIS0_applanix_55125_LVIS_GSFC_510_POSAV.013,/site/repo/local-level-lab/data/ilvis0-ready/4e045339dc4bf2ba0589/decoded/ILVIS0_applanix_55125_LVIS_GSFC_510_POSAV.013.gz,5f224779f7debf7e7418a8f7086f8c20978c020612e912aa3af05535b48d5e5d,6954486,6,2,2009-10-21,True,False,pending conditional preparation; no calibrated science gate,"{""AV-510,VER5,S/N2720,HW3.1-7,SW04.50-Feb05/08,ICD14.00,OS425B14,IMU6,PGPS13,SGPS0"": 100}"
683ac516120685564714,ILVIS0_applanix_55128_Ames_510-24Oct09_24Oct09.013,/site/repo/local-level-lab/data/ilvis0-ready/683ac516120685564714/decoded/ILVIS0_applanix_55128_Ames_510-24Oct09_24Oct09.013.gz,5e597ef0cd42c391c2fa032a8392300e69bf40dd0420360eea89c30119a85363,4453920,8,2,2009-10-24,True,False,pending conditional preparation; no calibrated science gate,"{""AV-510,VER5,S/N2597,HW3.8-7,SW04.60-Oct21/08,ICD15.00,OS425B14,IMU8,PGPS16,SGPS0"": 138}"
ad2d5717b2c1c2ed3589,ILVIS0_applanix_55128_Ames_610-24Oct09_24Oct09.013,/site/repo/local-level-lab/data/ilvis0-ready/ad2d5717b2c1c2ed3589/decoded/ILVIS0_applanix_55128_Ames_610-24Oct09_24Oct09.013.gz,dc223d82d68dd667db8bb628fd67546aa793934754c552982d363da54b9380de,6052291,21,2,2009-10-24,True,False,pending conditional preparation; no calibrated science gate,"{""AV-610,VER5,S/N3456,HW4-7,SW04.70-Mar25/09,ICD16.00,OS425B14,IMU21,PGPS16,SGPS0,YDC-0,FMS-0"": 137}"
dd4066b4761ccf5f031d,ILVIS0_applanix_55128_LVIS_GSFC_510_POSAV.013,/site/repo/local-level-lab/data/ilvis0-ready/dd4066b4761ccf5f031d/decoded/ILVIS0_applanix_55128_LVIS_GSFC_510_POSAV.013.gz,65d338b71cd0da67a7a073cd287af24390e02613da2ee810cddffd6aba284ad3,7005703,6,2,2009-10-24,True,False,pending conditional preparation; no calibrated science gate,"{""AV-510,VER5,S/N2720,HW3.1-7,SW04.50-Feb05/08,ICD14.00,OS425B14,IMU6,PGPS13,SGPS0"": 97}"
b78faf2349870ed2ddb8,ILVIS0_applanix_55129_610-25Oct09_25Oct09.013,/site/repo/local-level-lab/data/ilvis0-ready/b78faf2349870ed2ddb8/decoded/ILVIS0_applanix_55129_610-25Oct09_25Oct09.013.gz,3dcdb5ccd9cd16ac5a653663b0352791a8da1eee1af70005894a70d60b99129d,6054289,21,2,2009-10-25,True,False,pending conditional preparation; no calibrated science gate,"{""AV-610,VER5,S/N3456,HW4-7,SW04.70-Mar25/09,ICD16.00,OS425B14,IMU21,PGPS16,SGPS0,YDC-0,FMS-0"": 134}"
065a958de975f32924e5,ILVIS0_applanix_55129_LVIS_GSFC_510_POSAV.013,/site/repo/local-level-lab/data/ilvis0-ready/065a958de975f32924e5/decoded/ILVIS0_applanix_55129_LVIS_GSFC_510_POSAV.013.gz,0a2e302b57bec415b134587dd861009d2123a65316de977ad087858fb32fbf27,6915055,6,2,2009-10-25,True,False,pending conditional preparation; no calibrated science gate,"{""AV-510,VER5,S/N2720,HW3.1-7,SW04.50-Feb05/08,ICD14.00,OS425B14,IMU6,PGPS13,SGPS0"": 101}"
60b015c2680f835a1882,ILVIS0_applanix_55131_610-27Oct09_27Oct09.013,/site/repo/local-level-lab/data/ilvis0-ready/60b015c2680f835a1882/decoded/ILVIS0_applanix_55131_610-27Oct09_27Oct09.013.gz,b3a5cac897123f4c94673c04dc2c48c6379422ea27d40bbdce594abaca14b04f,5992050,21,2,2009-10-27,True,False,pending conditional preparation; no calibrated science gate,"{""AV-610,VER5,S/N3456,HW4-7,SW04.70-Mar25/09,ICD16.00,OS425B14,IMU21,PGPS16,SGPS0,YDC-0,FMS-0"": 137}"
798c004bb4435dcf2723,ILVIS0_applanix_55131_LVIS_GSFC_510_POSAV.013,/site/repo/local-level-lab/data/ilvis0-ready/798c004bb4435dcf2723/decoded/ILVIS0_applanix_55131_LVIS_GSFC_510_POSAV.013.gz,2dbe8a2882ba9a8a476c91f2857b3e422f19194944eee08fca8f508eb3c9c385,6979988,6,2,2009-10-27,True,False,pending conditional preparation; no calibrated science gate,"{""AV-510,VER5,S/N2720,HW3.1-7,SW04.50-Feb05/08,ICD14.00,OS425B14,IMU6,PGPS13,SGPS0"": 99}"
28efd95656987f7d215a,ILVIS0_applanix_55133_610-29Oct09_29Oct09.013,/site/repo/local-level-lab/data/ilvis0-ready/28efd95656987f7d215a/decoded/ILVIS0_applanix_55133_610-29Oct09_29Oct09.013.gz,be71c81e9150a6e44357974998cb81ef0baf50abe3856bf127aa05cb603d9af6,5988895,21,2,2009-10-29,True,False,pending conditional preparation; no calibrated science gate,"{""AV-610,VER5,S/N3456,HW4-7,SW04.70-Mar25/09,ICD16.00,OS425B14,IMU21,PGPS16,SGPS0,YDC-0,FMS-0"": 138}"
80ec450f8cedbc70215e,ILVIS0_applanix_55133_LVIS_GSFC_510_POSAV.013,/site/repo/local-level-lab/data/ilvis0-ready/80ec450f8cedbc70215e/decoded/ILVIS0_applanix_55133_LVIS_GSFC_510_POSAV.013.gz,7d6ee14f3a265c00ca753cc29a591c4a27e8fde29e35864289467e8464b445e9,6965017,6,2,2009-10-29,True,False,pending conditional preparation; no calibrated science gate,"{""AV-510,VER5,S/N2720,HW3.1-7,SW04.50-Feb05/08,ICD14.00,OS425B14,IMU6,PGPS13,SGPS0"": 98}"
6d07c5ae81f6c1fada88,ILVIS0_applanix_55135_610-31Oct09_31Oct09.013,/site/repo/local-level-lab/data/ilvis0-ready/6d07c5ae81f6c1fada88/decoded/ILVIS0_applanix_55135_610-31Oct09_31Oct09.013.gz,e7379c32f32943206ebbf611fdc4dcf0b3e2c9cadd13135f4550f75d9334da98,6038939,21,2,2009-10-31,True,False,pending conditional preparation; no calibrated science gate,"{""AV-610,VER5,S/N3456,HW4-7,SW04.70-Mar25/09,ICD16.00,OS425B14,IMU21,PGPS16,SGPS0,YDC-0,FMS-0"": 137}"
4ad8d8525fc91ac7243d,ILVIS0_applanix_55135_LVIS_GSFC_510_POSAV.013,/site/repo/local-level-lab/data/ilvis0-ready/4ad8d8525fc91ac7243d/decoded/ILVIS0_applanix_55135_LVIS_GSFC_510_POSAV.013.gz,d05c9e479b1365c85abc2490aeb0276035c1bddac9adbd97672b6e2d2030f6fa,6932921,6,2,2009-10-31,True,False,pending conditional preparation; no calibrated science gate,"{""AV-510,VER5,S/N2720,HW3.1-7,SW04.50-Feb05/08,ICD14.00,OS425B14,IMU6,PGPS13,SGPS0"": 98}"
1ef925fbecacc780e73a,ILVIS0_applanix_55139_610-04Nov09_04Nov09.013,/site/repo/local-level-lab/data/ilvis0-ready/1ef925fbecacc780e73a/decoded/ILVIS0_applanix_55139_610-04Nov09_04Nov09.013.gz,25311ab738262d2fb954069e932c5ce0166b50ba95ac8c7fd9e87fe2adc66f64,6007231,21,2,2009-11-04,True,False,pending conditional preparation; no calibrated science gate,"{""AV-610,VER5,S/N3456,HW4-7,SW04.70-Mar25/09,ICD16.00,OS425B14,IMU21,PGPS16,SGPS0,YDC-0,FMS-0"": 139}"
c98891d2a38c480fe3e6,ILVIS0_applanix_55139_LVIS_GSFC_510_POSAV.013,/site/repo/local-level-lab/data/ilvis0-ready/c98891d2a38c480fe3e6/decoded/ILVIS0_applanix_55139_LVIS_GSFC_510_POSAV.013.gz,0609af5f0d407b1016cba639abb47ed0a0428f5e12b6d36d1bbb679f73a7aac0,6957364,6,2,2009-11-04,True,False,pending conditional preparation; no calibrated science gate,"{""AV-510,VER5,S/N2720,HW3.1-7,SW04.50-Feb05/08,ICD14.00,OS425B14,IMU6,PGPS13,SGPS0"": 97}"
b97d0866606fd64f4e2e,ILVIS0_applanix_55140_610-05Nov09_05Nov09.013,/site/repo/local-level-lab/data/ilvis0-ready/b97d0866606fd64f4e2e/decoded/ILVIS0_applanix_55140_610-05Nov09_05Nov09.013.gz,146d30ae1fb765aba07f51c15e84b0abfd1aa6167ce99484f41c14e2274657a8,6037884,21,2,2009-11-05,True,False,pending conditional preparation; no calibrated science gate,"{""AV-610,VER5,S/N3456,HW4-7,SW04.70-Mar25/09,ICD16.00,OS425B14,IMU21,PGPS16,SGPS0,YDC-0,FMS-0"": 132}"
29a285ee434f73726bb5,ILVIS0_applanix_55140_LVIS_GSFC_510_POSAV.013,/site/repo/local-level-lab/data/ilvis0-ready/29a285ee434f73726bb5/decoded/ILVIS0_applanix_55140_LVIS_GSFC_510_POSAV.013.gz,42865f388e0fa3d7544b10b7b634f4192fc6bcc13544bf68bb9580ab4e2592db,6991156,6,2,2009-11-05,True,False,pending conditional preparation; no calibrated science gate,"{""AV-510,VER5,S/N2720,HW3.1-7,SW04.50-Feb05/08,ICD14.00,OS425B14,IMU6,PGPS13,SGPS0"": 96}"
c2e72777d4aa69a7f197,ILVIS0_applanix_55277_20100322_610_AMES_08Dec09.013,/site/repo/local-level-lab/data/ilvis0-ready/c2e72777d4aa69a7f197/decoded/ILVIS0_applanix_55277_20100322_610_AMES_08Dec09.013.gz,058b27e4e68f5f7c0c6d170e300a9cb98d423d93a1bc296f0cab5ef08f61d841,6000134,21,2,2010-03-22,True,False,pending conditional preparation; no calibrated science gate,"{""AV-610,VER5,S/N3456,HW4-7,SW04.70-Mar25/09,ICD16.00,OS425B14,IMU21,PGPS16,SGPS0,YDC-0,FMS-0"": 136}"
0d906637c82059f4b956,ILVIS0_applanix_55278_20100323_510_LVIS_POSAV.013,/site/repo/local-level-lab/data/ilvis0-ready/0d906637c82059f4b956/decoded/ILVIS0_applanix_55278_20100323_510_LVIS_POSAV.013.gz,b315d46ac969ce1b03534e732390ffef46f94ed38e575e24cbc769d121696821,7096495,6,2,2010-03-23,True,False,pending conditional preparation; no calibrated science gate,"{""AV-510,VER5,S/N2720,HW3.1-7,SW04.50-Feb05/08,ICD14.00,OS425B14,IMU6,PGPS13,SGPS0"": 96}"
d6963226d080d2cc57f1,ILVIS0_applanix_55278_20100323_610_AMES_23Mar10.013,/site/repo/local-level-lab/data/ilvis0-ready/d6963226d080d2cc57f1/decoded/ILVIS0_applanix_55278_20100323_610_AMES_23Mar10.013.gz,cfd74762d5c0ab347945ce4876f3ea4e305ed3f7364561333e8a7584b7222b00,6031438,21,2,2010-03-23,True,False,pending conditional preparation; no calibrated science gate,"{""AV-610,VER5,S/N3456,HW4-7,SW04.70-Mar25/09,ICD16.00,OS425B14,IMU21,PGPS16,SGPS0,YDC-0,FMS-0"": 136}"
d148e0852763f01663d4,ILVIS0_applanix_55279_20100324_510_LVIS_POSAV.013,/site/repo/local-level-lab/data/ilvis0-ready/d148e0852763f01663d4/decoded/ILVIS0_applanix_55279_20100324_510_LVIS_POSAV.013.gz,ba025494e62e91ba6f1dd7dbd1f1a3c36824915cf043603cb590409e287fc77a,7046151,6,2,2010-03-24,True,False,pending conditional preparation; no calibrated science gate,"{""AV-510,VER5,S/N2720,HW3.1-7,SW04.50-Feb05/08,ICD14.00,OS425B14,IMU6,PGPS13,SGPS0"": 96}"
e3ab04fb98d3e143dde9,ILVIS0_applanix_55281_20100326_510_LVIS_POSAV.013,/site/repo/local-level-lab/data/ilvis0-ready/e3ab04fb98d3e143dde9/decoded/ILVIS0_applanix_55281_20100326_510_LVIS_POSAV.013.gz,245a4590984b5d3be818d98c7cd14035f316d4285dd811472a18a6cbebe612a5,7058288,6,2,2010-03-26,True,False,pending conditional preparation; no calibrated science gate,"{""AV-510,VER5,S/N2720,HW3.1-7,SW04.50-Feb05/08,ICD14.00,OS425B14,IMU6,PGPS13,SGPS0"": 97}"
c113ebd6a699d315df57,ILVIS0_applanix_55281_20100326_610_AMES_KERNEL_MISS_NAMED_24Mar10.013,/site/repo/local-level-lab/data/ilvis0-ready/c113ebd6a699d315df57/decoded/ILVIS0_applanix_55281_20100326_610_AMES_KERNEL_MISS_NAMED_24Mar10.013.gz,dc26aa098219f38fd6a4acf223a5516e7e58101024e915c5c44bf3320b434237,6090104,21,2,2010-03-26,True,False,pending conditional preparation; no calibrated science gate,"{""AV-610,VER5,S/N3456,HW4-7,SW04.70-Mar25/09,ICD16.00,OS425B14,IMU21,PGPS16,SGPS0,YDC-0,FMS-0"": 133}"
98dbabbd7b93401715cb,ILVIS0_applanix_55284_20100329_510_LVIS_POSAV.013,/site/repo/local-level-lab/data/ilvis0-ready/98dbabbd7b93401715cb/decoded/ILVIS0_applanix_55284_20100329_510_LVIS_POSAV.013.gz,388855005590838984f557a18117199e9909212f545a88074992e61254ea1f61,7055653,6,2,2010-03-29,True,False,pending conditional preparation; no calibrated science gate,"{""AV-510,VER5,S/N2720,HW3.1-7,SW04.50-Feb05/08,ICD14.00,OS425B14,IMU6,PGPS13,SGPS0"": 96}"
e8ef81c896d08e296383,ILVIS0_applanix_55284_20100329_610_AMES_29Mar100329_103936.013,/site/repo/local-level-lab/data/ilvis0-ready/e8ef81c896d08e296383/decoded/ILVIS0_applanix_55284_20100329_610_AMES_29Mar100329_103936.013.gz,fd30ec45fa2363e28942975796dd8d1d1f10e10c3de26cf49437afb67dc20fba,6015640,21,2,2010-03-29,True,False,pending conditional preparation; no calibrated science gate,"{""AV-610,VER5,S/N3456,HW4-7,SW04.70-Mar25/09,ICD16.00,OS425B14,IMU21,PGPS16,SGPS0,YDC-0,FMS-0"": 130}"
7fe534a78767ef149e22,ILVIS0_applanix_55288_20100402_510_LVIS_POSAV.013,/site/repo/local-level-lab/data/ilvis0-ready/7fe534a78767ef149e22/decoded/ILVIS0_applanix_55288_20100402_510_LVIS_POSAV.013.gz,7ae961a02f336381e7e1001fbee1cfbe9f6e2fc3964611031f7826d586ec78d2,7033189,6,2,2010-04-02,True,False,pending conditional preparation; no calibrated science gate,"{""AV-510,VER5,S/N2720,HW3.1-7,SW04.50-Feb05/08,ICD14.00,OS425B14,IMU6,PGPS13,SGPS0"": 96}"
6470d449b74df01c7ef3,ILVIS0_applanix_55288_20100402_610_LVIS_02Apr10.013,/site/repo/local-level-lab/data/ilvis0-ready/6470d449b74df01c7ef3/decoded/ILVIS0_applanix_55288_20100402_610_LVIS_02Apr10.013.gz,1de2cf97e9b48a131ab94608170504f6d5ab82b9b622d43fda87cf0876111353,6060587,21,2,2010-04-02,True,False,pending conditional preparation; no calibrated science gate,"{""AV-610,VER5,S/N3456,HW4-7,SW04.70-Mar25/09,ICD16.00,OS425B14,IMU21,PGPS16,SGPS0,YDC-0,FMS-0"": 136}"
d2ec4f1e1707c0d93dc2,ILVIS0_applanix_55291_20100405_510_LVIS_POSAV.013,/site/repo/local-level-lab/data/ilvis0-ready/d2ec4f1e1707c0d93dc2/decoded/ILVIS0_applanix_55291_20100405_510_LVIS_POSAV.013.gz,e29e65a69071264544d14d38d9b0015dffa5f6a4dedd5ade6543b2d767d6fddc,7045573,6,2,2010-04-05,True,False,pending conditional preparation; no calibrated science gate,"{""AV-510,VER5,S/N2720,HW3.1-7,SW04.50-Feb05/08,ICD14.00,OS425B14,IMU6,PGPS13,SGPS0"": 96}"
56914803301d5dd3d9bc,ILVIS0_applanix_55291_20100405_610_LVIS_05Apr10.013,/site/repo/local-level-lab/data/ilvis0-ready/56914803301d5dd3d9bc/decoded/ILVIS0_applanix_55291_20100405_610_LVIS_05Apr10.013.gz,03c90d37179027e9bc560daccdf7ce4723dda711a6157842659fbaa39c318975,6006533,21,2,2010-04-05,True,False,pending conditional preparation; no calibrated science gate,"{""AV-610,VER5,S/N3456,HW4-7,SW04.70-Mar25/09,ICD16.00,OS425B14,IMU21,PGPS16,SGPS0,YDC-0,FMS-0"": 137}"
cd66a80e294af3d53697,ILVIS0_applanix_55295_20100409_510_LVIS_POSAV.013,/site/repo/local-level-lab/data/ilvis0-ready/cd66a80e294af3d53697/decoded/ILVIS0_applanix_55295_20100409_510_LVIS_POSAV.013.gz,028bc903367d9cef5854ff8922ae777d9c1a058b1bb610bb589f0c9245a6e489,6977958,6,2,2010-04-09,True,False,pending conditional preparation; no calibrated science gate,"{""AV-510,VER5,S/N2720,HW3.1-7,SW04.50-Feb05/08,ICD14.00,OS425B14,IMU6,PGPS13,SGPS0"": 98}"
397f6c3a7f6f34592195,ILVIS0_applanix_55295_20100409_610_LVIS_09Apr10.013,/site/repo/local-level-lab/data/ilvis0-ready/397f6c3a7f6f34592195/decoded/ILVIS0_applanix_55295_20100409_610_LVIS_09Apr10.013.gz,b479a9a435e4e89047a18b53ba884364fe487a90b5bad42f8a6a2bb107a72bbd,5925654,21,2,2010-04-09,True,False,pending conditional preparation; no calibrated science gate,"{""AV-610,VER5,S/N3456,HW4-7,SW04.70-Mar25/09,ICD16.00,OS425B14,IMU21,PGPS16,SGPS0,YDC-0,FMS-0"": 136}"
6f62e0aa90d1bfb12c24,ILVIS0_applanix_55298_20100412_610_AMES_12Apr10.013,/site/repo/local-level-lab/data/ilvis0-ready/6f62e0aa90d1bfb12c24/decoded/ILVIS0_applanix_55298_20100412_610_AMES_12Apr10.013.gz,b53ed6fdc10e2fc382530f5feaf072b762d07636959979fd34fa9b69e6e0f917,5906982,21,2,2010-04-12,True,False,pending conditional preparation; no calibrated science gate,"{""AV-610,VER5,S/N3456,HW4-7,SW04.70-Mar25/09,ICD16.00,OS425B14,IMU21,PGPS16,SGPS0,YDC-0,FMS-0"": 135}"
3361b4f9d23e55cd4841,ILVIS0_applanix_55299_20100413_AMES_610_13Apr10.013,/site/repo/local-level-lab/data/ilvis0-ready/3361b4f9d23e55cd4841/decoded/ILVIS0_applanix_55299_20100413_AMES_610_13Apr10.013.gz,66b2c1601479dc8ccbf4fac9a88de5f05650293752403fcbcd8c83ee5385da4f,5862543,21,2,2010-04-13,True,False,pending conditional preparation; no calibrated science gate,"{""AV-610,VER5,S/N3456,HW4-7,SW04.70-Mar25/09,ICD16.00,OS425B14,IMU21,PGPS16,SGPS0,YDC-0,FMS-0"": 131}"
024088f20237d75d91ce,ILVIS0_applanix_55299_20100413_LVIS_510_POSAV.013,/site/repo/local-level-lab/data/ilvis0-ready/024088f20237d75d91ce/decoded/ILVIS0_applanix_55299_20100413_LVIS_510_POSAV.013.gz,2c35698af64c154cffa9207c6ed10b30d4d572360be3554531cd1df4d128ee83,6989439,6,2,2010-04-13,True,False,pending conditional preparation; no calibrated science gate,"{""AV-510,VER5,S/N2720,HW3.1-7,SW04.50-Feb05/08,ICD14.00,OS425B14,IMU6,PGPS13,SGPS0"": 98}"
739867a871b2c6dc77f4,ILVIS0_applanix_55300_20100414_Ames610_14Apr10.013,/site/repo/local-level-lab/data/ilvis0-ready/739867a871b2c6dc77f4/decoded/ILVIS0_applanix_55300_20100414_Ames610_14Apr10.013.gz,9ba34a0ecac0a8512866d4996e8b56848f7a573e36a985fdd5f8e41421221484,6128188,21,2,2010-04-14,True,False,pending conditional preparation; no calibrated science gate,"{""AV-610,VER5,S/N3456,HW4-7,SW04.70-Mar25/09,ICD16.00,OS425B14,IMU21,PGPS16,SGPS0,YDC-0,FMS-0"": 130}"
9144c20384fb71e4b1e3,ILVIS0_applanix_55300_20100414_LVIS510_POSAV.013,/site/repo/local-level-lab/data/ilvis0-ready/9144c20384fb71e4b1e3/decoded/ILVIS0_applanix_55300_20100414_LVIS510_POSAV.013.gz,db5dbda2fc2385c762fc35659959e1663b479c718a09090722fb8f44d3435f91,6991313,6,2,2010-04-14,True,False,pending conditional preparation; no calibrated science gate,"{""AV-510,VER5,S/N2720,HW3.1-7,SW04.50-Feb05/08,ICD14.00,OS425B14,IMU6,PGPS13,SGPS0"": 97}"
81b7dc5d8a941315f623,ILVIS0_applanix_55305_20100419_Ames610_19Apr10.013,/site/repo/local-level-lab/data/ilvis0-ready/81b7dc5d8a941315f623/decoded/ILVIS0_applanix_55305_20100419_Ames610_19Apr10.013.gz,e2061f5e56aec0d811593da78ef0368ae22def8e94880b08ac16ccc7275ef2ca,6053897,21,2,2010-04-19,True,False,pending conditional preparation; no calibrated science gate,"{""AV-610,VER5,S/N3456,HW4-7,SW04.70-Mar25/09,ICD16.00,OS425B14,IMU21,PGPS16,SGPS0,YDC-0,FMS-0"": 134}"
abe6956666c05eecbbf9,ILVIS0_applanix_55305_20100419_LVIS510_POSAV.013,/site/repo/local-level-lab/data/ilvis0-ready/abe6956666c05eecbbf9/decoded/ILVIS0_applanix_55305_20100419_LVIS510_POSAV.013.gz,7efb02b6cf37e7581b561ce2d698ac8280b43ca97f7457fb11d66c4d364ac47e,6996979,6,2,2010-04-19,True,False,pending conditional preparation; no calibrated science gate,"{""AV-510,VER5,S/N2720,HW3.1-7,SW04.50-Feb05/08,ICD14.00,OS425B14,IMU6,PGPS13,SGPS0"": 99}"
713bb9ca5c6d03766fb3,ILVIS0_applanix_55306_20100420_Ames610_20Apr10.013,/site/repo/local-level-lab/data/ilvis0-ready/713bb9ca5c6d03766fb3/decoded/ILVIS0_applanix_55306_20100420_Ames610_20Apr10.013.gz,0bfb8a2aef5058cf1e915bbe6affa2c23ff45377e1f4600c8035c866e228929c,6099117,21,2,2010-04-20,True,False,pending conditional preparation; no calibrated science gate,"{""AV-610,VER5,S/N3456,HW4-7,SW04.70-Mar25/09,ICD16.00,OS425B14,IMU21,PGPS16,SGPS0,YDC-0,FMS-0"": 133}"
4daae299476a856df920,ILVIS0_applanix_55306_20100420_LVIS510_POSAV.013,/site/repo/local-level-lab/data/ilvis0-ready/4daae299476a856df920/decoded/ILVIS0_applanix_55306_20100420_LVIS510_POSAV.013.gz,9ff8cb138981b86b1585f0f5c729d0f2c585c35d8aa3546204a86d123e5b268e,7032455,6,2,2010-04-20,True,False,pending conditional preparation; no calibrated science gate,"{""AV-510,VER5,S/N2720,HW3.1-7,SW04.50-Feb05/08,ICD14.00,OS425B14,IMU6,PGPS13,SGPS0"": 99}"
8c953c34ba28140feafd,ILVIS0_applanix_55307_20100421_Ames610_21Apr10.013,/site/repo/local-level-lab/data/ilvis0-ready/8c953c34ba28140feafd/decoded/ILVIS0_applanix_55307_20100421_Ames610_21Apr10.013.gz,7b714a99ced6dedaffc21e709ad3dfc4ea5f9241d9282d8267fd50cf97ce3b88,6086998,21,2,2010-04-21,True,False,pending conditional preparation; no calibrated science gate,"{""AV-610,VER5,S/N3456,HW4-7,SW04.70-Mar25/09,ICD16.00,OS425B14,IMU21,PGPS16,SGPS0,YDC-0,FMS-0"": 128}"
1fec3d39099d0e619100,ILVIS0_applanix_55307_20100421_LVIS510_POSAV.013,/site/repo/local-level-lab/data/ilvis0-ready/1fec3d39099d0e619100/decoded/ILVIS0_applanix_55307_20100421_LVIS510_POSAV.013.gz,c2e58674c46974395abe5735949fd32ebcf076f1c7e6fb130078128673b96afb,6984885,6,2,2010-04-21,True,False,pending conditional preparation; no calibrated science gate,"{""AV-510,VER5,S/N2720,HW3.1-7,SW04.50-Feb05/08,ICD14.00,OS425B14,IMU6,PGPS13,SGPS0"": 97}"
803fc652962ade07d350,ILVIS0_applanix_55308_20100422_Ames610_22Apr10.013,/site/repo/local-level-lab/data/ilvis0-ready/803fc652962ade07d350/decoded/ILVIS0_applanix_55308_20100422_Ames610_22Apr10.013.gz,34516fa805b41bb3ee45abd3a2a8b6951e51c4f4528238043fc646d248ea5cdd,6041934,21,2,2010-04-22,True,False,pending conditional preparation; no calibrated science gate,"{""AV-610,VER5,S/N3456,HW4-7,SW04.70-Mar25/09,ICD16.00,OS425B14,IMU21,PGPS16,SGPS0,YDC-0,FMS-0"": 130}"
abe8ee7ce576153eeb6f,ILVIS0_applanix_55485_20101016_510_LVIS.013,/site/repo/local-level-lab/data/ilvis0-ready/abe8ee7ce576153eeb6f/decoded/ILVIS0_applanix_55485_20101016_510_LVIS.013.gz,a8d17d5aab7022c5e12b453fb6992130e01dad31877133052d66b90fcfb25b1e,6621077,6,2,2010-10-16,True,False,pending conditional preparation; no calibrated science gate,"{""AV-510,VER5,S/N3861,HW4.0-7,SW05.00-Dec16/09,ICD17.00,OS425B142,IMU6,PGPS16,SGPS0"": 96}"
d8e612b62a9f0192a39d,ILVIS0_applanix_55488_20101019_510_LVIS.013,/site/repo/local-level-lab/data/ilvis0-ready/d8e612b62a9f0192a39d/decoded/ILVIS0_applanix_55488_20101019_510_LVIS.013.gz,7a82f4b7666b672d17412c997ed33fdfbfd721874df3c0f3ea89bec841b4de70,6615842,6,2,2010-10-19,True,False,pending conditional preparation; no calibrated science gate,"{""AV-510,VER5,S/N3861,HW4.0-7,SW05.00-Dec16/09,ICD17.00,OS425B142,IMU6,PGPS16,SGPS0"": 98}"
f166954fecd1d93111ee,ILVIS0_applanix_55495_20101026_510_lvis_LVIS.013,/site/repo/local-level-lab/data/ilvis0-ready/f166954fecd1d93111ee/decoded/ILVIS0_applanix_55495_20101026_510_lvis_LVIS.013.gz,3509e0d5099f758d963684048dc7043f9c70d33dda23345c0d74f710a4433ccb,6697115,6,2,2010-10-26,True,True,completed six-file pilot,"{""AV-510,VER5,S/N3861,HW4.0-7,SW05.00-Dec16/09,ICD17.00,OS425B142,IMU6,PGPS16,SGPS0"": 97}"
953bf000f10421faad04,ILVIS0_applanix_55497_20101028_510_LVIS.013,/site/repo/local-level-lab/data/ilvis0-ready/953bf000f10421faad04/decoded/ILVIS0_applanix_55497_20101028_510_LVIS.013.gz,e3d28f00cb3fd1acde8ac38a307110b331fc4775058b012bdf74a850920c0492,6698283,6,2,2010-10-28,True,False,pending conditional preparation; no calibrated science gate,"{""AV-510,VER5,S/N3861,HW4.0-7,SW05.00-Dec16/09,ICD17.00,OS425B142,IMU6,PGPS16,SGPS0"": 95}"
de0755286667fab3c707,ILVIS0_applanix_55499_20101030_510_LVIS.013,/site/repo/local-level-lab/data/ilvis0-ready/de0755286667fab3c707/decoded/ILVIS0_applanix_55499_20101030_510_LVIS.013.gz,7f35e6476568a8f7ed8c96f3da489af6ea1e45be03e14b18946eac81dabbe55b,6645824,6,2,2010-10-30,True,False,pending conditional preparation; no calibrated science gate,"{""AV-510,VER5,S/N3861,HW4.0-7,SW05.00-Dec16/09,ICD17.00,OS425B142,IMU6,PGPS16,SGPS0"": 97}"
45d2c3d47421eb1af468,ILVIS0_applanix_55504_20101104_510_lvis_LVIS.013,/site/repo/local-level-lab/data/ilvis0-ready/45d2c3d47421eb1af468/decoded/ILVIS0_applanix_55504_20101104_510_lvis_LVIS.013.gz,1acc7dc22109bc8768cfb2219be59f4818b326e27faa404e1d8bcab72f248ab2,6629890,6,2,2010-11-04,True,False,pending conditional preparation; no calibrated science gate,"{""AV-510,VER5,S/N3861,HW4.0-7,SW05.00-Dec16/09,ICD17.00,OS425B142,IMU6,PGPS16,SGPS0"": 97}"
f2a610caa1c8af459d3f,ILVIS0_applanix_55505_20101105_510_lvis_LVIS.013,/site/repo/local-level-lab/data/ilvis0-ready/f2a610caa1c8af459d3f/decoded/ILVIS0_applanix_55505_20101105_510_lvis_LVIS.013.gz,43e28a6a910974116d4227bceb33e681482b7d6b9b402c2330e86ea0e1814f49,6727476,6,2,2010-11-05,True,False,pending conditional preparation; no calibrated science gate,"{""AV-510,VER5,S/N3861,HW4.0-7,SW05.00-Dec16/09,ICD17.00,OS425B142,IMU6,PGPS16,SGPS0"": 96}"
010c70375fc8e3a31be0,ILVIS0_applanix_55506_20101106_510_lvis_LVIS.013,/site/repo/local-level-lab/data/ilvis0-ready/010c70375fc8e3a31be0/decoded/ILVIS0_applanix_55506_20101106_510_lvis_LVIS.013.gz,adc153b603d2c5c14515cbc6564da203755648fae3e4cde986c0baa3b1be17b1,6703436,6,2,2010-11-06,True,False,pending conditional preparation; no calibrated science gate,"{""AV-510,VER5,S/N3861,HW4.0-7,SW05.00-Dec16/09,ICD17.00,OS425B142,IMU6,PGPS16,SGPS0"": 97}"
54ce1ae47ed03618d558,ILVIS0_applanix_55513_20101113_510_lvis_LVIS.013,/site/repo/local-level-lab/data/ilvis0-ready/54ce1ae47ed03618d558/decoded/ILVIS0_applanix_55513_20101113_510_lvis_LVIS.013.gz,75875911659fbef3fb9c938681fce65538a1f7aa4ecb8b9d21ae88762726ab39,6638048,6,2,2010-11-13,True,False,pending conditional preparation; no calibrated science gate,"{""AV-510,VER5,S/N3861,HW4.0-7,SW05.00-Dec16/09,ICD17.00,OS425B142,IMU6,PGPS16,SGPS0"": 96}"
2ed4b764824f93ef7b89,ILVIS0_applanix_55519_20101119_510_lvis_LVIS.013,/site/repo/local-level-lab/data/ilvis0-ready/2ed4b764824f93ef7b89/decoded/ILVIS0_applanix_55519_20101119_510_lvis_LVIS.013.gz,8987b7e95358fe74ec1079862ec8bc0f5b66f3c34416ac4fbbaa844e64af06b8,6725201,6,2,2010-11-19,True,False,pending conditional preparation; no calibrated science gate,"{""AV-510,VER5,S/N3861,HW4.0-7,SW05.00-Dec16/09,ICD17.00,OS425B142,IMU6,PGPS16,SGPS0"": 95}"
46f49500c8df79c821b2,ILVIS0_applanix_55520_20101120_510_lvis_LVIS.013,/site/repo/local-level-lab/data/ilvis0-ready/46f49500c8df79c821b2/decoded/ILVIS0_applanix_55520_20101120_510_lvis_LVIS.013.gz,965e7d47fa947841b4863b102c0c369af8397807c90869cb535e0a9b5a8e4d69,6642474,6,2,2010-11-20,True,True,completed six-file pilot,"{""AV-510,VER5,S/N3861,HW4.0-7,SW05.00-Dec16/09,ICD17.00,OS425B142,IMU6,PGPS16,SGPS0"": 96}"
f0c9b04b7607dfa6e6b8,ILVIS0_applanix_55657_510_posav.013,/site/repo/local-level-lab/data/ilvis0-ready/f0c9b04b7607dfa6e6b8/decoded/ILVIS0_applanix_55657_510_posav.013.gz,e15e4afb79c163679fe6af37af8d6c8cd2e215a50f7da7449f6bf7d62cba7c4b,6186894,6,2,2011-04-06,True,False,pending conditional preparation; no calibrated science gate,"{""AV-510,VER5,S/N2720,HW3.1-7,SW04.50-Feb05/08,ICD14.00,OS425B14,IMU6,PGPS13,SGPS0"": 100}"
a80a0998487b4fc283e1,ILVIS0_applanix_55666_510_POSAV.013,/site/repo/local-level-lab/data/ilvis0-ready/a80a0998487b4fc283e1/decoded/ILVIS0_applanix_55666_510_POSAV.013.gz,534de564eca4b33c1526321fad3f798d1d14b0ad293d27be41f3aafda291af2b,6931193,6,2,2011-04-15,True,False,pending conditional preparation; no calibrated science gate,"{""AV-510,VER5,S/N2720,HW3.1-7,SW04.50-Feb05/08,ICD14.00,OS425B14,IMU6,PGPS13,SGPS0"": 96}"
9e8d6fa9271922043b11,ILVIS0_applanix_55667_20110416_510_POSAV.013,/site/repo/local-level-lab/data/ilvis0-ready/9e8d6fa9271922043b11/decoded/ILVIS0_applanix_55667_20110416_510_POSAV.013.gz,abb758c3067b59ed17f102e673c14f2ce908fc6d4a1005a2473f52b3c9ee3445,6886728,6,2,2011-04-16,True,False,pending conditional preparation; no calibrated science gate,"{""AV-510,VER5,S/N2720,HW3.1-7,SW04.50-Feb05/08,ICD14.00,OS425B14,IMU6,PGPS13,SGPS0"": 98}"
c8fb72ed074def26d0be,ILVIS0_applanix_55669_510_20110418_POSAV.013,/site/repo/local-level-lab/data/ilvis0-ready/c8fb72ed074def26d0be/decoded/ILVIS0_applanix_55669_510_20110418_POSAV.013.gz,f76c770b2251089c2fd85f8fc2e59fcd1f4619a2c07596c1e24815ed46daf897,6928204,6,2,2011-04-18,True,False,pending conditional preparation; no calibrated science gate,"{""AV-510,VER5,S/N2720,HW3.1-7,SW04.50-Feb05/08,ICD14.00,OS425B14,IMU6,PGPS13,SGPS0"": 97}"
a7d5130d4c74ca994aa0,ILVIS0_applanix_55670_510_20110419_POSAV.013,/site/repo/local-level-lab/data/ilvis0-ready/a7d5130d4c74ca994aa0/decoded/ILVIS0_applanix_55670_510_20110419_POSAV.013.gz,14bd11a32fc139bf71e92b5a9f872e76377f00854a484ac03488b06790511bc9,6986800,6,2,2011-04-19,True,False,pending conditional preparation; no calibrated science gate,"{""AV-510,VER5,S/N2720,HW3.1-7,SW04.50-Feb05/08,ICD14.00,OS425B14,IMU6,PGPS13,SGPS0"": 95}"
160462321f06e92834e9,ILVIS0_applanix_55671_20110420_510_POSAV.013,/site/repo/local-level-lab/data/ilvis0-ready/160462321f06e92834e9/decoded/ILVIS0_applanix_55671_20110420_510_POSAV.013.gz,c5ce4f64f291e99b60ffc3a3c128f7b33be7be35a3e39e03a782a48d810bfc2b,6927129,6,2,2011-04-20,True,False,pending conditional preparation; no calibrated science gate,"{""AV-510,VER5,S/N2720,HW3.1-7,SW04.50-Feb05/08,ICD14.00,OS425B14,IMU6,PGPS13,SGPS0"": 97}"
1e5669afc7752491d1a7,ILVIS0_applanix_55672_510_20110421_POSAV.013,/site/repo/local-level-lab/data/ilvis0-ready/1e5669afc7752491d1a7/decoded/ILVIS0_applanix_55672_510_20110421_POSAV.013.gz,488691fe2bae95cce04436ae87dd13791fb6391ae8867a6fdd47ce0aab19b182,6957341,6,2,2011-04-21,True,False,pending conditional preparation; no calibrated science gate,"{""AV-510,VER5,S/N2720,HW3.1-7,SW04.50-Feb05/08,ICD14.00,OS425B14,IMU6,PGPS13,SGPS0"": 97}"
ffecb3c185262a6e1e41,ILVIS0_applanix_55673_510_20110422_POSAV.013,/site/repo/local-level-lab/data/ilvis0-ready/ffecb3c185262a6e1e41/decoded/ILVIS0_applanix_55673_510_20110422_POSAV.013.gz,ace73a3d748c1c4dd9e3781889d5c20434481e2684e6aa146f924a1ab039bbe6,6965153,6,2,2011-04-22,True,False,pending conditional preparation; no calibrated science gate,"{""AV-510,VER5,S/N2720,HW3.1-7,SW04.50-Feb05/08,ICD14.00,OS425B14,IMU6,PGPS13,SGPS0"": 96}"
863b4cbc77c4b0ff07f3,ILVIS0_applanix_55676_510_20110425_POSAV.013,/site/repo/local-level-lab/data/ilvis0-ready/863b4cbc77c4b0ff07f3/decoded/ILVIS0_applanix_55676_510_20110425_POSAV.013.gz,a49d9dab3e0d1824187b1a9e3a67e4459f94634b8627c70b49daa18e3823546c,6982781,6,2,2011-04-25,True,False,pending conditional preparation; no calibrated science gate,"{""AV-510,VER5,S/N2720,HW3.1-7,SW04.50-Feb05/08,ICD14.00,OS425B14,IMU6,PGPS13,SGPS0"": 95}"
3a4cabe9ba8dc34d25fc,ILVIS0_applanix_55683_20110502_510_POSAV.013,/site/repo/local-level-lab/data/ilvis0-ready/3a4cabe9ba8dc34d25fc/decoded/ILVIS0_applanix_55683_20110502_510_POSAV.013.gz,8fffae12c2e2481f2d9025d4b8a4de914114ace675cdffed427d2eb499440215,6943616,6,2,2011-05-02,True,False,pending conditional preparation; no calibrated science gate,"{""AV-510,VER5,S/N2720,HW3.1-7,SW04.50-Feb05/08,ICD14.00,OS425B14,IMU6,PGPS13,SGPS0"": 94}"
30995bd9f248cd9025d9,ILVIS0_applanix_55686_20110505_510_POSAV.013,/site/repo/local-level-lab/data/ilvis0-ready/30995bd9f248cd9025d9/decoded/ILVIS0_applanix_55686_20110505_510_POSAV.013.gz,54800ed1925759a3486e546f27398f4ca9dcd866f375390e0dde5a28b01f5962,6956180,6,2,2011-05-05,True,False,pending conditional preparation; no calibrated science gate,"{""AV-510,VER5,S/N2720,HW3.1-7,SW04.50-Feb05/08,ICD14.00,OS425B14,IMU6,PGPS13,SGPS0"": 97}"
248b7603dc17be34377c,ILVIS0_applanix_55687_20110506_510_POSAV.013,/site/repo/local-level-lab/data/ilvis0-ready/248b7603dc17be34377c/decoded/ILVIS0_applanix_55687_20110506_510_POSAV.013.gz,ce471cd8ff26c402a7445526de261932f9bed12007ea2510b878dc999e9676c5,6933936,6,2,2011-05-06,True,False,pending conditional preparation; no calibrated science gate,"{""AV-510,VER5,S/N2720,HW3.1-7,SW04.50-Feb05/08,ICD14.00,OS425B14,IMU6,PGPS13,SGPS0"": 95}"
800e4742e1878bf9d063,ILVIS0_applanix_55688_20110507_510_POSAV.013,/site/repo/local-level-lab/data/ilvis0-ready/800e4742e1878bf9d063/decoded/ILVIS0_applanix_55688_20110507_510_POSAV.013.gz,27c23280de3231213fdf58bd0b6375943a70767d4e25570fcf5e4a18937b6a10,6891064,6,2,2011-05-07,True,False,pending conditional preparation; no calibrated science gate,"{""AV-510,VER5,S/N2720,HW3.1-7,SW04.50-Feb05/08,ICD14.00,OS425B14,IMU6,PGPS13,SGPS0"": 98}"
ed56c39b83785073e14b,ILVIS0_applanix_55842_510_POSAV.013,/site/repo/local-level-lab/data/ilvis0-ready/ed56c39b83785073e14b/decoded/ILVIS0_applanix_55842_510_POSAV.013.gz,923c433254c03bd4e397dd5492a2f7fedf5401098f5570f305bca0e4f0c10197,6662223,6,2,2011-10-08,True,False,pending conditional preparation; no calibrated science gate,"{""AV-510,VER5,S/N2720,HW3.1-7,SW04.50-Feb05/08,ICD14.00,OS425B14,IMU6,PGPS13,SGPS0"": 95}"
30b98b4d421c7e9d0292,ILVIS0_applanix_55842_610_LVIS.013,/site/repo/local-level-lab/data/ilvis0-ready/30b98b4d421c7e9d0292/decoded/ILVIS0_applanix_55842_610_LVIS.013.gz,e863c1e91f4a1edc2f6962a73fd669d1f5442b088e50286a6efd3a1087406b12,6428845,21,2,2011-10-08,True,False,pending conditional preparation; no calibrated science gate,"{""AV-610,VER5,S/N3861,HW4.0-7,SW05.00-Dec16/09,ICD17.00,OS425B142,IMU21,PGPS16,SGPS0"": 90}"
5513dbcc876ba4cde791,ILVIS0_applanix_55844_510_POSAV.013,/site/repo/local-level-lab/data/ilvis0-ready/5513dbcc876ba4cde791/decoded/ILVIS0_applanix_55844_510_POSAV.013.gz,fbef1219f2eadf8aa9c621c80b544fa3e1ecfb759b95fc2b6b12f08cd4a70dfb,6607853,6,2,2011-10-10,True,False,pending conditional preparation; no calibrated science gate,"{""AV-510,VER5,S/N2720,HW3.1-7,SW04.50-Feb05/08,ICD14.00,OS425B14,IMU6,PGPS13,SGPS0"": 99}"
187a21019bce7b34a04c,ILVIS0_applanix_55844_610_LVIS.013,/site/repo/local-level-lab/data/ilvis0-ready/187a21019bce7b34a04c/decoded/ILVIS0_applanix_55844_610_LVIS.013.gz,8befd824cf785f055562eaedeb3474406dd5bc346f666091db17c016138918da,6410180,21,2,2011-10-10,True,False,pending conditional preparation; no calibrated science gate,"{""AV-610,VER5,S/N3861,HW4.0-7,SW05.00-Dec16/09,ICD17.00,OS425B142,IMU21,PGPS16,SGPS0"": 91}"
0bfc763c049677c01c38,ILVIS0_applanix_55846_510_POSAV.013,/site/repo/local-level-lab/data/ilvis0-ready/0bfc763c049677c01c38/decoded/ILVIS0_applanix_55846_510_POSAV.013.gz,a431c43a91d9169963003ab0d940072e92ca92c3411dac7da4cbab302df43792,6526763,6,2,2011-10-12,True,False,pending conditional preparation; no calibrated science gate,"{""AV-510,VER5,S/N2720,HW3.1-7,SW04.50-Feb05/08,ICD14.00,OS425B14,IMU6,PGPS13,SGPS0"": 99}"
12fbcbce3c7f52a3eae7,ILVIS0_applanix_55846_610_LVIS.013,/site/repo/local-level-lab/data/ilvis0-ready/12fbcbce3c7f52a3eae7/decoded/ILVIS0_applanix_55846_610_LVIS.013.gz,02459608f57b1b266e25daefcd9e5190515e1a046c0f633474604d1877a3ac75,6411973,21,2,2011-10-12,True,False,pending conditional preparation; no calibrated science gate,"{""AV-610,VER5,S/N3861,HW4.0-7,SW05.00-Dec16/09,ICD17.00,OS425B142,IMU21,PGPS16,SGPS0"": 93}"
322e26afab23cf655935,ILVIS0_applanix_55849_510_POSAV.013,/site/repo/local-level-lab/data/ilvis0-ready/322e26afab23cf655935/decoded/ILVIS0_applanix_55849_510_POSAV.013.gz,6745fad0355ca646fbd9ef39f53462e2688a511b2fb4c0c33348b40906bccc79,6701222,6,2,2011-10-15,True,False,pending conditional preparation; no calibrated science gate,"{""AV-510,VER5,S/N2720,HW3.1-7,SW04.50-Feb05/08,ICD14.00,OS425B14,IMU6,PGPS13,SGPS0"": 97}"
7215f035d9781895f627,ILVIS0_applanix_55851_510_POSAV.013,/site/repo/local-level-lab/data/ilvis0-ready/7215f035d9781895f627/decoded/ILVIS0_applanix_55851_510_POSAV.013.gz,6542916043e1b131c9d8e04f09aa10c1459e8164bdd192a121e5e84aeb56a316,6562432,6,2,2011-10-17,True,False,pending conditional preparation; no calibrated science gate,"{""AV-510,VER5,S/N2720,HW3.1-7,SW04.50-Feb05/08,ICD14.00,OS425B14,IMU6,PGPS13,SGPS0"": 99}"
b1d03e303312dc2de8f6,ILVIS0_applanix_55853_510_POSAV.013,/site/repo/local-level-lab/data/ilvis0-ready/b1d03e303312dc2de8f6/decoded/ILVIS0_applanix_55853_510_POSAV.013.gz,e4375cc2fdef49f5fae1c937b4190e5ad3da4407ab00c451b2933bd67c0942c4,6804827,6,2,2011-10-19,True,False,pending conditional preparation; no calibrated science gate,"{""AV-510,VER5,S/N2720,HW3.1-7,SW04.50-Feb05/08,ICD14.00,OS425B14,IMU6,PGPS13,SGPS0"": 98}"
eecc97da7cb309a622c8,ILVIS0_applanix_55853_610_LVIS.013,/site/repo/local-level-lab/data/ilvis0-ready/eecc97da7cb309a622c8/decoded/ILVIS0_applanix_55853_610_LVIS.013.gz,a35e440884fe83c12cb39edc0ed19c9b24b35ed9eec9702bd4af6a295a9a9c5e,6960600,21,2,2011-10-19,True,False,pending conditional preparation; no calibrated science gate,"{""AV-610,VER5,S/N3861,HW4.0-7,SW05.00-Dec16/09,ICD17.00,OS425B142,IMU21,PGPS16,SGPS0"": 92}"
a30fae518b7544818d4a,ILVIS0_applanix_55856_510_POSAV.013,/site/repo/local-level-lab/data/ilvis0-ready/a30fae518b7544818d4a/decoded/ILVIS0_applanix_55856_510_POSAV.013.gz,35eeed059609575df712b8874d2bc7fbad6bf99fe334bcafa93f03ea2bb5a9c9,6297280,6,2,2011-10-22,True,False,pending conditional preparation; no calibrated science gate,"{""AV-510,VER5,S/N2720,HW3.1-7,SW04.50-Feb05/08,ICD14.00,OS425B14,IMU6,PGPS13,SGPS0"": 99}"
24718d57807748271bfc,ILVIS0_applanix_55856_610_LVIS.013,/site/repo/local-level-lab/data/ilvis0-ready/24718d57807748271bfc/decoded/ILVIS0_applanix_55856_610_LVIS.013.gz,503bb8f52d3f34422d149bfb884f82202035e16c2fee9a38677be7564fa13f0d,6465281,21,2,2011-10-22,True,False,pending conditional preparation; no calibrated science gate,"{""AV-610,VER5,S/N3861,HW4.0-7,SW05.00-Dec16/09,ICD17.00,OS425B142,IMU21,PGPS16,SGPS0"": 94}"
9069182c9a51272fd86e,ILVIS0_applanix_55857_510_POSAV.013,/site/repo/local-level-lab/data/ilvis0-ready/9069182c9a51272fd86e/decoded/ILVIS0_applanix_55857_510_POSAV.013.gz,122e5733035d83045e775d08a3ab304e74f1af5cbcaab439cc5ea0dda7e16bc1,7063354,6,2,2011-10-23,True,False,pending conditional preparation; no calibrated science gate,"{""AV-510,VER5,S/N2720,HW3.1-7,SW04.50-Feb05/08,ICD14.00,OS425B14,IMU6,PGPS13,SGPS0"": 96}"
a71cf7c9a4222715c01d,ILVIS0_applanix_55857_610_LVIS.013,/site/repo/local-level-lab/data/ilvis0-ready/a71cf7c9a4222715c01d/decoded/ILVIS0_applanix_55857_610_LVIS.013.gz,55ad23dd0ae91f32da966b81b5589da6b9d453f0e4f6482f3ce519fd8d02f7ba,6747608,21,2,2011-10-23,True,False,pending conditional preparation; no calibrated science gate,"{""AV-610,VER5,S/N3861,HW4.0-7,SW05.00-Dec16/09,ICD17.00,OS425B142,IMU21,PGPS16,SGPS0"": 90}"
f8d1c197afe3e1bcd6c3,ILVIS0_applanix_55860_510_POSAV.013,/site/repo/local-level-lab/data/ilvis0-ready/f8d1c197afe3e1bcd6c3/decoded/ILVIS0_applanix_55860_510_POSAV.013.gz,8724113fc060466907780176e59affa47ac92e7e85322777aacfc8ce31bd30f6,6264050,6,2,2011-10-26,True,False,pending conditional preparation; no calibrated science gate,"{""AV-510,VER5,S/N2720,HW3.1-7,SW04.50-Feb05/08,ICD14.00,OS425B14,IMU6,PGPS13,SGPS0"": 99}"
2b82c787ca0e04503791,ILVIS0_applanix_55860_610_LVIS.013,/site/repo/local-level-lab/data/ilvis0-ready/2b82c787ca0e04503791/decoded/ILVIS0_applanix_55860_610_LVIS.013.gz,dd7a1b473b516ce2351607b84eb9aefa3bb98e4f4bae014cae337b30be9b4483,6188092,21,2,2011-10-26,True,False,pending conditional preparation; no calibrated science gate,"{""AV-610,VER5,S/N3861,HW4.0-7,SW05.00-Dec16/09,ICD17.00,OS425B142,IMU21,PGPS16,SGPS0"": 92}"
115a4c63907abb4ed282,ILVIS0_applanix_55861_510_POSAV.013,/site/repo/local-level-lab/data/ilvis0-ready/115a4c63907abb4ed282/decoded/ILVIS0_applanix_55861_510_POSAV.013.gz,66c9575e501be270f538367e6cea218749219496e6833ee40ab27a5895c4e26b,6769026,6,2,2011-10-27,True,False,pending conditional preparation; no calibrated science gate,"{""AV-510,VER5,S/N2720,HW3.1-7,SW04.50-Feb05/08,ICD14.00,OS425B14,IMU6,PGPS13,SGPS0"": 98}"
c5edcede76fd27a44982,ILVIS0_applanix_55861_610_LVIS.013,/site/repo/local-level-lab/data/ilvis0-ready/c5edcede76fd27a44982/decoded/ILVIS0_applanix_55861_610_LVIS.013.gz,a72c72450c700369d2f2fcd3f1bd2eae52fc55f84db1bb6d424160cd3fc349db,6827237,21,2,2011-10-27,True,False,pending conditional preparation; no calibrated science gate,"{""AV-610,VER5,S/N3861,HW4.0-7,SW05.00-Dec16/09,ICD17.00,OS425B142,IMU21,PGPS16,SGPS0"": 92}"
05de4ba41105b06f8547,ILVIS0_applanix_56045_510_POS510.013,/site/repo/local-level-lab/data/ilvis0-ready/05de4ba41105b06f8547/decoded/ILVIS0_applanix_56045_510_POS510.013.gz,2e2b66cf993c65ba3cbf120a25a0c0c86a1165a28944638d1bd0268fc990a62f,6936509,6,2,2012-04-28,True,False,pending conditional preparation; no calibrated science gate,"{""AV-510,VER5,S/N2720,HW3.1-7,SW04.50-Feb05/08,ICD14.00,OS425B14,IMU6,PGPS13,SGPS0"": 95}"
2f840f444f9444088f92,ILVIS0_applanix_56047_510_POS510.013,/site/repo/local-level-lab/data/ilvis0-ready/2f840f444f9444088f92/decoded/ILVIS0_applanix_56047_510_POS510.013.gz,270593ed2c3ea60e3ac41dcea9be378b683262bafffefbdff606b573f0dea4fb,6998638,6,2,2012-04-30,True,False,pending conditional preparation; no calibrated science gate,"{""AV-510,VER5,S/N2720,HW3.1-7,SW04.50-Feb05/08,ICD14.00,OS425B14,IMU6,PGPS13,SGPS0"": 96}"
dc29b80394d9632b65b7,ILVIS0_applanix_56048_510_POS510.013,/site/repo/local-level-lab/data/ilvis0-ready/dc29b80394d9632b65b7/decoded/ILVIS0_applanix_56048_510_POS510.013.gz,5ae78cbfcb98ea710603ca529b70e26ec8dd8f1042606e912e3f8d53bb792cf9,6878433,6,2,2012-05-01,True,False,pending conditional preparation; no calibrated science gate,"{""AV-510,VER5,S/N2720,HW3.1-7,SW04.50-Feb05/08,ICD14.00,OS425B14,IMU6,PGPS13,SGPS0"": 98}"
fd613b53fa761ddb0963,ILVIS0_applanix_56049_510_POS510.013,/site/repo/local-level-lab/data/ilvis0-ready/fd613b53fa761ddb0963/decoded/ILVIS0_applanix_56049_510_POS510.013.gz,a5acf0527cf055b406c1db8347215d82e68fd0bf4b189e3fcc19515f2c041408,6930121,6,2,2012-05-02,True,False,pending conditional preparation; no calibrated science gate,"{""AV-510,VER5,S/N2720,HW3.1-7,SW04.50-Feb05/08,ICD14.00,OS425B14,IMU6,PGPS13,SGPS0"": 93}"
f55542e91b8e2f6ecc2c,ILVIS0_applanix_56050_510_POS510.013,/site/repo/local-level-lab/data/ilvis0-ready/f55542e91b8e2f6ecc2c/decoded/ILVIS0_applanix_56050_510_POS510.013.gz,0afe8c33785f7a04ef7efb94ba89386a8de873d879531f1648b0ee7669bf4882,6863803,6,2,2012-05-03,True,False,pending conditional preparation; no calibrated science gate,"{""AV-510,VER5,S/N2720,HW3.1-7,SW04.50-Feb05/08,ICD14.00,OS425B14,IMU6,PGPS13,SGPS0"": 98}"
f0491d25959f595366bd,ILVIS0_applanix_56051_510_POS510.013,/site/repo/local-level-lab/data/ilvis0-ready/f0491d25959f595366bd/decoded/ILVIS0_applanix_56051_510_POS510.013.gz,07c0490a95d6097ccd444e759bfddc1cb3d392099898031d461c6b63657d6ad0,7005525,6,2,2012-05-04,True,False,pending conditional preparation; no calibrated science gate,"{""AV-510,VER5,S/N2720,HW3.1-7,SW04.50-Feb05/08,ICD14.00,OS425B14,IMU6,PGPS13,SGPS0"": 95}"
1d9d9af2aee1b6b26218,ILVIS0_applanix_56052_510_POS510.013,/site/repo/local-level-lab/data/ilvis0-ready/1d9d9af2aee1b6b26218/decoded/ILVIS0_applanix_56052_510_POS510.013.gz,b70a5bfaba44e686f9fcecd9bdf8262199e214ac89684f43111b4e2e310883a5,6901335,6,2,2012-05-05,True,False,pending conditional preparation; no calibrated science gate,"{""AV-510,VER5,S/N2720,HW3.1-7,SW04.50-Feb05/08,ICD14.00,OS425B14,IMU6,PGPS13,SGPS0"": 97}"
3767559017b196642291,ILVIS0_applanix_56054_510_POS510.013,/site/repo/local-level-lab/data/ilvis0-ready/3767559017b196642291/decoded/ILVIS0_applanix_56054_510_POS510.013.gz,3ee77ea5f65f8fe10935b03c7437d429d1dc5bd4d73d72ba9d0311751c6b6b39,6876026,6,2,2012-05-07,True,False,pending conditional preparation; no calibrated science gate,"{""AV-510,VER5,S/N2720,HW3.1-7,SW04.50-Feb05/08,ICD14.00,OS425B14,IMU6,PGPS13,SGPS0"": 95}"
f9468a2dd07f9ee54df0,ILVIS0_applanix_56055_510_POS510.013,/site/repo/local-level-lab/data/ilvis0-ready/f9468a2dd07f9ee54df0/decoded/ILVIS0_applanix_56055_510_POS510.013.gz,d5c194fdd87a2fd25bab9fdb468a56d7d8c9e1b4bc03c7218f9f6475ec9c7af9,6919665,6,2,2012-05-08,True,False,pending conditional preparation; no calibrated science gate,"{""AV-510,VER5,S/N2720,HW3.1-7,SW04.50-Feb05/08,ICD14.00,OS425B14,IMU6,PGPS13,SGPS0"": 96}"
54220c7e2b389fd69064,ILVIS0_applanix_56056_510_POS510.013,/site/repo/local-level-lab/data/ilvis0-ready/54220c7e2b389fd69064/decoded/ILVIS0_applanix_56056_510_POS510.013.gz,d77394d2ee91390d4d3bd58ec3af88ce2038753dc85ba8e04c751946642597a1,6952740,6,2,2012-05-09,True,False,pending conditional preparation; no calibrated science gate,"{""AV-510,VER5,S/N2720,HW3.1-7,SW04.50-Feb05/08,ICD14.00,OS425B14,IMU6,PGPS13,SGPS0"": 94}"
c4af455d888117b1fb91,ILVIS0_applanix_56057_510_POS510.013,/site/repo/local-level-lab/data/ilvis0-ready/c4af455d888117b1fb91/decoded/ILVIS0_applanix_56057_510_POS510.013.gz,087c11e2c469ba5adb53da0c33b58ced346df3d93b100023bfbbb4b7e768b0f9,6939540,6,2,2012-05-10,True,False,pending conditional preparation; no calibrated science gate,"{""AV-510,VER5,S/N2720,HW3.1-7,SW04.50-Feb05/08,ICD14.00,OS425B14,IMU6,PGPS13,SGPS0"": 96}"
ca64833f6ebbd5fcd35e,ILVIS0_applanix_56596_230_610_WFF_25Feb12.013,/site/repo/local-level-lab/data/ilvis0-ready/ca64833f6ebbd5fcd35e/decoded/ILVIS0_applanix_56596_230_610_WFF_25Feb12.013.gz,3146a4aa847c6d894eef01672101c346b7efb0d22aeddfe025f08fcff40e3732,6498212,21,2,2013-10-31,True,False,pending conditional preparation; no calibrated science gate,"{""AV-610,VER5,S/N3894,HW4.0-7,SW05.00-Dec16/09,ICD17.00,OS425B142,IMU21,PGPS16,SGPS0"": 116}"
6db1404cb5afe9f69919,ILVIS0_applanix_56596_232_510_POS510.013,/site/repo/local-level-lab/data/ilvis0-ready/6db1404cb5afe9f69919/decoded/ILVIS0_applanix_56596_232_510_POS510.013.gz,4e72cfe422115918ca8ebd1efbbbcfcaa7fbecc91ad57789195a2597c132ec3e,7147684,6,2,2013-10-31,True,False,pending conditional preparation; no calibrated science gate,"{""AV-510,VER5,S/N2720,HW3.1-7,SW04.50-Feb05/08,ICD14.00,OS425B14,IMU6,PGPS13,SGPS0"": 93}"
862e7de8ac3309dececf,ILVIS0_applanix_56597_232_510_POS510.013,/site/repo/local-level-lab/data/ilvis0-ready/862e7de8ac3309dececf/decoded/ILVIS0_applanix_56597_232_510_POS510.013.gz,24b793f7a9b6ab0402dc67263ab6c5c0876723086716a683c7f56d732363a8c6,7169602,6,2,2013-11-01,True,False,pending conditional preparation; no calibrated science gate,"{""AV-510,VER5,S/N2720,HW3.1-7,SW04.50-Feb05/08,ICD14.00,OS425B14,IMU6,PGPS13,SGPS0"": 93}"
b20226780e68108f29f8,ILVIS0_applanix_56600_232_510_POS510.013,/site/repo/local-level-lab/data/ilvis0-ready/b20226780e68108f29f8/decoded/ILVIS0_applanix_56600_232_510_POS510.013.gz,c97f5e3ec402bd58a06b12372f432189f36a26488eec7d641553ec5b3f68a475,7071347,6,2,2013-11-04,True,False,pending conditional preparation; no calibrated science gate,"{""AV-510,VER5,S/N2720,HW3.1-7,SW04.50-Feb05/08,ICD14.00,OS425B14,IMU6,PGPS13,SGPS0"": 96}"
fd9eb28de38e611f1a53,ILVIS0_applanix_56601_230_610_WFF_25Feb12.013,/site/repo/local-level-lab/data/ilvis0-ready/fd9eb28de38e611f1a53/decoded/ILVIS0_applanix_56601_230_610_WFF_25Feb12.013.gz,1ee2d6e70be089d61ea129089979ee41c3c98816932f7ad3da64ba65bb0434a7,6530266,21,2,2013-11-05,True,False,pending conditional preparation; no calibrated science gate,"{""AV-610,VER5,S/N3894,HW4.0-7,SW05.00-Dec16/09,ICD17.00,OS425B142,IMU21,PGPS16,SGPS0"": 118}"
382d5a870132d66472f0,ILVIS0_applanix_56601_232_510_POS510.013,/site/repo/local-level-lab/data/ilvis0-ready/382d5a870132d66472f0/decoded/ILVIS0_applanix_56601_232_510_POS510.013.gz,d74fc5186782da90d6660cc77dc6afd28c71b5b312832179c5cfb2c6259ca72f,7082431,6,2,2013-11-05,True,False,pending conditional preparation; no calibrated science gate,"{""AV-510,VER5,S/N2720,HW3.1-7,SW04.50-Feb05/08,ICD14.00,OS425B14,IMU6,PGPS13,SGPS0"": 95}"
71db413296b9184db816,ILVIS0_applanix_56602_232_510_POS510.013,/site/repo/local-level-lab/data/ilvis0-ready/71db413296b9184db816/decoded/ILVIS0_applanix_56602_232_510_POS510.013.gz,75c1809a73a7ab4622f83c554719ff2c13be63884809d1fe10d642f8f8661efc,7096545,6,2,2013-11-06,True,False,pending conditional preparation; no calibrated science gate,"{""AV-510,VER5,S/N2720,HW3.1-7,SW04.50-Feb05/08,ICD14.00,OS425B14,IMU6,PGPS13,SGPS0"": 96}"
9a6a312f2c7248723644,ILVIS0_applanix_56604_230_610_WFF_25Feb12.013,/site/repo/local-level-lab/data/ilvis0-ready/9a6a312f2c7248723644/decoded/ILVIS0_applanix_56604_230_610_WFF_25Feb12.013.gz,69a91986c5ba53beaab3226f7084f3f343d0c3467b771d0dc54dd1420d41f726,6529550,21,2,2013-11-08,True,False,pending conditional preparation; no calibrated science gate,"{""AV-610,VER5,S/N3894,HW4.0-7,SW05.00-Dec16/09,ICD17.00,OS425B142,IMU21,PGPS16,SGPS0"": 118}"
4aac2e3a6694be31401e,ILVIS0_applanix_56604_232_510_POS510.013,/site/repo/local-level-lab/data/ilvis0-ready/4aac2e3a6694be31401e/decoded/ILVIS0_applanix_56604_232_510_POS510.013.gz,8a81a2a46c08c844000af34464ef8d6bf3e47ee045bfe7d8fea22f8266f70aaf,7025670,6,2,2013-11-08,True,False,pending conditional preparation; no calibrated science gate,"{""AV-510,VER5,S/N2720,HW3.1-7,SW04.50-Feb05/08,ICD14.00,OS425B14,IMU6,PGPS13,SGPS0"": 98}"
3f7e99f556666c5e28c2,ILVIS0_applanix_56605_230_610_WFF_25Feb12.013,/site/repo/local-level-lab/data/ilvis0-ready/3f7e99f556666c5e28c2/decoded/ILVIS0_applanix_56605_230_610_WFF_25Feb12.013.gz,83d9a670387d8a6310b261ee96bc9137bcd813638814b848bc69551eee99100c,6588144,21,2,2013-11-09,True,False,pending conditional preparation; no calibrated science gate,"{""AV-610,VER5,S/N3894,HW4.0-7,SW05.00-Dec16/09,ICD17.00,OS425B142,IMU21,PGPS16,SGPS0"": 120}"
98a8a7b15f0c2801fc4f,ILVIS0_applanix_56605_232_510_POS510.013,/site/repo/local-level-lab/data/ilvis0-ready/98a8a7b15f0c2801fc4f/decoded/ILVIS0_applanix_56605_232_510_POS510.013.gz,2106f40cb071c1bb6c5d1149abda679a1aa89de9f4cee3d6950da2406a62f4c0,7134456,6,2,2013-11-09,True,False,pending conditional preparation; no calibrated science gate,"{""AV-510,VER5,S/N2720,HW3.1-7,SW04.50-Feb05/08,ICD14.00,OS425B14,IMU6,PGPS13,SGPS0"": 96}"
a62bc3b07a6ad3f6043c,ILVIS0_applanix_56608_232_510_POS510.013,/site/repo/local-level-lab/data/ilvis0-ready/a62bc3b07a6ad3f6043c/decoded/ILVIS0_applanix_56608_232_510_POS510.013.gz,d84fdf8cea73bcac590dfe3e027ef896dbb244c45d34409cdf1182d551a74406,7088901,6,2,2013-11-12,True,False,pending conditional preparation; no calibrated science gate,"{""AV-510,VER5,S/N2720,HW3.1-7,SW04.50-Feb05/08,ICD14.00,OS425B14,IMU6,PGPS13,SGPS0"": 96}"
99e0a9227326ef359498,ILVIS0_applanix_56610_232_510_POS510.013,/site/repo/local-level-lab/data/ilvis0-ready/99e0a9227326ef359498/decoded/ILVIS0_applanix_56610_232_510_POS510.013.gz,25953368567eed39972607812e1b591ae68514c9c0dd4331453284aca2a7d37a,7058099,6,2,2013-11-14,True,False,pending conditional preparation; no calibrated science gate,"{""AV-510,VER5,S/N2720,HW3.1-7,SW04.50-Feb05/08,ICD14.00,OS425B14,IMU6,PGPS13,SGPS0"": 98}"
cb673ea00ba48a0413bf,ILVIS0_applanix_56902_510_fromdrive_partial_POS510.013,/site/repo/local-level-lab/data/ilvis0-ready/cb673ea00ba48a0413bf/decoded/ILVIS0_applanix_56902_510_fromdrive_partial_POS510.013.gz,e3dc062684ef25d0b21c3e7a627bc37901d6b89c97dee3df4c3b5d062cd2ad10,7025376,6,2,2014-09-02,True,False,pending conditional preparation; no calibrated science gate,"{""AV-510,VER5,S/N2720,HW3.1-7,SW04.50-Feb05/08,ICD14.00,OS425B14,IMU6,PGPS13,SGPS0"": 96}"
d017b3eba0bc3095c2f1,ILVIS0_applanix_56902_510_ftp_POS5100902_151321.013,/site/repo/local-level-lab/data/ilvis0-ready/d017b3eba0bc3095c2f1/decoded/ILVIS0_applanix_56902_510_ftp_POS5100902_151321.013.gz,e3dc062684ef25d0b21c3e7a627bc37901d6b89c97dee3df4c3b5d062cd2ad10,7025376,6,2,2014-09-02,True,False,pending conditional preparation; no calibrated science gate,"{""AV-510,VER5,S/N2720,HW3.1-7,SW04.50-Feb05/08,ICD14.00,OS425B14,IMU6,PGPS13,SGPS0"": 96}"
92646e0789082b49ffa2,ILVIS0_applanix_56904_510_POS510.013,/site/repo/local-level-lab/data/ilvis0-ready/92646e0789082b49ffa2/decoded/ILVIS0_applanix_56904_510_POS510.013.gz,149c1926c193de74f1b4d94fc6583092b7f726864478ab71e98b0296140f67e3,6973473,6,2,2014-09-04,True,False,pending conditional preparation; no calibrated science gate,"{""AV-510,VER5,S/N2720,HW3.1-7,SW04.50-Feb05/08,ICD14.00,OS425B14,IMU6,PGPS13,SGPS0"": 96}"
504c68189ef4c48aa369,ILVIS0_applanix_56904_610_LVIS610.013,/site/repo/local-level-lab/data/ilvis0-ready/504c68189ef4c48aa369/decoded/ILVIS0_applanix_56904_610_LVIS610.013.gz,184dd346eb52d174eb483086d96937aff1dc6b96e9a920f68303a0bf40a37faf,7449313,21,2,2014-09-04,True,False,pending conditional preparation; no calibrated science gate,"{""AV-610,VER5,S/N3861,HW4.0-7,SW05.00-Dec16/09,ICD17.00,OS425B142,IMU21,PGPS16,SGPS0"": 89}"
935ab712574b790273f5,ILVIS0_applanix_56905_510_POS510.013,/site/repo/local-level-lab/data/ilvis0-ready/935ab712574b790273f5/decoded/ILVIS0_applanix_56905_510_POS510.013.gz,9bc0e45767c246b63eac8d789ac272cea7aefa0409917016d9e6ba5ca2365e34,6281261,6,2,2014-09-05,True,False,pending conditional preparation; no calibrated science gate,"{""AV-510,VER5,S/N2720,HW3.1-7,SW04.50-Feb05/08,ICD14.00,OS425B14,IMU6,PGPS13,SGPS0"": 98}"
b393cdc2d63ba2723750,ILVIS0_applanix_56906_510_POS510.013,/site/repo/local-level-lab/data/ilvis0-ready/b393cdc2d63ba2723750/decoded/ILVIS0_applanix_56906_510_POS510.013.gz,17de01880cb6a646bc0d61d53b6df5a2e98d61e7cdc31535524f779c210dc93b,7079209,6,2,2014-09-06,True,False,pending conditional preparation; no calibrated science gate,"{""AV-510,VER5,S/N2720,HW3.1-7,SW04.50-Feb05/08,ICD14.00,OS425B14,IMU6,PGPS13,SGPS0"": 97}"
a151123459abc39d2a54,ILVIS0_applanix_56907_510_POS510.013,/site/repo/local-level-lab/data/ilvis0-ready/a151123459abc39d2a54/decoded/ILVIS0_applanix_56907_510_POS510.013.gz,d1a0649532c1da22cbd134bb8ed152f62438ba806d0be19e51bf5d239c1a262e,7122352,6,2,2014-09-07,True,False,pending conditional preparation; no calibrated science gate,"{""AV-510,VER5,S/N2720,HW3.1-7,SW04.50-Feb05/08,ICD14.00,OS425B14,IMU6,PGPS13,SGPS0"": 97}"
9dcc0bf45000011e53d5,ILVIS0_applanix_56909_510_POS510.013,/site/repo/local-level-lab/data/ilvis0-ready/9dcc0bf45000011e53d5/decoded/ILVIS0_applanix_56909_510_POS510.013.gz,4196f36c1546c10b7c2e0edcb9751ee6dc467a5ff055afde20dd168629a76b1a,7027273,6,2,2014-09-09,True,False,pending conditional preparation; no calibrated science gate,"{""AV-510,VER5,S/N2720,HW3.1-7,SW04.50-Feb05/08,ICD14.00,OS425B14,IMU6,PGPS13,SGPS0"": 98}"
ea3716a039f0aefc02d4,ILVIS0_applanix_56909_610_LVIS610.013,/site/repo/local-level-lab/data/ilvis0-ready/ea3716a039f0aefc02d4/decoded/ILVIS0_applanix_56909_610_LVIS610.013.gz,915d145e5c39c9e9059b9efca732d0450d0bd9169a6c8921c1f845c80503869c,7694454,21,2,2014-09-09,True,False,pending conditional preparation; no calibrated science gate,"{""AV-610,VER5,S/N3861,HW4.0-7,SW05.00-Dec16/09,ICD17.00,OS425B142,IMU21,PGPS16,SGPS0"": 88}"
1641f18ff730f1b3cd03,ILVIS0_applanix_56910_510_POS510.013,/site/repo/local-level-lab/data/ilvis0-ready/1641f18ff730f1b3cd03/decoded/ILVIS0_applanix_56910_510_POS510.013.gz,b4d37ac3a4cc76e2414c81b18856f44a55f4855ca75b8358787bfb66f4ca3b46,7103107,6,2,2014-09-10,True,False,pending conditional preparation; no calibrated science gate,"{""AV-510,VER5,S/N2720,HW3.1-7,SW04.50-Feb05/08,ICD14.00,OS425B14,IMU6,PGPS13,SGPS0"": 97}"
864e9c094f3d36d24466,ILVIS0_applanix_56910_610_LVIS610.013,/site/repo/local-level-lab/data/ilvis0-ready/864e9c094f3d36d24466/decoded/ILVIS0_applanix_56910_610_LVIS610.013.gz,e487c3980604876e3acccd33050fe282d984647f6ecf4321c7b634cd0469659a,7710902,21,2,2014-09-10,True,False,pending conditional preparation; no calibrated science gate,"{""AV-610,VER5,S/N3861,HW4.0-7,SW05.00-Dec16/09,ICD17.00,OS425B142,IMU21,PGPS16,SGPS0"": 90}"
f11e387a674ca46976ed,ILVIS0_applanix_56911_510_POS510.013,/site/repo/local-level-lab/data/ilvis0-ready/f11e387a674ca46976ed/decoded/ILVIS0_applanix_56911_510_POS510.013.gz,9a8e856f64c2a23e7cbca404892f93999fe24d4dc6059ecfa714e43d02c160b8,7041173,6,2,2014-09-11,True,False,pending conditional preparation; no calibrated science gate,"{""AV-510,VER5,S/N2720,HW3.1-7,SW04.50-Feb05/08,ICD14.00,OS425B14,IMU6,PGPS13,SGPS0"": 97}"
9d54224065d7782b2923,ILVIS0_applanix_56911_610_LVIS610.013,/site/repo/local-level-lab/data/ilvis0-ready/9d54224065d7782b2923/decoded/ILVIS0_applanix_56911_610_LVIS610.013.gz,f0d4ddb5ed1f8fab343d9f1751e8f104c31e67d9c055473894c19891442df3cf,7715523,21,2,2014-09-11,True,False,pending conditional preparation; no calibrated science gate,"{""AV-610,VER5,S/N3861,HW4.0-7,SW05.00-Dec16/09,ICD17.00,OS425B142,IMU21,PGPS16,SGPS0"": 90}"
c945deb0602ef5dff68c,ILVIS0_applanix_56913_510_POS510.013,/site/repo/local-level-lab/data/ilvis0-ready/c945deb0602ef5dff68c/decoded/ILVIS0_applanix_56913_510_POS510.013.gz,44c679a78035eb44220453bef88cb83f05bbe9ec517df748ebbd6efcb3b1316d,7080579,6,2,2014-09-13,True,False,pending conditional preparation; no calibrated science gate,"{""AV-510,VER5,S/N2720,HW3.1-7,SW04.50-Feb05/08,ICD14.00,OS425B14,IMU6,PGPS13,SGPS0"": 95}"
f8a6b1bf65b6345e0a13,ILVIS0_applanix_56913_610_LVIS610.013,/site/repo/local-level-lab/data/ilvis0-ready/f8a6b1bf65b6345e0a13/decoded/ILVIS0_applanix_56913_610_LVIS610.013.gz,1ad6f4788ce72bfb7f46daf457cfc5ebabad2a3ed3ad10d5c09bda0fb909ccef,7694987,21,2,2014-09-13,True,False,pending conditional preparation; no calibrated science gate,"{""AV-610,VER5,S/N3861,HW4.0-7,SW05.00-Dec16/09,ICD17.00,OS425B142,IMU21,PGPS16,SGPS0"": 90}"
d4aafa5c6d644bc528f8,ILVIS0_applanix_56915_510_POS510.013,/site/repo/local-level-lab/data/ilvis0-ready/d4aafa5c6d644bc528f8/decoded/ILVIS0_applanix_56915_510_POS510.013.gz,5b07c6e8818016915db756c81c6e84b0aed009adbb1d6015886a79547b6dd534,6971756,6,2,2014-09-15,True,False,pending conditional preparation; no calibrated science gate,"{""AV-510,VER5,S/N2720,HW3.1-7,SW04.50-Feb05/08,ICD14.00,OS425B14,IMU6,PGPS13,SGPS0"": 96}"
61b1057089e4b0de4311,ILVIS0_applanix_56915_610_LVIS610.013,/site/repo/local-level-lab/data/ilvis0-ready/61b1057089e4b0de4311/decoded/ILVIS0_applanix_56915_610_LVIS610.013.gz,924b4ed83a5351347937783dec493c0c1d6c87b5096f1212dee0d53c7de33392,7655515,21,2,2014-09-15,True,False,pending conditional preparation; no calibrated science gate,"{""AV-610,VER5,S/N3861,HW4.0-7,SW05.00-Dec16/09,ICD17.00,OS425B142,IMU21,PGPS16,SGPS0"": 88}"
f5cae9d0d107ecad9d45,ILVIS0_applanix_56916_510_POS510.013,/site/repo/local-level-lab/data/ilvis0-ready/f5cae9d0d107ecad9d45/decoded/ILVIS0_applanix_56916_510_POS510.013.gz,627aedaaead70ff4e00ec27ff4b9dafc631a0ac09a57e403de4d49abde34f3a0,7051479,6,2,2014-09-16,True,True,completed six-file pilot,"{""AV-510,VER5,S/N2720,HW3.1-7,SW04.50-Feb05/08,ICD14.00,OS425B14,IMU6,PGPS13,SGPS0"": 97}"
b02e718ddd5bb27a8876,ILVIS0_applanix_56916_610_LVIS610.013,/site/repo/local-level-lab/data/ilvis0-ready/b02e718ddd5bb27a8876/decoded/ILVIS0_applanix_56916_610_LVIS610.013.gz,6716d5814d55dde353cceef7ec1af5b226445e252512721a5b2bdece3901a426,7719703,21,2,2014-09-16,True,False,pending conditional preparation; no calibrated science gate,"{""AV-610,VER5,S/N3861,HW4.0-7,SW05.00-Dec16/09,ICD17.00,OS425B142,IMU21,PGPS16,SGPS0"": 88}"
805f0408039d16de8ca3,ILVIS0_applanix_56917_510_POS510.013,/site/repo/local-level-lab/data/ilvis0-ready/805f0408039d16de8ca3/decoded/ILVIS0_applanix_56917_510_POS510.013.gz,bdbafeb11771ca7afe848720a6e514d715016c9182e22e1369735c175d7ed2b8,6941129,6,2,2014-09-17,True,False,pending conditional preparation; no calibrated science gate,"{""AV-510,VER5,S/N2720,HW3.1-7,SW04.50-Feb05/08,ICD14.00,OS425B14,IMU6,PGPS13,SGPS0"": 97}"
d0de79e7926d5cac2e8f,ILVIS0_applanix_56917_610_LVIS610.013,/site/repo/local-level-lab/data/ilvis0-ready/d0de79e7926d5cac2e8f/decoded/ILVIS0_applanix_56917_610_LVIS610.013.gz,2b85365c14d2f234747c3a50b22794cc1038442cd7bfe9efefbdbf7d15998eba,7699845,21,2,2014-09-17,True,False,pending conditional preparation; no calibrated science gate,"{""AV-610,VER5,S/N3861,HW4.0-7,SW05.00-Dec16/09,ICD17.00,OS425B142,IMU21,PGPS16,SGPS0"": 91}"
fff1faeab010d9efd872,ILVIS0_applanix_56918_510_POS510.013,/site/repo/local-level-lab/data/ilvis0-ready/fff1faeab010d9efd872/decoded/ILVIS0_applanix_56918_510_POS510.013.gz,9eebecdd37c935a55f815dc597b0879f5c907e6110c87a86826cc5e401faa3a0,7085862,6,2,2014-09-18,True,False,pending conditional preparation; no calibrated science gate,"{""AV-510,VER5,S/N2720,HW3.1-7,SW04.50-Feb05/08,ICD14.00,OS425B14,IMU6,PGPS13,SGPS0"": 96}"
ab59e1b7d4030087d98b,ILVIS0_applanix_56918_610_LVIS610.013,/site/repo/local-level-lab/data/ilvis0-ready/ab59e1b7d4030087d98b/decoded/ILVIS0_applanix_56918_610_LVIS610.013.gz,64037681ad8dfa97e0879bda176c6b6a84b7d713cf23689de1dde655b926d498,7723041,21,2,2014-09-18,True,False,pending conditional preparation; no calibrated science gate,"{""AV-610,VER5,S/N3861,HW4.0-7,SW05.00-Dec16/09,ICD17.00,OS425B142,IMU21,PGPS16,SGPS0"": 89}"
0ab3b49695c8c0f5b3a4,ILVIS0_applanix_56919_510_POS510.013,/site/repo/local-level-lab/data/ilvis0-ready/0ab3b49695c8c0f5b3a4/decoded/ILVIS0_applanix_56919_510_POS510.013.gz,069c3a35b7a904b9df44fd4cf8017c4944574b8fbb652f69ce27f7da3a4c0f45,7046836,6,2,2014-09-19,True,False,pending conditional preparation; no calibrated science gate,"{""AV-510,VER5,S/N2720,HW3.1-7,SW04.50-Feb05/08,ICD14.00,OS425B14,IMU6,PGPS13,SGPS0"": 97}"
59e4996b9bada79eba50,ILVIS0_applanix_56919_610_LVIS610.013,/site/repo/local-level-lab/data/ilvis0-ready/59e4996b9bada79eba50/decoded/ILVIS0_applanix_56919_610_LVIS610.013.gz,d0c7013038d79feec1247b737c999058c84a607980898a75b40a4e5ae50da67a,7723736,21,2,2014-09-19,True,False,pending conditional preparation; no calibrated science gate,"{""AV-610,VER5,S/N3861,HW4.0-7,SW05.00-Dec16/09,ICD17.00,OS425B142,IMU21,PGPS16,SGPS0"": 88}"
a3783b6b28e68b06c91d,ILVIS0_applanix_56921_510_POS510.013,/site/repo/local-level-lab/data/ilvis0-ready/a3783b6b28e68b06c91d/decoded/ILVIS0_applanix_56921_510_POS510.013.gz,8b89b814a02db7f723bc431e314d783a01d97e23197e97bd7755d6f994f0d4cc,7090733,6,2,2014-09-21,True,False,pending conditional preparation; no calibrated science gate,"{""AV-510,VER5,S/N2720,HW3.1-7,SW04.50-Feb05/08,ICD14.00,OS425B14,IMU6,PGPS13,SGPS0"": 96}"
ceac61de9c1dd86f4632,ILVIS0_applanix_56921_610_LVIS610.013,/site/repo/local-level-lab/data/ilvis0-ready/ceac61de9c1dd86f4632/decoded/ILVIS0_applanix_56921_610_LVIS610.013.gz,924beea859c2ac37c649620b3fabdded5970c788eee4c8d9f2380234051de9ec,7724916,21,2,2014-09-21,True,False,pending conditional preparation; no calibrated science gate,"{""AV-610,VER5,S/N3861,HW4.0-7,SW05.00-Dec16/09,ICD17.00,OS425B142,IMU21,PGPS16,SGPS0"": 89}"
64628deb92756dbaf2a8,ILVIS0_applanix_56924_510_POS510.013,/site/repo/local-level-lab/data/ilvis0-ready/64628deb92756dbaf2a8/decoded/ILVIS0_applanix_56924_510_POS510.013.gz,32ff6812bcc1075846da8061b647891b32ba9b85466eb908b5dddbbfca66e4d0,6172010,6,2,2014-09-24,True,False,pending conditional preparation; no calibrated science gate,"{""AV-510,VER5,S/N2720,HW3.1-7,SW04.50-Feb05/08,ICD14.00,OS425B14,IMU6,PGPS13,SGPS0"": 101}"
c29b4ba9977bf344c672,ILVIS0_applanix_56924_510_incomplete_POS510.013,/site/repo/local-level-lab/data/ilvis0-ready/c29b4ba9977bf344c672/decoded/ILVIS0_applanix_56924_510_incomplete_POS510.013.gz,32ff6812bcc1075846da8061b647891b32ba9b85466eb908b5dddbbfca66e4d0,6172010,6,2,2014-09-24,True,False,pending conditional preparation; no calibrated science gate,"{""AV-510,VER5,S/N2720,HW3.1-7,SW04.50-Feb05/08,ICD14.00,OS425B14,IMU6,PGPS13,SGPS0"": 101}"
8607437e732847526634,ILVIS0_applanix_56924_610_LVIS610.013,/site/repo/local-level-lab/data/ilvis0-ready/8607437e732847526634/decoded/ILVIS0_applanix_56924_610_LVIS610.013.gz,dfb0d4fefba25524e04ea8c0a4ae5296a1daa06bb9a879beae60e6177aa166b9,6290927,21,2,2014-09-24,True,False,pending conditional preparation; no calibrated science gate,"{""AV-610,VER5,S/N3861,HW4.0-7,SW05.00-Dec16/09,ICD17.00,OS425B142,IMU21,PGPS16,SGPS0"": 94}"
38410df8816d9ebe0c99,ILVIS0_applanix_56932_510_POS510.013,/site/repo/local-level-lab/data/ilvis0-ready/38410df8816d9ebe0c99/decoded/ILVIS0_applanix_56932_510_POS510.013.gz,59c845aae98f80425b27b2182016d6cced3d85454c980482af3df68ae13edd21,7052511,6,2,2014-10-02,True,False,pending conditional preparation; no calibrated science gate,"{""AV-510,VER5,S/N2720,HW3.1-7,SW04.50-Feb05/08,ICD14.00,OS425B14,IMU6,PGPS13,SGPS0"": 98}"
cc0f19bded8f62a87c11,ILVIS0_applanix_56932_610_LVIS610.013,/site/repo/local-level-lab/data/ilvis0-ready/cc0f19bded8f62a87c11/decoded/ILVIS0_applanix_56932_610_LVIS610.013.gz,1ddcf7fb86550fadf0c6905eb9d04c29a3ed8edf335217bb7c5e3bc3e171356a,7710237,21,2,2014-10-02,True,False,pending conditional preparation; no calibrated science gate,"{""AV-610,VER5,S/N3861,HW4.0-7,SW05.00-Dec16/09,ICD17.00,OS425B142,IMU21,PGPS16,SGPS0"": 90}"
108d196761a839a24f07,ILVIS0_applanix_57287_610_LVIS_38614965.013,/site/repo/local-level-lab/data/ilvis0-ready/108d196761a839a24f07/decoded/ILVIS0_applanix_57287_610_LVIS_38614965.013.gz,ccedd553b8a84de6ea7bb7a44a4d41c3a89949e047de50a95129a415c7314161,7143708,21,2,2015-09-22,True,False,pending conditional preparation; no calibrated science gate,"{""AV-610,VER5,S/N3861,HW4.0-7,SW05.00-Dec16/09,ICD17.00,OS425B142,IMU21,PGPS16,SGPS0"": 90}"
ae7127a8b48f61b051a8,ILVIS0_applanix_57289_510_LVISGH.013,/site/repo/local-level-lab/data/ilvis0-ready/ae7127a8b48f61b051a8/decoded/ILVIS0_applanix_57289_510_LVISGH.013.gz,221fbceb9d572b60b7e70e599955098418ca8b35688e2b9cfdf30f347f8ec34b,6457449,6,2,2015-09-24,True,True,completed six-file pilot,"{""AV-510,VER5,S/N4126,HW4.0-7,SW05.20-Nov04/11,ICD18.00,OS425B142,IMU6,PGPS16,SGPS0"": 91}"
25e8081705aa69d3cd6f,ILVIS0_applanix_57289_610_DMS_24Sept15DMS.013,/site/repo/local-level-lab/data/ilvis0-ready/25e8081705aa69d3cd6f/decoded/ILVIS0_applanix_57289_610_DMS_24Sept15DMS.013.gz,967747b4e92fe754a9a449b6196064e1dd46d0a4e1063cab412c5bbb1525ff08,4997264,21,2,2015-09-24,True,False,pending conditional preparation; no calibrated science gate,"{""AV-610,VER6,S/N5680,HW1.2-11,SW08.32-Jun12/15,ICD07.28,OS6.4.1,IMU21,PGPS17,SGPS0,DMI0,GIM1,ZVI0,TRP"": 585}"
4876a722de50db44fd7a,ILVIS0_applanix_57289_610_LVIS_38614965.013,/site/repo/local-level-lab/data/ilvis0-ready/4876a722de50db44fd7a/decoded/ILVIS0_applanix_57289_610_LVIS_38614965.013.gz,b1b624d9c5d736b411e6faa58b53000f1884d01563615b2681413234fcd48363,6559345,21,2,2015-09-24,True,False,pending conditional preparation; no calibrated science gate,"{""AV-610,VER5,S/N3861,HW4.0-7,SW05.00-Dec16/09,ICD17.00,OS425B142,IMU21,PGPS16,SGPS0"": 91}"
9b7d1be2c57168d942d1,ILVIS0_applanix_57289_610_loaner_24Sept15LVIS.013,/site/repo/local-level-lab/data/ilvis0-ready/9b7d1be2c57168d942d1/decoded/ILVIS0_applanix_57289_610_loaner_24Sept15LVIS.013.gz,b108983d1e5bc9953aaf9f7f22731ef6aba82d33dc5b1c008e41f53da5189153,5030999,21,2,2015-09-24,True,False,pending conditional preparation; no calibrated science gate,"{""AV-610,VER6,S/N6448,HW1.6-12,SW08.32-Jun12/15,ICD07.28,OS6.4.1,IMU21,PGPS17,SGPS0,DMI0,GIM1,ZVI0,TRP"": 566}"
2f24bea2d76d164704b1,ILVIS0_applanix_57291_510_LVISGH.013,/site/repo/local-level-lab/data/ilvis0-ready/2f24bea2d76d164704b1/decoded/ILVIS0_applanix_57291_510_LVISGH.013.gz,cb5cdd71c7d0c259eb0532b2aeee3109f09a1594d13ec02744775909f304a0ee,6395931,6,2,2015-09-26,True,False,pending conditional preparation; no calibrated science gate,"{""AV-510,VER5,S/N4126,HW4.0-7,SW05.20-Nov04/11,ICD18.00,OS425B142,IMU6,PGPS16,SGPS0"": 91}"
8fb44931da423fbde3ef,ILVIS0_applanix_57291_610_DMS_26Sept15DMS.013,/site/repo/local-level-lab/data/ilvis0-ready/8fb44931da423fbde3ef/decoded/ILVIS0_applanix_57291_610_DMS_26Sept15DMS.013.gz,b06fcc78e20fd60cd586257e27e63cd14185f71a02c53cc17c1ab5d665ef6c74,5085798,21,2,2015-09-26,True,False,pending conditional preparation; no calibrated science gate,"{""AV-610,VER6,S/N5680,HW1.2-11,SW08.32-Jun12/15,ICD07.28,OS6.4.1,IMU21,PGPS17,SGPS0,DMI0,GIM1,ZVI0,TRP"": 572}"
3223697e5fe287b1d443,ILVIS0_applanix_57291_610_LVIS_38614965.013,/site/repo/local-level-lab/data/ilvis0-ready/3223697e5fe287b1d443/decoded/ILVIS0_applanix_57291_610_LVIS_38614965.013.gz,aed33e93397d83185507cdf213cdde9592b6b17acd10545f17c7ba19c6fcf1e5,6459172,21,2,2015-09-26,True,False,pending conditional preparation; no calibrated science gate,"{""AV-610,VER5,S/N3861,HW4.0-7,SW05.00-Dec16/09,ICD17.00,OS425B142,IMU21,PGPS16,SGPS0"": 92}"
95a01583566d1a9e080b,ILVIS0_applanix_57291_610_loaner_26Sept15LVIS.013,/site/repo/local-level-lab/data/ilvis0-ready/95a01583566d1a9e080b/decoded/ILVIS0_applanix_57291_610_loaner_26Sept15LVIS.013.gz,46db5ba4fa7fd9c25529e5eadd241aa32ca8c21e176af51cf9b0c147b6cdee71,4903188,21,2,2015-09-26,True,False,pending conditional preparation; no calibrated science gate,"{""AV-610,VER6,S/N6448,HW1.6-12,SW08.32-Jun12/15,ICD07.28,OS6.4.1,IMU21,PGPS17,SGPS0,DMI0,GIM1,ZVI0,TRP"": 558}"
c2c15448922475c632b6,ILVIS0_applanix_57294_510_LVISGH.013,/site/repo/local-level-lab/data/ilvis0-ready/c2c15448922475c632b6/decoded/ILVIS0_applanix_57294_510_LVISGH.013.gz,90c4c503663ceef10fe7cea80ecdbc6355d66e5532c586c45b3ed0094b28bc3a,6140319,6,2,2015-09-28,True,False,pending conditional preparation; no calibrated science gate,"{""AV-510,VER5,S/N4126,HW4.0-7,SW05.20-Nov04/11,ICD18.00,OS425B142,IMU6,PGPS16,SGPS0"": 89}"
67027d0caf3ed8e14c5f,ILVIS0_applanix_57294_610_DMS_29Sept15DMS.013,/site/repo/local-level-lab/data/ilvis0-ready/67027d0caf3ed8e14c5f/decoded/ILVIS0_applanix_57294_610_DMS_29Sept15DMS.013.gz,884f24fa9166c495220096d674c20a7532e7c2a1e06fb3fe471fa91eb1085cfa,4826602,21,2,2015-09-29,True,False,pending conditional preparation; no calibrated science gate,"{""AV-610,VER6,S/N5680,HW1.2-11,SW08.32-Jun12/15,ICD07.28,OS6.4.1,IMU21,PGPS17,SGPS0,DMI0,GIM1,ZVI0,TRP"": 582}"
fbcccc67cfc0f8c58798,ILVIS0_applanix_57294_610_LVIS_38614965.013,/site/repo/local-level-lab/data/ilvis0-ready/fbcccc67cfc0f8c58798/decoded/ILVIS0_applanix_57294_610_LVIS_38614965.013.gz,0ba74ab5603d9a3c859d63bf9bfc976b53c6925313100638c45228e9a9414c25,6148252,21,2,2015-09-28,True,False,pending conditional preparation; no calibrated science gate,"{""AV-610,VER5,S/N3861,HW4.0-7,SW05.00-Dec16/09,ICD17.00,OS425B142,IMU21,PGPS16,SGPS0"": 90}"
c1ef32dccf7f02f2fba6,ILVIS0_applanix_57294_610_loaner_29Sept15LVIS.013,/site/repo/local-level-lab/data/ilvis0-ready/c1ef32dccf7f02f2fba6/decoded/ILVIS0_applanix_57294_610_loaner_29Sept15LVIS.013.gz,ec9574fb40204363ffb03ad9d1d6af39fcffefeb65bc0ba67ef41bc08a0c3751,4872780,21,2,2015-09-29,True,False,pending conditional preparation; no calibrated science gate,"{""AV-610,VER6,S/N6448,HW1.6-12,SW08.32-Jun12/15,ICD07.28,OS6.4.1,IMU21,PGPS17,SGPS0,DMI0,GIM1,ZVI0,TRP"": 554}"
58b0848c35eeaf93a9f6,ILVIS0_applanix_57298_510_LVISGH.013,/site/repo/local-level-lab/data/ilvis0-ready/58b0848c35eeaf93a9f6/decoded/ILVIS0_applanix_57298_510_LVISGH.013.gz,9d083807006e44c6080015108178178e0de2227743493b4540ea7640b49e756c,6404457,6,2,2015-10-03,True,False,pending conditional preparation; no calibrated science gate,"{""AV-510,VER5,S/N4126,HW4.0-7,SW05.20-Nov04/11,ICD18.00,OS425B142,IMU6,PGPS16,SGPS0"": 91}"
439cd3a0feb0625b60ac,ILVIS0_applanix_57298_610_DMS_03Oct15DMS.013,/site/repo/local-level-lab/data/ilvis0-ready/439cd3a0feb0625b60ac/decoded/ILVIS0_applanix_57298_610_DMS_03Oct15DMS.013.gz,7a4550b7b11885f70f79ee1fbec915536759e25f0b4e9978e25760fbb4aecc22,4980306,21,2,2015-10-03,True,False,pending conditional preparation; no calibrated science gate,"{""AV-610,VER6,S/N5680,HW1.2-11,SW08.32-Jun12/15,ICD07.28,OS6.4.1,IMU21,PGPS17,SGPS0,DMI0,GIM1,ZVI0,TRP"": 568}"
adfd80e2038861ee52fa,ILVIS0_applanix_57298_610_LVIS_38614965.013,/site/repo/local-level-lab/data/ilvis0-ready/adfd80e2038861ee52fa/decoded/ILVIS0_applanix_57298_610_LVIS_38614965.013.gz,f87065a4678b2bcfe2134838327b3a4f2caf56eaa1ebb9908573968eb2dd38b5,6446143,21,2,2015-10-03,True,False,pending conditional preparation; no calibrated science gate,"{""AV-610,VER5,S/N3861,HW4.0-7,SW05.00-Dec16/09,ICD17.00,OS425B142,IMU21,PGPS16,SGPS0"": 91}"
a4d367c39b7334fa38b8,ILVIS0_applanix_57298_610_loaner_03Oct15LVIS.013,/site/repo/local-level-lab/data/ilvis0-ready/a4d367c39b7334fa38b8/decoded/ILVIS0_applanix_57298_610_loaner_03Oct15LVIS.013.gz,0f0fdad9b4849b54c6e839aa4824648f3932b84363d90ba68785787ff52d9295,4921399,21,2,2015-10-03,True,False,pending conditional preparation; no calibrated science gate,"{""AV-610,VER6,S/N6448,HW1.6-12,SW08.32-Jun12/15,ICD07.28,OS6.4.1,IMU21,PGPS17,SGPS0,DMI0,GIM1,ZVI0,TRP"": 555}"
e63d19ad53722e5fe0f7,ILVIS0_applanix_57300_510_LVISGH.013,/site/repo/local-level-lab/data/ilvis0-ready/e63d19ad53722e5fe0f7/decoded/ILVIS0_applanix_57300_510_LVISGH.013.gz,a8f90c43981812f47c9d637b7ca64ac31d5fd0cbaa1a003514b1563583a06c66,6450706,6,2,2015-10-05,True,False,pending conditional preparation; no calibrated science gate,"{""AV-510,VER5,S/N4126,HW4.0-7,SW05.20-Nov04/11,ICD18.00,OS425B142,IMU6,PGPS16,SGPS0"": 92}"
4fbe64ccb69a7ffc0257,ILVIS0_applanix_57300_610_DMS_05Oct15DMS.013,/site/repo/local-level-lab/data/ilvis0-ready/4fbe64ccb69a7ffc0257/decoded/ILVIS0_applanix_57300_610_DMS_05Oct15DMS.013.gz,d5ac67b7664e1de37737a8ce57d64c9fb4dec3c7b9bfb6f57ed410a72941ca26,5132232,21,2,2015-10-05,True,False,pending conditional preparation; no calibrated science gate,"{""AV-610,VER6,S/N5680,HW1.2-11,SW08.32-Jun12/15,ICD07.28,OS6.4.1,IMU21,PGPS17,SGPS0,DMI0,GIM1,ZVI0,TRP"": 563}"
a0534d9c30195543709c,ILVIS0_applanix_57300_610_LVIS_38614965.013,/site/repo/local-level-lab/data/ilvis0-ready/a0534d9c30195543709c/decoded/ILVIS0_applanix_57300_610_LVIS_38614965.013.gz,62516a0d2c5c33e9e55b7db7a0f4f3649252bc8257c8dab9ae2dd48212c1faa8,6471175,21,2,2015-10-05,True,False,pending conditional preparation; no calibrated science gate,"{""AV-610,VER5,S/N3861,HW4.0-7,SW05.00-Dec16/09,ICD17.00,OS425B142,IMU21,PGPS16,SGPS0"": 91}"
81c18746e768f992c6e7,ILVIS0_applanix_57300_610_loaner_05Oct15LVIS.013,/site/repo/local-level-lab/data/ilvis0-ready/81c18746e768f992c6e7/decoded/ILVIS0_applanix_57300_610_loaner_05Oct15LVIS.013.gz,3ab10969062fe380b142906ff982299364b3b0f8741802828e02b1c756833ef1,5077317,21,2,2015-10-05,True,False,pending conditional preparation; no calibrated science gate,"{""AV-610,VER6,S/N6448,HW1.6-12,SW08.32-Jun12/15,ICD07.28,OS6.4.1,IMU21,PGPS17,SGPS0,DMI0,GIM1,ZVI0,TRP"": 544}"
d7a8897f8b216724c891,ILVIS0_applanix_57302_510_LVISGH.013,/site/repo/local-level-lab/data/ilvis0-ready/d7a8897f8b216724c891/decoded/ILVIS0_applanix_57302_510_LVISGH.013.gz,88d0d45c4fefc26011ea86c400067d5ab63b7b8ebfe9067a6bda676e8b02545f,6466291,6,2,2015-10-07,True,False,pending conditional preparation; no calibrated science gate,"{""AV-510,VER5,S/N4126,HW4.0-7,SW05.20-Nov04/11,ICD18.00,OS425B142,IMU6,PGPS16,SGPS0"": 91}"
b763a84552420e8c1d8d,ILVIS0_applanix_57302_610_DMS_07Oct15DMS.013,/site/repo/local-level-lab/data/ilvis0-ready/b763a84552420e8c1d8d/decoded/ILVIS0_applanix_57302_610_DMS_07Oct15DMS.013.gz,7667d95837b5dcea4ffd8df52d9ee4ef586219ba56aa1032d04b515327669578,5063904,21,2,2015-10-07,True,False,pending conditional preparation; no calibrated science gate,"{""AV-610,VER6,S/N5680,HW1.2-11,SW08.32-Jun12/15,ICD07.28,OS6.4.1,IMU21,PGPS17,SGPS0,DMI0,GIM1,ZVI0,TRP"": 567}"
448e008466fda5ad79ea,ILVIS0_applanix_57302_610_LVIS_38614965.013,/site/repo/local-level-lab/data/ilvis0-ready/448e008466fda5ad79ea/decoded/ILVIS0_applanix_57302_610_LVIS_38614965.013.gz,4d0f2527e5b1c11a6848528ec7def5a791f53ab84575c880eeda18cf7c98ae20,6523636,21,2,2015-10-07,True,False,pending conditional preparation; no calibrated science gate,"{""AV-610,VER5,S/N3861,HW4.0-7,SW05.00-Dec16/09,ICD17.00,OS425B142,IMU21,PGPS16,SGPS0"": 91}"
b5b356504236479c028d,ILVIS0_applanix_57302_610_loaner_07Oct15LVIS.013,/site/repo/local-level-lab/data/ilvis0-ready/b5b356504236479c028d/decoded/ILVIS0_applanix_57302_610_loaner_07Oct15LVIS.013.gz,e7d8d3bbf06a3f1b5125b231c220fc9c30623a194ad2886fef576376daac43bc,4947692,21,2,2015-10-07,True,False,pending conditional preparation; no calibrated science gate,"{""AV-610,VER6,S/N6448,HW1.6-12,SW08.32-Jun12/15,ICD07.28,OS6.4.1,IMU21,PGPS17,SGPS0,DMI0,GIM1,ZVI0,TRP"": 554}"
df2ea8cdcaa4ac01615b,ILVIS0_applanix_57305_510_LVISGH.013,/site/repo/local-level-lab/data/ilvis0-ready/df2ea8cdcaa4ac01615b/decoded/ILVIS0_applanix_57305_510_LVISGH.013.gz,1b4a649992932df739e6b65423789662ff1af15fd781f6a6b04ddf0e148e15c6,6447939,6,2,2015-10-10,True,False,pending conditional preparation; no calibrated science gate,"{""AV-510,VER5,S/N4126,HW4.0-7,SW05.20-Nov04/11,ICD18.00,OS425B142,IMU6,PGPS16,SGPS0"": 89}"
aa95315f0205d7f900d9,ILVIS0_applanix_57305_610_DMS_10Oct15DMS.013,/site/repo/local-level-lab/data/ilvis0-ready/aa95315f0205d7f900d9/decoded/ILVIS0_applanix_57305_610_DMS_10Oct15DMS.013.gz,80a8797531e4b3f681125266cf61047ce16334f61a25a4b8e6f2764b47878b3f,4931644,21,2,2015-10-10,True,False,pending conditional preparation; no calibrated science gate,"{""AV-610,VER6,S/N5680,HW1.2-11,SW08.32-Jun12/15,ICD07.28,OS6.4.1,IMU21,PGPS17,SGPS0,DMI0,GIM1,ZVI0,TRP"": 581}"
41cf7c4dcca04dce0678,ILVIS0_applanix_57305_610_LVIS_38614965.013,/site/repo/local-level-lab/data/ilvis0-ready/41cf7c4dcca04dce0678/decoded/ILVIS0_applanix_57305_610_LVIS_38614965.013.gz,b348ff5526a3352a50d02bc0dab03e91a81b25016a39b597eeae81c0cd3f3f45,6483319,21,2,2015-10-10,True,False,pending conditional preparation; no calibrated science gate,"{""AV-610,VER5,S/N3861,HW4.0-7,SW05.00-Dec16/09,ICD17.00,OS425B142,IMU21,PGPS16,SGPS0"": 90}"
05b6350e07c1b6ff24ad,ILVIS0_applanix_57305_610_loaner_10Oct15LVIS.013,/site/repo/local-level-lab/data/ilvis0-ready/05b6350e07c1b6ff24ad/decoded/ILVIS0_applanix_57305_610_loaner_10Oct15LVIS.013.gz,826aa8821e1555e33a1abe938b76dd2012f0e081c1e968049ede3141bb74647f,4876611,21,2,2015-10-10,True,False,pending conditional preparation; no calibrated science gate,"{""AV-610,VER6,S/N6448,HW1.6-12,SW08.32-Jun12/15,ICD07.28,OS6.4.1,IMU21,PGPS17,SGPS0,DMI0,GIM1,ZVI0,TRP"": 573}"
6d398e7c4d2bc47a4b64,ILVIS0_applanix_57307_510_LVISGH.013,/site/repo/local-level-lab/data/ilvis0-ready/6d398e7c4d2bc47a4b64/decoded/ILVIS0_applanix_57307_510_LVISGH.013.gz,356348b1dfc3de20894d58ac13f9c58a3ab03c9c03c9c363f8ea3fe86a1c5aa9,6475468,6,2,2015-10-12,True,False,pending conditional preparation; no calibrated science gate,"{""AV-510,VER5,S/N4126,HW4.0-7,SW05.20-Nov04/11,ICD18.00,OS425B142,IMU6,PGPS16,SGPS0"": 89}"
ed4db68c327edbb1e892,ILVIS0_applanix_57307_610_DMS_12Oct15DMS.013,/site/repo/local-level-lab/data/ilvis0-ready/ed4db68c327edbb1e892/decoded/ILVIS0_applanix_57307_610_DMS_12Oct15DMS.013.gz,ccaeeeedb894493a44a900093e5c5c4cb573920b6f66ed3bd361c13bdeb1438d,4892812,21,2,2015-10-12,True,False,pending conditional preparation; no calibrated science gate,"{""AV-610,VER6,S/N5680,HW1.2-11,SW08.32-Jun12/15,ICD07.28,OS6.4.1,IMU21,PGPS17,SGPS0,DMI0,GIM1,ZVI0,TRP"": 564}"
e53cc76ff2a5fe3046f9,ILVIS0_applanix_57307_610_LVIS_38614965.013,/site/repo/local-level-lab/data/ilvis0-ready/e53cc76ff2a5fe3046f9/decoded/ILVIS0_applanix_57307_610_LVIS_38614965.013.gz,48289f3ee7857e43c84a4420c2b7a1cb00810f29f4e2df8cf42e2d4cae39c957,6504439,21,2,2015-10-12,True,False,pending conditional preparation; no calibrated science gate,"{""AV-610,VER5,S/N3861,HW4.0-7,SW05.00-Dec16/09,ICD17.00,OS425B142,IMU21,PGPS16,SGPS0"": 90}"
a5c9a343b38c34d42251,ILVIS0_applanix_57307_610_loaner_12Oct15LVIS.013,/site/repo/local-level-lab/data/ilvis0-ready/a5c9a343b38c34d42251/decoded/ILVIS0_applanix_57307_610_loaner_12Oct15LVIS.013.gz,65d13de163bd842cf1bf936ca5ec033aa8b952e5d21194a0557d68238f0b8655,4979086,21,2,2015-10-12,True,False,pending conditional preparation; no calibrated science gate,"{""AV-610,VER6,S/N6448,HW1.6-12,SW08.32-Jun12/15,ICD07.28,OS6.4.1,IMU21,PGPS17,SGPS0,DMI0,GIM1,ZVI0,TRP"": 537}"
d044e5f04d28ef4134ae,ILVIS0_applanix_57309_510_LVISGH.013,/site/repo/local-level-lab/data/ilvis0-ready/d044e5f04d28ef4134ae/decoded/ILVIS0_applanix_57309_510_LVISGH.013.gz,ad00fba116042bedfbe226e0e7345e79bdcf008bff44db215179b8aef4a2105f,6182506,6,2,2015-10-14,True,False,pending conditional preparation; no calibrated science gate,"{""AV-510,VER5,S/N4126,HW4.0-7,SW05.20-Nov04/11,ICD18.00,OS425B142,IMU6,PGPS16,SGPS0"": 90}"
7ecb2ee97677e3a1e45c,ILVIS0_applanix_57309_610_DMS_14Oct15DMS.013,/site/repo/local-level-lab/data/ilvis0-ready/7ecb2ee97677e3a1e45c/decoded/ILVIS0_applanix_57309_610_DMS_14Oct15DMS.013.gz,6c1054d70cdb078dd2bca9e7788bcd265cb854e540a055c4c91679113c5fa491,5119781,21,2,2015-10-14,True,False,pending conditional preparation; no calibrated science gate,"{""AV-610,VER6,S/N5680,HW1.2-11,SW08.32-Jun12/15,ICD07.28,OS6.4.1,IMU21,PGPS17,SGPS0,DMI0,GIM1,ZVI0,TRP"": 560}"
b670190d46cfc8d4bbad,ILVIS0_applanix_57309_610_LVIS_38614965.013,/site/repo/local-level-lab/data/ilvis0-ready/b670190d46cfc8d4bbad/decoded/ILVIS0_applanix_57309_610_LVIS_38614965.013.gz,47040757236d5a794950741b92d904fa7d33e7d662b1250bb77f8b0ae290c540,6201322,21,2,2015-10-14,True,False,pending conditional preparation; no calibrated science gate,"{""AV-610,VER5,S/N3861,HW4.0-7,SW05.00-Dec16/09,ICD17.00,OS425B142,IMU21,PGPS16,SGPS0"": 91}"
5489ee1ee49676ceb94b,ILVIS0_applanix_57309_610_loaner_14Oct15LVIS.013,/site/repo/local-level-lab/data/ilvis0-ready/5489ee1ee49676ceb94b/decoded/ILVIS0_applanix_57309_610_loaner_14Oct15LVIS.013.gz,f549ca60f3bc51b69a0e3fc6beac465a3ac1f0c770e8e0bc2c3667da00b8ab4d,5001759,21,2,2015-10-14,True,False,pending conditional preparation; no calibrated science gate,"{""AV-610,VER6,S/N6448,HW1.6-12,SW08.32-Jun12/15,ICD07.28,OS6.4.1,IMU21,PGPS17,SGPS0,DMI0,GIM1,ZVI0,TRP"": 550}"
70c5fd67560175526f43,ILVIS0_applanix_57312_510_LVISGH.013,/site/repo/local-level-lab/data/ilvis0-ready/70c5fd67560175526f43/decoded/ILVIS0_applanix_57312_510_LVISGH.013.gz,0d71ce2a577cd4258c7bbcf2e2151804a7145184be69fcc6844a38ee2240ecc8,6434252,6,2,2015-10-17,True,False,pending conditional preparation; no calibrated science gate,"{""AV-510,VER5,S/N4126,HW4.0-7,SW05.20-Nov04/11,ICD18.00,OS425B142,IMU6,PGPS16,SGPS0"": 91}"
a39b228a8a59800afdfd,ILVIS0_applanix_57312_610_DMS_17Oct15DMS.013,/site/repo/local-level-lab/data/ilvis0-ready/a39b228a8a59800afdfd/decoded/ILVIS0_applanix_57312_610_DMS_17Oct15DMS.013.gz,fa2c63653bc2b67150fb21a9cc68a0d1f35eb634f077c2924c402f725639b389,4911467,21,2,2015-10-17,True,False,pending conditional preparation; no calibrated science gate,"{""AV-610,VER6,S/N5680,HW1.2-11,SW08.32-Jun12/15,ICD07.28,OS6.4.1,IMU21,PGPS17,SGPS0,DMI0,GIM1,ZVI0,TRP"": 563}"
b2e4d9044f4718247f16,ILVIS0_applanix_57312_610_LVIS_38614965.013,/site/repo/local-level-lab/data/ilvis0-ready/b2e4d9044f4718247f16/decoded/ILVIS0_applanix_57312_610_LVIS_38614965.013.gz,a8c4fdb754e5d3ac4bd4027c47ec5d67a3d4fc6877521c830ea63e1c6f7304a7,6453971,21,2,2015-10-17,True,False,pending conditional preparation; no calibrated science gate,"{""AV-610,VER5,S/N3861,HW4.0-7,SW05.00-Dec16/09,ICD17.00,OS425B142,IMU21,PGPS16,SGPS0"": 91}"
d2a076353a8123f2d047,ILVIS0_applanix_57312_610_loaner_17Oct15LVIS.013,/site/repo/local-level-lab/data/ilvis0-ready/d2a076353a8123f2d047/decoded/ILVIS0_applanix_57312_610_loaner_17Oct15LVIS.013.gz,32cda674a76d0ce493f5abd9209b3649ab6b20c7777a4e2c9b733cc3695bc49b,4947262,21,2,2015-10-17,True,False,pending conditional preparation; no calibrated science gate,"{""AV-610,VER6,S/N6448,HW1.6-12,SW08.32-Jun12/15,ICD07.28,OS6.4.1,IMU21,PGPS17,SGPS0,DMI0,GIM1,ZVI0,TRP"": 553}"
be639c4d0fa22c858f05,ILVIS0_applanix_57315_510_LVISGH.013,/site/repo/local-level-lab/data/ilvis0-ready/be639c4d0fa22c858f05/decoded/ILVIS0_applanix_57315_510_LVISGH.013.gz,c751b53c04080bf2f20ff74a8276eea8e383712f1962a0182243fe9b62e24c82,6410727,6,2,2015-10-20,True,False,pending conditional preparation; no calibrated science gate,"{""AV-510,VER5,S/N4126,HW4.0-7,SW05.20-Nov04/11,ICD18.00,OS425B142,IMU6,PGPS16,SGPS0"": 91}"
1c071fb7315904ebaad9,ILVIS0_applanix_57315_610_DMS_20Oct15DMS.013,/site/repo/local-level-lab/data/ilvis0-ready/1c071fb7315904ebaad9/decoded/ILVIS0_applanix_57315_610_DMS_20Oct15DMS.013.gz,2362a0849b4bbed6628fc29728608329ff7759b164f5db14b8ced5db650044fd,4912738,21,2,2015-10-20,True,False,pending conditional preparation; no calibrated science gate,"{""AV-610,VER6,S/N5680,HW1.2-11,SW08.32-Jun12/15,ICD07.28,OS6.4.1,IMU21,PGPS17,SGPS0,DMI0,GIM1,ZVI0,TRP"": 575}"
a869222776a6ad61940f,ILVIS0_applanix_57315_610_LVIS_38614965.013,/site/repo/local-level-lab/data/ilvis0-ready/a869222776a6ad61940f/decoded/ILVIS0_applanix_57315_610_LVIS_38614965.013.gz,3d9d56ad3523899faab65133c2ddd7edb4bc264cbeb22ff232a3abaac4a684c6,6421893,21,2,2015-10-20,True,False,pending conditional preparation; no calibrated science gate,"{""AV-610,VER5,S/N3861,HW4.0-7,SW05.00-Dec16/09,ICD17.00,OS425B142,IMU21,PGPS16,SGPS0"": 91}"
151ef3a56cffa6acc330,ILVIS0_applanix_57315_610_loaner_20Oct15LVIS.013,/site/repo/local-level-lab/data/ilvis0-ready/151ef3a56cffa6acc330/decoded/ILVIS0_applanix_57315_610_loaner_20Oct15LVIS.013.gz,35faa064064ac2da8777bcf47bb779a08d8a96c1a3894afc9aac56050845c4a0,4914587,21,2,2015-10-20,True,False,pending conditional preparation; no calibrated science gate,"{""AV-610,VER6,S/N6448,HW1.6-12,SW08.32-Jun12/15,ICD07.28,OS6.4.1,IMU21,PGPS17,SGPS0,DMI0,GIM1,ZVI0,TRP"": 556}"
1fd5f1663143051897f4,ILVIS0_applanix_57317_510_LVISGH.013,/site/repo/local-level-lab/data/ilvis0-ready/1fd5f1663143051897f4/decoded/ILVIS0_applanix_57317_510_LVISGH.013.gz,1552a7db183fb53111e6c26176e1c614f7fd4807cc67e902a44a7d41a1fcddad,6446046,6,2,2015-10-22,True,False,pending conditional preparation; no calibrated science gate,"{""AV-510,VER5,S/N4126,HW4.0-7,SW05.20-Nov04/11,ICD18.00,OS425B142,IMU6,PGPS16,SGPS0"": 91}"
cc3e726ffb0436c0f9d8,ILVIS0_applanix_57317_610_DMS_21Oct15DMS.013,/site/repo/local-level-lab/data/ilvis0-ready/cc3e726ffb0436c0f9d8/decoded/ILVIS0_applanix_57317_610_DMS_21Oct15DMS.013.gz,747af0052ad00f391faba70a8fda149e5d2fb521d7cd59d0f89c93c994f90847,5083551,21,2,2015-10-22,True,False,pending conditional preparation; no calibrated science gate,"{""AV-610,VER6,S/N5680,HW1.2-11,SW08.32-Jun12/15,ICD07.28,OS6.4.1,IMU21,PGPS17,SGPS0,DMI0,GIM1,ZVI0,TRP"": 581}"
64e033ebd4066f692c7d,ILVIS0_applanix_57317_610_LVIS_38614965.013,/site/repo/local-level-lab/data/ilvis0-ready/64e033ebd4066f692c7d/decoded/ILVIS0_applanix_57317_610_LVIS_38614965.013.gz,dc32b2cb80a2e3f8d2919455ec693d1e2fec7de507016bb7e5fbbf095a11cf3f,6488127,21,2,2015-10-22,True,False,pending conditional preparation; no calibrated science gate,"{""AV-610,VER5,S/N3861,HW4.0-7,SW05.00-Dec16/09,ICD17.00,OS425B142,IMU21,PGPS16,SGPS0"": 91}"
2aa23d331be35e2dc501,ILVIS0_applanix_57317_610_loaner_21Oct15LVIS.013,/site/repo/local-level-lab/data/ilvis0-ready/2aa23d331be35e2dc501/decoded/ILVIS0_applanix_57317_610_loaner_21Oct15LVIS.013.gz,21768ffb7ba4d03f4a1ecbcc815d90e97a514b7716f7041bd1d3ff7a25794e19,4978115,21,2,2015-10-22,True,False,pending conditional preparation; no calibrated science gate,"{""AV-610,VER6,S/N6448,HW1.6-12,SW08.32-Jun12/15,ICD07.28,OS6.4.1,IMU21,PGPS17,SGPS0,DMI0,GIM1,ZVI0,TRP"": 554}"
fafe29d18a4b124a2bd5,ILVIS0_applanix_57320_510_LVISGH.013,/site/repo/local-level-lab/data/ilvis0-ready/fafe29d18a4b124a2bd5/decoded/ILVIS0_applanix_57320_510_LVISGH.013.gz,48ef56da2168e29e10e5e6647dbf9cf25f095af206a7ac47a085fdb64aab7caf,6473506,6,2,2015-10-25,True,False,pending conditional preparation; no calibrated science gate,"{""AV-510,VER5,S/N4126,HW4.0-7,SW05.20-Nov04/11,ICD18.00,OS425B142,IMU6,PGPS16,SGPS0"": 90}"
ea628c825891d2237361,ILVIS0_applanix_57320_610_DMS_25Oct15DMS.013,/site/repo/local-level-lab/data/ilvis0-ready/ea628c825891d2237361/decoded/ILVIS0_applanix_57320_610_DMS_25Oct15DMS.013.gz,eb428ae333f73e1c2faf9355197e254ddffb7bc9572e3c086534782911f79991,5064049,21,2,2015-10-25,True,False,pending conditional preparation; no calibrated science gate,"{""AV-610,VER6,S/N5680,HW1.2-11,SW08.32-Jun12/15,ICD07.28,OS6.4.1,IMU21,PGPS17,SGPS0,DMI0,GIM1,ZVI0,TRP"": 574}"
cd8e05202eb41b83eb26,ILVIS0_applanix_57320_610_LVIS_38614965.013,/site/repo/local-level-lab/data/ilvis0-ready/cd8e05202eb41b83eb26/decoded/ILVIS0_applanix_57320_610_LVIS_38614965.013.gz,ffb1b6b76c3b2bb3daf03e1c261d47b4f365fd5d5a68be087bcc4717779130c8,6486497,21,2,2015-10-25,True,False,pending conditional preparation; no calibrated science gate,"{""AV-610,VER5,S/N3861,HW4.0-7,SW05.00-Dec16/09,ICD17.00,OS425B142,IMU21,PGPS16,SGPS0"": 90}"
65bd45977b48b7d8272a,ILVIS0_applanix_57320_610_loaner_25Oct15LVIS.013,/site/repo/local-level-lab/data/ilvis0-ready/65bd45977b48b7d8272a/decoded/ILVIS0_applanix_57320_610_loaner_25Oct15LVIS.013.gz,decf7c0e39ab952b03f71b5aad98b8b9926dfab317dbd897ad5047de55d6a414,4916792,21,2,2015-10-25,True,False,pending conditional preparation; no calibrated science gate,"{""AV-610,VER6,S/N6448,HW1.6-12,SW08.32-Jun12/15,ICD07.28,OS6.4.1,IMU21,PGPS17,SGPS0,DMI0,GIM1,ZVI0,TRP"": 559}"
e5c2db884449f0abf742,ILVIS0_applanix_57322_510_LVISGH.013,/site/repo/local-level-lab/data/ilvis0-ready/e5c2db884449f0abf742/decoded/ILVIS0_applanix_57322_510_LVISGH.013.gz,f5f8f12b2b1a1e4d8d8f98d5666000083e4409652cdef9cd0ec39550ec20704e,6457202,6,2,2015-10-27,True,False,pending conditional preparation; no calibrated science gate,"{""AV-510,VER5,S/N4126,HW4.0-7,SW05.20-Nov04/11,ICD18.00,OS425B142,IMU6,PGPS16,SGPS0"": 90}"
e107412e6b64dace9bc0,ILVIS0_applanix_57322_610_DMS_27Oct15bDMS.013,/site/repo/local-level-lab/data/ilvis0-ready/e107412e6b64dace9bc0/decoded/ILVIS0_applanix_57322_610_DMS_27Oct15bDMS.013.gz,04bf5f3431e1e10c11f457c2326468c7863f92b5c92ade542304d073b3f61794,5023786,21,2,2015-10-27,True,False,pending conditional preparation; no calibrated science gate,"{""AV-610,VER6,S/N5680,HW1.2-11,SW08.32-Jun12/15,ICD07.28,OS6.4.1,IMU21,PGPS17,SGPS0,DMI0,GIM1,ZVI0,TRP"": 570}"
b8a39f615741686e805a,ILVIS0_applanix_57322_610_LVIS_38614965.013,/site/repo/local-level-lab/data/ilvis0-ready/b8a39f615741686e805a/decoded/ILVIS0_applanix_57322_610_LVIS_38614965.013.gz,12abb28abbbb1d1d41973f7a23973381a8f54f1fdea957a4fd1ac20f5ef32ee1,6482749,21,2,2015-10-27,True,False,pending conditional preparation; no calibrated science gate,"{""AV-610,VER5,S/N3861,HW4.0-7,SW05.00-Dec16/09,ICD17.00,OS425B142,IMU21,PGPS16,SGPS0"": 91}"
9641dfee9ad7cc1aa89e,ILVIS0_applanix_57322_610_loaner_27Oct15bLVIS.013,/site/repo/local-level-lab/data/ilvis0-ready/9641dfee9ad7cc1aa89e/decoded/ILVIS0_applanix_57322_610_loaner_27Oct15bLVIS.013.gz,80f5fb611eea76b910a45a514b83de842bf075bae82d55e1796e52fabd33852d,4934383,21,2,2015-10-27,True,False,pending conditional preparation; no calibrated science gate,"{""AV-610,VER6,S/N6448,HW1.6-12,SW08.32-Jun12/15,ICD07.28,OS6.4.1,IMU21,PGPS17,SGPS0,DMI0,GIM1,ZVI0,TRP"": 556}"
7d48cdbc113c308beaa9,ILVIS0_applanix_57324_510_LVISGH.013,/site/repo/local-level-lab/data/ilvis0-ready/7d48cdbc113c308beaa9/decoded/ILVIS0_applanix_57324_510_LVISGH.013.gz,f5927e0f4991c3dc6c4f5df041bce538d02ac9dd98649701f195c72484592eb9,6456155,6,2,2015-10-29,True,False,pending conditional preparation; no calibrated science gate,"{""AV-510,VER5,S/N4126,HW4.0-7,SW05.20-Nov04/11,ICD18.00,OS425B142,IMU6,PGPS16,SGPS0"": 94}"
f50467521369a9e0579e,ILVIS0_applanix_57324_610_DMS_29Oct15DMS.013,/site/repo/local-level-lab/data/ilvis0-ready/f50467521369a9e0579e/decoded/ILVIS0_applanix_57324_610_DMS_29Oct15DMS.013.gz,dbfc28541f9db07034e3d23a677ff01acd5dd7bd77c663168fa057089c988471,5126401,21,2,2015-10-29,True,False,pending conditional preparation; no calibrated science gate,"{""AV-610,VER6,S/N5680,HW1.2-11,SW08.32-Jun12/15,ICD07.28,OS6.4.1,IMU21,PGPS17,SGPS0,DMI0,GIM1,ZVI0,TRP"": 573}"
2cde8478531840037384,ILVIS0_applanix_57324_610_LVIS_38614965.013,/site/repo/local-level-lab/data/ilvis0-ready/2cde8478531840037384/decoded/ILVIS0_applanix_57324_610_LVIS_38614965.013.gz,6bb4767c8ba1d9ddb88e8248be3389fd44164c800af717de99df0e156d4d9fc1,6482321,21,2,2015-10-29,True,False,pending conditional preparation; no calibrated science gate,"{""AV-610,VER5,S/N3861,HW4.0-7,SW05.00-Dec16/09,ICD17.00,OS425B142,IMU21,PGPS16,SGPS0"": 95}"
4849e6ea97a36558b5ac,ILVIS0_applanix_57324_610_loaner_29Oct15LVIS.013,/site/repo/local-level-lab/data/ilvis0-ready/4849e6ea97a36558b5ac/decoded/ILVIS0_applanix_57324_610_loaner_29Oct15LVIS.013.gz,1791729cbe1e001c95c16eeb7e555f5c59b36d18faa988bcb4cea1e912aff2ab,5128462,21,2,2015-10-29,True,False,pending conditional preparation; no calibrated science gate,"{""AV-610,VER6,S/N6448,HW1.6-12,SW08.32-Jun12/15,ICD07.28,OS6.4.1,IMU21,PGPS17,SGPS0,DMI0,GIM1,ZVI0,TRP"": 555}"
b58bab67e02affe467c6,ILVIS0_57990_B200T_N44U_imu_510i_0539_41265390825_113248.013,/site/repo/local-level-lab/data/ilvis0-ready/b58bab67e02affe467c6/decoded/ILVIS0_57990_B200T_N44U_imu_510i_0539_41265390825_113248.013.gz,f0f80d76994c78a2a7260a06924f9d681a89e7aefc2c25c5538cd3310803e307,5733060,6,2,2017-08-25,True,False,pending conditional preparation; no calibrated science gate,"{""AV-510,VER5,S/N4126,HW4.0-7,SW05.20-Nov04/11,ICD18.00,OS425B142,IMU6,PGPS16,SGPS0"": 119}"
0fb743634f248a06ed6d,ILVIS0_57994_B200T_N44U_imu_510i_0539_41265390829_103723.013,/site/repo/local-level-lab/data/ilvis0-ready/0fb743634f248a06ed6d/decoded/ILVIS0_57994_B200T_N44U_imu_510i_0539_41265390829_103723.013.gz,14bc97929bbab11c9ecb6d05f73968ab9478a6f70b44a9166230ae9c22199552,5611931,6,2,2017-08-29,True,False,pending conditional preparation; no calibrated science gate,"{""AV-510,VER5,S/N4126,HW4.0-7,SW05.20-Nov04/11,ICD18.00,OS425B142,IMU6,PGPS16,SGPS0"": 119}"
4a752a0d69a9ffcf26f6,ILVIS0_57994_B200T_N44U_imu_510i_pc_card_4126539.013,/site/repo/local-level-lab/data/ilvis0-ready/4a752a0d69a9ffcf26f6/decoded/ILVIS0_57994_B200T_N44U_imu_510i_pc_card_4126539.013.gz,0ff59d21187681036636c910f83d36595b9a5020001f151c7f42fd0c270ba1ea,5569800,6,2,2017-08-29,True,False,pending conditional preparation; no calibrated science gate,"{""AV-510,VER5,S/N4126,HW4.0-7,SW05.20-Nov04/11,ICD18.00,OS425B142,IMU6,PGPS16,SGPS0"": 118}"
445d05eaf1e26173e4dc,ILVIS0_57995_B200T_N44U_imu_510i_0539_41265390830_110907.013,/site/repo/local-level-lab/data/ilvis0-ready/445d05eaf1e26173e4dc/decoded/ILVIS0_57995_B200T_N44U_imu_510i_0539_41265390830_110907.013.gz,5617f5c71d710b641f544711f50065ea95a6d8b733f4076e75acce6de1e77401,5644061,6,2,2017-08-30,True,False,pending conditional preparation; no calibrated science gate,"{""AV-510,VER5,S/N4126,HW4.0-7,SW05.20-Nov04/11,ICD18.00,OS425B142,IMU6,PGPS16,SGPS0"": 118}"
1dc217386bf3c9116d3d,ILVIS0_57997_B200T_N44U_imu_510i_0539_41265390901_103423.013,/site/repo/local-level-lab/data/ilvis0-ready/1dc217386bf3c9116d3d/decoded/ILVIS0_57997_B200T_N44U_imu_510i_0539_41265390901_103423.013.gz,46004e022d88126629a9bc202840dc47eddebb6fdee1bbfd2911cbb4efc913d1,5595211,6,2,2017-09-01,True,False,pending conditional preparation; no calibrated science gate,"{""AV-510,VER5,S/N4126,HW4.0-7,SW05.20-Nov04/11,ICD18.00,OS425B142,IMU6,PGPS16,SGPS0"": 118}"
decede3f4beb6112e9f8,ILVIS0_57998_B200T_N44U_imu_510i_0539_41265390902_100713.013,/site/repo/local-level-lab/data/ilvis0-ready/decede3f4beb6112e9f8/decoded/ILVIS0_57998_B200T_N44U_imu_510i_0539_41265390902_100713.013.gz,1e77c8337e78dc29cf8f5475de8d44401f40f49c8944d31d73333f56d99cb3e5,5040232,6,2,2017-09-02,True,False,pending conditional preparation; no calibrated science gate,"{""AV-510,VER5,S/N4126,HW4.0-7,SW05.20-Nov04/11,ICD18.00,OS425B142,IMU6,PGPS16,SGPS0"": 122}"
06de5ef13d80efbe9b7e,ILVIS0_57998_B200T_N44U_imu_610p_4965_610_776349650902_100856.013,/site/repo/local-level-lab/data/ilvis0-ready/06de5ef13d80efbe9b7e/decoded/ILVIS0_57998_B200T_N44U_imu_610p_4965_610_776349650902_100856.013.gz,ab98c1917ac2338cc2958a03691c4b540b10a58d6964fa045c22a67a711fd731,5085477,21,2,2017-09-02,True,False,pending conditional preparation; no calibrated science gate,"{""AV-610,VER6,S/N7763,HW1.6-12,SW08.53-Apr20/16,ICD07.41,OS6.4.1,IMU21,PGPS17,SGPS0,DMI0,GIM1,ZVI0"": 679}"
7494ec5589e5a10da69b,ILVIS0_58000_B200T_N44U_imu_510i_0539_41265390904_094008.013,/site/repo/local-level-lab/data/ilvis0-ready/7494ec5589e5a10da69b/decoded/ILVIS0_58000_B200T_N44U_imu_510i_0539_41265390904_094008.013.gz,c46bb23b989e51a34aa8b117cba357a3624813d3177b1f53bb6d63dfe8d2f01d,5690819,6,2,2017-09-04,True,False,pending conditional preparation; no calibrated science gate,"{""AV-510,VER5,S/N4126,HW4.0-7,SW05.20-Nov04/11,ICD18.00,OS425B142,IMU6,PGPS16,SGPS0"": 116}"
fdaf42fa255797a1ea6b,ILVIS0_58001_B200T_N44U_imu_510i_0539_41265390905_100312.013,/site/repo/local-level-lab/data/ilvis0-ready/fdaf42fa255797a1ea6b/decoded/ILVIS0_58001_B200T_N44U_imu_510i_0539_41265390905_100312.013.gz,d25e82fed254f20095849919ee27b7277079821b48b82c69773c84b601cce6f8,5740142,6,2,2017-09-05,True,False,pending conditional preparation; no calibrated science gate,"{""AV-510,VER5,S/N4126,HW4.0-7,SW05.20-Nov04/11,ICD18.00,OS425B142,IMU6,PGPS16,SGPS0"": 115}"
7d698c7062b85866cce9,ILVIS0_58002_B200T_N44U_imu_510i_0539_41265390906_093841.013,/site/repo/local-level-lab/data/ilvis0-ready/7d698c7062b85866cce9/decoded/ILVIS0_58002_B200T_N44U_imu_510i_0539_41265390906_093841.013.gz,3841267f91327be8e1b5f0c4fe376eee90b13036f94d8605c14a33237ad1ceb6,5695303,6,2,2017-09-06,True,False,pending conditional preparation; no calibrated science gate,"{""AV-510,VER5,S/N4126,HW4.0-7,SW05.20-Nov04/11,ICD18.00,OS425B142,IMU6,PGPS16,SGPS0"": 116}"
7642acb6946d0a2585c9,ILVIS0_58005_B200T_N44U_imu_510i_0539_41265390909_090800.013,/site/repo/local-level-lab/data/ilvis0-ready/7642acb6946d0a2585c9/decoded/ILVIS0_58005_B200T_N44U_imu_510i_0539_41265390909_090800.013.gz,b0f9fc4d9a2f54e8df50d022354b1668a1a385136a16f0c040f221d8c71bcb1c,5357024,6,2,2017-09-09,True,False,pending conditional preparation; no calibrated science gate,"{""AV-510,VER5,S/N4126,HW4.0-7,SW05.20-Nov04/11,ICD18.00,OS425B142,IMU6,PGPS16,SGPS0"": 118}"
b3eb702e6383e314c1b8,ILVIS0_58008_B200T_N44U_imu_510i_0539_41265390912_093556.013,/site/repo/local-level-lab/data/ilvis0-ready/b3eb702e6383e314c1b8/decoded/ILVIS0_58008_B200T_N44U_imu_510i_0539_41265390912_093556.013.gz,9d6f4be0a6075493d7a6fc8a7a18c8167b2739bda530a93a9b7151b114ceda67,5649088,6,2,2017-09-12,True,False,pending conditional preparation; no calibrated science gate,"{""AV-510,VER5,S/N4126,HW4.0-7,SW05.20-Nov04/11,ICD18.00,OS425B142,IMU6,PGPS16,SGPS0"": 115}"
d3b1a8339e1f672b8a99,ILVIS0_58009_B200T_N44U_imu_510i_0539_41265390913_110821.013,/site/repo/local-level-lab/data/ilvis0-ready/d3b1a8339e1f672b8a99/decoded/ILVIS0_58009_B200T_N44U_imu_510i_0539_41265390913_110821.013.gz,e7e63615b9dd80e91e698a22142d1a1063ede2b5f57433ff648302712d6cf1a6,5670487,6,2,2017-09-13,True,False,pending conditional preparation; no calibrated science gate,"{""AV-510,VER5,S/N4126,HW4.0-7,SW05.20-Nov04/11,ICD18.00,OS425B142,IMU6,PGPS16,SGPS0"": 117}"
2c65ac547240550ad838,ILVIS0_58014_B200T_N44U_imu_510i_0539_41265390918_094015.013,/site/repo/local-level-lab/data/ilvis0-ready/2c65ac547240550ad838/decoded/ILVIS0_58014_B200T_N44U_imu_510i_0539_41265390918_094015.013.gz,f6e9449e9928919d6902734cd58fd2796746723dc244006524ba7e6c288a8dcc,5700919,6,2,2017-09-18,True,False,pending conditional preparation; no calibrated science gate,"{""AV-510,VER5,S/N4126,HW4.0-7,SW05.20-Nov04/11,ICD18.00,OS425B142,IMU6,PGPS16,SGPS0"": 117}"
04a47a69102568ffe42f,ILVIS0_58015_B200T_N44U_imu_510i_0539_41265390919_095816.013,/site/repo/local-level-lab/data/ilvis0-ready/04a47a69102568ffe42f/decoded/ILVIS0_58015_B200T_N44U_imu_510i_0539_41265390919_095816.013.gz,d29a669e34a1daccfe2e7ba32d79ac75cde143a603aa940aaaf0682c4d523396,5043467,6,2,2017-09-19,True,False,pending conditional preparation; no calibrated science gate,"{""AV-510,VER5,S/N4126,HW4.0-7,SW05.20-Nov04/11,ICD18.00,OS425B142,IMU6,PGPS16,SGPS0"": 124}"
9af866a9addfc2e419b7,ILVIS0_58015_B200T_N44U_imu_610p_4965_610_776349650919_095921.013,/site/repo/local-level-lab/data/ilvis0-ready/9af866a9addfc2e419b7/decoded/ILVIS0_58015_B200T_N44U_imu_610p_4965_610_776349650919_095921.013.gz,233ca0ff2092ac394f6fc37e836f7bd3a4231118de35b706175315858287eceb,5256831,21,2,2017-09-19,True,False,pending conditional preparation; no calibrated science gate,"{""AV-610,VER6,S/N7763,HW1.6-12,SW08.53-Apr20/16,ICD07.41,OS6.4.1,IMU21,PGPS17,SGPS0,DMI0,GIM1,ZVI0"": 670}"
93f52157cbd20bdf8c1b,ILVIS0_58016_B200T_N44U_imu_510i_0539_41265390920_104746.013,/site/repo/local-level-lab/data/ilvis0-ready/93f52157cbd20bdf8c1b/decoded/ILVIS0_58016_B200T_N44U_imu_510i_0539_41265390920_104746.013.gz,125b48eace30aebd6ede69515bdbbeb33a089fa32b3ea45506dbe89424de4fdc,5703976,6,2,2017-09-20,True,True,completed six-file pilot,"{""AV-510,VER5,S/N4126,HW4.0-7,SW05.20-Nov04/11,ICD18.00,OS425B142,IMU6,PGPS16,SGPS0"": 114}"
