packet_offset,time_tag_hex,latitude_deg,longitude_deg,altitude_m,velocity_north_mps,velocity_east_mps,velocity_up_mps,pitch_deg,roll_deg,heading_deg
44,0078b64200600600,-66.715242639184,127.09460567682981,638.1292419433594,44.32952690124512,-79.49465370178223,0.009033679962158203,0.3778129443526268,-0.5105792731046677,-53.852186277508736
144,0080b64200600600,-66.71484466642141,127.09280390292406,637.6901550292969,44.1993408203125,-79.59126472473145,-0.37189722061157227,0.42741570621728897,-1.296912096440792,-52.499954625964165
244,0088b64200600600,-66.71444736421108,127.09100279957056,637.2079772949219,44.31501388549805,-79.5780258178711,0.4234929084777832,0.835271067917347,-2.1603262424468994,-51.78750827908516
344,0090b64200600600,-66.71404838562012,127.08920169621706,637.4099578857422,44.45802116394043,-79.55788803100586,0.16121149063110352,0.15151463449001312,-3.1859583780169487,-52.99716677516699
444,0098b64200600600,-66.7136500775814,127.08739925175905,637.3408355712891,43.89393997192383,-79.95012283325195,-0.0781855583190918,0.5989469960331917,-2.7274515107274055,-54.919994473457336
544,00a0b64200600600,-66.7132581397891,127.08558775484562,636.8514404296875,43.39727592468262,-80.26374816894531,-0.2022080421447754,0.18197078257799149,-2.154952436685562,-53.82327742874622
644,00a8b64200600600,-66.71287022531033,127.0837702229619,636.8006591796875,43.26283836364746,-80.40717506408691,0.40319395065307617,0.7858570665121078,-3.6522044241428375,-52.68942050635815
744,00b0b64200600600,-66.71248499304056,127.08194866776466,636.9382934570312,43.04930305480957,-80.58291816711426,-0.10890817642211914,0.18191613256931305,-5.554712377488613,-52.972545102238655
844,00b8b64200600600,-66.7121011018753,127.08011973649263,636.6000823974609,42.515933990478516,-81.02667427062988,-0.5037522315979004,0.28626009821891785,-7.331147119402885,-54.1640118509531
944,00c0b64200600600,-66.71172391623259,127.07827873528004,635.9435119628906,41.458330154418945,-81.80500602722168,-0.4047379493713379,0.4670802131295204,-8.29777903854847,-55.43485723435879
1044,00c8b64200600600,-66.71135880053043,127.07641694694757,635.5673980712891,40.092559814453125,-82.70997619628906,-0.21194124221801758,0.5723126605153084,-9.952366724610329,-55.51607619971037
1144,00d0b64200600600,-66.7110064253211,127.07453705370426,635.0350036621094,38.893768310546875,-83.50322914123535,-0.781456470489502,0.3675786405801773,-11.30610141903162,-55.569248646497726
1244,00d8b64200600600,-66.71066477894783,127.0726403966546,634.0985260009766,37.61618995666504,-84.35733032226562,-1.228208065032959,0.2743128687143326,-12.97884363681078,-57.10228834301233
1344,00e0b64200600600,-66.71033453196287,127.07072362303734,632.8061828613281,35.95683479309082,-85.34596061706543,-1.1336760520935059,0.6146939098834991,-11.989666745066643,-59.48184996843338
1444,fee7b6420082e1f9,-66.71001970767975,127.06878539174795,632.0755310058594,34.018524169921875,-86.32438468933105,-0.25859594345092773,1.0621054843068123,-11.47459477186203,-61.66453678160906
1544,00f0b64200600600,-66.70972399413586,127.06682402640581,632.2742309570312,32.16935729980469,-87.1272144317627,0.3412642478942871,1.1169083788990974,-10.826054736971855,-62.53576185554266
1644,00f8b64200600600,-66.70944403856993,127.06484623253345,632.8101654052734,30.60501480102539,-87.78399085998535,0.34239816665649414,0.884171761572361,-11.096201129257679,-63.48822835832834
1744,0000b74200600600,-66.70917849987745,127.06285435706377,633.18408203125,29.011518478393555,-88.3956069946289,0.24421930313110352,0.9279762580990791,-11.279589794576168,-64.89576514810324
1844,0008b74200600600,-66.70892536640167,127.06084907054901,633.5892791748047,27.516429901123047,-88.97912406921387,0.1941676139831543,0.7864173129200935,-11.0695406422019,-66.30733899772167
1944,0010b74200600600,-66.7086859792471,127.05883171409369,633.6877136230469,25.980297088623047,-89.5224723815918,-0.1898188591003418,0.7742997631430626,-10.695503912866116,-68.09967957437038
2044,0018b74200600600,-66.70846235007048,127.05680128186941,633.7775115966797,24.22226333618164,-90.07234764099121,0.32575273513793945,1.0112705826759338,-10.00683769583702,-69.75329093635082
2144,0020b74200600600,-66.70825481414795,127.05475978553295,634.3215789794922,22.494428634643555,-90.54430389404297,0.286283016204834,0.9087894111871719,-10.276761800050735,-70.70749584585428
2244,0028b74200600600,-66.70806135982275,127.0527072250843,634.5270080566406,20.984352111816406,-90.9187068939209,-0.41120004653930664,0.7155493274331093,-10.823069773614407,-71.1781494319439
2344,0030b74200600600,-66.70788131654263,127.0506452769041,634.3172912597656,19.455747604370117,-91.31086921691895,-0.41125059127807617,0.8680949360132217,-11.494909152388573,-72.10982780903578
2444,0038b74200600600,-66.70771401375532,127.04857528209686,634.046875,17.849138259887695,-91.72400856018066,-0.5584654808044434,0.6417285650968552,-12.287085503339767,-73.62129282206297
2544,0040b74200600600,-66.70756347477436,127.04649455845356,633.5460662841797,15.797138214111328,-92.16396903991699,-0.5695204734802246,1.081366091966629,-13.455725312232971,-75.40026124566793
2644,0048b74200600600,-66.70743372291327,127.04440344125032,633.2225799560547,13.591690063476562,-92.60121726989746,-0.47635793685913086,0.956353023648262,-13.89430571347475,-76.7669503390789
2744,0050b74200600600,-66.70732375234365,127.04230193048716,632.9297943115234,11.436567306518555,-92.94730949401855,-0.3714261054992676,1.1329848691821098,-12.869676388800144,-78.31683430820704
2844,0058b74200600600,-66.70723155140877,127.04019606113434,632.9950866699219,9.222158432006836,-93.22780227661133,0.05036592483520508,1.2962351739406586,-12.38516516983509,-80.02661179751158
2944,0060b74200600600,-66.70715812593699,127.03808516263962,633.3406524658203,7.230981826782227,-93.37946510314941,0.08973360061645508,1.2365084141492844,-11.21262039989233,-81.06515541672707
3044,0068b74200600600,-66.70710247009993,127.03596889972687,633.6852569580078,5.42420768737793,-93.48393821716309,0.056699275970458984,1.2705956026911736,-11.116824299097061,-81.80750705301762
3144,0070b74200600600,-66.7070622369647,127.03385163098574,633.927978515625,3.7967872619628906,-93.54664421081543,0.03191709518432617,1.192103773355484,-10.735372267663479,-82.80654609203339
3244,0078b74200600600,-66.70703709125519,127.03173335641623,634.2812652587891,2.0397911071777344,-93.5831470489502,0.16777944564819336,1.263698972761631,-10.96771527081728,-84.29620038717985
3344,0080b74200600600,-66.707026027143,127.02961675822735,634.6806182861328,0.4307136535644531,-93.55298805236816,0.2678389549255371,1.1810426786541939,-10.700515620410442,-85.55123347789049
3444,0088b74200600600,-66.70702937990427,127.02749814838171,634.9690704345703,-1.2523460388183594,-93.5100269317627,-0.2847476005554199,0.914437472820282,-10.808321312069893,-87.16606009751558
3544,0090b74200600600,-66.70704815536737,127.02538155019283,634.6815795898438,-2.803133010864258,-93.45744323730469,-0.579491138458252,1.1585231870412827,-8.918257132172585,-87.85259898751974
3644,0098b74200600600,-66.70707900077105,127.02326562255621,634.4515228271484,-3.996194839477539,-93.3979320526123,-0.303494930267334,1.0355908423662186,-7.501066401600838,-88.75346180051565
3744,00a0b74200600600,-66.7071209102869,127.02115036547184,634.5957946777344,-5.171873092651367,-93.2828140258789,0.14911985397338867,1.3123981654644012,-6.440937370061874,-90.51411174237728
3844,00a8b74200600600,-66.70717187225819,127.01903879642487,635.0117492675781,-6.310609817504883,-93.12878608703613,0.1326737403869629,1.0651283338665962,-6.64933193475008,-91.40996485948563
3944,feafb7420082e1f9,-66.70723255723715,127.01692923903465,635.1540069580078,-7.283477783203125,-93.00849342346191,-0.06472253799438477,1.0659313201904297,-5.677905231714249,-91.41938008368015
4044,00b8b74200600600,-66.70730229467154,127.01482202857733,635.3685760498047,-8.090095520019531,-92.92255783081055,0.22652196884155273,1.1364127323031425,-4.586754776537418,-91.49139538407326
4144,00c0b74200600600,-66.70737773180008,127.01271682977676,635.9013824462891,-8.59244155883789,-92.82785415649414,0.48348379135131836,1.0445279628038406,-4.572800919413567,-91.84793841093779
4244,00c8b74200600600,-66.70745886862278,127.01061297208071,636.2976837158203,-9.24176025390625,-92.74382019042969,0.07339620590209961,0.736183226108551,-4.967082962393761,-92.62563653290272
4344,00d0b74200600600,-66.70754637569189,127.00850777328014,636.3528289794922,-10.006324768066406,-92.66310119628906,0.09422063827514648,0.9823275357484818,-5.303974449634552,-93.51861834526062
4444,00d8b74200600600,-66.70764092355967,127.0064029097557,636.553466796875,-10.793338775634766,-92.56723594665527,0.03199052810668945,0.7508388161659241,-4.5598304271698,-94.18321676552296
4544,00e0b74200600600,-66.70774083584547,127.00430307537317,636.8509674072266,-11.446649551391602,-92.47916221618652,0.598289966583252,0.943598784506321,-4.236122332513332,-94.84097488224506
4644,00e8b74200600600,-66.70784678310156,127.00220592319965,637.2371368408203,-12.340719223022461,-92.34734153747559,-0.13443899154663086,0.7104380428791046,-6.06460265815258,-94.7742435336113
4744,00f0b74200600600,-66.70796010643244,127.00011346489191,636.9957427978516,-13.320579528808594,-92.2605209350586,-0.7433609962463379,0.4727708548307419,-8.05863831192255,-93.89769796282053
4844,00f8b74200600600,-66.70808214694262,126.99802167713642,635.9439086914062,-14.18366813659668,-92.23552513122559,-1.08848237991333,0.472932793200016,-9.3682174757123,-94.05464608222246
4944,0000b84200600600,-66.70821391046047,126.99593055993319,634.8874053955078,-15.452644348144531,-92.19819259643555,-0.5489382743835449,0.49387481063604355,-10.567737556993961,-95.73550667613745
5044,0008b84200600600,-66.70835942029953,126.99384212493896,635.0224304199219,-17.091562271118164,-92.05032348632812,0.8164467811584473,0.7757562026381493,-10.667210631072521,-98.28779350966215
5144,0010b84200600600,-66.7085213586688,126.99176006019115,635.7763671875,-18.849061965942383,-91.69768333435059,0.4607672691345215,0.5604324862360954,-10.458514988422394,-100.91797437518835
5244,0018b84200600600,-66.7086997255683,126.98968939483166,636.1691284179688,-20.812240600585938,-91.2369384765625,0.6312394142150879,0.6606042757630348,-9.525719471275806,-101.77766796201468
5344,0020b84200600600,-66.70889116823673,126.98762744665146,636.3604888916016,-22.086898803710938,-90.91006469726562,-0.0615229606628418,0.4639970138669014,-7.790778838098049,-101.38501100242138
5444,0028b84200600600,-66.70909199863672,126.98557186871767,636.0648803710938,-23.04131507873535,-90.70720291137695,-0.5199370384216309,0.3706246241927147,-7.188123352825642,-101.44881941378117
5544,0030b84200600600,-66.70930087566376,126.98352333158255,635.4928283691406,-24.083820343017578,-90.48340034484863,-0.2981696128845215,0.5059058591723442,-8.441546112298965,-102.21009537577629
5644,0038b84200600600,-66.70952014625072,126.98147982358932,635.3008270263672,-25.266475677490234,-90.21795463562012,-0.03838205337524414,0.404556579887867,-10.273448266088963,-103.13413750380278
5744,0040b84200600600,-66.7097494751215,126.97944268584251,634.6726989746094,-26.3911075592041,-89.89603805541992,-1.15671968460083,-0.0044980645179748535,-11.17295891046524,-104.85410705208778
5844,0048b84200600600,-66.70999322086573,126.97741359472275,633.5762939453125,-28.340776443481445,-89.28447723388672,-0.6702532768249512,0.7683207839727402,-12.141902893781662,-106.7582555115223
5944,0050b84200600600,-66.71025540679693,126.97539858520031,633.0687255859375,-30.114051818847656,-88.64987754821777,-0.3958096504211426,0.5717011168599129,-9.913360364735126,-107.39416837692261
6044,0058b84200600600,-66.7105333507061,126.97340000420809,632.7540130615234,-31.62371063232422,-88.09496116638184,-0.41529417037963867,0.5874912813305855,-9.835488125681877,-108.03789786994457
6144,0060b84200600600,-66.71082369983196,126.9714155048132,632.43896484375,-32.91770553588867,-87.56656455993652,-0.3240351676940918,0.5420560017228127,-9.982832595705986,-109.24872178584337
6244,0068b84200600600,-66.71112444251776,126.96944374591112,632.2105712890625,-34.40489196777344,-86.85619163513184,0.05814981460571289,0.802977941930294,-9.890269227325916,-111.13483641296625
6344,0070b84200600600,-66.71143792569637,126.96748707443476,632.4302062988281,-35.790842056274414,-86.10217094421387,0.18128442764282227,0.8106188848614693,-8.482523895800114,-112.48961918056011
6444,fe77b8420082e1f9,-66.71176381409168,126.96554783731699,632.5377044677734,-36.987083435058594,-85.42856979370117,-0.1369643211364746,0.5507302656769753,-7.430548444390297,-112.82327525317669
6544,0080b84200600600,-66.71210076659918,126.96362435817719,632.3901214599609,-38.077972412109375,-84.78539657592773,-0.12406492233276367,0.8736048638820648,-8.37026372551918,-112.78018925338984
6644,0088b84200600600,-66.71244643628597,126.96171764284372,632.3225555419922,-39.17153739929199,-84.15800094604492,0.01042318344116211,0.7397780567407608,-10.124244689941406,-113.10904249548912
6744,0090b84200600600,-66.7128024995327,126.95981964468956,632.1334381103516,-40.414676666259766,-83.48198509216309,-0.7242789268493652,0.4211664944887161,-12.920398972928524,-114.39775574952364
6844,0098b84200600600,-66.71317029744387,126.95794310420752,631.2307586669922,-42.044830322265625,-82.58203506469727,-1.2633233070373535,0.5418481305241585,-14.009429477155209,-116.22428812086582
6944,00a0b84200600600,-66.71355687081814,126.95608902722597,630.0843963623047,-44.29910087585449,-81.29201698303223,-0.8888726234436035,0.9993652626872063,-15.815160647034645,-118.27760729938745
7044,00a8b84200600600,-66.71396590769291,126.95426613092422,629.5203857421875,-46.59209442138672,-79.86855888366699,-0.46376752853393555,1.041228175163269,-16.384897381067276,-119.80756312608719
7144,00b0b84200600600,-66.71439304947853,126.95247575640678,629.4051666259766,-48.75777816772461,-78.3516845703125,-0.0618748664855957,1.1772644519805908,-14.339256025850773,-122.028613910079
7244,00b8b84200600600,-66.71483796089888,126.95072527974844,630.0015258789062,-50.81966209411621,-76.69039726257324,0.6975159645080566,1.5271834284067154,-14.67787753790617,-123.77612236887217
7344,00c0b84200600600,-66.71529863029718,126.94901034235954,630.7835693359375,-52.45062255859375,-75.22370338439941,0.22418546676635742,1.1427923664450645,-14.466130882501602,-125.05693551152945
7444,00c8b84200600600,-66.71577405184507,126.94733496755362,631.2086639404297,-54.23446464538574,-73.59183692932129,0.25771570205688477,1.311982087790966,-15.87141428142786,-126.92614249885082
7544,00d0b84200600600,-66.71626590192318,126.94569379091263,631.6773376464844,-56.11112403869629,-71.75916481018066,0.18033552169799805,1.4526304230093956,-16.796231232583523,-128.83634068071842
7644,00d8b84200600600,-66.71677384525537,126.94409921765327,632.3131408691406,-57.93530082702637,-69.85664749145508,0.38401365280151367,1.4114296808838844,-16.721694320440292,-130.75479436665773
7744,00e0b84200600600,-66.71729989349842,126.9425405189395,632.8790588378906,-59.61477470397949,-67.9737720489502,0.3221402168273926,1.3876793906092644,-14.892943762242794,-133.35522517561913
7844,00e8b84200600600,-66.71783968806267,126.94103110581636,633.5785675048828,-61.33477592468262,-65.85329818725586,0.780738353729248,1.8445199355483055,-14.465225301682949,-135.45891758054495
7944,00f0b84200600600,-66.71839356422424,126.93956326693296,634.5659332275391,-62.7118034362793,-63.993194580078125,0.4482865333557129,1.4278297126293182,-13.641742877662182,-136.2808459997177
8044,00f8b84200600600,-66.71895783394575,126.9381370022893,634.8838806152344,-63.716190338134766,-62.567840576171875,-0.4003148078918457,1.319381631910801,-12.947656251490116,-137.0620682090521
8144,0000b94200600600,-66.71953149139881,126.93673755973577,634.3100738525391,-64.5992546081543,-61.28558158874512,-0.9986376762390137,1.181260608136654,-10.91224417090416,-139.05945260077715
8244,0008b94200600600,-66.72011286020279,126.9353736564517,633.7513122558594,-65.6736068725586,-59.61042404174805,-0.28066492080688477,1.8393610417842865,-9.834256656467915,-141.45233374089003
8344,0010b94200600600,-66.72070596367121,126.93404663354158,634.1841125488281,-66.81473350524902,-57.733808517456055,0.43674230575561523,1.7184903100132942,-11.92865788936615,-141.84434730559587
8444,0018b94200600600,-66.7213074490428,126.93275883793831,634.7242584228516,-67.67000770568848,-56.290578842163086,-0.1043848991394043,1.576073057949543,-12.290366180241108,-141.53554391115904
8544,0020b94200600600,-66.7219166457653,126.93149719387293,634.164794921875,-68.3735237121582,-55.1616325378418,-1.2449555397033691,1.049080677330494,-13.11321023851633,-142.3232976347208
8644,0028b94200600600,-66.72253388911486,126.93026572465897,632.8661499023438,-69.42085838317871,-53.54241371154785,-1.1824641227722168,1.5200671926140785,-14.130185544490814,-144.78154823184013
8744,0030b94200600600,-66.72316387295723,126.92907817661762,632.1911468505859,-70.8020076751709,-51.22686767578125,-0.2736630439758301,1.8575313314795494,-14.709669761359692,-147.55270197987556
8844,0038b94200600600,-66.72380559146404,126.92795097827911,632.4575347900391,-72.06790924072266,-48.679704666137695,0.48724889755249023,2.3108739405870438,-14.017402678728104,-149.55356989055872
8944,fe3fb9420082e1f9,-66.72445669770241,126.92687977105379,633.7877960205078,-73.12260055541992,-46.23060607910156,1.4317841529846191,2.350992076098919,-12.408346831798553,-150.88739085942507
9044,0048b94200600600,-66.72511350363493,126.92585080862045,635.2118835449219,-73.72727966308594,-44.57187461853027,1.0714936256408691,1.9062955677509308,-10.63620563596487,-151.85126814991236
9144,0050b94200600600,-66.7257746681571,126.92485202103853,636.2755889892578,-74.17119216918945,-43.17115020751953,1.0360474586486816,1.9642755389213562,-8.985798843204975,-153.2408981770277
9244,0058b94200600600,-66.72643885016441,126.92388575524092,637.6330413818359,-74.5922908782959,-41.734283447265625,1.2231249809265137,1.8682856485247612,-9.861671179533005,-154.47172936052084
9344,0060b94200600600,-66.72710839658976,126.92295301705599,638.8280944824219,-74.9963493347168,-40.361528396606445,0.7772479057312012,1.5738850459456444,-9.540166854858398,-155.31087689101696
9444,0068b94200600600,-66.72778129577637,126.92205380648375,639.5488586425781,-75.38481903076172,-39.03837776184082,0.6914572715759277,1.578364335000515,-9.394621811807156,-156.25302661210299
9544,0070b94200600600,-66.72845788300037,126.9211857765913,640.0579528808594,-75.82110977172852,-37.5839900970459,0.294278621673584,1.3890114426612854,-10.36045677959919,-157.49437976628542
9644,0078b94200600600,-66.72913983464241,126.9203519448638,640.6307983398438,-76.3086166381836,-35.89687538146973,0.5662407875061035,1.6437311097979546,-11.88706286251545,-158.57190024107695
9744,0080b94200600600,-66.7298261448741,126.91955532878637,641.047607421875,-76.7551441192627,-34.30515670776367,0.19191789627075195,1.1843538656830788,-10.056912191212177,-159.97318010777235
9844,0088b94200600600,-66.73051714897156,126.91879022866488,641.3445892333984,-77.15640640258789,-32.77816963195801,0.4515976905822754,1.4637066051363945,-7.821630276739597,-161.54189351946115
9944,0090b94200600600,-66.73121050000191,126.91806267946959,641.8558807373047,-77.45952796936035,-31.365245819091797,0.23886919021606445,1.1062955483794212,-7.0277101546525955,-162.194312363863
10044,0098b94200600600,-66.73190619796515,126.91736362874508,642.1442565917969,-77.72509765625,-30.16949462890625,0.3193087577819824,1.187322735786438,-7.34806414693594,-161.46752189844847
10144,00a0b94200600600,-66.73260424286127,126.91668771207333,642.6474304199219,-77.96559524536133,-29.36214256286621,0.45899248123168945,0.8850518614053726,-7.900440953671932,-161.3411459326744
10244,00a8b94200600600,-66.7333036288619,126.91602654755116,642.5454864501953,-78.1533088684082,-28.76038932800293,-0.615598201751709,0.3054466098546982,-6.754553988575935,-162.8860728442669
10344,00b0b94200600600,-66.73400603234768,126.91538080573082,641.8854217529297,-78.41115760803223,-27.6821231842041,-0.28501367568969727,1.017891950905323,-6.119555085897446,-165.14644514769316
10444,00b8b94200600600,-66.73471111804247,126.91476054489613,641.8187561035156,-78.67920875549316,-26.58338165283203,-0.002128124237060547,0.5964126437902451,-5.041922628879547,-166.08264405280352
10544,00c0b94200600600,-66.73541955649853,126.91416710615158,641.6433868408203,-78.87248802185059,-25.609764099121094,-0.16803979873657227,0.7038867473602295,-5.5393413081765175,-165.6364605948329
10644,00c8b94200600600,-66.73612866550684,126.91359411925077,641.4800109863281,-79.01448249816895,-25.107872009277344,-0.1697525978088379,0.5604780837893486,-4.985978789627552,-165.23053608834743
10744,00d0b94200600600,-66.73683945089579,126.91302817314863,641.1306915283203,-79.15013122558594,-24.666780471801758,-0.3369441032409668,0.38832318037748337,-3.9060647785663605,-166.34264566004276
10855,00d8b94200600600,-66.73755191266537,126.91247496753931,641.0787353515625,-79.32133293151855,-23.952730178833008,0.4207034111022949,0.6808334961533546,-3.7548012658953667,-167.6726981252432
10955,00e0b94200600600,-66.73826605081558,126.91193651407957,641.2220916748047,-79.47385025024414,-23.340158462524414,-0.07071542739868164,0.19802547991275787,-2.6511554047465324,-168.02411075681448
11055,00e8b94200600600,-66.73898186534643,126.91141080111265,640.8569030761719,-79.60956192016602,-22.933361053466797,-0.3610100746154785,0.34959275275468826,-3.042892701923847,-167.5471717491746
11155,00f0b94200600600,-66.73969902098179,126.91089380532503,640.2988891601562,-79.75955390930176,-22.685302734375,-0.47936391830444336,0.21425418555736542,-3.864124082028866,-167.29475542902946
11255,00f8b94200600600,-66.74041751772165,126.9103804975748,639.4788360595703,-79.9306468963623,-22.36186981201172,-0.7574324607849121,0.17792198807001114,-4.720991961658001,-167.80561432242393
11355,feffb9420082e1f9,-66.7411370202899,126.90987925976515,638.5255737304688,-80.10178565979004,-21.952320098876953,-0.29356908798217773,0.3654124215245247,-2.9528683796525,-168.77688847482204
11455,0008ba4200600600,-66.74185786396265,126.90939210355282,638.3629302978516,-80.25592422485352,-21.448753356933594,0.4047684669494629,0.35897310823202133,-1.2063872069120407,-169.8636458069086
11555,0010ba4200600600,-66.74257971346378,126.90891031175852,638.0103302001953,-80.25298309326172,-21.311237335205078,-0.6880860328674316,0.018330886960029602,0.4448363184928894,-170.0838229805231
11655,0018ba4200600600,-66.74330122768879,126.90842282027006,636.8837432861328,-80.23433876037598,-21.556058883666992,-0.7212691307067871,0.34160278737545013,2.351136915385723,-169.74023401737213
11755,0020ba4200600600,-66.74402240663767,126.90792694687843,635.9893493652344,-80.19474220275879,-21.922204971313477,-0.14650964736938477,0.47349806874990463,0.6216498836874962,-169.2444420978427
11855,0028ba4200600600,-66.74474358558655,126.90742403268814,635.7822418212891,-80.18184852600098,-22.225120544433594,0.41765451431274414,0.5829144269227982,-0.9096155315637589,-169.01280518621206
11955,0030ba4200600600,-66.74546509981155,126.90691843628883,636.0811614990234,-80.21058654785156,-22.25676727294922,0.757932186126709,0.42901698499917984,-2.7764058485627174,-169.22996554523706
12055,0038ba4200600600,-66.74618728458881,126.90641585737467,635.8983154296875,-80.28050422668457,-21.994556427001953,-0.285128116607666,0.2106570079922676,-4.634327106177807,-169.81441754847765
12155,0040ba4200600600,-66.74691114574671,126.90592668950558,635.2012329101562,-80.44650459289551,-21.04424476623535,0.11935853958129883,0.5718037113547325,-6.150653287768364,-170.711959451437
12255,0048ba4200600600,-66.74763634800911,126.9054613262415,635.0584106445312,-80.6195240020752,-20.09756851196289,0.22421503067016602,0.2765612304210663,-6.246783323585987,-170.66791992634535
12355,0050ba4200600600,-66.74836188554764,126.90501507371664,635.1751251220703,-80.80025100708008,-19.25114631652832,0.6443314552307129,0.33199746161699295,-7.425308413803577,-171.07770681381226
12455,0058ba4200600600,-66.74908876419067,126.90459363162518,635.2132873535156,-80.97916030883789,-18.097578048706055,0.37227773666381836,0.19945308566093445,-9.688361249864101,-172.05788556486368
12555,0060ba4200600600,-66.74981631338596,126.90419632941484,634.7061614990234,-81.1501636505127,-16.888818740844727,-0.23711633682250977,-0.11851005256175995,-9.440545253455639,-173.26395392417908
12655,0068ba4200600600,-66.75054486840963,126.90383221954107,633.9168853759766,-81.30312728881836,-15.293655395507812,-0.09067201614379883,0.2864237129688263,-7.991895899176598,-174.91604380309582
12755,0070ba4200600600,-66.75127375870943,126.9035093486309,633.7023468017578,-81.3520336151123,-13.862834930419922,0.30967092514038086,0.2127256616950035,-5.975890606641769,-175.12077916413546
12855,0078ba4200600600,-66.75200197845697,126.90321028232574,633.5952453613281,-81.36737442016602,-13.056877136230469,0.4583125114440918,0.08957739919424057,-3.4654251113533974,-175.1700972765684
12955,0080ba4200600600,-66.75272986292839,126.90292093902826,633.5626373291016,-81.31147956848145,-12.828298568725586,0.43440771102905273,0.10202083736658096,-1.7483999580144882,-175.53218510001898
13055,0088ba4200600600,-66.75345707684755,126.90262991935015,633.6026458740234,-81.27706718444824,-12.727762222290039,0.5847010612487793,0.10646726936101913,-0.5655481293797493,-176.61092296242714
13155,0090ba4200600600,-66.75418462604284,126.9023422524333,633.3719787597656,-81.19805145263672,-12.47776985168457,-0.22260141372680664,-0.12164991348981857,-0.9924166649580002,-176.74532644450665
13255,0098ba4200600600,-66.75491116940975,126.90206430852413,632.6539306640625,-81.17691230773926,-12.44851303100586,-0.40210676193237305,-0.038041770458221436,-1.4908569306135178,-176.03755217045546
13355,00a0ba4200600600,-66.75563804805279,126.90178770571947,632.3470458984375,-81.16856384277344,-12.532674789428711,0.4666285514831543,0.2469402551651001,-0.19776295870542526,-176.35127004235983
13455,00a8ba4200600600,-66.75636526197195,126.90150909125805,632.6973266601562,-81.13169860839844,-12.593660354614258,0.5902800559997559,0.08475445210933685,0.43459128588438034,-177.14993834495544
13555,00b0ba4200600600,-66.75709180533886,126.90122477710247,632.8966674804688,-81.07217407226562,-12.701362609863281,0.4525589942932129,-0.032578445971012115,1.65426816791296,-177.42890149354935
13655,00b8ba4200600600,-66.75781767815351,126.90093912184238,632.9081878662109,-81.00314521789551,-12.79422378540039,0.25594472885131836,-0.021492205560207367,0.8703278750181198,-176.83306887745857
13755,00c0ba4200600600,-66.7585438862443,126.9006484374404,632.82373046875,-80.985107421875,-13.066265106201172,0.012858867645263672,-0.058178119361400604,-0.6140250340104103,-175.98331086337566
13855,fec7ba420082e1f9,-66.75927009433508,126.90035406500101,632.3470458984375,-80.97289276123047,-13.181137084960938,-0.7473940849304199,-0.14252152293920517,-2.1383418515324593,-176.45483616739511
13955,00d0ba4200600600,-66.75999630242586,126.90006036311388,631.3011016845703,-81.00385093688965,-12.852283477783203,-0.7297358512878418,-0.018743611872196198,-2.519422732293606,-177.6408251747489
14055,00d8ba4200600600,-66.76072284579277,126.89977437257767,630.4422912597656,-81.05435180664062,-12.374347686767578,-0.22788476943969727,0.14507297426462173,-1.0671232268214226,-178.4485462680459
14155,00e0ba4200600600,-66.76145039498806,126.89949709922075,630.2320861816406,-81.09740829467773,-12.184860229492188,-0.06828927993774414,-0.04373844712972641,0.4283186048269272,-178.02737709134817
14255,00e8ba4200600600,-66.76217760890722,126.8992218375206,629.8837127685547,-81.10198783874512,-12.28013801574707,-0.1305994987487793,0.31085360795259476,0.34481875598430634,-177.57411058992147
14355,00f0ba4200600600,-66.76290549337864,126.89894255250692,629.8064880371094,-81.07157325744629,-12.385334014892578,0.35036611557006836,0.3780851885676384,-0.7456427067518234,-177.33977235853672
14455,00f8ba4200600600,-66.76363237202168,126.89866159111261,630.2351379394531,-81.02634048461914,-12.231931686401367,0.49916601181030273,0.3112395107746124,-1.961740180850029,-177.1531093865633
14555,0000bb4200600600,-66.76435958594084,126.89838331192732,630.60791015625,-81.00494003295898,-11.974225997924805,0.2825779914855957,0.16595564782619476,-3.1433404237031937,-177.05183688551188
14655,0008bb4200600600,-66.76508713513613,126.89811743795872,630.5848846435547,-81.03679847717285,-11.456819534301758,0.13008642196655273,0.1658916100859642,-4.123696871101856,-177.4134861677885
14755,0010bb4200600600,-66.76581468433142,126.89786396920681,630.4466400146484,-81.02356338500977,-10.882118225097656,-0.0014595985412597656,0.23356877267360687,-4.160273149609566,-177.68486067652702
14855,0018bb4200600600,-66.76654189825058,126.89762558788061,630.2264709472656,-81.01556968688965,-10.276634216308594,-0.10509729385375977,0.1647164672613144,-3.9634549990296364,-177.99597781151533
14955,0020bb4200600600,-66.76726844161749,126.89740095287561,630.1983947753906,-81.0139045715332,-9.699193954467773,0.4199528694152832,0.330454520881176,-4.508701153099537,-178.64380974322557
15055,0028bb4200600600,-66.76799464970827,126.89719039946795,630.5441284179688,-80.96310234069824,-9.12000846862793,0.5459532737731934,0.1872299239039421,-3.3812788501381874,-179.44423522800207
15155,0030bb4200600600,-66.76872052252293,126.8969888985157,630.7391662597656,-80.93672561645508,-8.645610809326172,-0.006221294403076172,0.12950945645570755,-3.7179115042090416,179.71602614969015
15255,0038bb4200600600,-66.76944572478533,126.89680181443691,630.6654968261719,-80.87359428405762,-7.92445182800293,0.0034308433532714844,0.08400913327932358,-3.0199021473526955,179.40653678029776
15355,0040bb4200600600,-66.77017025649548,126.89662545919418,630.6771697998047,-80.8382625579834,-7.73859977722168,0.11903047561645508,0.15299152582883835,-0.8758532255887985,179.73487738519907
15455,0048bb4200600600,-66.7708944529295,126.89644541591406,630.4500274658203,-80.8057632446289,-8.020263671875,-0.3104891777038574,-0.017214752733707428,3.0012768879532814,179.57905746996403
15555,0050bb4200600600,-66.77161864936352,126.89625665545464,630.2262725830078,-80.80245399475098,-8.451385498046875,-0.004568576812744141,0.15593793243169785,3.8399453088641167,179.17559523135424
15655,0058bb4200600600,-66.77234351634979,126.89605616033077,629.9684906005859,-80.8029842376709,-9.114931106567383,-0.2894587516784668,-0.12719068676233292,4.69277948141098,179.58087533712387
15755,0060bb4200600600,-66.77306838333607,126.8958405777812,629.9086151123047,-80.83669853210449,-9.897342681884766,-0.019539356231689453,0.18581639975309372,5.219371877610683,-179.58661694079638
15855,0068bb4200600600,-66.77379358559847,126.8956058844924,629.7455139160156,-80.80030632019043,-10.887819290161133,-0.37871885299682617,0.19572950899600983,4.593766741454601,-179.0907445549965
15955,0070bb4200600600,-66.77451878786087,126.89534839242697,629.5817413330078,-80.79341506958008,-11.696779251098633,0.1701645851135254,0.29042020440101624,6.465181186795235,-179.30617656558752
16055,0078bb4200600600,-66.77524466067553,126.89506944268942,629.5067291259766,-80.74225616455078,-12.591081619262695,-0.1368117332458496,0.07082708179950714,7.028437368571758,-178.2079977169633
16155,0080bb4200600600,-66.77596919238567,126.894769705832,629.5852508544922,-80.70950889587402,-13.615459442138672,0.6954092979431152,0.5800364166498184,6.128968968987465,-176.6823609173298
16255,0088bb4200600600,-66.77669372409582,126.89443610608578,629.9684906005859,-80.57621383666992,-15.24876594543457,0.2390913963317871,0.2565140649676323,7.1865264326334,-175.05431972444057
16355,fe8fbb420082e1f9,-66.77741724997759,126.89406763762236,630.2145385742188,-80.48581886291504,-16.78346061706543,0.25095319747924805,0.523831732571125,5.467711240053177,-175.42643196880817
16455,0098bb4200600600,-66.77814077585936,126.89367234706879,629.9754943847656,-80.4287166595459,-17.5679988861084,-0.673861026763916,0.36873266100883484,3.855532966554165,-176.35539159178734
16555,00a0bb4200600600,-66.77886363118887,126.89327370375395,628.7025604248047,-80.40443801879883,-17.94740867614746,-1.3301701545715332,0.30607961118221283,4.30119875818491,-176.18274986743927
16655,00a8bb4200600600,-66.77958581596613,126.89286332577467,627.5596923828125,-80.35220146179199,-18.619630813598633,-0.4838709831237793,0.8470962569117546,4.922504983842373,-174.78128626942635
16755,00b0bb4200600600,-66.78030632436275,126.89243819564581,627.6958618164062,-80.24189949035645,-19.318506240844727,0.7312331199645996,1.1860758438706398,2.6187046989798546,-173.643015101552
16855,00b8bb4200600600,-66.78102549165487,126.89199462532997,628.0523529052734,-80.08534812927246,-19.66604232788086,0.2944169044494629,0.950331799685955,1.2630317732691765,-173.04752480238676
16955,00c0bb4200600600,-66.78174331784248,126.89153999090195,628.9464569091797,-79.92337036132812,-19.767580032348633,1.5042901039123535,1.396348960697651,-0.8442363515496254,-172.4225701019168
17055,00c8bb4200600600,-66.78245980292559,126.8910813331604,630.666748046875,-79.73440170288086,-19.946088790893555,1.8957819938659668,1.0641154646873474,-1.3339601084589958,-171.7881767079234
17155,00d0bb4200600600,-66.78317461162806,126.89062166959047,631.9774627685547,-79.60869789123535,-20.14568519592285,1.1688542366027832,0.7942885905504227,-2.0943140611052513,-172.54466827958822
17255,00d8bb4200600600,-66.78388942033052,126.89016334712505,632.7245635986328,-79.57938385009766,-19.861108779907227,0.4575209617614746,0.6483935192227364,-3.457806631922722,-174.3482030555606
17355,00e0bb4200600600,-66.78460322320461,126.88971944153309,632.8473510742188,-79.55336952209473,-19.163677215576172,0.02585744857788086,0.5579454079270363,-3.500715270638466,-174.79175258427858
17455,00e8bb4200600600,-66.7853170260787,126.88929095864296,632.9253692626953,-79.57622909545898,-18.651351928710938,0.34833860397338867,0.6528925895690918,-2.7801133319735527,-174.41397316753864
17555,00f0bb4200600600,-66.78603049367666,126.88887421041727,632.9841461181641,-79.58842658996582,-18.380849838256836,0.14679670333862305,0.545002743601799,-3.5400813817977905,-174.6661638468504
17655,00f8bb4200600600,-66.78674396127462,126.88845980912447,633.0908660888672,-79.61853218078613,-17.901506423950195,0.5510649681091309,0.7494930177927017,-3.6212674900889397,-175.77196385711432
17755,0000bc4200600600,-66.78745876997709,126.88805814832449,633.5787658691406,-79.62933158874512,-17.202171325683594,0.5129733085632324,0.6135338544845581,-4.292951971292496,-176.342860981822
17855,0008bc4200600600,-66.78817357867956,126.8876739218831,633.8146514892578,-79.66179084777832,-16.513790130615234,-0.11544466018676758,0.3918187692761421,-4.261653944849968,-176.09169960021973
17955,0010bc4200600600,-66.78888838738203,126.8873031064868,633.8338165283203,-79.69891166687012,-16.098628997802734,0.5452237129211426,0.6784148141741753,-2.950054407119751,-176.37952845543623
18055,0018bc4200600600,-66.78960353136063,126.88693966716528,634.54638671875,-79.70268821716309,-15.600177764892578,1.0270342826843262,0.5223461240530014,-2.9249784350395203,-177.33475361019373
18155,0020bc4200600600,-66.79031901061535,126.88659030944109,635.3411407470703,-79.70024299621582,-14.905609130859375,0.5786576271057129,0.10835118591785431,-2.3650116473436356,-177.1805852651596
18255,0028bc4200600600,-66.79103348404169,126.88625201582909,635.1847534179688,-79.74214553833008,-14.807876586914062,-0.19413328170776367,0.190628282725811,-1.6651327908039093,-176.3927574455738
18355,0030bc4200600600,-66.79174896329641,126.8859164044261,634.8768310546875,-79.83858489990234,-14.759313583374023,-0.2366032600402832,0.21112371236085892,-1.121336705982685,-176.978532448411
18455,0038bc4200600600,-66.79246544837952,126.8855781108141,634.8663330078125,-79.90599060058594,-14.581008911132812,0.18582391738891602,0.3961116448044777,-1.4025482162833214,-177.81862176954746
18555,0040bc4200600600,-66.79318193346262,126.88524685800076,635.1970367431641,-79.93722152709961,-14.346071243286133,0.5060114860534668,0.3291040286421776,-0.7931426167488098,-177.92677514255047
18655,0048bc4200600600,-66.79389841854572,126.88492096960545,635.58935546875,-79.97920227050781,-14.226503372192383,0.42441415786743164,0.24795714765787125,-0.5491380393505096,-177.60705180466175
18755,0050bc4200600600,-66.7946145683527,126.88460513949394,635.800048828125,-80.05058479309082,-14.028650283813477,0.29577112197875977,0.22506717592477798,-1.931004747748375,-177.41225603967905
18855,fe57bc420082e1f9,-66.79533205926418,126.88429065048695,635.9515075683594,-80.11665344238281,-13.680387496948242,0.3380446434020996,0.2503570541739464,-4.555308222770691,-177.20137607306242
18955,0060bc4200600600,-66.79604955017567,126.88398353755474,635.9164581298828,-80.17823219299316,-13.250368118286133,-0.14327478408813477,0.011648498475551605,-6.000125370919704,-177.84144535660744
19055,0068bc4200600600,-66.79676838219166,126.88368950039148,635.3838348388672,-80.20232200622559,-12.476602554321289,-0.4259047508239746,0.15956394374370575,-4.536631666123867,-179.59314610809088
19155,0070bc4200600600,-66.79748687893152,126.88341859728098,635.1917419433594,-80.1905460357666,-11.547855377197266,0.12224817276000977,0.2703304588794708,-2.9599718749523163,179.4410078600049
19255,0078bc4200600600,-66.79820470511913,126.88316781073809,635.1565551757812,-80.13506317138672,-11.100507736206055,-0.21134042739868164,0.0034157931804656982,-0.9130024909973145,179.9677648767829
19355,0080bc4200600600,-66.79892253130674,126.88291903585196,634.9052886962891,-80.11311721801758,-11.015535354614258,0.08775949478149414,0.3989534452557564,-0.5456551909446716,-179.82186276465654
19455,0088bc4200600600,-66.79964069277048,126.88266690820456,635.2698364257812,-80.15419578552246,-11.10013198852539,0.8422417640686035,0.10927118360996246,1.2807514518499374,179.74098276346922
19555,0090bc4200600600,-66.80035952478647,126.88241008669138,636.4104309082031,-80.14665603637695,-11.148052215576172,1.2304339408874512,0.18663614988327026,0.17714180052280426,-179.905803501606
19655,0098bc4200600600,-66.80107835680246,126.88215393573046,637.6526184082031,-80.10506439208984,-11.28400993347168,0.9611115455627441,0.04948507994413376,-0.7734625786542892,-178.98336969316006
19755,00a0bc4200600600,-66.80179618299007,126.8818961083889,638.2780456542969,-80.08748435974121,-11.35279655456543,0.30814123153686523,-0.1379755139350891,-1.6178595274686813,-178.8583368435502
19855,00a8bc4200600600,-66.80251400917768,126.8816402927041,638.0687255859375,-80.09842300415039,-11.040767669677734,-0.26394033432006836,-0.2595845237374306,-3.2271386682987213,-179.4962539896369
19955,00b0bc4200600600,-66.80323150008917,126.88139319419861,637.608642578125,-80.12604904174805,-10.646772384643555,-0.45377397537231445,-0.3097686544060707,-2.6112303882837296,-179.63093541562557
20055,00b8bc4200600600,-66.8039496615529,126.88115481287241,637.2675323486328,-80.17731666564941,-10.333856582641602,-0.009876728057861328,-0.13176385313272476,-2.6669807732105255,-179.90537200123072
20155,00c0bc4200600600,-66.80466882884502,126.88092716038227,637.2936859130859,-80.21228408813477,-9.958702087402344,0.5143733024597168,-0.11353086680173874,-2.338576130568981,179.43206202238798
20255,00c8bc4200600600,-66.80538766086102,126.88070219010115,637.6094207763672,-80.25895118713379,-9.837862014770508,-0.45288515090942383,-0.5145750939846039,-2.690381035208702,178.65729589015245
20355,00d0bc4200600600,-66.80610716342926,126.88048224896193,636.3206787109375,-80.26040649414062,-9.339096069335938,-1.7338967323303223,-0.7199025526642799,-1.985103227198124,177.9536636173725
20455,00d8bc4200600600,-66.8068266659975,126.8802797421813,634.6379547119141,-80.34087371826172,-8.701539993286133,-1.227466106414795,-0.2553815022110939,-2.1531184762716293,178.40530771762133
20555,00e0bc4200600600,-66.80754750967026,126.88008729368448,633.5905914306641,-80.41320037841797,-8.48587417602539,-0.792839527130127,-0.15897922217845917,-1.4543446898460388,179.05969195067883
20655,00e8bc4200600600,-66.80826868861914,126.87990222126245,633.0845489501953,-80.45781707763672,-8.21851921081543,-0.20206403732299805,0.021736957132816315,-1.9080832600593567,178.83154559880495
20755,00f0bc4200600600,-66.80899053812027,126.87971513718367,632.7129211425781,-80.4561996459961,-8.093816757202148,-0.6722664833068848,-0.14408156275749207,-1.1362819746136665,178.2849569991231
20855,00f8bc4200600600,-66.8097123876214,126.87953375279903,632.3533630371094,-80.4445915222168,-7.771842956542969,-0.09670782089233398,0.05708377808332443,-1.5350473299622536,178.45652919262648
20955,0000bd4200600600,-66.81043457239866,126.87935773283243,632.4196014404297,-80.49894714355469,-7.759315490722656,0.35036516189575195,0.05373302847146988,-1.9316883757710457,178.88084761798382
21055,0008bd4200600600,-66.81115742772818,126.87918070703745,632.6528472900391,-80.5495376586914,-7.923770904541016,0.08774042129516602,-0.1797753944993019,-0.4858415946364403,177.94434797018766
21155,0010bd4200600600,-66.81188028305769,126.87900099903345,632.7436218261719,-80.56343078613281,-7.84613037109375,0.0385584831237793,-0.12217193841934204,0.521254800260067,176.67915131896734
21255,0018bd4200600600,-66.81260280311108,126.87882397323847,632.7085571289062,-80.5732479095459,-7.835735321044922,0.01949930191040039,-0.24746529757976532,1.9315633177757263,177.102106846869
21355,fe1fbd420082e1f9,-66.81332565844059,126.8786409124732,632.4135894775391,-80.67126274108887,-8.504583358764648,-0.10338544845581055,-0.06653755903244019,4.794341661036015,177.7113153040409
21455,0028bd4200600600,-66.81404918432236,126.87844041734934,632.1809234619141,-80.74721908569336,-9.364503860473633,-0.5646424293518066,-0.2304014191031456,6.805267184972763,177.53435254096985
21555,0030bd4200600600,-66.81477304548025,126.8782141059637,631.6456756591797,-80.82817649841309,-10.512210845947266,-0.545555591583252,-0.22984452545642853,8.54630682617426,178.26245460659266
21655,0038bd4200600600,-66.81549791246653,126.87795627862215,631.4630279541016,-80.90880012512207,-12.015829086303711,0.19625139236450195,0.20547498017549515,9.414946921169758,179.7792759910226
21755,0040bd4200600600,-66.81622311472893,126.87766660004854,631.6952819824219,-80.91170120239258,-13.577709197998047,0.19406366348266602,0.14772500842809677,9.141855798661709,-178.60351860523224
21855,0048bd4200600600,-66.81694731116295,126.87733970582485,632.1523742675781,-80.8325424194336,-15.27438735961914,0.7546639442443848,0.5009350553154945,8.398431949317455,-177.19685353338718
21955,0050bd4200600600,-66.81767016649246,126.87696855515242,633.06787109375,-80.64959716796875,-16.795574188232422,0.9932866096496582,0.47136470675468445,7.1011000871658325,-176.31940942257643
22055,0058bd4200600600,-66.81839067488909,126.8765689060092,633.9297485351562,-80.46826171875,-18.06960105895996,0.6825947761535645,0.41149746626615524,6.040761508047581,-175.47349467873573
22155,0060bd4200600600,-66.81911051273346,126.8761407583952,634.6006622314453,-80.31083106994629,-19.12843894958496,0.4827876091003418,0.3807979077100754,5.53303275257349,-175.08822049945593
22255,0068bd4200600600,-66.81982800364494,126.87569819390774,634.6754760742188,-80.15850067138672,-20.1340389251709,-0.21207761764526367,0.2442426234483719,5.814867205917835,-174.77493714541197
22355,0070bd4200600600,-66.82054482400417,126.87523182481527,634.5696716308594,-80.0372142791748,-20.89531707763672,-0.06357526779174805,0.46545714139938354,4.653245396912098,-174.62774086743593
22455,0078bd4200600600,-66.8212603032589,126.8747503682971,634.6017913818359,-79.92077255249023,-21.546932220458984,-0.29943323135375977,0.410492978990078,5.129241608083248,-173.3638145774603
22555,0080bd4200600600,-66.82197544723749,126.87424577772617,633.9643096923828,-79.78555870056152,-22.452381134033203,-0.8848137855529785,0.3163028508424759,4.109457358717918,-171.83588415384293
22655,0088bd4200600600,-66.82268925011158,126.8737230822444,633.3423767089844,-79.6447696685791,-23.437702178955078,-0.24480581283569336,0.817190632224083,2.835552915930748,-171.94444958120584
22755,0090bd4200600600,-66.82340271770954,126.87318462878466,633.6748352050781,-79.52762031555176,-23.697206497192383,0.683957576751709,0.9075267612934113,0.866052433848381,-172.7887985855341
22855,0098bd4200600600,-66.824114844203,126.87264483422041,634.4757232666016,-79.41760444641113,-23.66044807434082,0.37366151809692383,0.5857589095830917,-0.16156889498233795,-172.384965531528
22955,00a0bd4200600600,-66.82482562959194,126.87210839241743,634.7013854980469,-79.31795692443848,-23.575786590576172,0.0033507347106933594,0.7370267808437347,-1.5981674194335938,-171.36915028095245
23055,00a8bd4200600600,-66.82553607970476,126.87157463282347,634.9836578369141,-79.26519775390625,-23.491254806518555,0.5941882133483887,0.7172870635986328,-2.011391893029213,-171.18212420493364
23155,00b0bd4200600600,-66.82624753564596,126.87104657292366,635.7187652587891,-79.24458312988281,-23.199247360229492,0.5230317115783691,0.7308697700500488,-2.2887829318642616,-172.03310195356607
23255,00b8bd4200600600,-66.82695932686329,126.8705265596509,635.9393463134766,-79.22843551635742,-22.66775131225586,-0.13742494583129883,0.48333607614040375,-3.0370964482426643,-172.64710452407598
23355,00c0bd4200600600,-66.82767145335674,126.87001258134842,635.439697265625,-79.24746322631836,-22.44495391845703,-0.5657906532287598,0.4680793359875679,-1.4729387685656548,-172.73104324936867
23455,00c8bd4200600600,-66.8283835798502,126.86950229108334,634.9842681884766,-79.29704093933105,-22.21623992919922,-0.1331181526184082,0.7150598242878914,-2.0617621019482613,-173.0348463356495
23555,00d0bd4200600600,-66.8290963768959,126.86899937689304,634.9675140380859,-79.35553550720215,-21.771072387695312,0.02998971939086914,0.6733863428235054,-4.025097526609898,-173.07451151311398
23655,00d8bd4200600600,-66.82981017976999,126.86850786209106,635.2861633300781,-79.44488906860352,-21.37702751159668,0.24067258834838867,0.631583109498024,-4.764981530606747,-173.37713174521923
23755,00e0bd4200600600,-66.83052498847246,126.86802875250578,635.3809967041016,-79.53377914428711,-20.607223510742188,0.08392667770385742,0.5937699973583221,-5.20183190703392,-174.71339989453554
23855,fee7bd420082e1f9,-66.83124113827944,126.86756942421198,635.2414093017578,-79.63228416442871,-19.684040069580078,-0.05548715591430664,0.5262500792741776,-4.742758758366108,-175.17612855881453
23955,00f0bd4200600600,-66.83195728808641,126.86713121831417,635.3602600097656,-79.67407608032227,-19.068544387817383,0.6762232780456543,0.7959448546171188,-2.5331204384565353,-175.1683099195361
24055,00f8bd4200600600,-66.83267343789339,126.86671011149883,636.5834045410156,-79.66539192199707,-18.593120574951172,1.4471840858459473,0.65279770642519,-1.502176858484745,-175.4653089120984
24155,0000be4200600600,-66.83338791131973,126.86628933995962,637.6341857910156,-79.58395195007324,-18.53520965576172,0.5995125770568848,0.28057482093572617,-0.525776669383049,-175.7424297183752
24255,0008be4200600600,-66.83410104364157,126.86587058007717,638.1318359375,-79.52990341186523,-18.312896728515625,0.7740931510925293,0.5032588541507721,-2.061171680688858,-176.0097946599126
24355,0010be4200600600,-66.83481551706791,126.86546087265015,638.4972534179688,-79.51279640197754,-18.004228591918945,0.356142520904541,0.1500535011291504,-1.9531014561653137,-176.1334813758731
24455,0018be4200600600,-66.83553569018841,126.8650558590889,638.1802673339844,-79.66506576538086,-17.636127471923828,-0.17082929611206055,0.10226558893918991,-2.286127209663391,-175.52471414208412
24555,0020be4200600600,-66.8362545222044,126.86465989798307,637.8237609863281,-79.76657676696777,-17.310834884643555,0.20833730697631836,0.320991687476635,-2.6575876772403717,-175.21717976778746
24655,0028be4200600600,-66.83697335422039,126.8642682954669,637.7330169677734,-79.85327911376953,-17.111021041870117,-0.08799028396606445,-0.04945490509271622,-2.058703377842903,-175.68790577352047
24755,0030be4200600600,-66.837691180408,126.86388440430164,637.4582366943359,-79.90918922424316,-16.670581817626953,0.08468770980834961,0.2154068648815155,-2.3786721378564835,-176.48954395204782
24855,0038be4200600600,-66.83841034770012,126.86350923031569,637.2538299560547,-79.98817253112793,-16.202362060546875,-0.030696392059326172,-0.024321265518665314,-2.878957763314247,-176.46839138120413
24955,0040be4200600600,-66.83912985026836,126.86314444988966,636.9104919433594,-80.06208992004395,-15.775997161865234,0.08756113052368164,0.17451927065849304,-3.2170676440000534,-176.0858205333352
25055,0048be4200600600,-66.83984901756048,126.8627903982997,636.8726959228516,-80.12810897827148,-15.44068717956543,0.4699873924255371,0.09154848754405975,-3.6566441506147385,-176.13241653889418
25155,0050be4200600600,-66.84056885540485,126.86244707554579,636.9866638183594,-80.19956588745117,-14.910202026367188,0.322084903717041,-0.026294365525245667,-4.230259694159031,-177.16279953718185
25255,0058be4200600600,-66.84128936380148,126.86211682856083,636.6399383544922,-80.27833557128906,-14.351318359375,-0.6292052268981934,-0.27976781129837036,-3.3537235110998154,-177.92876366525888
25355,0060be4200600600,-66.84201020747423,126.86179865151644,635.5952758789062,-80.34877395629883,-13.691656112670898,-0.3823513984680176,0.06105545908212662,-3.9765797182917595,-178.31123862415552
25455,0068be4200600600,-66.84273172169924,126.86149556189775,635.3323059082031,-80.40958786010742,-12.942276000976562,0.4562497138977051,0.3072648122906685,-5.843657702207565,-178.3742594718933
25555,0070be4200600600,-66.84345290064812,126.86120890080929,635.6220245361328,-80.43309783935547,-12.167797088623047,0.25917577743530273,-0.03646261990070343,-8.13576590269804,-178.95220778882504
25655,0078be4200600600,-66.84417441487312,126.86094369739294,635.6376037597656,-80.43244934082031,-10.999588012695312,0.15040349960327148,-0.01782294362783432,-9.311524964869022,179.57882713526487
25755,0080be4200600600,-66.844895593822,126.86071302741766,635.4944152832031,-80.39190673828125,-9.286291122436523,0.21259546279907227,-0.08089173585176468,-10.467469543218613,178.3209914714098
25855,0088be4200600600,-66.84561677277088,126.86052560806274,635.4547882080078,-80.32318687438965,-7.56744384765625,0.22753381729125977,0.005026794970035553,-9.582650363445282,177.79812064021826
25955,0090be4200600600,-66.84633661061525,126.86037607491016,635.3063049316406,-80.2533187866211,-6.111286163330078,-0.08696985244750977,-0.1259615644812584,-9.753435999155045,177.19834685325623
26055,0098be4200600600,-66.84705577790737,126.86025973409414,634.9480743408203,-80.18210220336914,-4.480655670166016,-0.12342023849487305,-0.1485169306397438,-10.029929503798485,175.78603103756905
26155,00a0be4200600600,-66.84777561575174,126.86017725616693,634.9470367431641,-80.08445930480957,-2.8995609283447266,0.38173818588256836,-0.006726980209350586,-8.576623499393463,174.60441336035728
26255,00a8be4200600600,-66.84849478304386,126.86012461781502,635.2774963378906,-80.02607154846191,-1.6930961608886719,0.3428645133972168,-0.3420426696538925,-6.017310954630375,173.15796174108982
26355,feafbe420082e1f9,-66.84921361505985,126.86009779572487,635.4884338378906,-79.9459400177002,-0.7032012939453125,0.3051457405090332,-0.26466529816389084,-4.019406549632549,172.28497982025146
26455,00b8be4200600600,-66.84993077069521,126.86009041965008,635.5260162353516,-79.9294490814209,-0.20662307739257812,-0.0317988395690918,-0.4792648181319237,-1.9294574484229088,172.17892661690712
26555,00c0be4200600600,-66.85064759105444,126.86009276658297,635.4361114501953,-79.9859619140625,0.0131988525390625,0.14133977890014648,-0.26926327496767044,-0.8272650092840195,172.04718858003616
26655,00c8be4200600600,-66.85136575251818,126.86009712517262,635.4170227050781,-80.12403678894043,-0.07093429565429688,0.0742344856262207,-0.5354678258299828,1.8724514544010162,171.6103596612811
26755,00d0be4200600600,-66.85208559036255,126.86009410768747,635.1907043457031,-80.30342483520508,-0.5182075500488281,-0.23789072036743164,-0.5897865816950798,4.545824266970158,171.37007899582386
26855,00d8be4200600600,-66.85280676931143,126.86007533222437,634.4605560302734,-80.4587516784668,-1.2098751068115234,-0.6789422035217285,-0.5209838971495628,6.472233720123768,171.73109594732523
26955,00e0be4200600600,-66.85352928936481,126.86003811657429,633.6130523681641,-80.68303871154785,-2.2022628784179688,-0.9850811958312988,-0.6673014163970947,8.091106116771698,173.1050930544734
27055,00e8be4200600600,-66.85425382107496,126.85997005552053,632.9184265136719,-80.93221092224121,-3.7405261993408203,-0.4813961982727051,-0.11935696005821228,8.780349008738995,174.95511587709188
27155,00f0be4200600600,-66.85498002916574,126.85986310243607,632.7905426025391,-81.11948585510254,-5.442573547363281,0.07485723495483398,0.11531051248311996,7.111259624361992,175.8716930821538
27255,00f8be4200600600,-66.85570757836103,126.85972195118666,632.7349243164062,-81.17328834533691,-6.592708587646484,-0.22559881210327148,-0.02063356339931488,6.097338683903217,176.33961651474237
27355,0000bf4200600600,-66.85643512755632,126.85955598950386,632.349365234375,-81.19882011413574,-7.553092956542969,-0.16880369186401367,0.1847871020436287,4.896435588598251,177.47902359813452
27455,0008bf4200600600,-66.85716234147549,126.8593705818057,632.3121643066406,-81.21940422058105,-8.509420394897461,0.21812105178833008,0.4299430176615715,4.340531341731548,178.4233110398054
27555,0010bf4200600600,-66.85788922011852,126.85916807502508,632.3596801757812,-81.22060203552246,-9.471841812133789,-0.11974573135375977,0.26521213352680206,4.497186429798603,178.45247235149145
27655,0018bf4200600600,-66.85861609876156,126.85894276946783,632.1620330810547,-81.18966674804688,-10.202886581420898,-0.33449220657348633,0.485018827021122,3.260798044502735,178.03930152207613
27755,0020bf4200600600,-66.85934230685234,126.85870472341776,631.696044921875,-81.17190361022949,-10.677122116088867,-0.540372371673584,0.46260226517915726,3.446514867246151,177.81139355152845
27855,0028bf4200600600,-66.8600695207715,126.85845695436001,631.5191040039062,-81.14388465881348,-11.015617370605469,0.02158212661743164,0.6685593724250793,3.5259441286325455,178.46149496734142
27955,0030bf4200600600,-66.86079606413841,126.85819879174232,631.9749450683594,-81.14759063720703,-11.726547241210938,0.5755410194396973,0.7230336964130402,3.8561763614416122,179.9999862536788
28055,0038bf4200600600,-66.86152327805758,126.85791850090027,632.7239532470703,-81.13887977600098,-12.511768341064453,0.8911910057067871,0.8615607395768166,3.453652895987034,-179.7928472980857
28155,0040bf4200600600,-66.86224982142448,126.85762044042349,633.8353424072266,-81.0742301940918,-13.23280143737793,1.3077921867370605,0.8099419623613358,3.7439510598778725,-179.88820284605026
28255,0048bf4200600600,-66.86297569423914,126.85730762779713,635.3023376464844,-80.99434280395508,-13.758237838745117,1.2128634452819824,0.668783001601696,4.073051400482655,-179.5305171981454
28355,0050bf4200600600,-66.86370056122541,126.85698810964823,636.3457489013672,-80.9075927734375,-14.27956771850586,0.32259035110473633,0.2672254666686058,3.352637216448784,-178.4297315776348
28455,0058bf4200600600,-66.86442509293556,126.85665518045425,636.3921661376953,-80.84807014465332,-14.862051010131836,-0.3393111228942871,0.5703958868980408,2.7002964913845062,-177.5003381073475
28555,0060bf4200600600,-66.86514962464571,126.85630146414042,636.0703277587891,-80.83918190002441,-15.706388473510742,-0.616365909576416,0.43560247868299484,3.032815642654896,-177.88063544780016
28655,0068bf4200600600,-66.86587415635586,126.85592897236347,635.5983581542969,-80.80706214904785,-16.24236297607422,-0.686551570892334,0.558294765651226,1.3820400461554527,-178.77772573381662
28755,0070bf4200600600,-66.86659801751375,126.85555145144463,635.4540100097656,-80.73418998718262,-16.381959915161133,0.10915517807006836,0.7760371640324593,2.474760264158249,-178.8493749126792
28855,fe77bf420082e1f9,-66.86732120811939,126.85517493635416,635.5247039794922,-80.6480541229248,-16.531240463256836,-0.3422274589538574,0.3898480162024498,2.5172940641641617,-177.57554288953543
28955,0080bf4200600600,-66.86804339289665,126.85479573905468,635.2096405029297,-80.56450080871582,-17.017229080200195,-0.21733617782592773,0.8931883424520493,2.09422018378973,-175.8715284615755
29055,0088bf4200600600,-66.86876557767391,126.85440178960562,635.4132232666016,-80.49478340148926,-17.630245208740234,0.35250234603881836,0.8825667947530746,0.9412756562232971,-175.40245100855827
29155,0090bf4200600600,-66.86948742717505,126.85399308800697,636.1358184814453,-80.41617584228516,-17.933839797973633,0.6030182838439941,0.9059620276093483,0.31472671777009964,-176.28737043589354
29255,0098bf4200600600,-66.87020860612392,126.85357868671417,637.0014801025391,-80.33358573913574,-17.93729019165039,0.8961663246154785,0.7220087572932243,0.1478661596775055,-176.51316817849874
29355,00a0bf4200600600,-66.8709284439683,126.85316763818264,637.7505493164062,-80.26227951049805,-17.96420669555664,0.47734594345092773,0.6294594705104828,-0.4135195165872574,-175.89696552604437
29455,00a8bf4200600600,-66.87164761126041,126.85275994241238,638.4595642089844,-80.21645927429199,-18.0109806060791,0.786344051361084,0.7049649953842163,-0.5334712564945221,-175.9930258244276
29555,00b0bf4200600600,-66.87236677855253,126.8523495644331,638.9812316894531,-80.18464279174805,-18.08411979675293,-0.17319822311401367,0.37771571427583694,-0.12692581862211227,-176.70347593724728
29655,00b8bf4200600600,-66.87308628112078,126.85193918645382,638.9800872802734,-80.20100021362305,-17.80335807800293,0.09496355056762695,0.6421868875622749,-1.1978929862380028,-177.36004080623388
29755,00c0bf4200600600,-66.87380578368902,126.85153551399708,639.4819641113281,-80.19754219055176,-17.580862045288086,-0.014144420623779297,0.43450377881526947,-0.501783974468708,-177.0165142044425
29855,00c8bf4200600600,-66.87452495098114,126.85113452374935,639.7501983642578,-80.1936149597168,-17.46160125732422,0.5839285850524902,0.47230012714862823,-0.3122520446777344,-176.20207887142897
29955,00d0bf4200600600,-66.87524378299713,126.85073219239712,640.4925231933594,-80.18419456481934,-17.840381622314453,0.3730931282043457,0.40342502295970917,-0.1544603705406189,-175.85854925215244
30055,00d8bf4200600600,-66.87596261501312,126.85032449662685,640.6853790283203,-80.19489669799805,-17.863204956054688,-0.27351999282836914,0.18231511116027832,-0.5938464403152466,-176.77505269646645
30155,00e0bf4200600600,-66.87668211758137,126.84992350637913,640.8861694335938,-80.1882495880127,-17.52738380432129,0.7024054527282715,0.5326488241553307,-0.6161925941705704,-176.91522929817438
30255,00e8bf4200600600,-66.87740128487349,126.84952855110168,641.5196533203125,-80.16543579101562,-17.29979705810547,0.48786115646362305,0.11981695890426636,-0.7637536525726318,-176.3522631302476
30355,00f0bf4200600600,-66.87811978161335,126.84913225471973,641.9397277832031,-80.15638732910156,-17.38983154296875,0.16261911392211914,0.0933663547039032,-1.0665177181363106,-175.86675580590963
30455,00f8bf4200600600,-66.87883894890547,126.84873126447201,642.1868286132812,-80.2077579498291,-17.50283432006836,0.053655147552490234,-0.029211267828941345,-0.7390099391341209,-176.46965067833662
30555,0000c04200600600,-66.87955845147371,126.84833329170942,642.1651153564453,-80.25246238708496,-17.381898880004883,-0.31628847122192383,-0.09740609675645828,-1.0312768444418907,-177.27444279938936
30655,0008c04200600600,-66.88027895987034,126.84794202446938,641.6284027099609,-80.3465347290039,-17.24256134033203,-0.9314026832580566,-0.242488794028759,0.0064537301659584045,-177.6653891801834
30755,0010c04200600600,-66.88100047409534,126.84755578637123,640.4269866943359,-80.44964218139648,-17.15082550048828,-1.3640990257263184,-0.09352762252092361,-0.814930871129036,-177.7056860178709
30855,0018c04200600600,-66.88172299414873,126.84717390686274,639.3837432861328,-80.56924057006836,-16.903196334838867,-0.841397762298584,0.07628872990608215,-0.08356824517250061,-177.74093326181173
30955,0020c04200600600,-66.88244584947824,126.84679336845875,638.7780151367188,-80.63005447387695,-16.782711029052734,-0.5715394020080566,0.10335791856050491,-0.7028527557849884,-177.35573887825012
31055,0028c04200600600,-66.88316870480776,126.84640645980835,638.9700012207031,-80.64216041564941,-16.908401489257812,0.9800515174865723,0.5679507181048393,-0.4958660155534744,-177.17034827917814
31155,0030c04200600600,-66.88389156013727,126.84601552784443,639.83154296875,-80.64941787719727,-17.021615982055664,0.14049482345581055,-0.19713129848241806,-0.6134909391403198,-178.02711088210344
31255,0038c04200600600,-66.88461475074291,126.84562794864178,639.5578460693359,-80.64999198913574,-16.846742630004883,-0.9343018531799316,-0.1973378285765648,0.20630378276109695,-178.51071953773499
31355,fe3fc0420082e1f9,-66.88533794134855,126.8452450633049,638.4239807128906,-80.66510581970215,-17.041566848754883,-0.944922924041748,0.1080930233001709,0.37940382957458496,-177.34403438866138
31455,0048c04200600600,-66.88606146723032,126.84485211968422,637.308837890625,-80.70052337646484,-17.74949836730957,-1.2315058708190918,-0.028400234878063202,1.2830910086631775,-177.233292683959
31555,0050c04200600600,-66.88678499311209,126.84444509446621,636.5387268066406,-80.76291084289551,-17.882652282714844,-0.7640633583068848,0.015012994408607483,0.830589272081852,-179.04537968337536
31655,0058c04200600600,-66.88750952482224,126.84403739869595,636.0569000244141,-80.83668518066406,-17.59486198425293,-0.7273364067077637,-0.4782603308558464,1.4172229170799255,-179.18707307428122
31755,0060c04200600600,-66.88823338598013,126.84363640844822,635.3167724609375,-80.85019874572754,-17.357526779174805,-0.5665221214294434,-0.43372325599193573,0.8038939163088799,-176.51522811502218
31855,0068c04200600600,-66.88895624130964,126.84323608875275,635.388427734375,-80.78822135925293,-18.005155563354492,0.8587946891784668,0.7905187457799911,1.4380264654755592,-173.46084650605917
31955,0070c04200600600,-66.88967909663916,126.84282068163157,636.8045959472656,-80.67372131347656,-18.81672477722168,1.3053536415100098,-0.055775195360183716,0.1783236488699913,-173.3349684253335
32055,0078c04200600600,-66.89040128141642,126.84238649904728,638.2389984130859,-80.57445907592773,-19.188411712646484,1.2078766822814941,0.1998591050505638,-1.6997741907835007,-175.06200928241014
32155,0080c04200600600,-66.89112279564142,126.84195265173912,639.4906768798828,-80.55031967163086,-18.770626068115234,1.000415325164795,-0.22109180688858032,-2.223154976963997,-176.83977238833904
32255,0088c04200600600,-66.89184363931417,126.84153825044632,639.7320251464844,-80.52206230163574,-18.199724197387695,-0.5351119041442871,-0.6075753271579742,-1.5079670771956444,-176.82801626622677
32355,0090c04200600600,-66.89256381243467,126.84113759547472,639.5455322265625,-80.56581115722656,-17.81107521057129,0.2561955451965332,0.043754205107688904,-1.4592021703720093,-175.9945459663868
32455,0098c04200600600,-66.89328398555517,126.84073828160763,640.0201416015625,-80.58669471740723,-17.854764938354492,0.09006738662719727,-0.563739649951458,-1.7898541688919067,-175.54865889251232
32555,00a0c04200600600,-66.89400516450405,126.840332262218,639.6781005859375,-80.628662109375,-17.665019989013672,-1.4667344093322754,-0.6618934124708176,-1.8557778373360634,-176.5351616218686
32655,00a8c04200600600,-66.89472801983356,126.83993026614189,638.004638671875,-80.75521469116211,-17.144561767578125,-1.8147673606872559,-0.7107485085725784,-2.3715880885720253,-177.13413879275322
32755,00b0c04200600600,-66.89545221626759,126.83953799307346,636.4507598876953,-80.85879325866699,-16.92050552368164,-1.5695834159851074,-0.23167647421360016,-1.0535093396902084,-176.53395865112543
32855,00b8c04200600600,-66.89617708325386,126.83915141969919,635.3934478759766,-80.93405342102051,-16.88541030883789,-1.1823639869689941,-0.22136908024549484,-1.1035902053117752,-176.64666775614023
32955,00c0c04200600600,-66.89690262079239,126.83877322822809,635.1574401855469,-80.94580078125,-16.432199478149414,0.25123071670532227,0.1484384760260582,-1.5584734082221985,-176.98519974946976
33055,00c8c04200600600,-66.89762849360704,126.83839704841375,635.9641571044922,-80.90548896789551,-16.26591682434082,0.7234654426574707,-0.06786860525608063,-1.3922123238444328,-176.60344697535038
33155,00d0c04200600600,-66.89835336059332,126.83801919221878,636.7171020507812,-80.87207794189453,-16.3939208984375,0.12964963912963867,-0.2639290317893028,-0.9887490794062614,-176.61354515701532
33255,00d8c04200600600,-66.89907856285572,126.83763731271029,636.6132507324219,-80.89677047729492,-16.5622615814209,-0.5255827903747559,-0.4022881016135216,-1.3744664937257767,-177.47269526124
33355,00e0c04200600600,-66.899803429842,126.83725543320179,636.1156768798828,-80.92632293701172,-16.312122344970703,-0.9617733955383301,-0.4813210666179657,-2.182224802672863,-178.66077605634928
33455,00e8c04200600600,-66.90052930265665,126.8368873000145,635.2026824951172,-80.96870231628418,-15.666624069213867,-1.2387137413024902,-0.5213067680597305,-1.5752402320504189,-178.47156666219234
33555,00f0c04200600600,-66.90125484019518,126.83653190732002,634.554443359375,-80.99589157104492,-15.560611724853516,-0.3425898551940918,-0.06859783083200455,-0.5399618670344353,-176.9298993051052
33655,00f8c04200600600,-66.90198004245758,126.83617450296879,635.0352172851562,-80.98784828186035,-15.832929611206055,0.6258120536804199,-0.09908515959978104,-0.7863817736506462,-176.89298037439585
33755,0000c14200600600,-66.90270557999611,126.83580972254276,635.8650207519531,-80.95993995666504,-15.838077545166016,0.4543910026550293,-0.3479006141424179,-1.000533364713192,-177.9972803592682
33855,fe07c1420082e1f9,-66.90343111753464,126.83544427156448,636.4345703125,-80.94166564941406,-15.658546447753906,0.3948855400085449,-0.3824058920145035,-0.9099829941987991,-178.60433232039213
33955,0010c14200600600,-66.90415665507317,126.83508686721325,636.6315002441406,-80.93429756164551,-15.629693984985352,-0.20818471908569336,-0.5658542364835739,-0.3164570778608322,-178.51252164691687
34055,0018c14200600600,-66.9048821926117,126.83473113924265,636.3870239257812,-80.99059867858887,-15.580961227416992,-0.48064279556274414,-0.6060387566685677,-0.16456089913845062,-178.67302402853966
34155,0020c14200600600,-66.90560806542635,126.83437339961529,635.6997680664062,-81.00094413757324,-15.715019226074219,-0.734673023223877,-0.49403004348278046,0.7509393990039825,-178.2638718187809
34255,0028c14200600600,-66.90633460879326,126.83400895446539,635.3406372070312,-80.98721885681152,-15.936075210571289,-0.6457085609436035,-0.4041177034378052,0.6723456457257271,-178.1342627853155
34355,0030c14200600600,-66.90706081688404,126.83364618569613,635.2582397460938,-80.96748161315918,-16.009960174560547,-0.3738837242126465,-0.3701760247349739,0.1684410497546196,-178.01961913704872
34455,0038c14200600600,-66.90778702497482,126.83328174054623,634.924072265625,-80.93939781188965,-15.959505081176758,-0.8999896049499512,-0.6471472978591919,0.3917262330651283,-177.4818231537938
34555,0040c14200600600,-66.90851256251335,126.83291528373957,634.1008605957031,-80.94287109375,-16.22950553894043,-0.27022790908813477,-0.15366945415735245,-0.16204196959733963,-176.45509634166956
34655,0048c14200600600,-66.90923810005188,126.83254279196262,633.9712829589844,-80.94523429870605,-16.37941551208496,-0.26380014419555664,-0.45001231133937836,-1.0468869656324387,-176.25914487987757
34755,0050c14200600600,-66.90996330231428,126.83216292411089,633.4214324951172,-80.94002723693848,-16.500816345214844,-1.1142611503601074,-0.5582508444786072,-1.0749314725399017,-177.30016820132732
34855,0058c14200600600,-66.91068850457668,126.83178305625916,632.5666656494141,-80.95454597473145,-16.286067962646484,-0.7704558372497559,-0.34536726772785187,-1.2859421968460083,-177.94907167553902
34955,0060c14200600600,-66.91141337156296,126.83140955865383,631.909912109375,-80.93691825866699,-16.15690040588379,-0.7095770835876465,-0.31800035387277603,-0.8756141737103462,-177.5887893140316
35055,0068c14200600600,-66.91213823854923,126.83104779571295,631.4208984375,-80.93116569519043,-16.0810489654541,-0.34139299392700195,-0.12255482375621796,-1.0301835089921951,-177.47974947094917
35155,0070c14200600600,-66.91286344081163,126.83068837970495,631.3707580566406,-80.91332054138184,-15.86210823059082,0.041544437408447266,-0.09407714009284973,-1.0113818943500519,-177.4810003861785
35255,0078c14200600600,-66.91358931362629,126.83032594621181,631.6271820068359,-80.88829040527344,-15.857418060302734,0.27901220321655273,-0.13990838080644608,-0.811455063521862,-177.38045141100883
35355,0080c14200600600,-66.91431451588869,126.8299625068903,631.9931488037109,-80.85838890075684,-15.834331512451172,0.12048101425170898,-0.22926516830921173,-1.0244915261864662,-177.51000210642815
35455,0088c14200600600,-66.91503971815109,126.82960107922554,631.9515228271484,-80.82704734802246,-15.681377410888672,-0.5262179374694824,-0.36051470786333084,-0.8074428141117096,-177.57057208567858
35555,0090c14200600600,-66.91576458513737,126.82924468070269,631.3066558837891,-80.82436943054199,-15.641393661499023,-0.6122317314147949,-0.22833846509456635,-0.4899038001894951,-177.1230934560299
35655,0098c14200600600,-66.91648911684752,126.82888627052307,630.7348480224609,-80.83368873596191,-15.727384567260742,-0.5057511329650879,-0.015451200306415558,-1.145533248782158,-177.2474829107523
35755,00a0c14200600600,-66.91721398383379,126.82852920144796,630.6886138916016,-80.80364799499512,-15.574346542358398,0.0554509162902832,-0.015006624162197113,-1.0247714817523956,-177.90884792804718
35855,00a8c14200600600,-66.91793851554394,126.82817582041025,630.9244232177734,-80.74263763427734,-15.343870162963867,0.2527451515197754,0.028015337884426117,-1.0727079212665558,-177.76333037763834
35955,00b0c14200600600,-66.9186620414257,126.82782679796219,631.2513732910156,-80.6937026977539,-15.304813385009766,0.2730107307434082,-0.021497905254364014,-1.2167003005743027,-177.31957465410233
36055,00b8c14200600600,-66.91938523203135,126.82747911661863,631.6483154296875,-80.6468563079834,-15.285724639892578,0.39185380935668945,0.09517684578895569,-1.0811575502157211,-177.59029436856508
36155,00c0c14200600600,-66.92010808736086,126.82713378220797,632.4225769042969,-80.53904342651367,-14.973104476928711,1.242018222808838,1.0092679783701897,-1.6506357863545418,-178.18859796971083
36255,00c8c14200600600,-66.92082926630974,126.82679247111082,634.1338195800781,-80.3099422454834,-14.961906433105469,2.369997501373291,2.451719418168068,-2.0374619588255882,-178.34282666444778
36355,fecfc1420082e1f9,-66.9215477630496,126.82645283639431,636.6253662109375,-79.93702507019043,-14.917268753051758,2.474454402923584,3.1156140938401222,0.07605001330375671,-179.43978141993284
36455,00d8c14200600600,-66.92226190119982,126.8261168897152,639.7009429931641,-79.48259735107422,-14.864391326904297,3.482032299041748,3.5787729173898697,0.5253565683960915,179.3635842204094
36555,00e0c14200600600,-66.92297168076038,126.82578295469284,643.6081390380859,-78.96980667114258,-14.544748306274414,4.274936199188232,3.450000062584877,0.21831940859556198,179.6022069454193
36655,00e8c14200600600,-66.92367643117905,126.82545471936464,648.0099182128906,-78.46913146972656,-14.450990676879883,4.51170015335083,3.2925983145833015,1.0975776985287666,-178.52241463959217
36755,00f0c14200600600,-66.92437782883644,126.82512145489454,652.6726837158203,-77.99304389953613,-15.066022872924805,4.533335208892822,3.3461234718561172,2.9476169496774673,-176.58175595104694
36855,00f8c14200600600,-66.9250738620758,126.82476405054331,657.5369720458984,-77.47844886779785,-16.10726547241211,4.700612545013428,3.329942710697651,3.8408632948994637,-176.70763302594423
36955,0000c24200600600,-66.92576587200165,126.82438686490059,662.0263366699219,-77.05167579650879,-16.721555709838867,3.934835910797119,2.7343840152025223,3.354984149336815,-177.56664734333754
37055,0008c24200600600,-66.92645486444235,126.82400062680244,665.6273498535156,-76.66591835021973,-17.061935424804688,3.7263569831848145,2.9729125276207924,1.8874268978834152,-177.1304591372609
37155,0010c24200600600,-66.92713983356953,126.82361137121916,669.3337707519531,-76.32061386108398,-17.274240493774414,3.5811381340026855,2.5057997927069664,0.8923742920160294,-176.03848356753588
37255,0018c24200600600,-66.92782245576382,126.82321909815073,672.9970550537109,-76.03250503540039,-17.67409896850586,3.6038641929626465,2.6139578595757484,1.9819730892777443,-175.23725476115942
37355,0020c24200600600,-66.92850172519684,126.82281509041786,676.7337646484375,-75.73970985412598,-18.030288696289062,3.578296184539795,2.5978967919945717,1.369468867778778,-175.69197669625282
37455,0028c24200600600,-66.92917864769697,126.82240203022957,680.2448883056641,-75.48835945129395,-18.168701171875,3.1251044273376465,2.553524002432823,-0.095103420317173,-176.05581734329462
37555,0030c24200600600,-66.92985288798809,126.82198628783226,683.1948089599609,-75.23201370239258,-18.199682235717773,2.980503559112549,2.657875344157219,0.2650696411728859,-175.97702577710152
37655,0038c24200600600,-66.93052478134632,126.82157088071108,686.293701171875,-75.00058555603027,-18.311079025268555,3.2186083793640137,2.5775042921304703,1.3240889087319374,-175.7256756350398
37755,0040c24200600600,-66.93119466304779,126.82115513831377,689.5843200683594,-74.78996086120605,-18.625516891479492,2.9787840843200684,2.408957965672016,1.8468517810106277,-175.42500905692577
37855,0048c24200600600,-66.93186320364475,126.82072564959526,692.4541015625,-74.61737632751465,-19.062576293945312,2.6721415519714355,2.254459373652935,1.306767538189888,-175.6052964180708
37955,0050c24200600600,-66.93253107368946,126.82028878480196,695.268798828125,-74.49764060974121,-19.13932991027832,2.7401223182678223,2.12660014629364,0.5531341955065727,-176.413258574903
38055,0058c24200600600,-66.93319793790579,126.81984890252352,697.9182586669922,-74.4119987487793,-19.048681259155273,2.531733989715576,2.047307677567005,-0.3265861049294472,-176.3324637338519
38155,0060c24200600600,-66.93386446684599,126.819416731596,700.1247253417969,-74.34773063659668,-18.66568946838379,1.8461289405822754,1.8388953432440758,-2.0123833045363426,-175.62168840318918
38255,0068c24200600600,-66.93453032523394,126.81899059563875,701.5529479980469,-74.33293533325195,-18.718036651611328,1.3511853218078613,2.0983776077628136,-1.486239843070507,-175.0076687335968
38355,0070c24200600600,-66.93519685417414,126.81856513023376,702.9158172607422,-74.3365306854248,-18.52243423461914,1.6051220893859863,2.042081728577614,-1.6086860373616219,-176.06016755104065
38455,0078c24200600600,-66.93586472421885,126.81814603507519,704.5039978027344,-74.36514091491699,-18.03685760498047,1.3520779609680176,1.8267764523625374,-2.4193639308214188,-176.74765225499868
38555,0080c24200600600,-66.93653292953968,126.81774035096169,706.1234130859375,-74.42179298400879,-17.49520492553711,1.5018658638000488,1.517397053539753,-2.1473896130919456,-176.2549713626504
38655,0088c24200600600,-66.93720046430826,126.81734036654234,707.1770629882812,-74.4426383972168,-17.466794967651367,0.6844668388366699,1.439778283238411,-1.1284928396344185,-175.9193790704012
38755,0090c24200600600,-66.93786934018135,126.8169366940856,707.8691101074219,-74.4818115234375,-17.538034439086914,0.8630824089050293,1.860092170536518,0.13736329972743988,-176.45497430115938
38855,fe97c2420082e1f9,-66.93853754550219,126.81652899831533,708.9552612304688,-74.4378490447998,-17.575489044189453,1.330909252166748,2.1969085559248924,0.8034064248204231,-176.96323111653328
38955,00a0c24200600600,-66.9392054155469,126.81612130254507,710.7776641845703,-74.30364608764648,-17.53105354309082,2.3670668601989746,2.885313928127289,0.25541234761476517,-176.47625092417002
39055,00a8c24200600600,-66.93987127393484,126.81572131812572,713.6526794433594,-74.09347152709961,-17.495019912719727,3.3723416328430176,3.2542159035801888,-0.329156331717968,-176.02951124310493
39155,00b0c24200600600,-66.94053512066603,126.81532334536314,717.1878509521484,-73.84223937988281,-17.37408447265625,3.748413562774658,3.4204615652561188,-1.1403381451964378,-175.9712291881442
39255,00b8c24200600600,-66.94119662046432,126.81493207812309,721.2099151611328,-73.58408737182617,-17.13551139831543,3.9901270866394043,3.529893346130848,-1.0310585796833038,-176.23035605996847
39355,00c0c24200600600,-66.94185577332973,126.8145451694727,724.9042053222656,-73.33108139038086,-16.791152954101562,3.578953266143799,3.614005409181118,-1.9035536795854568,-176.28168683499098
39455,00c8c24200600600,-66.94251157343388,126.81416396051645,728.1192626953125,-73.09690284729004,-16.67101287841797,3.1161580085754395,3.625255599617958,-1.5912741422653198,-176.25220701098442
39555,00d0c24200600600,-66.94316603243351,126.81378375738859,731.0620422363281,-72.89567565917969,-16.54107666015625,2.9714865684509277,3.595097176730633,-1.2207507714629173,-177.1086621657014
39655,00d8c24200600600,-66.94381881505251,126.813406907022,733.9228057861328,-72.6834831237793,-16.405641555786133,3.0766186714172363,3.5877620056271553,-0.7216376066207886,-178.28952614217997
39755,00e0c24200600600,-66.94446925073862,126.81303977966309,737.2527618408203,-72.46332740783691,-15.770763397216797,3.4170584678649902,3.3806203678250313,-1.7188514024019241,-178.7457910180092
39855,00e8c24200600600,-66.94511767476797,126.81268271058798,740.1996002197266,-72.30917549133301,-15.604400634765625,2.4920334815979004,3.4133654460310936,-1.4191963523626328,-177.75617893785238
39955,00f0c24200600600,-66.94576475769281,126.81233134120703,742.6148223876953,-72.17175674438477,-15.502283096313477,2.3522629737854004,3.427245542407036,-1.5254124999046326,-178.45852676779032
40055,00f8c24200600600,-66.94641150534153,126.81198634207249,744.6434478759766,-72.05007362365723,-14.934803009033203,1.8485608100891113,3.4003325924277306,-2.835923060774803,-179.4827252626419
40155,0000c34200600600,-66.94705758243799,126.81164972484112,746.7193450927734,-71.94891929626465,-14.466377258300781,2.165126323699951,3.304649144411087,-2.0125848054885864,-179.28785741329193
40255,0008c34200600600,-66.94770231842995,126.81132651865482,748.7384338378906,-71.85404968261719,-14.183639526367188,2.2603001594543457,3.2606542110443115,-0.14711547642946243,-179.22908920794725
40355,0010c34200600600,-66.94834638386965,126.81100834161043,751.364501953125,-71.74018478393555,-14.149816513061523,3.1446309089660645,3.319670855998993,3.4709370508790016,-179.05891746282578
40455,0018c34200600600,-66.94899078458548,126.81068111211061,754.8035278320312,-71.64858627319336,-14.38531494140625,3.426490306854248,3.2497232034802437,2.3650485277175903,-178.33375342190266
40555,0020c34200600600,-66.94963317364454,126.81034952402115,758.5598449707031,-71.50810432434082,-14.62723159790039,3.6608262062072754,3.124644421041012,-0.3764403238892555,-177.38009735941887
40655,0028c34200600600,-66.95027388632298,126.81001223623753,761.9619445800781,-71.45479393005371,-14.69417953491211,3.3001275062561035,2.8776203468441963,-2.285487838089466,-177.4618024751544
40755,0030c34200600600,-66.95091392844915,126.80968165397644,765.2354278564453,-71.4748420715332,-14.424087524414062,3.4078145027160645,2.6917214691638947,-2.441357709467411,-178.19383766502142
40855,0038c34200600600,-66.95155430585146,126.80935610085726,768.1538391113281,-71.47677421569824,-14.07430648803711,2.6004672050476074,2.702701762318611,-2.7044307813048363,-179.42225955426693
40955,0040c34200600600,-66.95219468325377,126.80904496461153,770.6620178222656,-71.50897598266602,-13.512809753417969,2.5129590034484863,2.6293356344103813,-1.4231552928686142,179.87465601414442
41055,0048c34200600600,-66.95283573120832,126.80874355137348,773.0159912109375,-71.57965850830078,-13.120506286621094,1.9716811180114746,2.4583709612488747,-0.988951250910759,179.79600425809622
41155,0050c34200600600,-66.95347744971514,126.80844817310572,774.4505462646484,-71.67669677734375,-12.685447692871094,0.8702912330627441,2.4752558022737503,-2.8786861896514893,179.81676656752825
41255,0058c34200600600,-66.95412017405033,126.80816017091274,774.9398651123047,-71.78219413757324,-12.434526443481445,0.4834628105163574,2.17025276273489,-0.8925110846757889,-179.4927292317152
41355,fe5fc3420082e1f9,-66.95476423949003,126.80787183344364,775.3942718505859,-71.99789810180664,-12.65678596496582,0.4318099021911621,1.83236014097929,1.2338852137327194,-179.75791051983833
41455,0068c34200600600,-66.95540998131037,126.80757846683264,775.7968292236328,-72.16962623596191,-12.890632629394531,0.33902406692504883,1.9917028024792671,1.446508951485157,179.26492922008038
41555,0070c34200600600,-66.95605874061584,126.80728040635586,775.9199829101562,-72.28649139404297,-12.771820068359375,-0.14087820053100586,1.995740868151188,0.9024198353290558,179.38120231032372
41655,0078c34200600600,-66.95670783519745,126.80699005723,775.7205810546875,-72.42414665222168,-12.744686126708984,0.0929408073425293,2.4133051559329033,1.5199518576264381,-179.0386265516281
41755,0080c34200600600,-66.95735726505518,126.80669769644737,776.281005859375,-72.55472564697266,-13.074356079101562,0.9766888618469238,2.4907878041267395,2.097703367471695,-177.79722042381763
41855,0088c34200600600,-66.95800837129354,126.80639192461967,777.3168182373047,-72.66581153869629,-13.789459228515625,0.8372712135314941,2.2447729110717773,4.178783744573593,-177.6715475320816
41955,0090c34200600600,-66.95866014808416,126.8060626834631,778.4641723632812,-72.75369071960449,-14.710113525390625,1.9769673347473145,2.5458723306655884,4.195325933396816,-178.5139301419258
42055,0098c34200600600,-66.95931326597929,126.80571265518665,780.5878295898438,-72.82126808166504,-15.190053939819336,0.917356014251709,2.160729244351387,2.450135573744774,-179.66654911637306
42155,00a0c34200600600,-66.95996504276991,126.80536732077599,781.5658264160156,-72.74596405029297,-14.911115646362305,1.2499260902404785,2.7042245864868164,-0.056815892457962036,-179.1248508542776
42255,00a8c34200600600,-66.96061480790377,126.80502735078335,783.4925231933594,-72.63237953186035,-15.090940475463867,2.452401638031006,2.857655994594097,1.240338273346424,-176.83918196707964
42355,00b0c34200600600,-66.96126390248537,126.80468235164881,786.1590576171875,-72.51049041748047,-15.513587951660156,3.003303050994873,2.9977289959788322,0.5164345353841782,-176.66269328445196
42455,00b8c34200600600,-66.96191232651472,126.80432997643948,789.2289428710938,-72.3564624786377,-15.523965835571289,3.3118205070495605,3.241778165102005,-0.8844098076224327,-177.80737359076738
42555,00c0c34200600600,-66.96255974471569,126.80397760123014,793.1417999267578,-72.13213729858398,-15.12574577331543,4.1620354652404785,3.941703625023365,-2.4819381907582283,-178.13511807471514
42655,00c8c34200600600,-66.96320414543152,126.80362991988659,797.2696685791016,-71.92862701416016,-15.150947570800781,3.99735689163208,3.981783874332905,-0.8114319294691086,-178.0633706599474
42755,00d0c34200600600,-66.96384653449059,126.8032855913043,801.1712646484375,-71.71382331848145,-15.048681259155273,3.723416805267334,3.8170674070715904,-0.2903115749359131,-179.45975616574287
42855,00d8c34200600600,-66.9644882529974,126.80294159799814,804.6241760253906,-71.56228828430176,-14.811689376831055,2.8137946128845215,3.5367903113365173,-0.9426915273070335,179.59677044302225
42955,00e0c34200600600,-66.96512896567583,126.80260833352804,807.6208648681641,-71.37315559387207,-14.273141860961914,2.937465190887451,3.586774282157421,-1.2697825580835342,-179.68418933451176
43055,00e8c34200600600,-66.96576800197363,126.80228713899851,810.6545715332031,-71.2054271697998,-13.935602188110352,3.1439013481140137,3.828393369913101,-1.355976015329361,-178.28276496380568
43155,00f0c34200600600,-66.96640569716692,126.8019699677825,813.8322601318359,-71.07930183410645,-14.023862838745117,3.0092272758483887,3.553260415792465,-0.508883111178875,-177.87562407553196
43255,00f8c34200600600,-66.96704238653183,126.80164810270071,816.7078399658203,-70.98237037658691,-13.96401596069336,2.51334810256958,3.3557167276740074,0.3835659474134445,-178.83811097592115
43355,0000c44200600600,-66.96767840534449,126.8013309314847,819.2047271728516,-70.90969848632812,-13.810688018798828,2.425136089324951,3.310209698975086,-0.41436005383729935,-178.52299064397812
43455,0008c44200600600,-66.96831475943327,126.80101912468672,821.5062408447266,-70.88809967041016,-13.84434700012207,2.0213704109191895,3.0718649178743362,0.2396758273243904,-177.68853463232517
43555,0010c44200600600,-66.96895111352205,126.80070329457521,823.4574127197266,-70.94936752319336,-14.321300506591797,1.9926676750183105,2.623538374900818,2.152031846344471,-178.04480575025082
43655,0018c44200600600,-66.96958813816309,126.80037204176188,825.4378204345703,-71.02917861938477,-14.629888534545898,1.4792466163635254,1.8982093781232834,2.4977290257811546,-179.52491875737906
43755,0020c44200600600,-66.97022650390863,126.80003140121698,826.8136291503906,-71.1723403930664,-14.703081130981445,1.259152889251709,1.627606675028801,3.1108203157782555,-179.34871472418308
43855,fe27c4420082e1f9,-66.9708652049303,126.79969109594822,827.8405303955078,-71.30279541015625,-14.943435668945312,1.1703581809997559,1.613602191209793,1.7112654447555542,-177.6160003244877
43955,0030c44200600600,-66.97150457650423,126.79934341460466,829.2134246826172,-71.47181129455566,-15.498825073242188,1.5982632637023926,1.7224646732211113,2.110002636909485,-176.64547082036734
44055,0038c44200600600,-66.97214562445879,126.79898265749216,831.0440521240234,-71.6172866821289,-16.015846252441406,1.7421040534973145,1.806630715727806,0.9322845563292503,-177.44055971503258
44155,0040c44200600600,-66.97278801351786,126.79861217737198,832.6136932373047,-71.73551177978516,-16.020952224731445,1.4213213920593262,1.888149082660675,0.10410692542791367,-178.60476348549128
44255,0048c44200600600,-66.97343174368143,126.79824505001307,833.9286651611328,-71.84797668457031,-15.813396453857422,1.0574078559875488,1.7573528364300728,-0.26330575346946716,-178.04861046373844
44355,0050c44200600600,-66.97407580912113,126.79788462817669,835.0041809082031,-71.9398307800293,-15.757823944091797,1.2154288291931152,2.3934296518564224,-0.643075704574585,-177.14486461132765
44455,0058c44200600600,-66.97472054511309,126.79752688854933,836.3832092285156,-71.95231628417969,-15.705879211425781,1.4598898887634277,2.66668438911438,0.2358439564704895,-176.71575274318457
44555,0060c44200600600,-66.9753659516573,126.79716311395168,838.2199249267578,-71.95384979248047,-15.898706436157227,2.213378429412842,3.1168774142861366,0.9293415024876595,-176.6237948834896
44655,0068c44200600600,-66.9760113582015,126.79679363965988,840.2885437011719,-71.87421989440918,-16.26932144165039,1.9221806526184082,3.1858866289258003,0.8524154126644135,-177.01220490038395
44755,0070c44200600600,-66.9766554236412,126.79641678929329,842.3342132568359,-71.78967094421387,-16.49466896057129,2.1350932121276855,3.524560108780861,2.7456610277295113,-177.90962744504213
44855,0078c44200600600,-66.97729915380478,126.79603926837444,844.6166687011719,-71.67281913757324,-16.577287673950195,2.2682251930236816,3.3969922363758087,3.216257616877556,-177.40383055061102
44955,0080c44200600600,-66.97794154286385,126.79565403610468,847.3293609619141,-71.54997062683105,-17.09097671508789,2.890066623687744,3.30991230905056,2.8864143043756485,-175.803357437253
45055,0088c44200600600,-66.97858326137066,126.79525673389435,849.3771667480469,-71.49625587463379,-17.48430633544922,1.488217830657959,3.3289288356900215,0.29756829142570496,-175.90654604136944
45155,0090c44200600600,-66.97922430932522,126.79485943168402,850.99072265625,-71.44051742553711,-17.114871978759766,1.857800006866455,3.496803604066372,-2.2157785668969154,-176.63161553442478
45255,0098c44200600600,-66.97986535727978,126.79447051137686,853.0484161376953,-71.37280654907227,-16.628976821899414,1.7209267616271973,3.410935364663601,-2.409295253455639,-176.03690072894096
45355,00a0c44200600600,-66.9805047288537,126.79409634321928,854.96044921875,-71.25609588623047,-16.32784080505371,2.206055164337158,3.6133885011076927,-1.982322447001934,-175.4962320998311
45455,00a8c44200600600,-66.981142424047,126.79373022168875,857.2922058105469,-71.14618682861328,-16.128942489624023,2.6493020057678223,3.3595261350274086,-0.9332464635372162,-176.3643904030323
45555,00b0c44200600600,-66.98177944868803,126.79336443543434,859.9588623046875,-71.04804039001465,-15.854532241821289,2.604006290435791,3.1324737891554832,-1.1373317241668701,-177.51789819449186
45655,00b8c44200600600,-66.98241479694843,126.79300636053085,862.4048156738281,-70.9538631439209,-15.495752334594727,2.2363333702087402,3.122713901102543,-1.3312872871756554,-177.64700632542372
45755,00c0c44200600600,-66.98305081576109,126.79265700280666,864.9294281005859,-70.85997200012207,-15.122602462768555,2.84401273727417,3.7549839913845062,-1.5530335530638695,-177.2382926568389
45855,00c8c44200600600,-66.98368649929762,126.7923130095005,868.0727233886719,-70.72966957092285,-15.096029281616211,3.290132999420166,3.857208676636219,-0.3874427452683449,-176.9418428465724
45955,00d0c44200600600,-66.9843215122819,126.79196633398533,871.4428863525391,-70.56821632385254,-15.021703720092773,3.2756924629211426,3.8505373522639275,0.050855688750743866,-177.679881490767
46055,00d8c44200600600,-66.98495384305716,126.79162468761206,874.7933959960938,-70.40164375305176,-14.909685134887695,3.3833632469177246,4.01021596044302,-0.2164556086063385,-177.91865207254887
46155,00e0c44200600600,-66.98558449745178,126.79128438234329,878.2739105224609,-70.22900199890137,-14.87352180480957,3.526245594024658,4.190608263015747,-0.11924397200345993,-177.76124395430088
46255,00e8c44200600600,-66.98621314018965,126.79094608873129,881.8952331542969,-70.04792976379395,-14.77794075012207,3.6407666206359863,4.294017143547535,-0.47599922865629196,-177.9656497389078
46355,feefc4420082e1f9,-66.98684010654688,126.79060779511929,885.5118255615234,-69.83034324645996,-14.754802703857422,3.581099033355713,4.378586187958717,-0.15694510191679,-177.92791105806828
46455,00f8c44200600600,-66.9874657317996,126.79026748985052,888.8113708496094,-69.6488265991211,-14.849315643310547,3.0974602699279785,4.366990998387337,0.6337137892842293,-178.1254081428051
46555,0000c54200600600,-66.98808901011944,126.78992785513401,891.8355560302734,-69.44107055664062,-14.761640548706055,3.184485912322998,4.530788138508797,-0.11421181261539459,-178.41357864439487
46655,0008c54200600600,-66.98871061205864,126.78959224373102,895.3094787597656,-69.24515914916992,-14.533403396606445,3.469261646270752,4.4208648428320885,-1.3685652986168861,-178.086375631392
46755,0010c54200600600,-66.98933087289333,126.78926099091768,898.7915344238281,-69.07156372070312,-14.28341293334961,3.447554111480713,4.464592561125755,-1.8213141337037086,-177.74078372865915
46855,0018c54200600600,-66.98994979262352,126.78893577307463,902.1227111816406,-68.90196418762207,-14.159650802612305,3.427074909210205,4.333887845277786,-0.7108946889638901,-177.47597694396973
46955,0020c54200600600,-66.9905673712492,126.7886145785451,905.5984191894531,-68.78277587890625,-14.103239059448242,3.391605854034424,4.268779568374157,-0.09715866297483444,-177.65286292880774
47055,0028c54200600600,-66.99118427932262,126.78829003125429,908.9468078613281,-68.67298316955566,-14.114690780639648,3.1602320671081543,4.4287750124931335,-1.0323574393987656,-177.8958321735263
47155,0030c54200600600,-66.99179951101542,126.78796548396349,912.2578125,-68.55379104614258,-14.152067184448242,3.2122607231140137,4.378883577883244,-0.4607914388179779,-178.19467887282372
47255,0038c54200600600,-66.99241407215595,126.78763892501593,915.2720642089844,-68.4575138092041,-14.299858093261719,2.8602633476257324,4.181583970785141,1.9585979729890823,-178.60663130879402
47355,0040c54200600600,-66.99302729219198,126.78730733692646,918.2237396240234,-68.33991432189941,-14.58012580871582,3.018345355987549,4.282502084970474,2.4912890419363976,-178.5263879969716
47455,0048c54200600600,-66.99363950639963,126.78696636110544,921.32080078125,-68.23630332946777,-15.036779403686523,3.1536107063293457,4.210165925323963,2.84482229501009,-178.05365938693285
47555,0050c54200600600,-66.9942507147789,126.78661700338125,924.5820922851562,-68.14616394042969,-15.406942367553711,3.173327922821045,4.236907213926315,1.542748287320137,-178.13528906553984
47655,0058c54200600600,-66.99486125260592,126.78626462817192,927.8258819580078,-68.12054061889648,-15.306802749633789,3.4992384910583496,4.221119731664658,0.07505390793085098,-178.1545302271843
47755,0060c54200600600,-66.99547179043293,126.78591292351484,931.3385314941406,-68.0794677734375,-15.322052001953125,3.6732029914855957,4.173993989825249,0.5674136057496071,-177.2329919412732
47855,0068c54200600600,-66.99608132243156,126.78556356579065,935.1185455322266,-68.07364845275879,-15.479965209960938,3.3583998680114746,3.8599029555916786,1.671292819082737,-176.90763361752033
47955,0070c54200600600,-66.99669118970633,126.7852085083723,938.2711486816406,-68.05692100524902,-15.714300155639648,3.1503682136535645,3.7589985877275467,2.860460914671421,-176.78721383213997
48055,0078c54200600600,-66.99730105698109,126.78483869880438,941.4707336425781,-68.06180763244629,-16.33440589904785,3.409003734588623,3.6802221089601517,3.8659245148301125,-176.4214999973774
48155,0080c54200600600,-66.99791058897972,126.78445413708687,944.9530487060547,-68.08912658691406,-16.892528533935547,3.1470913887023926,3.4009236842393875,3.4547485783696175,-176.47801011800766
48255,0088c54200600600,-66.99852045625448,126.78406186401844,947.6821594238281,-68.15643501281738,-17.31495475769043,2.252133846282959,3.0117090046405792,3.4856992587447166,-175.8651914075017
48355,0090c54200600600,-66.99913166463375,126.78365886211395,949.4915924072266,-68.27663993835449,-17.915969848632812,1.684349536895752,2.8434989601373672,3.408340997993946,-175.46171877533197
48455,0098c54200600600,-66.99974454939365,126.78324412554502,951.0918731689453,-68.44643783569336,-18.3135929107666,1.7158799171447754,3.1186245381832123,1.6627325490117073,-176.02082826197147
48555,00a0c54200600600,-67.00035911053419,126.7828257009387,952.9533538818359,-68.59686851501465,-18.18795394897461,1.9153790473937988,3.184213936328888,0.002472996711730957,-175.94001296907663
48655,00a8c54200600600,-67.00097501277924,126.78240928798914,954.7801666259766,-68.74770927429199,-18.098451614379883,1.4566597938537598,3.0739902332425117,-0.374736450612545,-175.23351542651653
48755,00b0c54200600600,-67.00159326195717,126.78199488669634,956.0398712158203,-68.98149299621582,-18.03864860534668,1.1332573890686035,2.9014507681131363,-1.0343825072050095,-175.51537804305553
48855,feb7c5420082e1f9,-67.00221385806799,126.78158484399319,957.1058959960938,-69.27355575561523,-17.838180541992188,1.118858814239502,2.1425941586494446,-0.9196915850043297,-176.34189035743475
48955,00c0c54200600600,-67.0028368011117,126.78117714822292,958.4060363769531,-69.59210395812988,-17.451353073120117,1.2228398323059082,2.015763893723488,-2.053689993917942,-176.5186858177185
49055,00c8c54200600600,-67.0034634321928,126.78077515214682,959.8592987060547,-69.8874683380127,-17.177377700805664,1.6606459617614746,2.6920896023511887,-1.6599350050091743,-175.84275271743536
49155,00d0c54200600600,-67.00409207493067,126.78037717938423,961.4756164550781,-70.07343673706055,-17.187334060668945,2.0444207191467285,3.065253607928753,-0.0892769917845726,-176.13254092633724
49255,00d8c54200600600,-67.00472138822079,126.77998188883066,963.6284332275391,-70.20638465881348,-17.028413772583008,2.340261936187744,3.3010248094797134,-0.5758856981992722,-176.83832868933678
49355,00e0c54200600600,-67.00535204261541,126.77959330379963,966.1501159667969,-70.26472854614258,-16.73257827758789,2.603707790374756,3.555711954832077,-0.5482864379882812,-176.39009669423103
49455,00e8c54200600600,-67.00598303228617,126.77921310067177,968.9298248291016,-70.26517486572266,-16.721603393554688,3.1893067359924316,4.0609388798475266,-0.14130748808383942,-175.6973434612155
49555,00f0c54200600600,-67.0066136866808,126.77883390337229,972.1726989746094,-70.26484489440918,-16.789018630981445,3.2224364280700684,4.210339933633804,0.40651191025972366,-176.4008704572916
49655,00f8c54200600600,-67.00724467635155,126.77845034748316,975.4201812744141,-70.21287536621094,-16.648334503173828,3.47324800491333,4.305933192372322,0.775747150182724,-177.49021109193563
49755,0000c64200600600,-67.00787533074617,126.7780664563179,978.7377319335938,-70.13675308227539,-16.600387573242188,3.1824889183044434,4.368319697678089,0.5300356820225716,-177.35780719667673
49855,0008c64200600600,-67.00850430876017,126.7776882648468,981.5430297851562,-70.03603553771973,-16.434677124023438,2.886997699737549,4.410918205976486,0.5017910152673721,-177.062575109303
49955,0010c64200600600,-67.00913194566965,126.77731812000275,984.5727691650391,-69.92768478393555,-16.285442352294922,3.3367667198181152,4.282265044748783,0.8160540461540222,-176.54049184173346
50055,0018c64200600600,-67.00975891202688,126.77694395184517,987.8403625488281,-69.88422584533691,-16.379091262817383,3.0073351860046387,4.040077663958073,1.1554678156971931,-176.09736308455467
50155,0020c64200600600,-67.01038554310799,126.77656508982182,990.3187561035156,-69.86277198791504,-16.665285110473633,2.224640369415283,3.8758691400289536,2.499146908521652,-176.62403125315905
50255,0028c64200600600,-67.01101183891296,126.7761791869998,992.2659759521484,-69.85065460205078,-16.888755798339844,1.9597973823547363,3.7135958299040794,3.319905214011669,-176.59426007419825
50355,0030c64200600600,-67.01163779944181,126.77578959614038,994.3658142089844,-69.82423210144043,-17.141138076782227,2.3161139488220215,3.740723691880703,2.0413588732481003,-176.0058306902647
50455,0038c64200600600,-67.01226308941841,126.77539598196745,996.8858947753906,-69.79534721374512,-17.58041763305664,2.8448405265808105,3.638567738234997,1.7342734336853027,-175.25888543576002
50555,0040c64200600600,-67.01288804411888,126.7749896273017,999.3933410644531,-69.7813892364502,-17.88485336303711,2.315859317779541,3.2320906966924667,1.932525560259819,-175.9995449334383
50655,0048c64200600600,-67.01351266354322,126.77457556128502,1001.5155944824219,-69.81182670593262,-18.135665893554688,2.156515598297119,3.2977404445409775,2.7087508141994476,-176.42836209386587
50755,0050c64200600600,-67.01413862407207,126.77415881305933,1003.3996887207031,-69.84576606750488,-18.066987991333008,1.6607050895690918,3.516983538866043,-0.19934982061386108,-176.17977127432823
50855,0058c64200600600,-67.01476525515318,126.7737477645278,1004.8818054199219,-69.88302040100098,-17.891992568969727,1.5938639640808105,3.826310969889164,-0.6509905681014061,-175.38513634353876
50955,0060c64200600600,-67.01539222151041,126.77334543317556,1007.0719146728516,-69.86628723144531,-17.550962448120117,2.9242730140686035,4.347298555076122,-1.3814422488212585,-175.007793456316
51055,0068c64200600600,-67.01601818203926,126.77294410765171,1010.4557342529297,-69.78998565673828,-17.484453201293945,3.1800312995910645,4.152532629668713,-0.8395180106163025,-175.28187599033117
51155,0070c64200600600,-67.01664380729198,126.77254747599363,1012.9981079101562,-69.75492668151855,-17.18965721130371,2.071986675262451,4.01714913547039,-1.0899950936436653,-175.99219769239426
51255,0078c64200600600,-67.01726909726858,126.77215553820133,1015.0740203857422,-69.77812385559082,-17.071022033691406,2.408684253692627,4.021353162825108,-1.4171766489744186,-175.71332473307848
51355,fe7fc6420082e1f9,-67.01789606362581,126.77176427096128,1017.37646484375,-69.86051750183105,-16.86134910583496,2.4340157508850098,3.803218826651573,-1.152023859322071,-176.23501673340797
51455,0088c64200600600,-67.01852336525917,126.77137937396765,1019.8146362304688,-69.91953086853027,-16.601144790649414,2.3284106254577637,3.7685824558138847,-1.0266121476888657,-176.2619984149933
51555,0090c64200600600,-67.01915234327316,126.77099481225014,1022.0959320068359,-70.06915473937988,-16.703155517578125,2.103201389312744,3.7561893090605736,0.2611398696899414,-176.0259060189128
51655,0098c64200600600,-67.01978199183941,126.77061092108488,1023.9299774169922,-70.18774223327637,-16.77350425720215,2.040679454803467,3.952869325876236,0.2486833557486534,-177.1280324086547
51755,00a0c64200600600,-67.02041197568178,126.77022568881512,1025.8986358642578,-70.25030708312988,-16.605546951293945,2.266589641571045,4.429994076490402,-0.11301320046186447,-177.67323095351458
51855,00a8c64200600600,-67.02104195952415,126.76984682679176,1028.6509246826172,-70.24881935119629,-16.290491104125977,3.0281996726989746,4.980897009372711,-1.599179282784462,-177.47090622782707
51955,00b0c64200600600,-67.02167093753815,126.76948070526123,1031.9480895996094,-70.21175193786621,-15.957311630249023,3.837764263153076,4.567362740635872,0.4489082470536232,-176.5043691918254
52055,00b8c64200600600,-67.02229958027601,126.76911693066359,1035.666748046875,-70.22304344177246,-16.006343841552734,3.425912380218506,3.5268550738692284,1.0420925170183182,-175.69772467017174
52155,00c0c64200600600,-67.02292922884226,126.7687451094389,1038.8441009521484,-70.24861907958984,-16.418338775634766,3.287903308868408,4.337504133582115,1.9046185165643692,-175.40197793394327
52255,00c8c64200600600,-67.02355921268463,126.76836054772139,1042.5296478271484,-70.17306900024414,-16.748937606811523,4.458724498748779,4.95980478823185,1.4736897870898247,-175.7559748739004
52355,00d0c64200600600,-67.024189196527,126.7679676041007,1047.0409240722656,-70.12172317504883,-17.044261932373047,4.348809719085693,4.517219513654709,1.2234728783369064,-175.9302306175232
52455,00d8c64200600600,-67.02481783926487,126.76757331937551,1051.1249084472656,-70.13057327270508,-17.12615394592285,3.7512459754943848,4.121701307594776,0.1915305107831955,-176.42260573804379
52555,00e0c64200600600,-67.02544681727886,126.76718138158321,1054.4720916748047,-70.19655418395996,-16.981918334960938,3.180126667022705,3.918381482362747,-0.38602888584136963,-177.02427987009287
52655,00e8c64200600600,-67.02607646584511,126.76679581403732,1057.3791961669922,-70.30143165588379,-16.654312133789062,2.8818135261535645,3.865090347826481,-0.9834456816315651,-177.46083218604326
52755,00f0c64200600600,-67.02670611441135,126.76641795784235,1060.0173645019531,-70.43409538269043,-16.264873504638672,2.5300612449645996,3.6566555500030518,-1.5013721957802773,-177.37427361309528
52855,00f8c64200600600,-67.02733676880598,126.76604647189379,1062.0609588623047,-70.62447166442871,-15.883382797241211,1.728701114654541,3.1106439605355263,-2.1899767220020294,-176.86122704297304
52955,0000c74200600600,-67.0279697701335,126.76568403840065,1063.6098175048828,-70.89302825927734,-15.648515701293945,1.5005221366882324,2.8198177367448807,-1.1899908632040024,-176.44788689911366
53055,0008c74200600600,-67.02860612422228,126.7653239518404,1064.8053588867188,-71.23670768737793,-15.724241256713867,0.7265686988830566,2.4706055223941803,0.06390396505594254,-176.8136329203844
53155,0010c74200600600,-67.02924650162458,126.76496386528015,1065.5103149414062,-71.60112953186035,-15.663000106811523,0.6970429420471191,2.6884300634264946,0.5223531648516655,-177.78140544891357
53255,0018c74200600600,-67.02988989651203,126.76460545510054,1066.1524200439453,-71.88195610046387,-15.408052444458008,0.9408631324768066,2.8818830475211143,-0.7745518907904625,-178.00900261849165
53355,0020c74200600600,-67.03053429722786,126.76425274461508,1067.7093505859375,-72.07453727722168,-15.202335357666016,2.0243945121765137,3.0374689400196075,0.010509900748729706,-177.35995665192604
53455,0028c74200600600,-67.03118037432432,126.76390338689089,1070.1215362548828,-72.21777153015137,-15.26546859741211,2.598039150238037,3.2102491334080696,0.8442541211843491,-176.74523659050465
53555,0030c74200600600,-67.03182745724916,126.76355067640543,1073.0733032226562,-72.2758731842041,-15.316247940063477,3.131697177886963,3.4232721850275993,0.21243061870336533,-176.91060684621334
53655,0038c74200600600,-67.03247521072626,126.7631983011961,1075.960952758789,-72.31352424621582,-15.237112045288086,2.85652494430542,3.587028756737709,-0.10770242661237717,-177.0550575479865
53755,0040c74200600600,-67.03312329947948,126.76284827291965,1079.025375366211,-72.36257934570312,-15.16346549987793,3.342069149017334,3.649047128856182,-0.06702404469251633,-176.82183142751455
53855,fe47c7420082e1f9,-67.03377205878496,126.76249958574772,1082.3764190673828,-72.42301559448242,-15.11250114440918,2.999229907989502,3.3717720955610275,0.07919121533632278,-176.83597438037395
53955,0050c74200600600,-67.03442148864269,126.76215391606092,1085.1246032714844,-72.47200584411621,-15.129613876342773,2.5250210762023926,3.3084897324442863,0.628543496131897,-176.79297756403685
54055,0058c74200600600,-67.03507158905268,126.76180187612772,1087.6257019042969,-72.53951263427734,-15.359319686889648,2.6706290245056152,3.2467714324593544,1.6966085135936737,-176.96917455643415
54155,0060c74200600600,-67.03572202473879,126.76144681870937,1090.3141632080078,-72.63086128234863,-15.464025497436523,2.69950532913208,3.1509501859545708,1.327393390238285,-177.62614477425814
54255,0068c74200600600,-67.0363724604249,126.76109075546265,1093.1588745117188,-72.69650268554688,-15.289953231811523,2.6487174034118652,3.0985002592206,-0.2991839870810509,-177.7211419120431
54355,0070c74200600600,-67.03702423721552,126.76074240356684,1095.8126220703125,-72.73239707946777,-15.092540740966797,2.6348013877868652,3.5553156584501266,-0.940023735165596,-176.85632295906544
54455,0078c74200600600,-67.03767634928226,126.76039941608906,1098.5775909423828,-72.72613716125488,-15.082799911499023,3.0786681175231934,4.020798280835152,-0.33936817198991776,-176.5546914562583
54555,0080c74200600600,-67.03832779079676,126.76005508750677,1101.9427642822266,-72.65485954284668,-15.069377899169922,3.428074359893799,4.139342196285725,0.03634762018918991,-177.42507632821798
54655,0088c74200600600,-67.03897789120674,126.75970774143934,1105.447250366211,-72.53467750549316,-15.05706787109375,3.418321132659912,4.4056664407253265,1.1747119948267937,-177.98788659274578
54755,0090c74200600600,-67.03962631523609,126.75936207175255,1109.0074920654297,-72.39436721801758,-15.01171875,3.597306728363037,4.512322135269642,0.9789616987109184,-178.1803971156478
54855,0098c74200600600,-67.04027406871319,126.75901841372252,1112.902587890625,-72.26620864868164,-15.105836868286133,4.063939571380615,4.6417031809687614,1.7027698829770088,-177.76262663304806
54955,00a0c74200600600,-67.04092148691416,126.7586687207222,1116.981185913086,-72.1657943725586,-15.348012924194336,4.004562854766846,4.382489807903767,2.0767908543348312,-177.58304871618748
55055,00a8c74200600600,-67.04156789928675,126.75830863416195,1121.0057830810547,-72.04788780212402,-15.79069709777832,3.8955912590026855,4.3807802349328995,3.439585044980049,-177.65190806239843
55155,00b0c74200600600,-67.04221397638321,126.75794284790754,1124.9283294677734,-71.9481029510498,-15.999574661254883,3.5441060066223145,4.264124594628811,4.298300966620445,-177.3638042807579
55255,00b8c74200600600,-67.04285904765129,126.75757236778736,1128.563735961914,-71.87663269042969,-16.378847122192383,3.647988796234131,4.262199774384499,2.689698077738285,-176.29802215844393
55355,00c0c74200600600,-67.04350277781487,126.75719082355499,1132.0513000488281,-71.8095932006836,-16.81456756591797,3.250053882598877,4.04312901198864,2.267039269208908,-175.07104966789484
55455,00c8c74200600600,-67.04414550215006,126.75679553300142,1135.2216339111328,-71.78539657592773,-17.4726505279541,2.985581874847412,3.8501001521945,2.7073175087571144,-175.23764200508595
55555,00d0c74200600600,-67.0447888970375,126.75639320164919,1138.0491943359375,-71.76341819763184,-17.585784912109375,2.7908053398132324,4.365478232502937,0.7932465523481369,-176.34044598788023
55655,00d8c74200600600,-67.04543195664883,126.75599489361048,1141.0942077636719,-71.72843933105469,-17.237279891967773,3.1330294609069824,4.6561213955283165,-1.4297142997384071,-176.47830951958895
55755,00e0c74200600600,-67.04607401043177,126.75560731440783,1144.4550476074219,-71.65494728088379,-16.92115020751953,3.4702229499816895,4.82209850102663,-0.6563942134380341,-175.60672536492348
55855,00e8c74200600600,-67.0467147231102,126.75522811710835,1147.8472595214844,-71.59372901916504,-16.708974838256836,3.235837459564209,4.46516890078783,-0.9231643751263618,-175.80770798027515
55955,00f0c74200600600,-67.04735644161701,126.75485160201788,1150.8365020751953,-71.64834213256836,-16.331815719604492,2.602530002593994,4.0704915672540665,-2.4303868040442467,-176.79912082850933
56055,00f8c74200600600,-67.04799983650446,126.7544811218977,1153.2816009521484,-71.76350784301758,-15.74856948852539,2.2393574714660645,3.6274006962776184,-2.932857759296894,-177.26770509034395
56155,0000c84200600600,-67.04864490777254,126.75412204116583,1155.326171875,-71.94680976867676,-15.295633316040039,1.831688404083252,3.006392866373062,-1.9204311445355415,-177.1475649252534
56255,0008c84200600600,-67.04929232597351,126.75377335399389,1156.9187927246094,-72.20893478393555,-15.030214309692383,1.1346840858459473,2.4974316358566284,-0.9982340410351753,-177.35148925334215
56355,fe0fc8420082e1f9,-67.04994175583124,126.7534290254116,1157.9226837158203,-72.47593879699707,-14.896530151367188,0.9297003746032715,2.728283330798149,-0.44550083577632904,-177.63968154788017
56455,0018c84200600600,-67.05059386789799,126.75308436155319,1158.9586334228516,-72.72582626342773,-14.809486389160156,1.1040005683898926,2.9035452380776405,0.18009759485721588,-178.05887561291456
56555,0020c84200600600,-67.05124732106924,126.75274506211281,1160.477279663086,-72.9544734954834,-14.696924209594727,1.6303715705871582,2.970827780663967,0.1256413757801056,-178.12058620154858
56655,0028c84200600600,-67.05190345644951,126.75240810960531,1162.238998413086,-73.14131164550781,-14.534381866455078,1.757840633392334,3.029458522796631,-0.21748054772615433,-177.69455920904875
56755,0030c84200600600,-67.05256093293428,126.75207484513521,1163.9745483398438,-73.30690574645996,-14.511903762817383,1.6963610649108887,3.23336910456419,0.00029336661100387573,-177.22707465291023
56855,0038c84200600600,-67.05322042107582,126.75173923373222,1165.867416381836,-73.43980407714844,-14.544376373291016,2.2207179069519043,3.5291483625769615,0.3468465059995651,-177.55337610840797
56955,0040c84200600600,-67.05388125032187,126.751405633986,1168.30908203125,-73.5496768951416,-14.355976104736328,2.5068182945251465,3.5567928850650787,-0.5782577767968178,-178.0341349169612
57055,0048c84200600600,-67.05454308539629,126.75107639282942,1170.749252319336,-73.63868141174316,-14.106790542602539,2.287879467010498,3.637537769973278,-0.7433313131332397,-177.91803617030382
57155,0050c84200600600,-67.05520391464233,126.75075720995665,1172.9355163574219,-73.68437767028809,-13.95927619934082,2.2397055625915527,3.7594833970069885,-0.5154595524072647,-177.80858930200338
57255,0058c84200600600,-67.05586440861225,126.75044070929289,1175.1484069824219,-73.70211601257324,-13.841590881347656,2.3453516960144043,3.8105912134051323,-0.21363526582717896,-178.11670806258917
57355,0060c84200600600,-67.0565252378583,126.75012554973364,1177.6565704345703,-73.72467422485352,-13.67068099975586,2.5377793312072754,3.8574527576565742,-0.5249381437897682,-178.65872517228127
57455,0068c84200600600,-67.0571867376566,126.74981541931629,1180.302993774414,-73.72281265258789,-13.268980026245117,2.7619004249572754,3.926868662238121,-1.6217587888240814,-179.02070503681898
57555,0070c84200600600,-67.05784823745489,126.74951434135437,1183.1840362548828,-73.71456146240234,-12.888359069824219,3.083557605743408,3.83421141654253,-1.7148109897971153,-178.72179731726646
57655,0078c84200600600,-67.05850940197706,126.74922063946724,1186.0735931396484,-73.7279109954834,-12.660293579101562,2.9248738288879395,3.6695361882448196,-1.268462911248207,-178.5784050822258
57755,0080c84200600600,-67.05917056649923,126.74893364310265,1189.0327453613281,-73.76663780212402,-12.441078186035156,3.1699976921081543,3.6130250617861748,-1.1276978999376297,-178.97361282259226
57855,0088c84200600600,-67.05983273684978,126.74864899367094,1192.0966186523438,-73.82162284851074,-12.247842788696289,3.0057740211486816,3.4756366163492203,-0.5477701127529144,-179.25030916929245
57955,0090c84200600600,-67.06049423664808,126.7483676970005,1195.0914306640625,-73.86752128601074,-12.138072967529297,3.0337538719177246,3.3567631244659424,-0.17483409494161606,-179.3885636329651
58055,0098c84200600600,-67.06115607172251,126.74809042364359,1197.9892272949219,-73.85880470275879,-12.076042175292969,2.7432217597961426,3.3884480595588684,0.3500363230705261,-179.24160238355398
58155,00a0c84200600600,-67.06181824207306,126.74781180918217,1200.9545288085938,-73.86288642883301,-12.275445938110352,2.9539971351623535,3.58735129237175,2.2894642129540443,-179.01575602591038
58255,00a8c84200600600,-67.06248074769974,126.74752280116081,1203.8834228515625,-73.86540412902832,-12.84957504272461,2.951847553253174,3.71223796159029,5.187017060816288,-178.9460702240467
58355,00b0c84200600600,-67.06314258277416,126.74721635878086,1206.7678680419922,-73.82114791870117,-13.72048568725586,3.1868395805358887,3.887726180255413,6.15535419434309,-178.7628823891282
58455,00b8c84200600600,-67.06380441784859,126.74688912928104,1210.0153503417969,-73.81749153137207,-14.486431121826172,3.3511500358581543,3.778701424598694,5.059632584452629,-178.517408631742
58555,00c0c84200600600,-67.06446658819914,126.74655184149742,1213.3504333496094,-73.84015655517578,-14.859479904174805,3.0335593223571777,3.3976128324866295,2.4055565893650055,-177.69255559891462
58655,00c8c84200600600,-67.06512842327356,126.74620717763901,1216.0664520263672,-73.86591911315918,-15.160255432128906,2.497070789337158,3.310648575425148,1.6724656149744987,-176.5423770993948
58755,00d0c84200600600,-67.06579059362411,126.74586117267609,1218.4591064453125,-73.9138011932373,-15.392635345458984,2.6292548179626465,3.4398354962468147,1.3466127589344978,-176.3284531608224
58855,fed7c8420082e1f9,-67.06645410507917,126.74550510942936,1221.097915649414,-73.94154930114746,-15.418811798095703,2.671347141265869,3.5239703580737114,0.002222210168838501,-176.73439778387547
58955,00e0c84200600600,-67.06711661070585,126.74515038728714,1223.4920043945312,-73.948486328125,-15.260986328125,2.237736225128174,3.698102720081806,-0.7491818815469742,-176.5468855574727
59055,00e8c84200600600,-67.06777911633253,126.74479968845844,1225.7650299072266,-73.93475532531738,-15.202098846435547,2.4476780891418457,3.5392307862639427,0.06726745516061783,-176.17914229631424
59155,00f0c84200600600,-67.06844162195921,126.74445200711489,1228.2330169677734,-73.97675704956055,-15.239429473876953,2.404366970062256,3.381679505109787,0.856211744248867,-176.37928035110235
59255,00f8c84200600600,-67.06910446286201,126.74410164356232,1230.683609008789,-74.01131629943848,-15.297021865844727,2.3592476844787598,3.3759546652436256,1.0453768819570541,-176.6207767277956
59355,0000c94200600600,-67.0697683095932,126.74374725669622,1233.0263214111328,-74.04737854003906,-15.371538162231445,2.370382785797119,3.3707746490836143,1.0076485946774483,-176.4134506881237
59455,0008c94200600600,-67.07043148577213,126.74339286983013,1235.3235931396484,-74.05802917480469,-15.479877471923828,2.235138416290283,3.412008583545685,0.8231313899159431,-175.97666334360838
59555,0010c94200600600,-67.07109466195107,126.74303513020277,1237.5907745361328,-74.05073547363281,-15.584375381469727,2.316079616546631,3.4898697584867477,0.9873432666063309,-175.85544493049383
59655,0018c94200600600,-67.07175783813,126.74267303198576,1240.0130462646484,-74.01104164123535,-15.77823257446289,2.5376830101013184,3.5826855897903442,1.2819956615567207,-175.7580666616559
59755,0020c94200600600,-67.07242034375668,126.7423065751791,1242.64697265625,-73.96813201904297,-15.936197280883789,2.705080509185791,3.6896618083119392,1.3205715268850327,-175.75375132262707
59855,0028c94200600600,-67.07308284938335,126.74193777143955,1245.3827056884766,-73.90230369567871,-16.088666915893555,2.8974690437316895,3.7864452973008156,1.2944679334759712,-175.6614950671792
59955,0030c94200600600,-67.0737450197339,126.74156561493874,1248.3331756591797,-73.84104347229004,-16.21388053894043,3.1628851890563965,3.857470192015171,1.1886309832334518,-175.48067562282085
60055,0038c94200600600,-67.07440685480833,126.74119111150503,1251.429916381836,-73.79158592224121,-16.362720489501953,3.0765833854675293,3.565264642238617,1.0747500881552696,-175.26231162250042
60155,0040c94200600600,-67.07506768405437,126.74081359058619,1254.3538360595703,-73.77944564819336,-16.438785552978516,2.906775951385498,3.4604180976748466,0.5704384669661522,-175.31421437859535
60255,0048c94200600600,-67.07572884857655,126.74043707549572,1257.226318359375,-73.77880859375,-16.418275833129883,2.918915271759033,3.5865560173988342,0.34028347581624985,-175.3350105509162
60355,0050c94200600600,-67.07639068365097,126.74006290733814,1260.2869110107422,-73.77024269104004,-16.377363204956055,3.086484432220459,3.7176402658224106,0.42684875428676605,-175.3187469765544
60455,0058c94200600600,-67.07705117762089,126.7396904155612,1263.4716796875,-73.72670364379883,-16.337787628173828,3.243530750274658,3.8476506248116493,0.2833549305796623,-175.30841778963804
60555,0060c94200600600,-67.07771133631468,126.73931624740362,1266.7532501220703,-73.65067672729492,-16.308757781982422,3.3013291358947754,3.9431922510266304,0.28849806636571884,-175.31774550676346
60655,0068c94200600600,-67.07837082445621,126.73894342035055,1270.0716552734375,-73.60054779052734,-16.288068771362305,3.2053732872009277,3.7892649695277214,0.5500959232449532,-175.40128827095032
60755,0070c94200600600,-67.0790296420455,126.73856925219297,1273.225830078125,-73.5505485534668,-16.271272659301758,3.1408495903015137,3.886546678841114,0.37479814141988754,-175.63743967562914
60855,0078c94200600600,-67.07968812435865,126.73819810152054,1276.3008422851562,-73.51507568359375,-16.172500610351562,3.0410895347595215,3.784254267811775,0.3654184564948082,-175.69987747818232
60955,0080c94200600600,-67.08034627139568,126.73782762140036,1279.2643280029297,-73.49766731262207,-16.071664810180664,2.8902230262756348,3.7175530940294266,0.08454188704490662,-175.47700133174658
61055,0088c94200600600,-67.08100441843271,126.73746015876532,1282.1613159179688,-73.48973083496094,-16.013795852661133,2.768555164337158,3.6559001728892326,-0.07022794336080551,-175.24961337447166
61155,0090c94200600600,-67.08166223019361,126.73709470778704,1284.9866333007812,-73.48881912231445,-15.940431594848633,2.6330533027648926,3.6449983343482018,-0.15280544757843018,-175.37654254585505
61255,0098c94200600600,-67.08232037723064,126.73672925680876,1287.6706848144531,-73.47658348083496,-15.793203353881836,2.5985589027404785,3.706735074520111,-0.4650665447115898,-175.71408413350582
61355,fe9fc9420082e1f9,-67.08297818899155,126.73636816442013,1290.3545684814453,-73.4648609161377,-15.636270523071289,2.681058406829834,3.74296635389328,-0.5048795789480209,-176.00992910563946
61455,00a8c94200600600,-67.08363700658083,126.73601109534502,1293.153060913086,-73.48885536193848,-15.421113967895508,2.801215648651123,3.5823335498571396,-0.5845559388399124,-176.25009644776583
61555,00b0c94200600600,-67.08429548889399,126.73566073179245,1295.8895111083984,-73.53731155395508,-15.193416595458984,2.5001940727233887,3.233068026602268,-0.7604629173874855,-176.42957244068384
61655,00b8c94200600600,-67.0849546417594,126.7353143915534,1298.2554626464844,-73.61600112915039,-14.957050323486328,2.2632107734680176,3.104737736284733,-0.9035275876522064,-176.5893067047
61755,00c0c94200600600,-67.08561480045319,126.73497375100851,1300.3819427490234,-73.7199764251709,-14.657449722290039,1.9626507759094238,2.9897356778383255,-1.6601405292749405,-177.0667603611946
61855,00c8c94200600600,-67.08627630025148,126.73463948071003,1302.3735961914062,-73.8372859954834,-14.261800765991211,1.9241766929626465,3.1756194680929184,-1.5354795008897781,-177.12846223264933
61955,00d0c94200600600,-67.08693880587816,126.73431493341923,1304.4229431152344,-73.9406852722168,-13.965368270874023,2.027172565460205,3.1964555382728577,-0.9232069551944733,-177.13615346699953
62055,00d8c94200600600,-67.0876019820571,126.73399541527033,1306.5218658447266,-74.0208568572998,-13.78947639465332,2.0349221229553223,3.127475492656231,-0.1811322569847107,-177.306753359735
62155,00e0c94200600600,-67.08826515823603,126.73367824405432,1308.6009521484375,-74.07587242126465,-13.715078353881836,2.0717453956604004,3.062449023127556,0.2316794916987419,-177.60844588279724
62255,00e8c94200600600,-67.08892934024334,126.73336140811443,1310.6618194580078,-74.18594169616699,-13.656768798828125,1.9134154319763184,2.7249466627836227,0.19136253744363785,-177.6270580664277
62355,00f0c94200600600,-67.08959486335516,126.73304658383131,1312.450454711914,-74.30555725097656,-13.614870071411133,1.6748404502868652,2.755163423717022,0.19661497324705124,-177.42655020207167
62455,00f8c94200600600,-67.09026172757149,126.7327331006527,1314.2436218261719,-74.39793586730957,-13.613138198852539,1.9377093315124512,2.991306111216545,0.38297519087791443,-177.2399676963687
62555,0000ca4200600600,-67.09092892706394,126.7324199527502,1316.336181640625,-74.46457099914551,-13.637826919555664,2.1677708625793457,3.15864410251379,0.40488917380571365,-177.38501720130444
62655,0008ca4200600600,-67.09159679710865,126.73210613429546,1318.6547241210938,-74.49295997619629,-13.563369750976562,2.4326329231262207,3.281754143536091,0.043747834861278534,-177.60623507201672
62755,0010ca4200600600,-67.0922639966011,126.73179533332586,1321.2260284423828,-74.48669242858887,-13.447444915771484,2.7313790321350098,3.4310053288936615,-0.28183713555336,-177.61824063956738
62855,0018ca4200600600,-67.09293153136969,126.73148889094591,1324.086196899414,-74.47343444824219,-13.304573059082031,2.9960436820983887,3.5706444829702377,-0.4294572025537491,-177.61521343141794
62955,0020ca4200600600,-67.09359906613827,126.73118613660336,1327.158218383789,-74.4384765625,-13.14468765258789,3.1323494911193848,3.7003688514232635,-0.48052679747343063,-177.72481754422188
63055,0028ca4200600600,-67.09426626563072,126.73088572919369,1330.3262176513672,-74.38513946533203,-12.970165252685547,3.205336093902588,3.8275746256113052,-0.5379589274525642,-177.90010157972574
63155,0030ca4200600600,-67.09493346512318,126.73058833926916,1333.5764465332031,-74.34192657470703,-12.800470352172852,3.296265125274658,3.7873193621635437,-0.5745482817292213,-177.99514330923557
63255,0038ca4200600600,-67.09559999406338,126.73029664903879,1336.690658569336,-74.31855773925781,-12.597738265991211,2.948835849761963,3.5126973688602448,-0.7311487197875977,-178.10197670012712
63355,0040ca4200600600,-67.09626618772745,126.73001032322645,1339.4864654541016,-74.35015678405762,-12.399837493896484,2.6864047050476074,3.2575562596321106,-0.7198358327150345,-178.21398071944714
63455,0048ca4200600600,-67.09693305194378,126.72972768545151,1341.9419860839844,-74.38941192626953,-12.195138931274414,2.3537039756774902,3.1582219898700714,-0.8351138234138489,-178.45055155456066
63555,0050ca4200600600,-67.0975999161601,126.72944974154234,1344.2813110351562,-74.43119812011719,-11.950984954833984,2.4868388175964355,3.3105526864528656,-0.6571043282747269,-178.5057222470641
63655,0058ca4200600600,-67.09826678037643,126.72917682677507,1346.8103942871094,-74.44771003723145,-11.807811737060547,2.6541848182678223,3.4105337038636208,-0.2664751186966896,-178.42052020132542
63755,0060ca4200600600,-67.09893364459276,126.72890592366457,1349.4573211669922,-74.43714714050293,-11.754302978515625,2.705324649810791,3.4855929762125015,-0.21647673100233078,-178.62352151423693
63855,fe67ca420082e1f9,-67.09960050880909,126.72863636165857,1352.2040710449219,-74.4001293182373,-11.625347137451172,2.8318095207214355,3.65201398730278,-0.39020273834466934,-178.86292342096567
63955,0070ca4200600600,-67.10026670247316,126.72837048768997,1355.0404357910156,-74.34053039550781,-11.501127243041992,2.961778163909912,3.8075757399201393,-0.36984141916036606,-179.05135698616505
64055,0078ca4200600600,-67.10093189030886,126.72810796648264,1358.00048828125,-74.2473258972168,-11.37380599975586,3.065518856048584,3.9110979437828064,-0.3023902326822281,-179.2931541055441
64155,0080ca4200600600,-67.10159573704004,126.72784980386496,1361.0394134521484,-74.13355445861816,-11.205728530883789,3.0471339225769043,3.892205134034157,-0.2177983894944191,-179.48489248752594
64255,0088ca4200600600,-67.10225857794285,126.72759499400854,1363.9805603027344,-74.03743171691895,-11.06022834777832,2.9504027366638184,3.860786072909832,-0.22622555494308472,-179.4470277428627
64355,0090ca4200600600,-67.10292141884565,126.72734219580889,1366.88427734375,-73.96818161010742,-10.953756332397461,2.85237455368042,3.7896183505654335,-0.16414817422628403,-179.46812935173512
64455,0098ca4200600600,-67.10358425974846,126.72709308564663,1369.7237854003906,-73.94519424438477,-10.855655670166016,2.7860379219055176,3.697458654642105,0.1009848341345787,-179.5295076817274
64555,00a0ca4200600600,-67.10424676537514,126.726845651865,1372.52734375,-73.9122371673584,-10.756175994873047,2.8386034965515137,3.699364699423313,0.14462202787399292,-179.5430950820446
64655,00a8ca4200600600,-67.10490826517344,126.72659754753113,1375.3533630371094,-73.85942077636719,-10.730993270874023,2.8684535026550293,3.647070676088333,0.17066963016986847,-179.5408420264721
64755,00b0ca4200600600,-67.1055694296956,126.7263501137495,1378.1604461669922,-73.8270149230957,-10.675119400024414,2.856666088104248,3.634803593158722,-0.03375694155693054,-179.59621455520391
64855,00b8ca4200600600,-67.1062309294939,126.72610502690077,1380.9484252929688,-73.8016242980957,-10.613588333129883,2.821774959564209,3.7284716963768005,-0.08406378328800201,-179.47343040257692
64955,00c0ca4200600600,-67.10689209401608,126.72586061060429,1383.7777404785156,-73.78829765319824,-10.593133926391602,2.8945631980895996,3.808264061808586,0.2540474385023117,-179.47788521647453
65055,00c8ca4200600600,-67.10755359381437,126.7256161943078,1386.6539459228516,-73.78217124938965,-10.639900207519531,2.9030489921569824,3.6801010742783546,0.8347004279494286,-179.479657150805
65155,00d0ca4200600600,-67.10821509361267,126.72537010163069,1389.4011840820312,-73.80578422546387,-10.746723175048828,2.6624960899353027,3.4982211515307426,1.248486153781414,-179.4516622647643
65255,00d8ca4200600600,-67.10887558758259,126.72512199729681,1391.95703125,-73.82600021362305,-10.905097961425781,2.546943187713623,3.4461628273129463,1.5493414923548698,-179.31550160050392
65355,00e0ca4200600600,-67.10953675210476,126.72486919909716,1394.4530334472656,-73.84692764282227,-11.118101119995117,2.4975438117980957,3.4497328475117683,1.89152330160141,-179.12939753383398
65455,00e8ca4200600600,-67.11019791662693,126.72461003065109,1396.9485473632812,-73.86193084716797,-11.40778923034668,2.547886371612549,3.595283254981041,2.2143036872148514,-178.8912009447813
65555,00f0ca4200600600,-67.11086042225361,126.72434348613024,1399.5557861328125,-73.87295532226562,-11.689655303955078,2.717442035675049,3.7163591757416725,2.0434851944446564,-178.86245772242546
65655,00f8ca4200600600,-67.11152393370867,126.72407124191523,1402.3271179199219,-73.88580131530762,-11.88241195678711,2.7863173484802246,3.734694756567478,1.702580787241459,-178.75693559646606
65755,0000cb4200600600,-67.1121871098876,126.72379564493895,1405.073715209961,-73.87774276733398,-12.03024673461914,2.7487311363220215,3.7876999005675316,1.3966932892799377,-178.51582814007998
65855,0008cb4200600600,-67.11284894496202,126.72351736575365,1407.848617553711,-73.84188842773438,-12.210653305053711,2.7909092903137207,3.9010202139616013,1.3385527208447456,-178.22607848793268
65955,0010cb4200600600,-67.11351044476032,126.7232333868742,1410.7168426513672,-73.7957534790039,-12.352705001831055,2.8895373344421387,4.0121253579854965,1.0531995445489883,-178.36805284023285
66055,0018cb4200600600,-67.1141716092825,126.7229487374425,1413.6976623535156,-73.73847198486328,-12.379194259643555,2.9178738594055176,4.086858406662941,0.48473015427589417,-178.48697997629642
66155,0020cb4200600600,-67.11483176797628,126.72266241163015,1416.6793212890625,-73.66092109680176,-12.33447265625,2.9950432777404785,4.26791824400425,0.08210744708776474,-178.30922596156597
66255,0028cb4200600600,-67.1154909208417,126.72237910330296,1419.7608184814453,-73.54639625549316,-12.302549362182617,3.1642537117004395,4.505182430148125,-0.002730824053287506,-178.13428960740566
66355,0030cb4200600600,-67.11614839732647,126.72209780663252,1423.0857849121094,-73.40423965454102,-12.27347183227539,3.465427875518799,4.759507477283478,0.16360703855752945,-178.35168734192848
66455,fe37cb420082e1f9,-67.11680520325899,126.7218155041337,1426.719253540039,-73.23759651184082,-12.199821472167969,3.7322373390197754,4.788953773677349,0.21534685045480728,-178.76160968095064
66555,0040cb4200600600,-67.117460668087,126.7215358838439,1430.6095275878906,-73.07603454589844,-12.063838958740234,3.872692584991455,4.748950302600861,-0.019258596003055573,-178.86190351098776
66655,0048cb4200600600,-67.11811512708664,126.72125995159149,1434.5740356445312,-72.93327713012695,-11.920387268066406,3.8774495124816895,4.713944792747498,-0.18224872648715973,-178.692806661129
66755,0050cb4200600600,-67.11876790970564,126.72098536044359,1438.4485321044922,-72.81096076965332,-11.860490798950195,3.8688836097717285,4.735235497355461,-0.1818353310227394,-178.5853211581707
66855,0058cb4200600600,-67.11941968649626,126.72071110457182,1442.2887573242188,-72.68686866760254,-11.804773330688477,3.9118151664733887,4.73818626254797,-0.1388794183731079,-178.78192640841007
66955,0060cb4200600600,-67.12006945163012,126.72043852508068,1446.131088256836,-72.54353713989258,-11.755687713623047,3.8134617805480957,4.692752659320831,0.23139048367738724,-179.10332310944796
67055,0068cb4200600600,-67.12071854621172,126.72016896307468,1449.9317779541016,-72.43268203735352,-11.78873062133789,3.7066187858581543,4.620710872113705,1.368008740246296,-179.15987849235535
67155,0070cb4200600600,-67.12136697024107,126.7198970541358,1453.6276550292969,-72.32707405090332,-11.997838973999023,3.6305899620056152,4.615684077143669,2.63178214430809,-178.82217396050692
67255,0078cb4200600600,-67.12201405316591,126.71961609274149,1457.3109283447266,-72.23962593078613,-12.499347686767578,3.6563363075256348,4.594422206282616,4.008088633418083,-178.49005848169327
67355,0080cb4200600600,-67.1226604655385,126.71932138502598,1461.0699462890625,-72.14161682128906,-13.113731384277344,3.7153096199035645,4.57797858864069,4.82784278690815,-178.4947969391942
67455,0088cb4200600600,-67.12330587208271,126.719009578228,1464.8342590332031,-72.0359115600586,-13.749265670776367,3.670527935028076,4.583989083766937,4.88278079777956,-178.04526273161173
67555,0090cb4200600600,-67.12395060807467,126.71868368983269,1468.5518188476562,-71.94324111938477,-14.420263290405273,3.6704936027526855,4.574903771281242,4.826464802026749,-177.25087489932775
67655,0098cb4200600600,-67.12459433823824,126.71834472566843,1472.2670135498047,-71.83607482910156,-15.060436248779297,3.6101126670837402,4.551291279494762,4.643339663743973,-176.4030671864748
67755,00a0cb4200600600,-67.12523773312569,126.71799100935459,1475.8930206298828,-71.76726150512695,-15.661157608032227,3.4472365379333496,4.534754790365696,3.9698296040296555,-175.9700496867299
67855,00a8cb4200600600,-67.12588112801313,126.71762455254793,1479.3057403564453,-71.71578979492188,-16.104738235473633,3.2426419258117676,4.498535245656967,2.7309755980968475,-175.83036325871944
67955,00b0cb4200600600,-67.1265235170722,126.71724870800972,1482.4928588867188,-71.66892623901367,-16.452075958251953,3.0706095695495605,4.482915066182613,2.6898784562945366,-175.41427250951529
68055,00b8cb4200600600,-67.12716557085514,126.71686448156834,1485.5144500732422,-71.62188339233398,-16.81655502319336,2.871072292327881,4.275602772831917,2.6869618892669678,-174.97399527579546
68155,00c0cb4200600600,-67.12780829519033,126.71647019684315,1488.298110961914,-71.63101577758789,-17.19866943359375,2.58591890335083,4.006337821483612,2.6582900807261467,-174.85645148903131
68255,00c8cb4200600600,-67.12845135480165,126.71606987714767,1490.8258972167969,-71.71417999267578,-17.583148956298828,2.3679146766662598,3.703170418739319,2.8332502394914627,-174.87086333334446
68355,00d0cb4200600600,-67.12909542024136,126.71566050499678,1493.049087524414,-71.82768058776855,-17.943519592285156,2.00355863571167,3.3716098219156265,2.77556162327528,-174.77223381400108
68455,00d8cb4200600600,-67.12974082678556,126.71524241566658,1494.8762664794922,-71.95107841491699,-18.266338348388672,1.668623447418213,3.194531388580799,2.374820150434971,-174.46318231523037
68555,00e0cb4200600600,-67.13038790971041,126.71481695026159,1496.4246368408203,-72.10737609863281,-18.578426361083984,1.5230259895324707,3.328070528805256,2.2786160185933113,-174.08148553222418
68655,00e8cb4200600600,-67.13103532791138,126.71438544988632,1497.9674072265625,-72.2252311706543,-18.929712295532227,1.6324067115783691,3.4875939041376114,2.285473756492138,-173.80569644272327
68755,00f0cb4200600600,-67.13168274611235,126.71394858509302,1499.6085205078125,-72.27783966064453,-19.248035430908203,1.6936736106872559,3.619007393717766,2.2360728308558464,-173.64518366754055
68855,00f8cb4200600600,-67.13233049958944,126.71350199729204,1501.3549499511719,-72.34575080871582,-19.49620819091797,1.8384671211242676,3.6791327968239784,1.3662683218717575,-173.69933612644672
68955,feffcb420082e1f9,-67.13298059999943,126.71304937452078,1503.1466674804688,-72.41811943054199,-19.527313232421875,1.96049165725708,3.8093912601470947,0.2573472261428833,-174.06092002987862
69055,0008cc4200600600,-67.13363036513329,126.7125990986824,1505.1114349365234,-72.47287940979004,-19.33551597595215,2.2626376152038574,4.018240459263325,-0.5218351632356644,-174.09588396549225
69155,0010cc4200600600,-67.13428013026714,126.71215686947107,1507.4609832763672,-72.47049140930176,-19.056589126586914,2.646878719329834,4.22312568873167,-1.0886355489492416,-173.99937640875578
69255,0018cc4200600600,-67.134929895401,126.71172369271517,1510.1930389404297,-72.46992492675781,-18.767578125,2.884103298187256,4.278052970767021,-1.1365900933742523,-174.03670705854893
69355,0020cc4200600600,-67.13557966053486,126.71129051595926,1512.9358825683594,-72.45774459838867,-18.597347259521484,2.772421360015869,4.048798866569996,-0.25193721055984497,-174.33671414852142
69455,0028cc4200600600,-67.13622942566872,126.71086069196463,1515.4396362304688,-72.48516654968262,-18.422019958496094,2.5085740089416504,3.823128193616867,-0.22797401994466782,-174.63377986103296
69555,0030cc4200600600,-67.1368795260787,126.71043623238802,1517.683090209961,-72.53692626953125,-18.24163818359375,2.2238078117370605,3.6525852978229523,-0.3196951746940613,-174.52783562242985
69655,0038cc4200600600,-67.13752929121256,126.71001747250557,1519.7713928222656,-72.58011627197266,-18.101337432861328,2.1356406211853027,3.622473143041134,-0.3407434746623039,-174.34671208262444
69755,0040cc4200600600,-67.13817972689867,126.70960273593664,1521.8721618652344,-72.64625930786133,-17.93629264831543,2.184116840362549,3.5942858085036278,-0.8951329439878464,-174.51339360326529
69855,0048cc4200600600,-67.13883116841316,126.70919269323349,1524.0624084472656,-72.71582794189453,-17.66993522644043,2.298727512359619,3.5199668258428574,-1.3176673650741577,-174.67923860996962
69955,0050cc4200600600,-67.13948294520378,126.70878902077675,1526.2432556152344,-72.79367637634277,-17.336044311523438,2.316011905670166,3.429426848888397,-1.7169839143753052,-174.84621047973633
70055,0058cc4200600600,-67.14013539254665,126.70839473605156,1528.3790283203125,-72.88174247741699,-16.949419021606445,2.2046704292297363,3.360934294760227,-1.9830476492643356,-175.1062050461769
70155,0060cc4200600600,-67.1407888457179,126.70800816267729,1530.5021057128906,-72.97411346435547,-16.587200164794922,2.12742280960083,3.2894091680645943,-1.6608288511633873,-175.51575724035501
70255,0068cc4200600600,-67.14144296944141,126.70763097703457,1532.5485534667969,-73.09539222717285,-16.22047233581543,1.9663996696472168,3.212871327996254,-1.6143696382641792,-175.95946300774813
70355,0070cc4200600600,-67.14209843426943,126.70726217329502,1534.4729919433594,-73.22902870178223,-15.846443176269531,1.8863863945007324,3.101073168218136,-1.8028581887483597,-176.3361645117402
70455,0078cc4200600600,-67.14275557547808,126.70690141618252,1536.2374572753906,-73.37207794189453,-15.487659454345703,1.6315388679504395,3.024079352617264,-1.4709234237670898,-176.56030800193548
70555,0080cc4200600600,-67.14341472834349,126.70654602348804,1537.8128662109375,-73.53808975219727,-15.182140350341797,1.5357165336608887,3.0206773057579994,-0.9317216277122498,-176.647978015244
70655,0088cc4200600600,-67.14407488703728,126.70620001852512,1539.4273071289062,-73.68384552001953,-14.96392822265625,1.6278700828552246,3.0256370455026627,-0.4310363531112671,-176.67525943368673
70755,0090cc4200600600,-67.14473638683558,126.70585736632347,1541.0856323242188,-73.81321334838867,-14.835445404052734,1.6699614524841309,2.9839226603507996,-0.13050086796283722,-176.8103713542223
70855,0098cc4200600600,-67.14539822191,126.70551773160696,1542.7007598876953,-73.93004035949707,-14.734743118286133,1.679863452911377,2.9521921277046204,0.20653244107961655,-177.00177177786827
70955,00a0cc4200600600,-67.1460610628128,126.70517977327108,1544.1493225097656,-74.0175552368164,-14.659849166870117,1.5593981742858887,2.9324956610798836,0.518917590379715,-177.09467712789774
71055,00a8cc4200600600,-67.14672423899174,126.70484248548746,1545.6236877441406,-74.10028648376465,-14.648296356201172,1.6261591911315918,2.9622913151979446,0.7059332728385925,-177.019237652421
71155,00b0cc4200600600,-67.1473890915513,126.70450553297997,1547.3087921142578,-74.20150566101074,-14.68104362487793,1.8078360557556152,3.054698444902897,0.81651471555233,-176.95250395685434
71255,00b8cc4200600600,-67.14805528521538,126.70416757464409,1549.1598205566406,-74.27936363220215,-14.694076538085938,1.888288974761963,2.936529368162155,0.6172061339020729,-176.84745322912931
71355,00c0cc4200600600,-67.14872114360332,126.7038282752037,1550.9466857910156,-74.36009788513184,-14.733085632324219,1.8600106239318848,2.915191389620304,0.6248028203845024,-176.775109693408
71455,fec7cc420082e1f9,-67.14938834309578,126.70348696410656,1552.7366485595703,-74.44137382507324,-14.80146598815918,1.8674874305725098,2.866109646856785,0.5751541256904602,-176.76866300404072
71555,00d0cc4200600600,-67.15005621314049,126.70314364135265,1554.6490020751953,-74.51610565185547,-14.828073501586914,2.047900676727295,3.0686090514063835,0.5122858285903931,-176.83776307851076
71655,00d8cc4200600600,-67.1507240831852,126.70280165970325,1556.7627716064453,-74.5593032836914,-14.80926513671875,2.189744472503662,3.1970224902033806,0.18394723534584045,-176.74569491297007
71755,00e0cc4200600600,-67.15139228850603,126.70245867222548,1558.9731903076172,-74.5731430053711,-14.781902313232422,2.347507953643799,3.296506293118,-0.059984587132930756,-176.7936883494258
71855,00e8cc4200600600,-67.15206049382687,126.70211836695671,1561.350357055664,-74.58312797546387,-14.697370529174805,2.5331873893737793,3.3934711664915085,-0.14427736401557922,-176.95462223142385
71955,00f0cc4200600600,-67.1527286991477,126.70178074389696,1563.9125366210938,-74.5875072479248,-14.583148956298828,2.625553607940674,3.4790845960378647,-0.41032735258340836,-177.12587758898735
72055,00f8cc4200600600,-67.15339690446854,126.70144613832235,1566.6011962890625,-74.55253601074219,-14.410131454467773,2.8037962913513184,3.6508049815893173,-0.5841629952192307,-177.17173900455236
72155,0000cd4200600600,-67.15406376868486,126.70111890882254,1569.443359375,-74.49792671203613,-14.208223342895508,2.972006320953369,3.8161370158195496,-0.716121643781662,-177.11543172597885
72255,0008cd4200600600,-67.15473029762506,126.70079469680786,1572.3777770996094,-74.43047523498535,-13.985244750976562,3.030529499053955,3.8888486847281456,-1.192474253475666,-177.3795297369361
72355,0010cd4200600600,-67.15539582073689,126.70047450810671,1575.3309020996094,-74.31437492370605,-13.742454528808594,3.097242832183838,4.012841507792473,-1.0042743757367134,-177.47408129274845
72455,0018cd4200600600,-67.15606067329645,126.70015834271908,1578.4453887939453,-74.20720863342285,-13.55691146850586,3.258902072906494,4.1544259339571,-0.7155466452240944,-177.49776989221573
72555,0020cd4200600600,-67.15672485530376,126.69984485954046,1581.7308197021484,-74.07618141174316,-13.434602737426758,3.439070224761963,4.348993040621281,-0.4994799569249153,-177.66312774270773
72655,0028cd4200600600,-67.15738769620657,126.69953338801861,1585.2902221679688,-73.90633964538574,-13.288663864135742,3.6630635261535645,4.5826707780361176,-0.4936904087662697,-177.99107406288385
72755,0030cd4200600600,-67.158049531281,126.69922292232513,1589.1885223388672,-73.70022392272949,-13.141107559204102,3.9167895317077637,4.857218340039253,-0.5963362008333206,-178.1746219843626
72855,0038cd4200600600,-67.15870901942253,126.69891815632582,1593.3504333496094,-73.42934226989746,-12.978961944580078,4.297550678253174,5.210630893707275,-0.5375311151146889,-178.23601942509413
72955,0040cd4200600600,-67.15936481952667,126.69861909002066,1597.8621673583984,-73.10964012145996,-12.865423202514648,4.705564022064209,5.380377173423767,-0.2762236073613167,-178.26803795993328
73055,0048cd4200600600,-67.16001726686954,126.6983250528574,1602.6557312011719,-72.76451301574707,-12.803855895996094,4.81838846206665,5.434839092195034,0.10608438402414322,-178.23469642549753
73155,0050cd4200600600,-67.16066669672728,126.69802967458963,1607.568130493164,-72.38916015625,-12.874862670898438,4.923197269439697,5.623295456171036,0.7467414066195488,-178.1473445892334
73255,0058cd4200600600,-67.16131310909986,126.6977309435606,1612.6153564453125,-72.0442886352539,-12.973978042602539,5.062221050262451,5.672062039375305,0.7956652343273163,-178.40538449585438
73355,0060cd4200600600,-67.16195683926344,126.69742919504642,1617.6907348632812,-71.70494842529297,-13.081409454345703,5.023936748504639,5.698221288621426,0.6804630160331726,-178.68818689137697
73455,0068cd4200600600,-67.16259822249413,126.69712476432323,1622.8016510009766,-71.38253974914551,-13.10090446472168,5.155467510223389,5.791584625840187,0.568809024989605,-178.8767559081316
73555,0070cd4200600600,-67.16323725879192,126.69682200998068,1627.9029388427734,-71.09819984436035,-13.115093231201172,4.969483852386475,5.620213598012924,0.658218115568161,-178.85359570384026
73655,0078cd4200600600,-67.16387394815683,126.69651690870523,1632.7647094726562,-70.83102607727051,-13.13218879699707,4.718863010406494,5.491333454847336,0.7438124343752861,-178.79958607256413
73755,0080cd4200600600,-67.16450728476048,126.69621281325817,1637.3529357910156,-70.58517456054688,-13.183900833129883,4.495439052581787,5.444988235831261,0.8004710823297501,-178.7423551082611
73855,0088cd4200600600,-67.16513928025961,126.69590536504984,1641.7095794677734,-70.35550308227539,-13.255086898803711,4.3977227210998535,5.51944300532341,0.8972609415650368,-178.65768682211637
73955,fe8fcd420082e1f9,-67.16576859354973,126.69559892266989,1646.0059051513672,-70.12048721313477,-13.322689056396484,4.443296909332275,5.652165412902832,0.9099967405200005,-178.5199822112918
74055,0098cd4200600600,-67.16639589518309,126.69529113918543,1650.3903045654297,-69.86388397216797,-13.420650482177734,4.5162434577941895,5.7912516966462135,1.3103928789496422,-178.36830530315638
74155,00a0cd4200600600,-67.16702084988356,126.69498033821583,1654.8824157714844,-69.59599494934082,-13.566448211669922,4.537015438079834,5.873260907828808,1.3856808096170425,-178.31526160240173
74255,00a8cd4200600600,-67.16764312237501,126.69466517865658,1659.4196472167969,-69.31330490112305,-13.71150016784668,4.571256160736084,5.954526476562023,1.4523481205105782,-178.20004899054766
74355,00b0cd4200600600,-67.1682633832097,126.6943459957838,1663.9055938720703,-69.05989837646484,-13.934598922729492,4.478979587554932,5.854587703943253,1.6625035554170609,-178.0981196835637
74455,00b8cd4200600600,-67.16888163238764,126.694021448493,1668.1981048583984,-68.84572219848633,-14.117080688476562,4.231530666351318,5.696049369871616,1.450190618634224,-178.34049113094807
74555,00c0cd4200600600,-67.16949820518494,126.69369455426931,1672.254150390625,-68.67401504516602,-14.192092895507812,4.009481906890869,5.567121617496014,1.0101638361811638,-178.51798731833696
74655,00c8cd4200600600,-67.17011444270611,126.69336564838886,1676.140625,-68.53474235534668,-14.205595016479492,3.837955951690674,5.460187643766403,0.7349671795964241,-178.31853222101927
74755,00d0cd4200600600,-67.17072799801826,126.69303875416517,1679.8021392822266,-68.40034103393555,-14.250722885131836,3.6568379402160645,5.362235717475414,0.7612065598368645,-178.13516400754452
74855,00d8cd4200600600,-67.17134021222591,126.69271051883698,1683.2570343017578,-68.27829360961914,-14.295125961303711,3.4893860816955566,5.286725498735905,0.7347143813967705,-178.2179356366396
74955,00e0cd4200600600,-67.17195108532906,126.69238094240427,1686.5802154541016,-68.16288375854492,-14.295232772827148,3.3449435234069824,5.196653231978416,0.4492763802409172,-178.3184427022934
75055,00e8cd4200600600,-67.17256162315607,126.69205069541931,1689.8067779541016,-68.10286712646484,-14.249675750732422,3.2403769493103027,5.141909345984459,0.18492691218852997,-178.23769982904196
75155,00f0cd4200600600,-67.17317249625921,126.69172145426273,1692.9536437988281,-68.07695960998535,-14.199066162109375,3.1616063117980957,5.12288611382246,-0.007149428129196167,-178.17864429205656
75255,00f8cd4200600600,-67.1737826988101,126.69139388948679,1696.0181732177734,-68.07800483703613,-14.119483947753906,3.1347193717956543,5.100813880562782,-0.2883709967136383,-178.29855982214212
75355,0000ce4200600600,-67.17439323663712,126.69106900691986,1699.081314086914,-68.08953857421875,-13.968753814697266,3.098771572113037,5.056467577815056,-0.47010205686092377,-178.45206901431084
75455,0008ce4200600600,-67.175003439188,126.6907474771142,1702.0520935058594,-68.12539100646973,-13.813989639282227,2.84733247756958,4.578304812312126,-0.6492642313241959,-178.56224074959755
75555,0010ce4200600600,-67.17561431229115,126.69043198227882,1704.4800415039062,-68.26393699645996,-13.606311798095703,2.134355068206787,3.853110931813717,-1.004829928278923,-178.76809425652027
75655,0018ce4200600600,-67.17622719705105,126.6901208460331,1706.106201171875,-68.47317886352539,-13.385427474975586,1.3931612968444824,3.4933314844965935,-1.0398957878351212,-178.87808930128813
75755,0020ce4200600600,-67.17684343457222,126.68981239199638,1707.3387451171875,-68.73912620544434,-13.16214370727539,1.24653959274292,3.5579807683825493,-0.9921363741159439,-178.91064628958702
75855,0028ce4200600600,-67.17746134847403,126.6895129904151,1708.5914459228516,-68.99751472473145,-12.952463150024414,1.28782320022583,3.551853261888027,-0.6762687116861343,-179.11327812820673
75955,0030ce4200600600,-67.17808160930872,126.68921526521444,1709.9349670410156,-69.2022705078125,-12.767784118652344,1.4846186637878418,3.7381819635629654,-0.4305300861597061,-179.42810207605362
76055,0038ce4200600600,-67.17870220541954,126.68892357498407,1711.456802368164,-69.37329483032227,-12.603015899658203,1.706357479095459,3.7776486575603485,-0.2787512540817261,-179.54450257122517
76155,0040ce4200600600,-67.17932481318712,126.68863154947758,1713.1819152832031,-69.54668045043945,-12.542638778686523,1.8055739402770996,3.7751686200499535,-0.14896921813488007,-179.52055413275957
76255,0048ce4200600600,-67.17994876205921,126.68834052979946,1714.9397430419922,-69.7158088684082,-12.473062515258789,1.8244175910949707,3.7156949937343597,-0.2075684443116188,-179.65057019144297
76355,0050ce4200600600,-67.18057438731194,126.68805319815874,1716.6616821289062,-69.88119125366211,-12.360681533813477,1.809394359588623,3.6120514199137688,-0.39592254906892776,-179.88136690109968
76455,fe57ce420082e1f9,-67.1812016889453,126.68776988983154,1718.3944702148438,-70.05486106872559,-12.186239242553711,1.7863965034484863,3.5964714735746384,-0.5540421232581139,179.93306078016758
76555,0060ce4200600600,-67.18183066695929,126.68749161064625,1720.1739959716797,-70.23449516296387,-11.99801254272461,1.8295140266418457,3.532899431884289,-0.6808683648705482,179.8405446857214
76655,0068ce4200600600,-67.18246132135391,126.68721735477448,1721.996322631836,-70.41305160522461,-11.798131942749023,1.7832303047180176,3.374275267124176,-0.5318602547049522,179.83728345483541
76755,0070ce4200600600,-67.18309331685305,126.68694645166397,1723.7119750976562,-70.60200691223145,-11.752225875854492,1.6868348121643066,3.231852315366268,0.0876227393746376,-179.9778063967824
76855,0078ce4200600600,-67.18372698873281,126.68667621910572,1725.2996063232422,-70.82587814331055,-11.804697036743164,1.623476505279541,3.098583407700062,0.6077922508120537,179.96017053723335
76955,0080ce4200600600,-67.18436233699322,126.68640296906233,1726.8401336669922,-71.04624938964844,-11.867666244506836,1.5088772773742676,2.952874079346657,0.6416128948330879,179.72828216850758
77055,0088ce4200600600,-67.18499936163425,126.68612871319056,1728.2367095947266,-71.23498344421387,-11.859865188598633,1.3907132148742676,2.873379774391651,0.37603095173835754,179.66676469892263
77155,0090ce4200600600,-67.18563873320818,126.68585546314716,1729.5498504638672,-71.45360565185547,-11.837188720703125,1.3333382606506348,2.801087871193886,0.26435282081365585,179.86101228743792
77255,0098ce4200600600,-67.18628145754337,126.68558020144701,1730.8013610839844,-71.72175598144531,-11.864744186401367,1.1419930458068848,2.5105127692222595,0.7298163324594498,-179.81619961559772
77355,00a0ce4200600600,-67.18692619353533,126.68530326336622,1731.8191833496094,-72.0042953491211,-12.093404769897461,0.9967532157897949,2.398182861506939,1.5351948514580727,-179.62327904999256
77455,00a8ce4200600600,-67.1875736117363,126.68501760810614,1732.72265625,-72.2818603515625,-12.395502090454102,0.9420456886291504,2.2574936226010323,2.116408422589302,-179.65881530195475
77555,00b0ce4200600600,-67.1882227063179,126.68472658842802,1733.6667022705078,-72.5589714050293,-12.74268913269043,0.9261441230773926,2.3583805561065674,2.506974935531616,-179.551836065948
77655,00b8ce4200600600,-67.18887481838465,126.68442953377962,1734.8283233642578,-72.82612228393555,-13.177980422973633,1.2841858863830566,2.5593403726816177,3.259381838142872,-179.0891643986106
77755,00c0ce4200600600,-67.18952927738428,126.68412141501904,1736.245590209961,-73.07430076599121,-13.74814224243164,1.4328618049621582,2.413547560572624,3.7997524067759514,-178.75315267592669
77855,00c8ce4200600600,-67.19018507748842,126.68379753828049,1737.6190032958984,-73.29988288879395,-14.375093460083008,1.3540492057800293,2.3054324090480804,4.143867418169975,-178.55011984705925
77955,00d0ce4200600600,-67.19084288924932,126.68345522135496,1738.8649597167969,-73.4770336151123,-14.992349624633789,1.3257365226745605,2.3264260590076447,4.138683378696442,-178.1228845193982
78055,00d8ce4200600600,-67.19150137156248,126.683101169765,1740.157699584961,-73.64498519897461,-15.611520767211914,1.3489031791687012,2.369570732116699,4.071241579949856,-177.49300092458725
78155,00e0ce4200600600,-67.19216220080853,126.68273471295834,1741.524169921875,-73.8255672454834,-16.25859260559082,1.431847095489502,2.4709977954626083,4.139559455215931,-176.95718809962273
78255,00e8ce4200600600,-67.19282437115908,126.68235283344984,1743.0665283203125,-73.9775161743164,-16.890243530273438,1.5713591575622559,2.6645486801862717,3.6282821372151375,-176.78298331797123
78355,00f0ce4200600600,-67.19348788261414,126.6819578781724,1744.7642211914062,-74.09817886352539,-17.33915901184082,1.7555327415466309,2.8276176005601883,2.677908092737198,-176.49451475590467
78455,00f8ce4200600600,-67.19415239989758,126.68155051767826,1746.6102294921875,-74.18427085876465,-17.699363708496094,1.9355511665344238,3.0057762935757637,1.8891726806759834,-176.08452200889587
78555,0000cf4200600600,-67.19481725245714,126.6811377927661,1748.6098022460938,-74.24511909484863,-17.978635787963867,2.096238613128662,3.133745491504669,1.6553065180778503,-175.76633390039206
78655,0008cf4200600600,-67.19548311084509,126.68071903288364,1750.7484588623047,-74.29728889465332,-18.216537475585938,2.173976421356201,3.1331725046038628,1.5172746777534485,-175.76076362282038
78755,0010cf4200600600,-67.19614930450916,126.68029524385929,1752.906509399414,-74.36044692993164,-18.348772048950195,2.1587586402893066,3.1305254995822906,1.0765605792403221,-175.92010159045458
78855,0018cf4200600600,-67.19681616872549,126.67987145483494,1754.9893493652344,-74.46248626708984,-18.358184814453125,2.095398426055908,2.935205362737179,0.32778605818748474,-175.98645005375147
78955,fe1fcf420082e1f9,-67.19748336821795,126.67944833636284,1756.8529663085938,-74.5549545288086,-18.304882049560547,1.867180347442627,2.9949871078133583,-0.15836365520954132,-175.7027105614543
79055,0028cf4200600600,-67.19815123826265,126.67902790009975,1758.801498413086,-74.60367393493652,-18.27248191833496,2.218355655670166,3.436351977288723,0.049978941679000854,-175.4140119999647
79155,0030cf4200600600,-67.19881977885962,126.67860612273216,1761.1389465332031,-74.6490306854248,-18.341848373413086,2.4639296531677246,3.478853926062584,0.3324976935982704,-175.52759617567062
79255,0038cf4200600600,-67.19948899000883,126.67818065732718,1763.6839141845703,-74.6777229309082,-18.358963012695312,2.472438335418701,3.456416577100754,0.17400428652763367,-175.96673782914877
79355,0040cf4200600600,-67.20015820115805,126.67775519192219,1766.2271575927734,-74.68697929382324,-18.300857543945312,2.499788761138916,3.472776375710964,0.02686433494091034,-175.91909643262625
79455,0048cf4200600600,-67.20082741230726,126.67733173817396,1768.7394409179688,-74.68406295776367,-18.27227020263672,2.5444579124450684,3.4808622300624847,0.18758632242679596,-175.5818187072873
79555,0050cf4200600600,-67.20149628818035,126.67690996080637,1771.2299041748047,-74.67179107666016,-18.343448638916016,2.5413880348205566,3.472052849829197,0.5336110666394234,-175.43878488242626
79655,0058cf4200600600,-67.20216516405344,126.676483489573,1773.7313232421875,-74.66885185241699,-18.425094604492188,2.5263619422912598,3.457414358854294,0.6030098721385002,-175.76779402792454
79755,0060cf4200600600,-67.20283403992653,126.67605634778738,1776.2652435302734,-74.65940284729004,-18.44011878967285,2.573167324066162,3.504677563905716,0.37596791982650757,-175.91436635702848
79855,0068cf4200600600,-67.20350291579962,126.67563155293465,1778.935775756836,-74.65990447998047,-18.42888641357422,2.6627440452575684,3.5330751165747643,0.3367258608341217,-175.64602810889482
79955,0070cf4200600600,-67.20417145639658,126.67520809918642,1781.7257232666016,-74.64500045776367,-18.471229553222656,2.659672260284424,3.407196030020714,0.572904422879219,-175.35240199416876
80055,0078cf4200600600,-67.20483966171741,126.67478028684855,1784.3665313720703,-74.64350509643555,-18.6492919921875,2.463469982147217,3.1542570143938065,1.033736765384674,-175.1474041119218
80155,0080cf4200600600,-67.20550820231438,126.67434476315975,1786.7117309570312,-74.67300796508789,-18.925952911376953,2.2261366844177246,2.9692647233605385,1.4742299169301987,-175.00326924026012
80255,0088cf4200600600,-67.20617674291134,126.6739021986723,1788.8905334472656,-74.72071647644043,-19.20856285095215,2.0392069816589355,2.8807732835412025,1.3849938288331032,-175.18363673239946
80355,0090cf4200600600,-67.20684628933668,126.67345359921455,1791.0080261230469,-74.76970481872559,-19.402257919311523,2.0462746620178223,2.9308098927140236,1.354966163635254,-175.11057067662477
80455,0098cf4200600600,-67.20751650631428,126.67300198227167,1793.151626586914,-74.82395362854004,-19.6290225982666,2.0908541679382324,2.9199321940541267,1.479695588350296,-174.69836879521608
80555,00a0cf4200600600,-67.20818672329187,126.6725480183959,1795.3881378173828,-74.85376358032227,-19.88271141052246,2.097445011138916,2.913880795240402,1.7066416516900063,-174.35860097408295
80655,00a8cf4200600600,-67.20885694026947,126.67208667844534,1797.6215362548828,-74.88628387451172,-20.179574966430664,2.127014636993408,2.938390150666237,1.7834359779953957,-174.27922569215298
80755,00b0cf4200600600,-67.20952816307545,126.67161796241999,1799.80126953125,-74.91729164123535,-20.433197021484375,2.1427197456359863,2.9002296924591064,1.5820567309856415,-174.23746403306723
80855,00b8cf4200600600,-67.21020005643368,126.67114321142435,1801.9582977294922,-74.98478317260742,-20.649581909179688,2.0627264976501465,2.776109129190445,1.375373750925064,-174.03082463890314
80955,00c0cf4200600600,-67.21087228506804,126.67066443711519,1804.0140838623047,-75.06214332580566,-20.838912963867188,1.9279999732971191,2.618110589683056,1.3172422349452972,-173.72486505657434
81055,00c8cf4200600600,-67.21154551953077,126.67018096894026,1805.8810577392578,-75.160400390625,-21.087759017944336,1.7370963096618652,2.4504876136779785,1.4032898470759392,-173.49251098930836
81155,00d0cf4200600600,-67.21222009509802,126.66968911886215,1807.5255584716797,-75.27925300598145,-21.360111236572266,1.6312174797058105,2.4658459424972534,1.466156467795372,-173.466105312109
81255,00d8cf4200600600,-67.21289534121752,126.66919022798538,1809.2090911865234,-75.36689758300781,-21.626319885253906,1.7880215644836426,2.6539335027337074,1.503293327987194,-173.23652163147926
81355,00e0cf4200600600,-67.21357125788927,126.66868664324284,1811.1852569580078,-75.42890357971191,-21.887451171875,2.034874439239502,2.86180067807436,1.4226989820599556,-173.05340252816677
81455,00e8cf4200600600,-67.2142468392849,126.66817903518677,1813.3763580322266,-75.44970321655273,-21.994096755981445,2.249997615814209,3.0227214843034744,0.6545823812484741,-173.39455772191286
81555,feefcf420082e1f9,-67.21492242068052,126.66767008602619,1815.7452697753906,-75.46012496948242,-21.948936462402344,2.4202799797058105,3.1565972417593002,-0.42059551924467087,-173.57617311179638
81655,00f8cf4200600600,-67.21559934318066,126.66716482490301,1818.2018127441406,-75.48809814453125,-21.639251708984375,2.534409999847412,3.3175743743777275,-1.592211239039898,-173.8354042544961
81755,0000d04200600600,-67.21627593040466,126.66667062789202,1820.7603607177734,-75.48930168151855,-21.211761474609375,2.645473003387451,3.4619590267539024,-2.211030386388302,-173.89411211013794
81855,0008d04200600600,-67.21695251762867,126.6661848127842,1823.4871063232422,-75.5075855255127,-20.753328323364258,2.6895079612731934,3.35033118724823,-2.587791569530964,-174.15033414959908
81955,0010d04200600600,-67.21763011068106,126.6657093912363,1826.0094299316406,-75.59329795837402,-20.27275276184082,2.1446824073791504,2.735985964536667,-3.1135672330856323,-174.56910710781813
82055,0018d04200600600,-67.2183083742857,126.66524704545736,1827.9014587402344,-75.74217987060547,-19.657581329345703,1.6971192359924316,2.5745173171162605,-3.741128370165825,-175.00209510326385
82155,0020d04200600600,-67.21898898482323,126.6647981107235,1829.4518127441406,-75.92037963867188,-18.993337631225586,1.5902657508850098,2.603917680680752,-4.057107679545879,-175.19963275641203
82255,0028d04200600600,-67.21967093646526,126.66436728090048,1831.1067199707031,-76.09421157836914,-18.307950973510742,1.6611361503601074,2.635771259665489,-4.029049091041088,-175.46149782836437
82355,0030d04200600600,-67.22035422921181,126.66395220905542,1832.7945709228516,-76.25502586364746,-17.736804962158203,1.599611759185791,2.4937405809760094,-3.5209890827536583,-175.75535595417023
82455,0038d04200600600,-67.22103886306286,126.66354686021805,1834.3833770751953,-76.43390846252441,-17.235319137573242,1.5372262001037598,2.3546988889575005,-3.0308683589100838,-176.36053171008825
82555,0040d04200600600,-67.22172550857067,126.66315089911222,1835.8711547851562,-76.59511375427246,-16.72549057006836,1.4945549964904785,2.28953093290329,-2.901920825242996,-177.03056193888187
82655,0048d04200600600,-67.22241248935461,126.66276834905148,1837.3443145751953,-76.72611999511719,-16.221088409423828,1.5089783668518066,2.363796606659889,-2.687947601079941,-177.44510605931282
82755,0050d04200600600,-67.2231001406908,126.66239853948355,1838.8691864013672,-76.82513236999512,-15.800046920776367,1.67671537399292,2.547510489821434,-2.299887277185917,-177.66721073538065
82855,0058d04200600600,-67.223787792027,126.66203912347555,1840.6232299804688,-76.8720703125,-15.447345733642578,1.9551453590393066,2.7586519718170166,-1.9474238902330399,-178.07551972568035
82955,0060d04200600600,-67.22447644919157,126.66168708354235,1842.6895294189453,-76.89127922058105,-15.118406295776367,2.271777629852295,3.0247120186686516,-1.6347168758511543,-178.48916463553905
83055,0068d04200600600,-67.22516477108002,126.66134241968393,1845.1429138183594,-76.8341121673584,-14.798452377319336,2.6814751625061035,3.288070745766163,-1.5039611980319023,-178.9234122633934
83155,0070d04200600600,-67.22585242241621,126.66100446134806,1847.9156341552734,-76.76149940490723,-14.505376815795898,2.7687878608703613,3.1939711421728134,-1.3691399618983269,-179.16619308292866
83255,0078d04200600600,-67.2265400737524,126.66067086160183,1850.6648559570312,-76.72598648071289,-14.317588806152344,2.6972193717956543,3.1255530193448067,-0.960807166993618,-179.13665290921926
83355,0080d04200600600,-67.22722738981247,126.66034162044525,1853.28125,-76.68823432922363,-14.232839584350586,2.5230374336242676,3.0191856622695923,-0.2976148948073387,-178.98370295763016
83455,0088d04200600600,-67.22791470587254,126.66001103818417,1855.8378601074219,-76.65854263305664,-14.315227508544922,2.565798282623291,3.199492134153843,0.7228549942374229,-178.76500234007835
83555,0090d04200600600,-67.22860168665648,126.65967676788568,1858.5949096679688,-76.5904426574707,-14.570051193237305,2.969266414642334,3.6316268518567085,1.2308238074183464,-178.81033770740032
83655,0098d04200600600,-67.22928799688816,126.6593374684453,1861.8367156982422,-76.42748832702637,-14.744659423828125,3.5297274589538574,4.082961827516556,1.238240785896778,-179.01111479848623
83755,00a0d04200600600,-67.22997229546309,126.65899481624365,1865.62841796875,-76.20589828491211,-14.892187118530273,3.9558682441711426,4.278953522443771,0.8665137737989426,-178.65496672689915
83855,00a8d04200600600,-67.23065424710512,126.6586484760046,1869.5839080810547,-75.99972534179688,-15.033388137817383,3.7766499519348145,3.8351086154580116,0.6480049341917038,-178.34041133522987
83955,00b0d04200600600,-67.2313341870904,126.6583028063178,1873.0887908935547,-75.83701515197754,-15.129323959350586,3.4257025718688965,3.9087530225515366,0.4718146473169327,-178.3112195134163
84055,feb7d0420082e1f9,-67.23201345652342,126.65795110166073,1876.490951538086,-75.67032814025879,-15.212566375732422,3.5826077461242676,4.141132906079292,0.46542126685380936,-178.47343783825636
84155,00c0d04200600600,-67.23269172012806,126.65759637951851,1880.2178344726562,-75.47729110717773,-15.330101013183594,3.7583765983581543,4.305824227631092,0.8935866504907608,-178.20964761078358
84255,00c8d04200600600,-67.23336897790432,126.65723863989115,1884.1916961669922,-75.27506446838379,-15.63045883178711,3.987062931060791,4.391123838722706,2.392118386924267,-177.70255722105503
84355,00d0d04200600600,-67.23404355347157,126.65687117725611,1888.2877502441406,-75.07275772094727,-16.12053108215332,4.107010364532471,4.342826642096043,2.878357954323292,-177.67257045954466
84455,00d8d04200600600,-67.2347154468298,126.6564916446805,1892.3287353515625,-74.86763381958008,-16.556306838989258,4.048635005950928,4.209248945116997,2.5344816595315933,-177.9345428198576
84555,00e0d04200600600,-67.23538633435965,126.6560997068882,1896.1922912597656,-74.67289733886719,-16.947452545166016,3.9479222297668457,4.145921990275383,2.50180933624506,-177.57640186697245
84655,00e8d04200600600,-67.23605521023273,126.65570072829723,1899.9041290283203,-74.49616622924805,-17.373430252075195,3.8344054222106934,4.077117294073105,2.770094946026802,-177.07792706787586
84755,00f0d04200600600,-67.23672173917294,126.65529537945986,1903.5435028076172,-74.29817390441895,-17.843399047851562,3.803917407989502,4.162891656160355,2.953009530901909,-176.8613936752081
84855,00f8d04200600600,-67.23738625645638,126.65487762540579,1907.2247467041016,-74.09478569030762,-18.174468994140625,3.766892910003662,4.25982266664505,1.7743359133601189,-177.29085758328438
84955,0000d14200600600,-67.23804943263531,126.65445517748594,1910.93310546875,-73.91781616210938,-18.207990646362305,3.752933979034424,4.299548864364624,0.40908850729465485,-177.48103693127632
85055,0008d14200600600,-67.23871227353811,126.65403440594673,1914.5804443359375,-73.79056739807129,-18.124244689941406,3.636817455291748,4.211500994861126,0.04176769405603409,-177.1710892394185
85155,0010d14200600600,-67.23937343806028,126.65361665189266,1918.0632629394531,-73.65013122558594,-18.120080947875977,3.501661777496338,4.188506416976452,0.5838015675544739,-176.8894938379526
85255,0018d14200600600,-67.24003292620182,126.65319755673409,1921.4358825683594,-73.51569938659668,-18.203493118286133,3.436525821685791,4.145046249032021,0.9765312820672989,-177.0211799070239
85355,0020d14200600600,-67.24069140851498,126.65277309715748,1924.7949981689453,-73.39597702026367,-18.314895629882812,3.342860698699951,4.108473993837833,1.140144020318985,-177.22883753478527
85455,0028d14200600600,-67.24134922027588,126.65234629064798,1928.0390625,-73.30487251281738,-18.393203735351562,3.181069850921631,3.8912076875567436,0.9391915798187256,-177.18291610479355
85555,0030d14200600600,-67.2420060262084,126.65192116051912,1930.9431915283203,-73.2641830444336,-18.38071060180664,2.8096365928649902,3.6178503558039665,0.3333486244082451,-177.21482165157795
85655,0038d14200600600,-67.24266283214092,126.65149837732315,1933.471206665039,-73.25430297851562,-18.30656623840332,2.486219882965088,3.4643686562776566,-0.043001845479011536,-177.23055381327868
85755,0040d14200600600,-67.24331963807344,126.65107760578394,1935.7025299072266,-73.2822265625,-18.190568923950195,2.2208685874938965,3.369668573141098,-0.12678198516368866,-177.23277233541012
85855,0048d14200600600,-67.24397711455822,126.65065884590149,1937.7598114013672,-73.33076667785645,-18.105133056640625,2.121184825897217,3.3577468246221542,-0.12737810611724854,-177.2665500640869
85955,0050d14200600600,-67.24463492631912,126.65024042129517,1939.7538757324219,-73.36932945251465,-18.035526275634766,2.0716614723205566,3.3094798028469086,0.06210319697856903,-177.29109965264797
86055,0058d14200600600,-67.24529273808002,126.64982367306948,1941.7285614013672,-73.42273902893066,-17.876529693603516,2.032243251800537,3.2743388414382935,-1.0938511043787003,-177.8918420523405
86155,0060d14200600600,-67.24595122039318,126.64941597729921,1943.7237091064453,-73.48068046569824,-17.444259643554688,2.079101085662842,3.275805003941059,-2.0148402079939842,-178.2559210807085
86255,0068d14200600600,-67.24661037325859,126.64901833981276,1945.6872253417969,-73.53356742858887,-17.0041561126709,1.9995694160461426,3.188825659453869,-1.6951483860611916,-178.052222058177
86355,0070d14200600600,-67.24727053195238,126.64862841367722,1947.541000366211,-73.5872802734375,-16.77397346496582,1.995262622833252,3.3287199586629868,-0.8131183683872223,-178.01837727427483
86455,0078d14200600600,-67.24793035537004,126.64824318140745,1949.534912109375,-73.63061904907227,-16.640607833862305,2.1926703453063965,3.480168543756008,-0.08457977324724197,-178.40834230184555
86555,fe7fd1420082e1f9,-67.24859084933996,126.64785493165255,1951.8611907958984,-73.60858154296875,-16.608312606811523,2.4884886741638184,3.819246031343937,0.45061279088258743,-178.57686080038548
86655,0088d14200600600,-67.2492503374815,126.64747137576342,1954.5853881835938,-73.53450393676758,-16.58399772644043,2.9773049354553223,4.111953154206276,0.582350492477417,-178.67329090833664
86755,0090d14200600600,-67.24990915507078,126.64709117263556,1957.5858459472656,-73.45194244384766,-16.49034881591797,3.020195484161377,3.9444706588983536,0.2406477928161621,-178.77829369157553
86855,0098d14200600600,-67.25056663155556,126.64671197533607,1960.4890594482422,-73.36283302307129,-16.351003646850586,2.961355686187744,3.9725419878959656,-0.24274863302707672,-178.9348579198122
86955,00a0d14200600600,-67.2512237727642,126.64633613079786,1963.3365325927734,-73.27157974243164,-16.19135856628418,3.059169292449951,4.111723154783249,-0.26633966714143753,-178.66755366325378
87055,00a8d14200600600,-67.25188057869673,126.64596363902092,1966.3758850097656,-73.20870590209961,-16.112533569335938,3.061333179473877,4.069196730852127,-0.10205637663602829,-178.46569061279297
87155,00b0d14200600600,-67.25253637880087,126.64559315890074,1969.3840942382812,-73.1212158203125,-16.039840698242188,3.0011820793151855,4.081992208957672,0.1743469387292862,-178.59052799642086
87255,00b8d14200600600,-67.2531908378005,126.64522167295218,1972.3153533935547,-73.02429962158203,-16.009239196777344,2.9054160118103027,4.066995643079281,0.2733207866549492,-178.84711515158415
87355,00c0d14200600600,-67.25384529680014,126.64485186338425,1975.2454833984375,-72.95572471618652,-15.938182830810547,2.882127285003662,4.1466981545090675,0.3279915824532509,-178.96042104810476
87455,00c8d14200600600,-67.25449942052364,126.64448406547308,1978.134521484375,-72.87187767028809,-15.87167739868164,2.906766414642334,4.1767459362745285,0.3769998997449875,-178.89671422541142
87555,00d0d14200600600,-67.25515220314264,126.64411894977093,1980.9502410888672,-72.80057907104492,-15.848194122314453,2.8375191688537598,4.058838710188866,0.5276220291852951,-178.7852469831705
87655,00d8d14200600600,-67.25580498576164,126.64375215768814,1983.6352996826172,-72.78730201721191,-15.852396011352539,2.5245614051818848,3.6229901388287544,0.49647655338048935,-178.89473676681519
87755,00e0d14200600600,-67.25645810365677,126.64338570088148,1985.8066101074219,-72.87374687194824,-15.810928344726562,1.7088570594787598,2.7769308909773827,0.23863479495048523,-178.97252216935158
87855,00e8d14200600600,-67.25711323320866,126.64302125573158,1987.0860443115234,-73.08096504211426,-15.693353652954102,0.8990044593811035,2.207951210439205,-0.2572204917669296,-179.05292741954327
87955,00f0d14200600600,-67.25776970386505,126.64266150444746,1987.5682678222656,-73.34981727600098,-15.529060363769531,0.21108388900756836,1.7439649254083633,-0.6311200931668282,-178.9700186625123
88055,00f8d14200600600,-67.25842952728271,126.64230544120073,1987.4837493896484,-73.70035743713379,-15.366575241088867,-0.2865614891052246,1.3288209959864616,-0.6436104699969292,-178.93908943980932
88155,0000d24200600600,-67.25909169763327,126.6419530659914,1986.9288787841797,-74.06106948852539,-15.226947784423828,-0.6043457984924316,1.3736185804009438,-0.6484012305736542,-179.04247786849737
88255,0008d24200600600,-67.25975722074509,126.64160203188658,1986.3830261230469,-74.40267944335938,-15.079204559326172,-0.26474714279174805,1.6880100220441818,-0.6169194728136063,-179.16018392890692
88355,0010d24200600600,-67.26042542606592,126.6412553563714,1986.1967468261719,-74.69485664367676,-14.923812866210938,0.05003023147583008,1.9243404641747475,-0.6152454391121864,-179.34028923511505
88455,0018d24200600600,-67.26109597831964,126.64091270416975,1986.3489990234375,-74.93569755554199,-14.74343490600586,0.49878454208374023,2.1254997700452805,-0.6128854304552078,-179.49023980647326
88555,0020d24200600600,-67.26176854223013,126.64057273417711,1986.7267608642578,-75.1533203125,-14.632307052612305,0.3623499870300293,1.7352896556258202,0.25965727865695953,-179.71027817577124
88655,0028d24200600600,-67.26244278252125,126.64023578166962,1987.0698699951172,-75.36755180358887,-14.57632064819336,0.5108981132507324,2.0105473324656487,0.59532031416893,179.95859775692225
88755,0030d24200600600,-67.26311903446913,126.63989748805761,1987.5477600097656,-75.57283020019531,-14.590021133422852,0.4985222816467285,1.6921919211745262,1.4428732171654701,179.8842878267169
88855,0038d24200600600,-67.26379696279764,126.63955751806498,1987.9252166748047,-75.76925277709961,-14.755722045898438,0.30110788345336914,1.673061065375805,2.290712781250477,-179.8679632321
88955,0040d24200600600,-67.26447690278292,126.63921251893044,1988.2231903076172,-75.99766159057617,-15.044427871704102,0.39396047592163086,1.6587202996015549,2.5287018343806267,-179.45098467171192
89055,fe47d2420082e1f9,-67.26515952497721,126.63886282593012,1988.563949584961,-76.29377174377441,-15.389867782592773,0.309140682220459,1.509791985154152,2.8682946413755417,-179.15859907865524
89155,0050d24200600600,-67.26584482938051,126.63850206881762,1988.8480224609375,-76.52706718444824,-15.792339324951172,0.27663373947143555,1.4666486531496048,2.8937404230237007,-178.87716125696898
89255,0058d24200600600,-67.26653147488832,126.63813259452581,1989.0964050292969,-76.74349784851074,-16.191408157348633,0.20659971237182617,1.3639187067747116,2.8268152847886086,-178.47460124641657
89355,0060d24200600600,-67.26721946150064,126.63775105029345,1989.266342163086,-76.92807960510254,-16.6082820892334,0.18366003036499023,1.423475481569767,2.6363177597522736,-178.0233259499073
89455,0068d24200600600,-67.26790979504585,126.63736212998629,1989.4917602539062,-77.12569999694824,-17.005359649658203,0.22101163864135742,1.3787620514631271,2.477315403521061,-177.7712858095765
89555,0070d24200600600,-67.26860247552395,126.6369641572237,1989.7519226074219,-77.34951972961426,-17.34139060974121,0.13585996627807617,1.2454864382743835,2.227528654038906,-177.60376643389463
89655,0078d24200600600,-67.26929649710655,126.63655880838633,1989.9285736083984,-77.56084632873535,-17.671472549438477,0.12351274490356445,1.2984094396233559,2.0518456399440765,-177.36550077795982
89755,0080d24200600600,-67.26999253034592,126.63614708930254,1990.0695343017578,-77.74658584594727,-17.954084396362305,0.16182184219360352,1.2505018338561058,1.910381242632866,-177.1167030930519
89855,0088d24200600600,-67.27068889886141,126.63572899997234,1990.1913604736328,-77.91380310058594,-18.230369567871094,0.034441471099853516,1.0951513051986694,1.7317333817481995,-176.8854121863842
89955,0090d24200600600,-67.27138761430979,126.63530386984348,1990.1674194335938,-78.12228965759277,-18.463748931884766,-0.07504796981811523,1.0975736752152443,1.5069350972771645,-176.7335569113493
90055,0098d24200600600,-67.27208901196718,126.63487304002047,1990.0745697021484,-78.33576011657715,-18.653223037719727,-0.10630941390991211,1.1054063960909843,1.309744119644165,-176.58749151974916
90155,00a0d24200600600,-67.27279242128134,126.63443852216005,1989.9486083984375,-78.54219055175781,-18.830472946166992,-0.15067338943481445,1.0818609595298767,1.1510971561074257,-176.4167095720768
90255,00a8d24200600600,-67.27349750697613,126.63399998098612,1989.7536163330078,-78.74119186401367,-18.9843692779541,-0.18242502212524414,1.048940196633339,1.0084043070673943,-176.30090955644846
90355,00b0d24200600600,-67.27420393377542,126.63355674594641,1989.5119018554688,-78.93263053894043,-19.134069442749023,-0.22493791580200195,1.0118187591433525,0.8840275928378105,-176.20028346776962
90455,00b8d24200600600,-67.27491203695536,126.63311149924994,1989.2663879394531,-79.11405563354492,-19.256362915039062,-0.25200510025024414,0.9838416427373886,0.7085521146655083,-176.1171517521143
90555,00c0d24200600600,-67.2756214812398,126.63266390562057,1988.9722137451172,-79.29001808166504,-19.330171585083008,-0.33097314834594727,0.9495164081454277,0.5240074172616005,-176.05559036135674
90655,00c8d24200600600,-67.276332937181,126.63221463561058,1988.6211700439453,-79.46004867553711,-19.40900993347168,-0.30994081497192383,0.972178727388382,0.4274562746286392,-175.95861442387104
90755,00d0d24200600600,-67.27704539895058,126.63176368921995,1988.2991943359375,-79.63745880126953,-19.468063354492188,-0.2791867256164551,0.9206585213541985,0.2951747551560402,-175.96989680081606
90855,00d8d24200600600,-67.27775987237692,126.63131173700094,1987.949966430664,-79.81166648864746,-19.472049713134766,-0.3618626594543457,0.8299153670668602,0.00219639390707016,-175.91754376888275
90955,00e0d24200600600,-67.2784760221839,126.6308594495058,1987.519058227539,-79.9925365447998,-19.423572540283203,-0.39405012130737305,0.8680235221982002,-1.2604990974068642,-175.6433465704322
91055,00e8d24200600600,-67.27919317781925,126.6304125264287,1987.0461730957031,-80.17105102539062,-19.221593856811523,-0.5561680793762207,0.7619662955403328,-2.353331632912159,-175.7295497506857
91155,00f0d24200600600,-67.27991200983524,126.62997163832188,1986.4817962646484,-80.35568618774414,-18.884740829467773,-0.6137881278991699,0.7661740109324455,-2.6686350256204605,-176.2403777986765
91255,00f8d24200600600,-67.280632853508,126.6295387968421,1985.946517944336,-80.55573463439941,-18.4232120513916,-0.4991631507873535,0.7450331747531891,-3.045020028948784,-176.8639213219285
91355,0000d34200600600,-67.28135537356138,126.62911903113127,1985.607162475586,-80.76014709472656,-17.903793334960938,-0.394442081451416,0.6603850051760674,-2.7095501124858856,-177.28454902768135
91455,0008d34200600600,-67.28208057582378,126.62871234118938,1985.3660736083984,-80.94314002990723,-17.383508682250977,-0.32590150833129883,0.5614979937672615,-2.4956580251455307,-177.46480956673622
91555,fe0fd3420082e1f9,-67.28280577808619,126.62831705063581,1985.0621185302734,-81.08953475952148,-16.94727325439453,-0.3617415428161621,0.47309406101703644,-2.7391134202480316,-177.62300491333008
91655,0018d34200600600,-67.2835323214531,126.62793014198542,1984.6958770751953,-81.25624084472656,-16.540172576904297,-0.39546918869018555,0.3846542537212372,-2.917230874300003,-177.91430488228798
91755,0020d34200600600,-67.28426087647676,126.62754960358143,1984.2468719482422,-81.4294490814209,-16.13474464416504,-0.4794154167175293,0.2776606008410454,-3.003082014620304,-178.44351679086685
91855,0028d34200600600,-67.28499177843332,126.62717912346125,1983.7449798583984,-81.62893486022949,-15.665428161621094,-0.48244714736938477,0.24072054773569107,-2.920573577284813,-178.93385108560324
91955,0030d34200600600,-67.28572435677052,126.62682104855776,1983.2543640136719,-81.80367660522461,-15.206592559814453,-0.5612931251525879,0.10891411453485489,-2.4327411130070686,-179.3398181721568
92055,0038d34200600600,-67.28645794093609,126.62647303193808,1982.6737213134766,-81.96095275878906,-14.754108428955078,-0.6107954978942871,0.15019498765468597,-2.342200130224228,-179.6054396778345
92155,0040d34200600600,-67.28719219565392,126.62613540887833,1982.0410614013672,-82.10148239135742,-14.39017105102539,-0.6740784645080566,0.09336534887552261,-2.177009917795658,-179.73334047943354
92255,0048d34200600600,-67.2879284620285,126.62580650299788,1981.3957977294922,-82.26962852478027,-14.083581924438477,-0.7127432823181152,0.1371913030743599,-1.922730803489685,-179.96167458593845
92355,0050d34200600600,-67.2886660695076,126.62548564374447,1980.8489227294922,-82.44965744018555,-13.833852767944336,-0.6076912879943848,0.06737709045410156,-1.0204299911856651,179.66675095260143
92455,0058d34200600600,-67.2894050180912,126.62516880780458,1980.3438110351562,-82.59700584411621,-13.631582260131836,-0.6329646110534668,0.070805624127388,-0.618053711950779,179.43325091153383
92555,0060d34200600600,-67.29014497250319,126.62485599517822,1979.7057037353516,-82.73781967163086,-13.512136459350586,-0.7254776954650879,0.02626921981573105,-0.26754431426525116,179.51784007251263
92655,0068d34200600600,-67.29088693857193,126.6245425119996,1978.9864654541016,-82.89678764343262,-13.502607345581055,-0.7223305702209473,0.09484626352787018,0.09828317910432816,179.61931809782982
92755,0070d34200600600,-67.29163058102131,126.62422701716423,1978.3011627197266,-83.04972839355469,-13.56856918334961,-0.674593448638916,0.09929805994033813,0.32821018248796463,179.5738261565566
92855,0078d34200600600,-67.29237589985132,126.62390951067209,1977.7398681640625,-83.20754051208496,-13.615352630615234,-0.5636067390441895,0.125088170170784,0.4183545336127281,179.49360731989145
92955,0080d34200600600,-67.29312356561422,126.62359032779932,1977.2716217041016,-83.38334655761719,-13.686544418334961,-0.5507550239562988,0.05824383348226547,0.5042107030749321,179.57172833383083
93055,0088d34200600600,-67.29387190192938,126.62327080965042,1976.7812957763672,-83.53631210327148,-13.81321907043457,-0.5063862800598145,0.1642226055264473,0.6218929588794708,179.77925956249237
93155,0090d34200600600,-67.29462090879679,126.62295028567314,1976.2763366699219,-83.66625213623047,-13.932365417480469,-0.5130515098571777,0.11303029954433441,0.5866916477680206,179.89675875753164
93255,0098d34200600600,-67.2953712567687,126.6226264089346,1975.6974182128906,-83.79411125183105,-14.043251037597656,-0.5935931205749512,0.17461348325014114,0.5019207671284676,179.91826705634594
93355,00a0d34200600600,-67.296122610569,126.62230052053928,1975.151626586914,-83.90769577026367,-14.108795166015625,-0.5037751197814941,0.19545793533325195,0.4199407249689102,179.99180015176535
93455,00a8d34200600600,-67.2968753054738,126.62197027355433,1974.688247680664,-84.00736236572266,-14.205831527709961,-0.4991316795349121,0.26451878249645233,0.40911633521318436,-179.87915642559528
93555,00b0d34200600600,-67.29762867093086,126.62163734436035,1974.245849609375,-84.08194923400879,-14.30740737915039,-0.47468996047973633,0.23108873516321182,0.38150500506162643,-179.73943311721087
93655,00b8d34200600600,-67.29838203638792,126.62130542099476,1973.8214416503906,-84.16040992736816,-14.410268783569336,-0.35120058059692383,0.417957566678524,0.32154589891433716,-179.69755444675684
93755,00c0d34200600600,-67.29913674294949,126.6209714859724,1973.6042785644531,-84.25119590759277,-14.468536376953125,-0.14316892623901367,0.3419216349720955,0.3058670461177826,-179.8210845887661
93855,00c8d34200600600,-67.2998921200633,126.62063553929329,1973.412826538086,-84.31382179260254,-14.522378921508789,-0.23666620254516602,0.33421866595745087,0.5731954425573349,-179.7557570412755
93955,00d0d34200600600,-67.30064783245325,126.62029825150967,1973.2333068847656,-84.39016151428223,-14.646684646606445,-0.02319478988647461,0.37746425718069077,0.7555216178297997,-179.49943207204342
94055,00d8d34200600600,-67.3014048859477,126.61995559930801,1973.1705780029297,-84.43869400024414,-14.825439453125,-0.03966569900512695,0.377407930791378,0.7919885963201523,-179.3846345320344
94155,fedfd3420082e1f9,-67.30216193944216,126.61960825324059,1973.222412109375,-84.47817420959473,-15.00948715209961,0.15862321853637695,0.39068352431058884,0.7662172615528107,-179.3243284150958
94255,00e8d34200600600,-67.30291798710823,126.61925856024027,1973.2479553222656,-84.49429893493652,-15.170074462890625,0.0416712760925293,0.3829316049814224,0.7408066838979721,-179.2034261673689
94355,00f0d34200600600,-67.30367504060268,126.61890517920256,1973.3426666259766,-84.5152816772461,-15.338945388793945,0.3256525993347168,0.578727163374424,0.7261836156249046,-179.11731217056513
94455,00f8d34200600600,-67.30443209409714,126.61854643374681,1973.6278686523438,-84.50760650634766,-15.484485626220703,0.22867059707641602,0.3732830286026001,0.6219694018363953,-179.09217853099108
94555,0000d44200600600,-67.30518948286772,126.61818567663431,1973.7479248046875,-84.51119041442871,-15.607057571411133,0.1836543083190918,0.5232959613204002,0.5112625658512115,-178.91947075724602
94655,0008d44200600600,-67.3059468716383,126.6178222373128,1973.8659362792969,-84.52194786071777,-15.704225540161133,0.22513246536254883,0.5358074605464935,0.44440750032663345,-178.78006629645824
94755,0010d44200600600,-67.30670426040888,126.61745477467775,1974.0338897705078,-84.52413558959961,-15.826128005981445,0.11714601516723633,0.4976721480488777,0.47584936022758484,-178.67690786719322
94855,0018d44200600600,-67.30746198445559,126.61708563566208,1974.1570892333984,-84.54240417480469,-15.918643951416016,0.1528944969177246,0.568067729473114,0.3522595390677452,-178.65681678056717
94955,0020d44200600600,-67.30822071433067,126.61671582609415,1974.3568267822266,-84.58005142211914,-15.984426498413086,0.19509553909301758,0.5623539537191391,0.2708025276660919,-178.64655330777168
95055,0028d44200600600,-67.30897910892963,126.61634434014559,1974.5816497802734,-84.60350227355957,-16.03708267211914,0.24849367141723633,0.5995531752705574,0.25371719151735306,-178.64338528364897
95155,0030d44200600600,-67.30973683297634,126.61597084254026,1974.8145751953125,-84.5875358581543,-16.116540908813477,0.325498104095459,0.6859387457370758,0.21264251321554184,-178.60577702522278
95255,0038d44200600600,-67.31049422174692,126.61559667438269,1975.2036590576172,-84.5756664276123,-16.15433120727539,0.5310482978820801,0.7715850323438644,0.23452196270227432,-178.55164535343647
95355,0040d44200600600,-67.31125093996525,126.6152211651206,1975.7311248779297,-84.52317810058594,-16.225988388061523,0.5125746726989746,0.8407622203230858,0.23500442504882812,-178.4637413173914
95455,0048d44200600600,-67.3120079934597,126.61484196782112,1976.3559112548828,-84.48172187805176,-16.292451858520508,0.6061434745788574,0.8488292992115021,0.11204022914171219,-178.35655689239502
95555,0050d44200600600,-67.31276538223028,126.61446545273066,1977.0909729003906,-84.48677062988281,-16.323190689086914,0.7910523414611816,0.9872453659772873,-0.044809989631175995,-178.34338255226612
95655,0058d44200600600,-67.31352277100086,126.61408692598343,1977.974380493164,-84.45735740661621,-16.309751510620117,0.9589848518371582,0.9732278063893318,-0.11317715048789978,-178.39205894619226
95755,0060d44200600600,-67.31427881866693,126.61370873451233,1978.9083862304688,-84.38224983215332,-16.291656494140625,0.9938435554504395,1.0050243884325027,-0.1613844931125641,-178.43255124986172
95855,0068d44200600600,-67.3150335252285,126.61332953721285,1979.8611755371094,-84.28534698486328,-16.27420425415039,1.0304179191589355,1.0789410397410393,-0.060108304023742676,-178.40043917298317
95955,0070d44200600600,-67.31578756123781,126.61295134574175,1980.9257507324219,-84.22107696533203,-16.27947425842285,1.023827075958252,1.015259027481079,-0.08677516132593155,-178.37403651326895
96055,0078d44200600600,-67.31654159724712,126.61257147789001,1982.0404815673828,-84.12965965270996,-16.293659210205078,1.10188627243042,1.1390087753534317,-0.11007115244865417,-178.41334529221058
96155,0080d44200600600,-67.31729462742805,126.61219328641891,1983.2729797363281,-84.07303619384766,-16.2624454498291,1.157397747039795,1.0519469529390335,-0.23405659943819046,-178.52006301283836
96255,0088d44200600600,-67.31804832816124,126.6118161007762,1984.395248413086,-84.05286407470703,-16.24080467224121,0.9517025947570801,0.9539749100804329,-0.13444405049085617,-178.5825189203024
96355,0090d44200600600,-67.3188016936183,126.61143891513348,1985.2947082519531,-84.03270530700684,-16.217029571533203,0.901787281036377,1.024702750146389,-0.15095137059688568,-178.67042161524296
96455,0098d44200600600,-67.31955505907536,126.61106340587139,1986.1976318359375,-84.02666282653809,-16.160381317138672,0.7947688102722168,0.9419629722833633,-0.19398842006921768,-178.50213546305895
96555,00a0d44200600600,-67.32030842453241,126.61068957298994,1986.9673461914062,-84.01588249206543,-16.167509078979492,0.684175968170166,0.9750976413488388,-0.11489242315292358,-178.34144365042448
96655,fea7d4420082e1f9,-67.32106078416109,126.6103133931756,1987.5534057617188,-83.97699165344238,-16.19061279296875,0.5805296897888184,0.9511247277259827,-0.30481763184070587,-178.4112062305212
96755,00b0d44200600600,-67.32181314378977,126.60993687808514,1988.0934753417969,-83.95823669433594,-16.1573429107666,0.49908876419067383,0.9845886379480362,-0.32654084265232086,-178.4791724011302
96855,00b8d44200600600,-67.32256550341845,126.60956103354692,1988.628662109375,-83.93853187561035,-16.126829147338867,0.49811887741088867,0.9978172928094864,-0.27446676045656204,-178.46660021692514
96955,00c0d44200600600,-67.32331786304712,126.60918552428484,1989.0521545410156,-83.90103530883789,-16.118972778320312,0.48578405380249023,1.0270265489816666,-0.18762454390525818,-178.43117963522673
97055,00c8d44200600600,-67.32406921684742,126.6088093444705,1989.4829406738281,-83.88080024719238,-16.127849578857422,0.5792431831359863,1.0941991209983826,-0.33430315554142,-178.4915591776371
97155,00d0d44200600600,-67.32482023537159,126.60843182355165,1990.0348815917969,-83.82950401306152,-16.146631240844727,0.615847110748291,1.0713738575577736,-0.3266407549381256,-178.6085544526577
97255,00d8d44200600600,-67.32557091861963,126.60805698484182,1990.639175415039,-83.77369117736816,-16.096126556396484,0.6497540473937988,1.1283020675182343,-0.2732641249895096,-178.71853306889534
97355,00e0d44200600600,-67.32632126659155,126.60768382251263,1991.2630767822266,-83.72785377502441,-16.056589126586914,0.585817813873291,1.020582877099514,-0.2290908247232437,-178.72179429978132
97455,00e8d44200600600,-67.32707127928734,126.60731133073568,1991.8230743408203,-83.69099998474121,-16.027910232543945,0.5955767631530762,1.092623993754387,-0.16140494495630264,-178.6504689976573
97555,00f0d44200600600,-67.32782062143087,126.60693917423487,1992.4298706054688,-83.64087295532227,-16.03333282470703,0.6269011497497559,1.0548551380634308,-0.26089176535606384,-178.64473208785057
97655,00f8d44200600600,-67.32856929302216,126.60656802356243,1993.0396270751953,-83.59871482849121,-15.99728012084961,0.6447138786315918,1.0874436423182487,-0.29503360390663147,-178.75367738306522
97755,0000d54200600600,-67.32931796461344,126.60619653761387,1993.7116241455078,-83.5723819732666,-15.938772201538086,0.7008376121520996,1.0157998278737068,-0.32478131353855133,-178.8628151267767
97855,0008d54200600600,-67.33006730675697,126.60582538694143,1994.4010467529297,-83.57401466369629,-15.897727966308594,0.5889239311218262,0.9593027830123901,-0.20200084894895554,-178.75912461429834
97955,0010d54200600600,-67.33081664890051,126.60545658320189,1994.9549865722656,-83.59122657775879,-15.886137008666992,0.47458887100219727,0.9063720703125,-0.22659536451101303,-178.69075443595648
98055,0018d54200600600,-67.33156632632017,126.60508744418621,1995.3018951416016,-83.62883949279785,-15.859277725219727,0.29177331924438477,0.8289330080151558,-0.2707083150744438,-178.707080706954
98155,0020d54200600600,-67.33231600373983,126.60472065210342,1995.5007934570312,-83.67668724060059,-15.838306427001953,0.30840635299682617,0.8602122589945793,-0.2690611034631729,-178.76075439155102
98255,0028d54200600600,-67.33306668698788,126.60435218364,1995.7201690673828,-83.73452568054199,-15.799646377563477,0.25675058364868164,0.7454445585608482,-0.30409645289182663,-178.7753466144204
98355,0030d54200600600,-67.33381804078817,126.60398606210947,1995.9307556152344,-83.80951690673828,-15.756614685058594,0.25340890884399414,0.7715132832527161,-0.29052581638097763,-178.79482112824917
98455,0038d54200600600,-67.33457040041685,126.60362161695957,1996.0272674560547,-83.87664031982422,-15.690397262573242,0.13370943069458008,0.6394781917333603,-0.28340253978967667,-178.81998661905527
98555,0040d54200600600,-67.33532276004553,126.60325784236193,1995.9079895019531,-83.95852661132812,-15.669490814208984,-0.06090879440307617,0.6014793366193771,-0.22504404187202454,-178.73306058347225
98655,0048d54200600600,-67.33607579022646,126.60289373248816,1995.6551666259766,-84.04644584655762,-15.674966812133789,-0.06844282150268555,0.6007722392678261,-0.24309899657964706,-178.68664361536503
98755,0050d54200600600,-67.3368301615119,126.6025272756815,1995.4488983154297,-84.14233589172363,-15.695690155029297,-0.14772367477416992,0.5689769983291626,-0.31766172498464584,-178.73014736920595
98855,0058d54200600600,-67.33758520334959,126.6021628305316,1995.2941436767578,-84.24770736694336,-15.656438827514648,-0.06589269638061523,0.5865223333239555,-0.28541453182697296,-178.79919581115246
98955,0060d54200600600,-67.33834125101566,126.60180106759071,1995.1298217773438,-84.3272647857666,-15.607179641723633,-0.1692347526550293,0.502777062356472,-0.24200666695833206,-178.83677892386913
99055,0068d54200600600,-67.33909696340561,126.6014389693737,1994.9085235595703,-84.38790130615234,-15.565048217773438,-0.2062087059020996,0.540543906390667,-0.18360458314418793,-178.93135763704777
99155,fe6fd5420082e1f9,-67.33985368162394,126.60107787698507,1994.7405548095703,-84.44821548461914,-15.52657699584961,-0.1112065315246582,0.5512053519487381,-0.14515042304992676,-178.98422095924616
99255,0078d54200600600,-67.34061073511839,126.6007174551487,1994.5981750488281,-84.5052261352539,-15.502067565917969,-0.0777735710144043,0.5113091692328453,-0.06327398121356964,-178.9324003458023
99355,0080d54200600600,-67.34136879444122,126.6003566980362,1994.3485565185547,-84.55337142944336,-15.509536743164062,-0.13066434860229492,0.5439684167504311,-0.026017427444458008,-178.9526493474841
99455,0088d54200600600,-67.34212752431631,126.5999986231327,1994.0172271728516,-84.62502098083496,-15.492820739746094,-0.1369175910949707,0.5110969394445419,-0.08162498474121094,-179.04535923153162
99555,0090d54200600600,-67.3428875952959,126.59963920712471,1993.8276672363281,-84.71138381958008,-15.469350814819336,-0.14919233322143555,0.5309533327817917,-0.17150983214378357,-179.1685812547803
99655,0098d54200600600,-67.34364800155163,126.5992807969451,1993.6765441894531,-84.76837158203125,-15.405487060546875,-0.13399648666381836,0.5731602385640144,-0.2793138474225998,-179.2303143069148
99755,00a0d54200600600,-67.34440874308348,126.59892473369837,1993.4658813476562,-84.83809661865234,-15.359277725219727,-0.08365869522094727,0.5681384727358818,-0.28813429176807404,-179.20901723206043
99855,00a8d54200600600,-67.3451691493392,126.59857001155615,1993.179214477539,-84.86953735351562,-15.306562423706055,-0.09086179733276367,0.6141209229826927,-0.2763969451189041,-179.28636778146029
99955,00b0d54200600600,-67.34592989087105,126.5982149541378,1992.9949951171875,-84.89400100708008,-15.244405746459961,-0.06329107284545898,0.5807870998978615,-0.30211329460144043,-179.4328609853983
100055,00b8d54200600600,-67.3466919735074,126.59786023199558,1992.9005889892578,-84.95306968688965,-15.201269149780273,-0.029477596282958984,0.6068705767393112,-0.3522699326276779,-179.37448035925627
100155,00c0d54200600600,-67.34745405614376,126.59750752151012,1992.840103149414,-84.98128318786621,-15.138675689697266,0.04824495315551758,0.593281164765358,-0.35240571945905685,-179.28437154740095
100255,00c8d54200600600,-67.34821613878012,126.59715849906206,1992.8172302246094,-85.01091384887695,-15.057891845703125,0.10073614120483398,0.5678253248333931,-0.3587256744503975,-179.28923573344946
100355,00d0d54200600600,-67.34897922724485,126.59681182354689,1992.8184814453125,-85.07825088500977,-14.969966888427734,0.050692081451416016,0.4636077582836151,-0.3814765065908432,-179.31414742022753
100455,00d8d54200600600,-67.34974231570959,126.59646481275558,1992.7227935791016,-85.10894393920898,-14.877771377563477,-0.02919149398803711,0.4732774570584297,-0.4419180750846863,-179.39667262136936
100555,00e0d54200600600,-67.35050540417433,126.59612115472555,1992.5925750732422,-85.13908958435059,-14.767990112304688,-0.020606517791748047,0.41407540440559387,-0.29899153858423233,-179.3891265615821
100655,00e8d54200600600,-67.35126916319132,126.59578017890453,1992.447250366211,-85.1903018951416,-14.699153900146484,0.0003514289855957031,0.4808935895562172,-0.27824532240629196,-179.3399465829134
100755,00f0d54200600600,-67.35203292220831,126.59544087946415,1992.3612060546875,-85.23026847839355,-14.648523330688477,0.036809444427490234,0.4015461355447769,-0.23456454277038574,-179.35030158609152
100855,00f8d54200600600,-67.3527966812253,126.59510023891926,1992.312759399414,-85.26017379760742,-14.653596878051758,-0.04543352127075195,0.3903442248702049,-0.1900428906083107,-179.4335037097335
100955,0000d64200600600,-67.3535617813468,126.59475825726986,1992.2458190917969,-85.33436012268066,-14.6575927734375,0.04496145248413086,0.3967443108558655,-0.04838269203901291,-179.50148094445467
101055,0008d64200600600,-67.35432755202055,126.59441761672497,1992.1294403076172,-85.3871078491211,-14.640800476074219,0.052500247955322266,0.37347447127103806,-0.02562951296567917,-179.49323516339064
101155,0010d64200600600,-67.35509265214205,126.59407932311296,1992.1084747314453,-85.42120933532715,-14.609758377075195,0.18104791641235352,0.42924564331769943,0.13593871146440506,-179.4892182201147
101255,0018d64200600600,-67.35585741698742,126.5937427058816,1992.1703186035156,-85.43788146972656,-14.602008819580078,0.1750807762145996,0.4073289781808853,0.13189628720283508,-179.4237270578742
101355,0020d64200600600,-67.35662285238504,126.59340407699347,1992.2877044677734,-85.47430419921875,-14.643533706665039,0.2504420280456543,0.39507463574409485,0.26596616953611374,-179.33876138180494
101455,0028d64200600600,-67.35738895833492,126.59306544810534,1992.4821472167969,-85.5130672454834,-14.653499603271484,0.28916120529174805,0.37673503160476685,0.07036305963993073,-179.40802171826363
101555,0030d64200600600,-67.35815607011318,126.59272447228432,1992.7025299072266,-85.58423042297363,-14.698844909667969,0.32196569442749023,0.34082695841789246,0.18254142254590988,-179.4779747352004
101655,fe37d6420082e1f9,-67.35892284661531,126.59238047897816,1992.8868560791016,-85.62189483642578,-14.72414779663086,0.24791860580444336,0.29129594564437866,0.18851470202207565,-179.43461783230305
101755,0040d64200600600,-67.35968928784132,126.59203916788101,1993.0658416748047,-85.66314506530762,-14.766824722290039,0.20961713790893555,0.3064246103167534,0.23546140640974045,-179.3211841955781
101855,0048d64200600600,-67.36045740544796,126.5916945040226,1993.2291870117188,-85.7155876159668,-14.800069808959961,0.14242219924926758,0.23827839642763138,0.24036381393671036,-179.261104054749
101955,0050d64200600600,-67.3612255230546,126.59134682267904,1993.2410125732422,-85.75412178039551,-14.893135070800781,0.06175565719604492,0.2500271424651146,0.22867072373628616,-179.11181297153234
102055,0058d64200600600,-67.3619943112135,126.59099914133549,1993.2432403564453,-85.81327629089355,-14.965036392211914,0.007515430450439453,0.21667689085006714,0.19888781011104584,-179.08715810626745
102155,0060d64200600600,-67.36276376992464,126.59065045416355,1993.2264404296875,-85.86800956726074,-15.004602432250977,-0.0034995079040527344,0.2591429650783539,0.029919371008872986,-179.22463439404964
102255,0068d64200600600,-67.36353222280741,126.59030310809612,1993.1228332519531,-85.8931941986084,-15.007247924804688,-0.060007572174072266,0.20776525139808655,0.16952365636825562,-179.23641599714756
102355,0070d64200600600,-67.36430134624243,126.58995643258095,1992.989730834961,-85.92951011657715,-15.012313842773438,-0.1617445945739746,0.1765795424580574,0.19544284790754318,-179.1060408577323
102455,0078d64200600600,-67.36507147550583,126.58960707485676,1992.8699798583984,-85.97979164123535,-15.09063720703125,-0.19283246994018555,0.1834181696176529,0.20152408629655838,-179.01790849864483
102555,0080d64200600600,-67.36584160476923,126.58925469964743,1992.7230834960938,-86.00369644165039,-15.15455436706543,-0.1667780876159668,0.2112537994980812,0.14571335166692734,-179.05008595436811
102655,0088d64200600600,-67.36661307513714,126.58890198916197,1992.5567321777344,-86.04977607727051,-15.163917541503906,-0.21933507919311523,0.18931835889816284,0.06508614867925644,-179.1212885454297
102755,0090d64200600600,-67.36738488078117,126.58854726701975,1992.3392333984375,-86.10080146789551,-15.214105606079102,-0.22137117385864258,0.17474189400672913,0.24793434888124466,-179.0148926898837
102855,0098d64200600600,-67.36815668642521,126.58819388598204,1992.1566619873047,-86.14020347595215,-15.259937286376953,-0.2212510108947754,0.23341789841651917,0.23165568709373474,-178.8896492868662
102955,00a0d64200600600,-67.36892882734537,126.58783916383982,1992.0670166015625,-86.16810417175293,-15.300472259521484,-0.11560392379760742,0.25508109480142593,0.08673761039972305,-178.83148156106472
103055,00a8d64200600600,-67.36970130354166,126.58748276531696,1991.9847717285156,-86.19565963745117,-15.33073616027832,-0.07082891464233398,0.2945464476943016,0.0280119851231575,-178.87881383299828
103155,00b0d64200600600,-67.37047411501408,126.58712536096573,1991.9166564941406,-86.22973251342773,-15.334590911865234,-0.025050640106201172,0.24389661848545074,0.07804222404956818,-178.90521716326475
103255,00b8d64200600600,-67.37124659121037,126.58676728606224,1991.8416748046875,-86.22488594055176,-15.384496688842773,-0.07460737228393555,0.2674863114953041,0.17583724111318588,-178.81093718111515
103355,00c0d64200600600,-67.37201940268278,126.58640686422586,1991.736572265625,-86.24995613098145,-15.457317352294922,-0.10434770584106445,0.24025719612836838,0.15837036073207855,-178.76174915581942
103455,00c8d64200600600,-67.37279254943132,126.58604510128498,1991.5980224609375,-86.27688407897949,-15.513311386108398,-0.14959192276000977,0.2527328208088875,0.03984019160270691,-178.7787463143468
103555,00d0d64200600600,-67.373566031456,126.5856833383441,1991.3419036865234,-86.29301834106445,-15.530136108398438,-0.2242732048034668,0.26311129331588745,0.034996792674064636,-178.75410720705986
103655,00d8d64200600600,-67.37433984875679,126.58532224595547,1991.0603332519531,-86.30676460266113,-15.541421890258789,-0.25017404556274414,0.2378341555595398,0.12767348438501358,-178.68613500148058
103755,00e0d64200600600,-67.37511366605759,126.5849594771862,1990.8370056152344,-86.31116485595703,-15.573631286621094,-0.22532987594604492,0.324992872774601,0.06971161812543869,-178.6325853690505
103855,00e8d64200600600,-67.37588748335838,126.58459603786469,1990.6226348876953,-86.32274436950684,-15.604734420776367,-0.21668386459350586,0.2902881056070328,-0.056790076196193695,-178.6171666905284
103955,00f0d64200600600,-67.37666230648756,126.58423226326704,1990.333755493164,-86.3545970916748,-15.601272583007812,-0.2193312644958496,0.33396754413843155,-0.14138326048851013,-178.62256664782763
104055,00f8d64200600600,-67.37743746489286,126.58386748284101,1990.0662384033203,-86.38605308532715,-15.617109298706055,-0.19772005081176758,0.2680445462465286,0.014435313642024994,-178.54300931096077
104155,0000d74200600600,-67.3782129585743,126.58350270241499,1989.8716125488281,-86.42400741577148,-15.653186798095703,-0.11792325973510742,0.32424621284008026,-0.11134620755910873,-178.48337911069393
104255,fe07d7420082e1f9,-67.37898878753185,126.58313926309347,1989.7371673583984,-86.45388221740723,-15.683055877685547,-0.02182912826538086,0.33817123621702194,-0.15822652727365494,-178.56838501989841
104355,0010d74200600600,-67.37976461648941,126.58277247101068,1989.7265930175781,-86.4606990814209,-15.688606262207031,0.09986257553100586,0.33978693187236786,-0.33184222877025604,-178.710320815444
104455,0018d74200600600,-67.38053977489471,126.5824056789279,1989.7405700683594,-86.46677780151367,-15.669803619384766,0.009479045867919922,0.2227306365966797,-0.25242939591407776,-178.7914864718914
104555,0020d74200600600,-67.3813159391284,126.582041233778,1989.6558837890625,-86.49359893798828,-15.661937713623047,0.024218082427978516,0.27640096843242645,-0.17732620239257812,-178.7376582249999
104655,0028d74200600600,-67.38209210336208,126.58167745918036,1989.5974426269531,-86.5247917175293,-15.649690628051758,0.09234380722045898,0.2506430447101593,-0.21572235971689224,-178.7210114300251
104755,0030d74200600600,-67.38286826759577,126.58131469041109,1989.6309204101562,-86.56202507019043,-15.63222885131836,0.12585783004760742,0.2046002447605133,-0.24434655904769897,-178.68373945355415
104855,0038d74200600600,-67.3836451023817,126.58094923943281,1989.6871643066406,-86.58148765563965,-15.638675689697266,0.19547319412231445,0.18946487456560135,-0.2437826246023178,-178.70278883725405
104955,0040d74200600600,-67.38442160189152,126.58058378845453,1989.7082214355469,-86.61059379577637,-15.637105941772461,0.21433687210083008,0.16371868550777435,-0.30792463570833206,-178.79768036305904
105055,0048d74200600600,-67.38519843667746,126.58022001385689,1989.6792907714844,-86.61905860900879,-15.590803146362305,0.10689687728881836,0.12827396392822266,-0.14982149004936218,-178.83179873228073
105155,0050d74200600600,-67.38597426563501,126.57985858619213,1989.552719116211,-86.61801719665527,-15.56246566772461,0.004311084747314453,0.10057345032691956,-0.11400561779737473,-178.7478657066822
105255,0058d74200600600,-67.38675210624933,126.57949481159449,1989.4402313232422,-86.6701889038086,-15.567499160766602,-0.004353046417236328,0.09139660745859146,-0.2623019367456436,-178.6655031144619
105355,0060d74200600600,-67.3875306174159,126.57913036644459,1989.3355407714844,-86.7367057800293,-15.587461471557617,-0.05722761154174805,0.05008656531572342,-0.27672987431287766,-178.72443459928036
105455,0068d74200600600,-67.38830845803022,126.57876625657082,1989.161880493164,-86.77205085754395,-15.56869125366211,-0.08520841598510742,0.06136693060398102,-0.28498169034719467,-178.8143626973033
105555,0070d74200600600,-67.3890869691968,126.5784041583538,1988.9388427734375,-86.83713912963867,-15.53115463256836,-0.15220022201538086,0.0034389272332191467,-0.18897905945777893,-178.80415689200163
105655,0078d74200600600,-67.3898658156395,126.5780434012413,1988.6519165039062,-86.90782737731934,-15.527177810668945,-0.19283819198608398,0.011452361941337585,-0.07993485778570175,-178.72048135846853
105755,0080d74200600600,-67.39064432680607,126.57768163830042,1988.3126983642578,-86.93194580078125,-15.531505584716797,-0.22847795486450195,0.04181865602731705,-0.2348605915904045,-178.67496360093355
105855,0088d74200600600,-67.39142317324877,126.5773181989789,1987.991928100586,-86.96079444885254,-15.556447982788086,-0.22837591171264648,0.07047705352306366,-0.08220534771680832,-178.67326945066452
105955,0090d74200600600,-67.3922023549676,126.57695911824703,1987.6827850341797,-86.98809242248535,-15.510614395141602,-0.23196744918823242,0.09194578975439072,-0.21145328879356384,-178.7488256022334
106055,0098d74200600600,-67.3929825425148,126.57659970223904,1987.377182006836,-87.01200866699219,-15.480522155761719,-0.27379941940307617,0.12209314852952957,-0.17000678926706314,-178.75289048999548
106155,00a0d74200600600,-67.39376239478588,126.57624129205942,1987.0897674560547,-87.03436470031738,-15.463035583496094,-0.22704553604125977,0.12975051999092102,-0.14423176646232605,-178.77876173704863
106255,00a8d74200600600,-67.39454325288534,126.57588053494692,1986.8128356933594,-87.05785179138184,-15.451831817626953,-0.22382497787475586,0.13165991753339767,-0.22787410765886307,-178.768540173769
106355,00b0d74200600600,-67.3953241109848,126.5755221247673,1986.5946655273438,-87.08565711975098,-15.42081069946289,-0.16101694107055664,0.21174799650907516,-0.25678932666778564,-178.75326666980982
106455,00b8d74200600600,-67.39610429853201,126.57516404986382,1986.437728881836,-87.07772636413574,-15.39786148071289,-0.15942049026489258,0.18163885921239853,-0.2555219829082489,-178.78590378910303
106555,00c0d74200600600,-67.39688515663147,126.57480597496033,1986.2799835205078,-87.08262634277344,-15.354978561401367,-0.20252561569213867,0.22843636572360992,-0.2889982983469963,-178.798414953053
106655,00c8d74200600600,-67.39766635000706,126.57445158809423,1986.1271209716797,-87.10200119018555,-15.313793182373047,-0.13197946548461914,0.22678982466459274,-0.27472592890262604,-178.7492198869586
106755,fecfd7420082e1f9,-67.39844720810652,126.57409485429525,1985.9546813964844,-87.08693313598633,-15.298120498657227,-0.11019754409790039,0.2828989550471306,-0.23724541068077087,-178.76433614641428
106855,00d8d74200600600,-67.39922739565372,126.57373879104853,1985.7878112792969,-87.07052612304688,-15.287593841552734,-0.10100793838500977,0.2870553731918335,-0.3634979948401451,-178.82507644593716
106955,00e0d74200600600,-67.40000791847706,126.57338339835405,1985.6259460449219,-87.0556697845459,-15.25888442993164,-0.12153005599975586,0.29983844608068466,-0.381416492164135,-178.86406034231186
107055,00e8d74200600600,-67.40078777074814,126.57302968204021,1985.4627380371094,-87.01974487304688,-15.186119079589844,-0.12493371963500977,0.3154562786221504,-0.36140453070402145,-178.88407196849585
107155,00f0d74200600600,-67.40156762301922,126.57267663627863,1985.3515930175781,-87.00112533569336,-15.127294540405273,-0.03371477127075195,0.362321175634861,-0.2908862382173538,-178.8518063351512
107255,00f8d74200600600,-67.40234814584255,126.57232258468866,1985.3948364257812,-86.9724178314209,-15.144071578979492,0.12342596054077148,0.39797578006982803,-0.24038057774305344,-178.76929622143507
107355,0000d84200600600,-67.4031276628375,126.5719698742032,1985.610580444336,-86.93120002746582,-15.136375427246094,0.2561335563659668,0.4334872215986252,-0.2542221173644066,-178.71156368404627
107455,0008d84200600600,-67.40390717983246,126.57161716371775,1985.9112396240234,-86.89764785766602,-15.116668701171875,0.29396677017211914,0.3586462140083313,-0.37931330502033234,-178.71726471930742
107555,0010d84200600600,-67.40468602627516,126.57126646488905,1986.172378540039,-86.85851097106934,-15.066843032836914,0.35343217849731445,0.43515320867300034,-0.3178075700998306,-178.80326505750418
107655,0018d84200600600,-67.40546487271786,126.57091677188873,1986.4712829589844,-86.8371353149414,-15.000295639038086,0.41592931747436523,0.35871293395757675,-0.3110504150390625,-178.86888194829226
107755,0020d84200600600,-67.40624338388443,126.57056741416454,1986.7497253417969,-86.81213569641113,-14.970664978027344,0.29007768630981445,0.2841894328594208,-0.2816064655780792,-178.91253858804703
107855,0028d84200600600,-67.40702088922262,126.57021805644035,1986.8688354492188,-86.78753852844238,-14.920310974121094,0.1519627571105957,0.25843217968940735,-0.25973640382289886,-178.84254332631826
107955,0030d84200600600,-67.40779872983694,126.56986970454454,1986.8785400390625,-86.78206825256348,-14.933740615844727,0.07603979110717773,0.23615576326847076,-0.21005619317293167,-178.78049779683352
108055,0038d84200600600,-67.40857690572739,126.56952068209648,1986.8792877197266,-86.7635612487793,-14.916301727294922,0.05791139602661133,0.2927222102880478,-0.3244118392467499,-178.815683349967
108155,0040d84200600600,-67.4093547463417,126.56917333602905,1986.9024353027344,-86.76966667175293,-14.875020980834961,0.028499126434326172,0.23899521678686142,-0.39735183119773865,-178.87354396283627
108255,0048d84200600600,-67.41013292223215,126.56882666051388,1986.8808135986328,-86.76605415344238,-14.839879989624023,-0.05030012130737305,0.2538727596402168,-0.29808059334754944,-178.88624019920826
108355,0050d84200600600,-67.41091143339872,126.56848065555096,1986.749755859375,-86.7774543762207,-14.805892944335938,-0.0708165168762207,0.2297426015138626,-0.29960811138153076,-178.91497168689966
108455,0058d84200600600,-67.41168960928917,126.56813398003578,1986.545669555664,-86.7798080444336,-14.783111572265625,-0.13350439071655273,0.22139288485050201,-0.24093545973300934,-178.9328569918871
108555,0060d84200600600,-67.41246744990349,126.5677873045206,1986.3628387451172,-86.76851081848145,-14.783445358276367,-0.10654687881469727,0.2734673023223877,-0.2647222951054573,-178.9067641273141
108655,0068d84200600600,-67.4132452905178,126.5674426406622,1986.1822204589844,-86.75394248962402,-14.759044647216797,-0.18418359756469727,0.19616805016994476,-0.28360672295093536,-178.89797419309616
108755,0070d84200600600,-67.41402346640825,126.5670969709754,1985.953384399414,-86.76028060913086,-14.749671936035156,-0.2160935401916504,0.22555198520421982,-0.2922464534640312,-178.8608192279935
108855,0078d84200600600,-67.41480063647032,126.56675230711699,1985.7241821289062,-86.72728157043457,-14.757537841796875,-0.14629125595092773,0.3414331376552582,-0.2914267033338547,-178.8191370293498
108955,0080d84200600600,-67.41557780653238,126.56640831381083,1985.6236572265625,-86.68319511413574,-14.74273681640625,-0.0008053779602050781,0.35948440432548523,-0.40111832320690155,-178.8232696428895
109055,0088d84200600600,-67.41635464131832,126.56606499105692,1985.612289428711,-86.64812660217285,-14.784578323364258,0.08034276962280273,0.3149942681193352,0.6679682806134224,-178.9545751735568
109155,0090d84200600600,-67.41713114082813,126.56571730971336,1985.67919921875,-86.60533332824707,-14.912153244018555,0.20195817947387695,0.32901015132665634,1.3211455196142197,-179.01679068803787
109255,fe97d8420082e1f9,-67.41790696978569,126.5653669461608,1985.8974304199219,-86.55906867980957,-15.140275955200195,0.24048948287963867,0.25738678872585297,1.7394071817398071,-178.72327219694853
109355,00a0d84200600600,-67.41868279874325,126.56501054763794,1986.150161743164,-86.5105209350586,-15.456169128417969,0.23531770706176758,0.2607579901814461,1.9752484560012817,-178.28940510749817
109455,00a8d84200600600,-67.41945795714855,126.56464509665966,1986.3824615478516,-86.45465660095215,-15.842180252075195,0.31432390213012695,0.30529875308275223,1.9163458049297333,-177.98871472477913
109555,00b0d84200600600,-67.42023278027773,126.5642685815692,1986.60009765625,-86.3996410369873,-16.235546112060547,0.2725405693054199,0.27497202157974243,1.8625950068235397,-177.86043640226126
109655,00b8d84200600600,-67.4210076034069,126.56388334929943,1986.8194122314453,-86.34968757629395,-16.554611206054688,0.21010065078735352,0.26752687990665436,1.7675314843654633,-177.79601208865643
109755,00c0d84200600600,-67.4217814207077,126.56349442899227,1987.0025024414062,-86.32500648498535,-16.866836547851562,0.15665006637573242,0.20029529929161072,1.706763356924057,-177.69608907401562
109855,00c8d84200600600,-67.42255423218012,126.56309880316257,1987.0806121826172,-86.28240776062012,-17.128612518310547,0.1103978157043457,0.23431912064552307,1.6321620717644691,-177.42420561611652
109955,00d0d84200600600,-67.42332670837641,126.5626947954297,1987.151351928711,-86.21607971191406,-17.451141357421875,0.14878511428833008,0.2746739611029625,1.6012730821967125,-176.9992746412754
110055,00d8d84200600600,-67.4240991845727,126.56228307634592,1987.2118835449219,-86.18936157226562,-17.747098922729492,0.03922128677368164,0.20950432866811752,1.3455331698060036,-176.86474308371544
110155,00e0d84200600600,-67.42487199604511,126.56186398118734,1987.1873779296875,-86.18504333496094,-18.006023406982422,-0.0392146110534668,0.24784047156572342,1.2182221189141273,-176.798860989511
110255,00e8d84200600600,-67.42564413696527,126.56143952161074,1987.2200622558594,-86.16854858398438,-18.237760543823242,0.10632467269897461,0.27718082070350647,1.169784776866436,-176.62299122661352
110355,00f0d84200600600,-67.42641627788544,126.56100835651159,1987.3096466064453,-86.12049293518066,-18.485502243041992,0.10891389846801758,0.295681357383728,1.3640166074037552,-176.39614272862673
110455,00f8d84200600600,-67.42718707770109,126.56057216227055,1987.3841400146484,-86.0648193359375,-18.75006103515625,0.17360162734985352,0.33037975430488586,1.6810795292258263,-176.19701854884624
110555,0000d94200600600,-67.42795821279287,126.56013261526823,1987.5086364746094,-86.02188110351562,-19.02306365966797,0.09723806381225586,0.26704777032136917,1.79546769708395,-175.97340445965528
110655,0008d94200600600,-67.42872901260853,126.5596866980195,1987.5450286865234,-85.98586463928223,-19.32356834411621,0.05218839645385742,0.2729365602135658,1.9108965620398521,-175.5687241628766
110755,0010d94200600600,-67.42949813604355,126.55923306941986,1987.5137023925781,-85.90123748779297,-19.67279052734375,-0.0005612373352050781,0.2800866588950157,1.6595963761210442,-175.21949283778667
110855,0018d94200600600,-67.43026658892632,126.55877072364092,1987.5987091064453,-85.82225227355957,-20.046907424926758,0.0409846305847168,0.4064381495118141,1.646203100681305,-175.02328488975763
110955,0020d94200600600,-67.43103638291359,126.55829664319754,1987.860336303711,-85.79002952575684,-20.35478973388672,0.17076826095581055,0.42641155421733856,1.6919374465942383,-175.05056161433458
111055,0028d94200600600,-67.43180617690086,126.55781518667936,1988.1323547363281,-85.73791885375977,-20.639423370361328,0.16759824752807617,0.3758079931139946,1.697070524096489,-174.9995969608426
111155,0030d94200600600,-67.43257462978363,126.55733071267605,1988.3181610107422,-85.67409133911133,-20.88602066040039,0.12268209457397461,0.38976386189460754,1.6576138883829117,-174.77792646735907
111255,0038d94200600600,-67.43334207683802,126.55683986842632,1988.4496307373047,-85.60659217834473,-21.187528610229492,0.09451627731323242,0.40333986282348633,1.7006583139300346,-174.49093010276556
111355,0040d94200600600,-67.43410851806402,126.5563439950347,1988.568374633789,-85.54390144348145,-21.494924545288086,0.13926076889038086,0.41830457746982574,1.7584418132901192,-174.3085978925228
111455,0048d94200600600,-67.43487495929003,126.55583873391151,1988.663803100586,-85.48485946655273,-21.813323974609375,0.08369302749633789,0.42996883392333984,1.6983988881111145,-174.18180651962757
111555,0050d94200600600,-67.43564072996378,126.55532509088516,1988.7032928466797,-85.42038536071777,-22.123504638671875,-0.003448963165283203,0.40889471769332886,1.6719596832990646,-173.99833403527737
111655,0058d94200600600,-67.4364061653614,126.55480474233627,1988.7360229492188,-85.36450386047363,-22.45311164855957,0.07140493392944336,0.5028142780065536,1.712188459932804,-173.69138035923243
111755,0060d94200600600,-67.4371712654829,126.5542770177126,1988.829818725586,-85.31088256835938,-22.77961540222168,0.10590410232543945,0.45292217284440994,1.6360941901803017,-173.56124594807625
111855,fe67d9420082e1f9,-67.43793603032827,126.55374426394701,1988.9585723876953,-85.27115821838379,-23.029367446899414,0.13698720932006836,0.4843083769083023,1.4868872612714767,-173.52928306907415
111955,0070d94200600600,-67.43870045989752,126.55320581048727,1989.1165771484375,-85.2225341796875,-23.23377799987793,0.17406129837036133,0.5298003181815147,1.3395250216126442,-173.25306851416826
112055,0078d94200600600,-67.43946421891451,126.55266266316175,1989.3091278076172,-85.17899131774902,-23.484859466552734,0.23460149765014648,0.5326562002301216,1.2251975387334824,-173.00352551043034
112155,0080d94200600600,-67.44022730737925,126.55211079865694,1989.547378540039,-85.10351181030273,-23.741764068603516,0.33725595474243164,0.6613435596227646,1.1132210120558739,-172.8723007813096
112255,0088d94200600600,-67.4409893900156,126.55155457556248,1989.929458618164,-85.02729797363281,-23.90117073059082,0.42858171463012695,0.6165392696857452,0.8576732128858566,-172.78191972523928
112355,0090d94200600600,-67.44175247848034,126.550995670259,1990.3501281738281,-84.9808292388916,-24.01593780517578,0.4359774589538574,0.6269951909780502,0.7109929248690605,-172.55853429436684
112455,0098d94200600600,-67.4425145611167,126.5504364296794,1990.7286834716797,-84.93437385559082,-24.120214462280273,0.4432377815246582,0.6167608872056007,0.51006730645895,-172.40903064608574
112555,00a0d94200600600,-67.4432759732008,126.54987148940563,1991.0848236083984,-84.88292121887207,-24.214597702026367,0.4208531379699707,0.5775982886552811,0.38790106773376465,-172.37835958600044
112655,00a8d94200600600,-67.4440373852849,126.54930453747511,1991.3965301513672,-84.88789176940918,-24.290754318237305,0.39086103439331055,0.5190704762935638,0.19661597907543182,-172.1596935018897
112755,00b0d94200600600,-67.44479946792126,126.54873490333557,1991.6121826171875,-84.88693618774414,-24.315813064575195,0.33942079544067383,0.49240730702877045,-0.16252141445875168,-172.03845765441656
112855,00b8d94200600600,-67.44556088000536,126.54816426336765,1991.8087158203125,-84.8628158569336,-24.30350112915039,0.41159963607788086,0.5466928705573082,-0.3447429835796356,-172.06542290747166
112955,00c0d94200600600,-67.44632195681334,126.54759798198938,1992.1351470947266,-84.8666934967041,-24.245580673217773,0.5087800025939941,0.5134183913469315,-0.43192651122808456,-172.02648125588894
113055,00c8d94200600600,-67.44708303362131,126.547034047544,1992.512680053711,-84.86962509155273,-24.163122177124023,0.38247156143188477,0.4294796660542488,-0.4578906297683716,-172.01514691114426
113155,00d0d94200600600,-67.4478431046009,126.54647246003151,1992.7698516845703,-84.84663391113281,-24.108257293701172,0.3019223213195801,0.45197300612926483,-0.4644794762134552,-171.98282428085804
113255,00d8d94200600600,-67.44860250502825,126.5459132194519,1992.9339904785156,-84.81803894042969,-24.041461944580078,0.2675461769104004,0.4069279879331589,-0.44599704444408417,-172.14674849063158
113355,00e0d94200600600,-67.44936291128397,126.54535096138716,1992.9958953857422,-84.82812309265137,-24.004369735717773,0.12925958633422852,0.3361910954117775,-0.46656690537929535,-172.24989853799343
113455,00e8d94200600600,-67.45012331753969,126.54479004442692,1992.9859466552734,-84.83187484741211,-23.97405433654785,0.07412385940551758,0.3247709199786186,-0.2774865925312042,-172.33671192079782
113555,00f0d94200600600,-67.45088405907154,126.54423013329506,1992.9158782958984,-84.84761619567871,-23.916940689086914,-0.006307125091552734,0.24185512214899063,-0.2512224018573761,-172.3065223172307
113655,00f8d94200600600,-67.45164580643177,126.54367256909609,1992.8246154785156,-84.8995418548584,-23.908273696899414,0.017936229705810547,0.2555256709456444,-0.17636161297559738,-172.16874092817307
113755,0000da4200600600,-67.45240788906813,126.54311466962099,1992.7483825683594,-84.94346809387207,-23.87077522277832,0.04504823684692383,0.21712984889745712,-0.3377390652894974,-172.169879861176
113855,0008da4200600600,-67.45316930115223,126.54255777597427,1992.6156921386719,-84.96925354003906,-23.858346939086914,-0.03783082962036133,0.17783917486667633,-0.27678485959768295,-172.23305460065603
113955,0010da4200600600,-67.45393071323633,126.54200088232756,1992.4094696044922,-84.99851036071777,-23.83909034729004,-0.05737638473510742,0.15943419188261032,-0.2389901876449585,-172.25909382104874
114055,0018da4200600600,-67.45469246059656,126.5414460003376,1992.1832427978516,-85.01542091369629,-23.806964874267578,-0.07614469528198242,0.19493859261274338,-0.17471272498369217,-172.315625064075
114155,0020da4200600600,-67.45545454323292,126.54089078307152,1992.0308074951172,-85.06020736694336,-23.763851165771484,-0.056185245513916016,0.15584975481033325,-0.09108614176511765,-172.34039157629013
114255,0028da4200600600,-67.45621763169765,126.54033657163382,1991.940902709961,-85.10624313354492,-23.74191665649414,-0.023142337799072266,0.16564685851335526,-0.06345938891172409,-172.1830139681697
114355,fe2fda420082e1f9,-67.45698239654303,126.53978034853935,1991.8612213134766,-85.1751651763916,-23.763341903686523,-0.019363880157470703,0.07291149348020554,-0.07717922329902649,-172.04863496124744
114455,0038da4200600600,-67.45774582028389,126.5392254665494,1991.6969909667969,-85.19445037841797,-23.78839683532715,-0.060183048248291016,0.10689742863178253,-0.2241300791501999,-172.0318393036723
114555,0040da4200600600,-67.45850957930088,126.53866823762655,1991.4643859863281,-85.21981430053711,-23.860004425048828,-0.04982614517211914,0.04122890532016754,-0.21533377468585968,-172.02577147632837
114655,0048da4200600600,-67.459273673594,126.53811234980822,1991.3364715576172,-85.26458930969238,-23.830759048461914,0.002608776092529297,0.10894294828176498,-0.3409459814429283,-172.1158169209957
114755,0050da4200600600,-67.46003810316324,126.5375591441989,1991.3157653808594,-85.29858016967773,-23.770641326904297,0.023729801177978516,0.028391852974891663,-0.2248985320329666,-172.343430519104
114855,0058da4200600600,-67.46080286800861,126.53700660914183,1991.2366485595703,-85.34085083007812,-23.672876358032227,-0.0317683219909668,0.014575459063053131,-0.1981143280863762,-172.34320186078548
114955,0060da4200600600,-67.46156863868237,126.53645474463701,1991.0774993896484,-85.39595031738281,-23.67661476135254,-0.06877851486206055,-0.019980110228061676,-0.10617725551128387,-172.05735582858324
115055,0068da4200600600,-67.46233507990837,126.53589818626642,1990.9109802246094,-85.45206832885742,-23.754436492919922,-0.14156389236450195,-0.06434384733438492,-0.16584567725658417,-172.01860193163157
115155,0070da4200600600,-67.46310219168663,126.53533793985844,1990.7172393798828,-85.50152969360352,-23.77715492248535,-0.2183384895324707,-0.06255850195884705,-0.2882637083530426,-172.22402729094028
115255,0078da4200600600,-67.46386930346489,126.5347820520401,1990.5157775878906,-85.56326484680176,-23.729867935180664,-0.15648508071899414,-0.0869867205619812,-0.1596682146191597,-172.33009960502386
115355,0080da4200600600,-67.4646370857954,126.53422817587852,1990.2540283203125,-85.61580276489258,-23.694717407226562,-0.2310481071472168,-0.1169382780790329,-0.00724397599697113,-172.1781786158681
115455,0088da4200600600,-67.46540419757366,126.53367664664984,1989.8995971679688,-85.64606857299805,-23.69658088684082,-0.2862849235534668,-0.04648536443710327,-0.6992438435554504,-171.93139627575874
115555,0090da4200600600,-67.46617063879967,126.53312277048826,1989.4012756347656,-85.6602611541748,-23.655012130737305,-0.4303908348083496,-0.06860386580228806,-1.1428802087903023,-172.00464874505997
115655,0098da4200600600,-67.46693775057793,126.53256990015507,1988.7908020019531,-85.67986106872559,-23.546205520629883,-0.5457825660705566,0.0017467886209487915,-1.3945042714476585,-172.23436284810305
115755,00a0da4200600600,-67.46770586818457,126.53202272951603,1988.1448669433594,-85.74184989929199,-23.3622989654541,-0.739417552947998,-0.017898716032505035,-1.453041136264801,-172.3772183060646
115855,00a8da4200600600,-67.46847465634346,126.53148327022791,1987.4371032714844,-85.79398155212402,-23.099716186523438,-0.770134449005127,0.07238678634166718,-1.59943375736475,-172.58767817169428
115955,00b0da4200600600,-67.46924411505461,126.5309515222907,1986.732162475586,-85.85622215270996,-22.801725387573242,-0.6780638694763184,0.1265104115009308,-1.6258813440799713,-172.7911465242505
116055,00b8da4200600600,-67.47001457959414,126.53042446821928,1986.1172485351562,-85.92638397216797,-22.541667938232422,-0.5321927070617676,0.2187955006957054,-1.493813395500183,-172.8662185370922
116155,00c0da4200600600,-67.47078470885754,126.52989909052849,1985.671142578125,-85.93988037109375,-22.32455062866211,-0.38360071182250977,0.26386432349681854,-1.4244269952178001,-172.97813035547733
116255,00c8da4200600600,-67.47155517339706,126.52937605977058,1985.4030456542969,-85.93890571594238,-22.141294479370117,-0.24782705307006836,0.32765060663223267,-1.4350099861621857,-173.15769955515862
116355,00d0da4200600600,-67.47232563793659,126.52886006981134,1985.172119140625,-85.94731521606445,-21.96295166015625,-0.3113083839416504,0.2948622778058052,-1.21775072067976,-173.33939239382744
116455,00d8da4200600600,-67.47309543192387,126.52835078537464,1984.8784637451172,-85.91277313232422,-21.737464904785156,-0.3095431327819824,0.39802707731723785,-1.1433381959795952,-173.63800138235092
116555,00e0da4200600600,-67.47386422008276,126.52784921228886,1984.6810913085938,-85.88192749023438,-21.52583122253418,-0.2134079933166504,0.4137837141752243,-0.9239546209573746,-173.70200358331203
116655,00e8da4200600600,-67.47463468462229,126.52734965085983,1984.4719696044922,-85.87639045715332,-21.3697566986084,-0.19599103927612305,0.45789532363414764,-0.8296209946274757,-173.62276643514633
116755,00f0da4200600600,-67.47540414333344,126.52685310691595,1984.2545928955078,-85.83909797668457,-21.274192810058594,-0.07444238662719727,0.5101745948195457,-0.6600530818104744,-173.64878252148628
116855,fef7da420082e1f9,-67.47617293149233,126.52635622769594,1984.1996612548828,-85.77129554748535,-21.179582595825195,0.042192935943603516,0.582028292119503,-0.7290515676140785,-173.82474515587091
116955,0000db4200600600,-67.47694004327059,126.52586337178946,1984.2861633300781,-85.69634819030762,-21.07544708251953,0.13270807266235352,0.5929576233029366,-0.5997335538268089,-173.95850088447332
117055,0008db4200600600,-67.4777078256011,126.52537286281586,1984.41455078125,-85.64426612854004,-20.961156845092773,0.15583181381225586,0.5999182909727097,-0.5138059705495834,-173.93440157175064
117155,0010db4200600600,-67.47847594320774,126.52488470077515,1984.5583801269531,-85.63693809509277,-20.88347053527832,0.20236921310424805,0.5685200169682503,-0.44206660240888596,-173.93842689692974
117255,0018db4200600600,-67.47924372553825,126.52439620345831,1984.7785034179688,-85.58881187438965,-20.860036849975586,0.33209753036499023,0.6024285033345222,-0.34871432930231094,-174.03170004487038
117355,0020db4200600600,-67.48001016676426,126.52390703558922,1985.1409149169922,-85.51558876037598,-20.838560104370117,0.5013070106506348,0.6135311722755432,-0.3973253443837166,-174.01883281767368
117455,0028db4200600600,-67.48077627271414,126.52342054992914,1985.7328338623047,-85.44636726379395,-20.80440330505371,0.604454517364502,0.5986479297280312,-0.32313141971826553,-173.99646922945976
117555,0030db4200600600,-67.48154204338789,126.5229357406497,1986.425048828125,-85.38501167297363,-20.775644302368164,0.6300044059753418,0.5792210251092911,-0.3640937805175781,-174.14154656231403
117655,0038db4200600600,-67.48230781406164,126.52245126664639,1987.0634307861328,-85.35482597351074,-20.7302303314209,0.6133360862731934,0.5136141926050186,-0.35016708076000214,-174.31994296610355
117755,0040db4200600600,-67.4830735847354,126.5219671279192,1987.654037475586,-85.31012916564941,-20.671993255615234,0.5684914588928223,0.4887162521481514,-0.21122127771377563,-174.28537666797638
117855,0048db4200600600,-67.48383767902851,126.5214853361249,1988.2723083496094,-85.26647186279297,-20.664182662963867,0.5874056816101074,0.4989592730998993,-0.1060069352388382,-174.19226814061403
117955,0050db4200600600,-67.48460210859776,126.52100086212158,1988.8786926269531,-85.21016883850098,-20.694238662719727,0.5483517646789551,0.47571323812007904,-0.14268547296524048,-174.24994736909866
118055,0058db4200600600,-67.48536519706249,126.52051571756601,1989.3740844726562,-85.14636421203613,-20.72232437133789,0.44955015182495117,0.41268903762102127,-0.1568290963768959,-174.3415166437626
118155,0060db4200600600,-67.48612761497498,126.52002990245819,1989.7966918945312,-85.09101676940918,-20.6556396484375,0.4201512336730957,0.4680585488677025,-0.4150953143835068,-174.37001947313547
118255,0068db4200600600,-67.48688969761133,126.51955012232065,1990.2643280029297,-85.05962562561035,-20.503936767578125,0.3741898536682129,0.40611661970615387,-0.8754703402519226,-174.1700902953744
118355,0070db4200600600,-67.48765211552382,126.51907369494438,1990.6534881591797,-85.05150604248047,-20.377328872680664,0.30411291122436523,0.45965149998664856,-1.3148178532719612,-173.8901897147298
118455,0078db4200600600,-67.48841419816017,126.51859994977713,1990.9934997558594,-85.05785369873047,-20.26959800720215,0.28309202194213867,0.410538911819458,-1.5119679272174835,-173.90069961547852
118555,0080db4200600600,-67.4891759455204,126.51812989264727,1991.2652435302734,-85.05356788635254,-20.06841278076172,0.22780942916870117,0.4394477605819702,-1.889115683734417,-174.33594401925802
118655,0088db4200600600,-67.4899373576045,126.51766452938318,1991.5625610351562,-85.04278373718262,-19.76673126220703,0.3732609748840332,0.5032273381948471,-1.817215047776699,-174.6714125946164
118755,0090db4200600600,-67.4906987696886,126.51720486581326,1991.977523803711,-85.0252685546875,-19.478731155395508,0.3693842887878418,0.4726897180080414,-1.8465906009078026,-174.77651227265596
118855,0098db4200600600,-67.49146018177271,126.51675190776587,1992.3517608642578,-84.99438858032227,-19.22236442565918,0.25064706802368164,0.40960516780614853,-1.7008500918745995,-174.82750609517097
118955,00a0db4200600600,-67.49222159385681,126.51630599051714,1992.7010345458984,-84.99955368041992,-18.983613967895508,0.18126249313354492,0.38731902837753296,-1.7898662388324738,-174.99169550836086
119055,00a8db4200600600,-67.4929840117693,126.51586208492517,1993.0296630859375,-85.03570556640625,-18.74207878112793,0.24719476699829102,0.36828741431236267,-2.003658749163151,-175.15425514429808
119155,00b0db4200600600,-67.49374642968178,126.51542689651251,1993.3683776855469,-85.07877731323242,-18.470256805419922,0.2596602439880371,0.33371642231941223,-1.9488535076379776,-175.38103055208921
119255,00b8db4200600600,-67.49450851231813,126.51499707251787,1993.613052368164,-85.07584953308105,-18.174009323120117,0.12588739395141602,0.25343790650367737,-2.016221210360527,-175.61125461012125
119355,00c0db4200600600,-67.49526958912611,126.5145756304264,1993.8123931884766,-85.0695686340332,-17.8813419342041,0.27985334396362305,0.3798544406890869,-1.7461331561207771,-175.84235675632954
119455,fec7db420082e1f9,-67.49603133648634,126.5141598880291,1994.1011199951172,-85.06929779052734,-17.62453269958496,0.16064691543579102,0.19680742174386978,-1.7428075522184372,-175.9990594536066
119555,00d0db4200600600,-67.49679308384657,126.51375018060207,1994.3089141845703,-85.06894874572754,-17.3815860748291,0.10950803756713867,0.27552053332328796,-1.7026357725262642,-176.09658725559711
119655,00d8db4200600600,-67.49755516648293,126.5133461728692,1994.4615936279297,-85.08896064758301,-17.167709350585938,0.15694284439086914,0.2818726748228073,-1.5937954187393188,-176.20999541133642
119755,00e0db4200600600,-67.49831825494766,126.51294719427824,1994.6368255615234,-85.13146591186523,-16.949331283569336,0.011230945587158203,0.11241473257541656,-1.6274765878915787,-176.46546844393015
119855,00e8db4200600600,-67.4990813434124,126.5125535801053,1994.6576843261719,-85.16061973571777,-16.73139762878418,-0.1398177146911621,0.18542379140853882,-1.4098408073186874,-176.676565669477
119955,00f0db4200600600,-67.49984510242939,126.51216499507427,1994.56298828125,-85.18961143493652,-16.527128219604492,-0.1698927879333496,0.18043387681245804,-1.2558739632368088,-176.7680186033249
120055,00f8db4200600600,-67.50060852617025,126.51178143918514,1994.4158477783203,-85.21538734436035,-16.36078643798828,-0.19211626052856445,0.18558774143457413,-1.0539881139993668,-176.85425832867622
120155,0000dc4200600600,-67.50137127935886,126.51140123605728,1994.2021484375,-85.18636322021484,-16.201589584350586,-0.23984861373901367,0.28157494962215424,-0.9389277175068855,-176.90061260014772
120255,0008dc4200600600,-67.50213369727135,126.51102337986231,1993.9845428466797,-85.16562080383301,-16.110340118408203,-0.24386072158813477,0.29573768377304077,-0.7912030443549156,-176.8654029071331
120355,0010dc4200600600,-67.50289611518383,126.51064787060022,1993.8526000976562,-85.14527893066406,-16.015506744384766,-0.14632177352905273,0.34327413886785507,-0.7567976787686348,-176.91538520157337
120455,0018dc4200600600,-67.50365886837244,126.51027604937553,1993.8546600341797,-85.10657691955566,-15.929895401000977,0.004488468170166016,0.41229240596294403,-0.8345911279320717,-177.08084631711245
120555,0020dc4200600600,-67.50442128628492,126.50990355759859,1993.9772033691406,-85.06134605407715,-15.834098815917969,0.06637144088745117,0.354384183883667,-0.786774717271328,-177.2229403629899
120655,0028dc4200600600,-67.5051837041974,126.50953374803066,1994.057601928711,-85.02549743652344,-15.751462936401367,-0.023218631744384766,0.35604648292064667,-0.5475039035081863,-177.2256550937891
120755,0030dc4200600600,-67.50594578683376,126.50916662067175,1993.9748992919922,-85.00384902954102,-15.694948196411133,-0.13333845138549805,0.3581124544143677,-0.4170335456728935,-177.14182633906603
120855,0038dc4200600600,-67.50670686364174,126.50880016386509,1993.773452758789,-84.9664421081543,-15.695747375488281,-0.22960138320922852,0.39807870984077454,-0.3924856334924698,-177.0912231132388
120955,0040dc4200600600,-67.50746794044971,126.50842968374491,1993.4690704345703,-84.93086242675781,-15.72835922241211,-0.3692450523376465,0.37955839186906815,-0.35624027252197266,-177.1593327820301
121055,0048dc4200600600,-67.50822801142931,126.5080602094531,1992.9921264648438,-84.8800277709961,-15.73807144165039,-0.4855341911315918,0.4838178679347038,-0.4024919494986534,-177.1536471694708
121155,0050dc4200600600,-67.50898841768503,126.50769039988518,1992.5812377929688,-84.82430267333984,-15.726009368896484,-0.3379511833190918,0.612945444881916,-0.19575364887714386,-177.1173357591033
121255,0058dc4200600600,-67.50974949449301,126.50732092559338,1992.4574584960938,-84.77741622924805,-15.734983444213867,-0.07015085220336914,0.6798306852579117,-0.20715907216072083,-177.09412023425102
121355,0060dc4200600600,-67.51050990074873,126.50695111602545,1992.6167449951172,-84.72217559814453,-15.774255752563477,0.14234685897827148,0.7064754143357277,-0.329924114048481,-177.2151730209589
121455,0068dc4200600600,-67.51127030700445,126.50658097118139,1992.9646453857422,-84.66530418395996,-15.756437301635742,0.3086380958557129,0.6880369037389755,-0.3340580686926842,-177.42535192519426
121555,0070dc4200600600,-67.51202836632729,126.50621384382248,1993.3849334716797,-84.57226753234863,-15.712135314941406,0.449704647064209,0.7053274288773537,-0.17586775124073029,-177.35148590058088
121655,0078dc4200600600,-67.51278541982174,126.50584805756807,1993.8743438720703,-84.49691963195801,-15.694892883300781,0.48812055587768555,0.663040392100811,-0.15548866242170334,-177.2089570015669
121755,0080dc4200600600,-67.51354213804007,126.50547958910465,1994.402099609375,-84.4366455078125,-15.754825592041016,0.48201704025268555,0.6191319599747658,-0.13422008603811264,-177.2388069704175
121855,0088dc4200600600,-67.51429885625839,126.50510810315609,1994.8519897460938,-84.39364814758301,-15.797595977783203,0.4200625419616699,0.5398247390985489,-0.17758704721927643,-177.25870996713638
121955,fe8fdc420082e1f9,-67.51505523920059,126.50473829358816,1995.2435607910156,-84.36035919189453,-15.819093704223633,0.4707026481628418,0.5852684006094933,-0.22359531372785568,-177.2526414692402
122055,0098dc4200600600,-67.51581162214279,126.50436513125896,1995.6481475830078,-84.34223365783691,-15.850759506225586,0.32209253311157227,0.4595489054918289,-0.27943722903728485,-177.3328086733818
122155,00a0dc4200600600,-67.51656733453274,126.50399331003428,1995.8683624267578,-84.32395553588867,-15.862373352050781,0.14534425735473633,0.47421086579561234,-0.1457250863313675,-177.36567378044128
122255,00a8dc4200600600,-67.51732271164656,126.50362350046635,1995.9899597167969,-84.33129501342773,-15.846769332885742,0.12825632095336914,0.4770372435450554,-0.09008266031742096,-177.2546162456274
122355,00b0dc4200600600,-67.5180784240365,126.50325369089842,1996.0611419677734,-84.34310722351074,-15.871397018432617,0.08862161636352539,0.43671123683452606,-0.11299945414066315,-177.04816963523626
122455,00b8dc4200600600,-67.51883413642645,126.5028815343976,1996.026840209961,-84.3585262298584,-15.916736602783203,0.0665440559387207,0.5408681184053421,-0.18743276596069336,-176.91031582653522
122555,00c0dc4200600600,-67.51959018409252,126.50250803679228,1996.0235900878906,-84.36364555358887,-15.964427947998047,0.13810014724731445,0.5696854367852211,-0.22793378680944443,-176.9339618459344
122655,00c8dc4200600600,-67.52034556120634,126.50213152170181,1996.24267578125,-84.33655738830566,-16.02378273010254,0.3652205467224121,0.6619460508227348,-0.152263306081295,-176.95491291582584
122755,00d0dc4200600600,-67.52110060304403,126.50175601243973,1996.6201629638672,-84.3085880279541,-16.005094528198242,0.3417391777038574,0.5215806886553764,-0.3279808536171913,-177.02962685376406
122855,00d8dc4200600600,-67.52185631543398,126.50138385593891,1996.979263305664,-84.32832336425781,-15.985889434814453,0.40842103958129883,0.6336500868201256,0.009185895323753357,-176.98334366083145
122955,00e0dc4200600600,-67.52261236310005,126.50100868195295,1997.4407196044922,-84.32045555114746,-16.03236961364746,0.5263094902038574,0.5780666694045067,-0.056480616331100464,-176.85746390372515
123055,00e8dc4200600600,-67.52336774021387,126.50063250213861,1997.9438171386719,-84.30603218078613,-16.0922908782959,0.4840426445007324,0.5415497347712517,-0.070546455681324,-176.88793882727623
123155,00f0dc4200600600,-67.52412278205156,126.50025598704815,1998.3830108642578,-84.29498291015625,-16.061853408813477,0.41437482833862305,0.5203455314040184,-0.156424418091774,-176.99207056313753
123255,00f8dc4200600600,-67.52487849444151,126.49987980723381,1998.7609100341797,-84.32986450195312,-16.03883934020996,0.3318352699279785,0.45103926211595535,-0.27266599237918854,-176.9759139418602
123355,0000dd4200600600,-67.52563521265984,126.49950496852398,1999.0727996826172,-84.38326263427734,-16.0255126953125,0.2642960548400879,0.4490400105714798,-0.2934219315648079,-176.93639259785414
123455,0008dd4200600600,-67.52639193087816,126.4991294592619,1999.2679595947266,-84.41205406188965,-16.03080177307129,0.16167783737182617,0.4028517007827759,-0.2582353726029396,-177.0380788296461
123555,0010dd4200600600,-67.52714831382036,126.49875193834305,1999.4168395996094,-84.44963455200195,-16.021865844726562,0.1269230842590332,0.4050098732113838,-0.3176352381706238,-177.14233495295048
123655,0018dd4200600600,-67.52790570259094,126.49837575852871,1999.5641174316406,-84.50103569030762,-15.990341186523438,0.09004735946655273,0.40930576622486115,-0.35994842648506165,-177.20183305442333
123755,0020dd4200600600,-67.52866342663765,126.49800192564726,1999.622802734375,-84.52589416503906,-15.922149658203125,0.05299234390258789,0.37756919860839844,-0.3862488269805908,-177.1980082243681
123855,0028dd4200600600,-67.52942115068436,126.49763144552708,1999.5741424560547,-84.54585647583008,-15.891281127929688,0.02818441390991211,0.4028654471039772,-0.3243870288133621,-177.25290399044752
123955,0030dd4200600600,-67.53017954528332,126.4972609654069,1999.5384521484375,-84.56867599487305,-15.868595123291016,-0.002505779266357422,0.3438035398721695,-0.32675307244062424,-177.38022577017546
124055,0038dd4200600600,-67.53093760460615,126.49688847362995,1999.5127410888672,-84.58113861083984,-15.827722549438477,0.046564579010009766,0.3926261141896248,-0.3745986521244049,-177.45863646268845
124155,0040dd4200600600,-67.53169566392899,126.49651899933815,1999.4867248535156,-84.57393455505371,-15.775314331054688,0.011916637420654297,0.274951234459877,-0.39192572236061096,-177.44755122810602
124255,0048dd4200600600,-67.53245338797569,126.49615120142698,1999.4576873779297,-84.57649230957031,-15.705873489379883,-0.041140079498291016,0.298544280230999,-0.3994540125131607,-177.48822391033173
124355,0050dd4200600600,-67.53321144729853,126.49578541517258,1999.3853759765625,-84.58300399780273,-15.640474319458008,-0.14785337448120117,0.22414617240428925,-0.4108487069606781,-177.49987442046404
124455,0058dd4200600600,-67.53396984189749,126.49542197585106,1999.1578979492188,-84.60110855102539,-15.565933227539062,-0.21377038955688477,0.2046649530529976,-0.4071667045354843,-177.47786287218332
124555,fe5fdd420082e1f9,-67.53472957760096,126.49505853652954,1998.8413543701172,-84.64389419555664,-15.505157470703125,-0.3084712028503418,0.16526129096746445,-0.3704938665032387,-177.41523664444685
124655,0068dd4200600600,-67.53548964858055,126.49469509720802,1998.499267578125,-84.71027183532715,-15.477106094360352,-0.3446841239929199,0.1591847464442253,-0.3004114329814911,-177.34097868204117
124755,0070dd4200600600,-67.53625005483627,126.49433132261038,1998.095443725586,-84.75639915466309,-15.44973373413086,-0.36710214614868164,0.1609576866030693,-0.3406345099210739,-177.33401834964752
124855,0078dd4200600600,-67.53700979053974,126.49397123605013,1997.6615295410156,-84.76165008544922,-15.379085540771484,-0.3254818916320801,0.28537698090076447,-0.3362668678164482,-177.31407511979342
124955,0080dd4200600600,-67.53776885569096,126.49361349642277,1997.291488647461,-84.75821113586426,-15.322715759277344,-0.2622990608215332,0.25645237416028976,-0.3037048503756523,-177.17816021293402
125055,0088dd4200600600,-67.53852892667055,126.49325542151928,1996.8924407958984,-84.7486343383789,-15.308177947998047,-0.26442480087280273,0.32432232052087784,-0.23004569113254547,-177.0855727046728
125155,0090dd4200600600,-67.53928799182177,126.49289399385452,1996.532211303711,-84.70352363586426,-15.32867431640625,-0.1631779670715332,0.41351817548274994,-0.20254667848348618,-177.13446266949177
125255,0098dd4200600600,-67.5400460511446,126.49253524839878,1996.3046875,-84.66632843017578,-15.351938247680664,-0.19012117385864258,0.3685150668025017,-0.08646033704280853,-177.0751979202032
125355,00a0dd4200600600,-67.54080478101969,126.49217549711466,1996.1158905029297,-84.62051773071289,-15.381208419799805,-0.14456701278686523,0.46699371188879013,-0.10304678231477737,-177.04218797385693
125455,00a8dd4200600600,-67.54156351089478,126.49181574583054,1996.0345153808594,-84.61835289001465,-15.393899917602539,-0.032620906829833984,0.4504820331931114,-0.1431696116924286,-177.0958837866783
125555,00b0dd4200600600,-67.54232324659824,126.49145230650902,1995.9743041992188,-84.59774208068848,-15.402074813842773,0.028758525848388672,0.5268659815192223,-0.14493685215711594,-177.14694064110518
125655,00b8dd4200600600,-67.54308097064495,126.49109054356813,1995.9921264648438,-84.53606605529785,-15.408185958862305,0.13965845108032227,0.5220473930239677,-0.13480514287948608,-177.10033927112818
125755,00c0dd4200600600,-67.54383902996778,126.49072978645563,1996.0372161865234,-84.5239143371582,-15.431224822998047,0.017908573150634766,0.4795514792203903,-0.10030288249254227,-177.10629109293222
125855,00c8dd4200600600,-67.54459742456675,126.490368694067,1996.1094512939453,-84.51938438415527,-15.454216003417969,0.0378117561340332,0.551724024116993,-0.1539849489927292,-177.1966402977705
125955,00d0dd4200600600,-67.54535648971796,126.49000827223063,1996.1939697265625,-84.50760459899902,-15.412836074829102,-0.024020671844482422,0.48116784542798996,-0.22874582558870316,-177.18727972358465
126055,00d8dd4200600600,-67.54611488431692,126.48964919149876,1996.1235046386719,-84.4981632232666,-15.384845733642578,-0.02412271499633789,0.5803509056568146,-0.23561127483844757,-177.09936495870352
126155,00e0dd4200600600,-67.54687294363976,126.489287763834,1996.0464630126953,-84.45993614196777,-15.42308235168457,-0.09572076797485352,0.4982404410839081,-0.1411663368344307,-177.0106703415513
126255,00e8dd4200600600,-67.54762966185808,126.48892566561699,1995.9763793945312,-84.3956527709961,-15.449228286743164,-0.05396318435668945,0.6300944834947586,-0.08026108145713806,-177.04221915453672
126355,00f0dd4200600600,-67.54838604480028,126.48856222629547,1995.9468994140625,-84.34623527526855,-15.484907150268555,0.007571697235107422,0.5747276544570923,-0.12012910097837448,-177.0654782652855
126455,00f8dd4200600600,-67.54914276301861,126.48819979280233,1995.9664611816406,-84.32184410095215,-15.508811950683594,0.007748126983642578,0.6045491248369217,-0.09535353630781174,-176.99432898312807
126555,0000de4200600600,-67.54989914596081,126.48783635348082,1995.9134979248047,-84.29006958007812,-15.54493522644043,0.055181026458740234,0.5992115288972855,-0.13526245951652527,-176.9275476783514
126655,0008de4200600600,-67.55065519362688,126.48747224360704,1995.7508087158203,-84.26542091369629,-15.58095932006836,0.0023932456970214844,0.5787922069430351,-0.165756493806839,-176.95854227989912
126755,0010de4200600600,-67.55141157656908,126.487104780972,1995.7007141113281,-84.24717330932617,-15.60603141784668,0.13904237747192383,0.6448345631361008,-0.15896379947662354,-177.0390896871686
126855,0018de4200600600,-67.5521669536829,126.48673731833696,1995.7430267333984,-84.20294189453125,-15.616329193115234,0.12557458877563477,0.6488414481282234,-0.20210545510053635,-177.03551799058914
126955,0020de4200600600,-67.55292132496834,126.48637153208256,1995.7437438964844,-84.14726066589355,-15.58920669555664,0.2660555839538574,0.6816646456718445,-0.1707172393798828,-176.991162635386
127055,fe27de420082e1f9,-67.55367536097765,126.48600675165653,1995.8372650146484,-84.11148071289062,-15.608043670654297,0.2872023582458496,0.6777295097708702,-0.08537538349628448,-177.00474333018064
127155,0030de4200600600,-67.55442906171083,126.48563962429762,1996.1027069091797,-84.05810356140137,-15.634481430053711,0.34102869033813477,0.619487352669239,-0.14367755502462387,-177.20181427896023
127255,0038de4200600600,-67.55518209189177,126.4852724969387,1996.3676147460938,-84.00759696960449,-15.627723693847656,0.31966733932495117,0.6206142157316208,-0.13830140233039856,-177.32872266322374
127355,0040de4200600600,-67.55593478679657,126.48490536957979,1996.685775756836,-83.96491622924805,-15.618858337402344,0.40290403366088867,0.6206849589943886,-0.0019630417227745056,-177.17242028564215
127455,0048de4200600600,-67.55668714642525,126.4845409244299,1997.0846252441406,-83.91950798034668,-15.659622192382812,0.35304784774780273,0.5533695593476295,-0.10132011026144028,-177.03007746487856
127555,0050de4200600600,-67.55743984133005,126.48417446762323,1997.4315338134766,-83.92209815979004,-15.686704635620117,0.30338621139526367,0.533435046672821,-0.2249622344970703,-177.11240116506815
127655,0058de4200600600,-67.55819153040648,126.48380633443594,1997.7094268798828,-83.88794326782227,-15.694665908813477,0.25185632705688477,0.5231189355254173,-0.2426493912935257,-177.28110138326883
127755,0060de4200600600,-67.55894221365452,126.48343853652477,1998.0023040771484,-83.85226631164551,-15.682764053344727,0.33048391342163086,0.5277326703071594,-0.12161035090684891,-177.3260186612606
127855,0068de4200600600,-67.55969356745481,126.48307174444199,1998.3364868164062,-83.8390884399414,-15.670244216918945,0.2504887580871582,0.4420468211174011,-0.0806821882724762,-177.2544315084815
127955,0070de4200600600,-67.56044425070286,126.48270394653082,1998.6390380859375,-83.82012367248535,-15.685813903808594,0.27106237411499023,0.5106154829263687,-0.11309869587421417,-177.15472977608442
128055,0078de4200600600,-67.56119560450315,126.48233480751514,1998.8751678466797,-83.80819129943848,-15.712116241455078,0.25896215438842773,0.47683507204055786,-0.18427178263664246,-177.16256149113178
128155,0080de4200600600,-67.56194662302732,126.4819660037756,1999.0918884277344,-83.81405830383301,-15.714056015014648,0.23796796798706055,0.4459192603826523,-0.21003473550081253,-177.24507965147495
128255,0088de4200600600,-67.56269730627537,126.48159820586443,1999.348861694336,-83.81546592712402,-15.699966430664062,0.23076295852661133,0.43095018714666367,-0.19580159336328506,-177.3228368908167
128355,0090de4200600600,-67.56344832479954,126.48122873157263,1999.5790557861328,-83.81877708435059,-15.700071334838867,0.20181989669799805,0.4336598888039589,-0.12554649263620377,-177.38057311624289
128455,0098de4200600600,-67.56419934332371,126.48085959255695,1999.6503295898438,-83.8257884979248,-15.726978302001953,0.0590672492980957,0.3618822991847992,-0.10642770677804947,-177.3644808679819
128555,00a0de4200600600,-67.56495036184788,126.48048877716064,1999.635986328125,-83.85818862915039,-15.770687103271484,0.006227016448974609,0.38305800408124924,-0.08328158408403397,-177.35695391893387
128655,00a8de4200600600,-67.56570171564817,126.48011930286884,1999.6002807617188,-83.89289474487305,-15.777399063110352,-0.1137690544128418,0.3438347205519676,-0.1315811276435852,-177.42847837507725
128755,00b0de4200600600,-67.56645407527685,126.47974848747253,1999.4613647460938,-83.93394470214844,-15.780214309692383,-0.22176694869995117,0.34803606569767,-0.1676776260137558,-177.46629182249308
128855,00b8de4200600600,-67.56720710545778,126.47937599569559,1999.218490600586,-84.00480461120605,-15.781923294067383,-0.20756864547729492,0.41527803987264633,-0.06824612617492676,-177.38817147910595
128955,00c0de4200600600,-67.56796047091484,126.47900719195604,1998.958724975586,-84.06882667541504,-15.791893005371094,-0.22424745559692383,0.39639294147491455,0.026974640786647797,-177.2595525160432
129055,00c8de4200600600,-67.56871316581964,126.47863637655973,1998.7261657714844,-84.0677261352539,-15.833721160888672,-0.1476454734802246,0.5521122738718987,-0.11232923716306686,-177.17073753476143
129155,00d0de4200600600,-67.56946586072445,126.4782652258873,1998.5804595947266,-84.07320213317871,-15.853824615478516,-0.10535192489624023,0.581747330725193,-0.17221525311470032,-177.24336605519056
129255,00d8de4200600600,-67.57021889090538,126.47789306938648,1998.441390991211,-84.08340835571289,-15.854915618896484,-0.08570241928100586,0.6244004890322685,-0.18083520233631134,-177.32732858508825
129355,00e0de4200600600,-67.57097225636244,126.47752191871405,1998.379623413086,-84.09390258789062,-15.839601516723633,0.009501934051513672,0.6384358182549477,-0.14116164296865463,-177.26629324257374
129455,00e8de4200600600,-67.57172629237175,126.47714909166098,1998.4609832763672,-84.11743927001953,-15.853418350219727,0.10355710983276367,0.7198901474475861,-0.1818956807255745,-177.26536720991135
129555,00f0de4200600600,-67.57248066365719,126.47677928209305,1998.6264190673828,-84.1204948425293,-15.845317840576172,0.11549139022827148,0.6380743905901909,-0.17896737903356552,-177.30460558086634
129655,fef7de420082e1f9,-67.57323369383812,126.47640813142061,1998.7132263183594,-84.11186599731445,-15.844873428344727,0.1120762825012207,0.7215048372745514,-0.20783264189958572,-177.34403237700462
129755,0000df4200600600,-67.57398638874292,126.47603832185268,1998.7982788085938,-84.07875442504883,-15.828193664550781,0.1338486671447754,0.7204249128699303,-0.22298678755760193,-177.35612712800503
129855,0008df4200600600,-67.57473841309547,126.47566985338926,1998.8993835449219,-84.05016326904297,-15.813547134399414,0.06456518173217773,0.750502198934555,-0.2311098575592041,-177.37314373254776
129955,0010df4200600600,-67.57549110800028,126.47530037909746,1998.9522247314453,-84.03558921813965,-15.79047966003418,0.04208707809448242,0.740639716386795,-0.2144986018538475,-177.38156151026487
130055,0018df4200600600,-67.57624413818121,126.47492989897728,1999.0117797851562,-84.02031517028809,-15.800081253051758,-0.017145633697509766,0.7903363555669785,-0.16708049923181534,-177.37053964287043
130155,0020df4200600600,-67.57699716836214,126.47455774247646,1999.1821594238281,-83.99703216552734,-15.815231323242188,0.037885189056396484,0.7712474092841148,-0.19371818751096725,-177.37503066658974
130255,0028df4200600600,-67.57774986326694,126.47418525069952,1999.391372680664,-83.96291542053223,-15.868061065673828,0.11313772201538086,0.8712086454033852,-0.29035449028015137,-177.42345426231623
130355,0030df4200600600,-67.57850155234337,126.47381410002708,1999.6022491455078,-83.89521408081055,-15.849002838134766,0.2384648323059082,0.9007367491722107,-0.3535319119691849,-177.63739798218012
130455,0038df4200600600,-67.57925223559141,126.47344429045916,1999.7893524169922,-83.81094551086426,-15.799930572509766,0.1499934196472168,0.8507132157683372,-0.17419204115867615,-177.67415028065443
130555,0040df4200600600,-67.58000258356333,126.47307246923447,1999.9598083496094,-83.74142074584961,-15.803661346435547,0.1855769157409668,0.8530692011117935,-0.12215685099363327,-177.57155042141676
130655,0048df4200600600,-67.58075326681137,126.47270265966654,2000.2132415771484,-83.67587471008301,-15.758781433105469,0.18047571182250977,0.7894223928451538,-0.2336713671684265,-177.43110727518797
130755,0050df4200600600,-67.58150327950716,126.47233251482248,2000.5615539550781,-83.64033889770508,-15.753185272216797,0.2383408546447754,0.7876883447170258,-0.2165699377655983,-177.4383207410574
130855,0058df4200600600,-67.5822539627552,126.47196136415005,2000.9138641357422,-83.62145233154297,-15.753721237182617,0.2296605110168457,0.7036500424146652,-0.2287619188427925,-177.47706290334463
130955,0060df4200600600,-67.58300397545099,126.47159088402987,2001.9205169677734,-83.60467338562012,-15.746929168701172,0.2125096321105957,0.6873049959540367,-0.09766526520252228,-177.38887656480074
131055,0068df4200600600,-67.58375968784094,126.4712006226182,2002.5665435791016,-83.5605354309082,-15.71579360961914,0.07634115219116211,0.6299590319395065,-0.09819734841585159,-177.29703973978758
131155,0070df4200600600,-67.58451171219349,126.47082109004259,2003.0376586914062,-83.5438175201416,-15.748022079467773,0.09203100204467773,0.6521818041801453,-0.15407446771860123,-177.22992852330208
131255,0078df4200600600,-67.5852620601654,126.47044625133276,2003.4533996582031,-83.52055740356445,-15.842523574829102,0.08674955368041992,0.5890697613358498,0.9033361449837685,-177.19818223267794
131355,0080df4200600600,-67.58601307868958,126.47006906569004,2003.8612060546875,-83.51822853088379,-16.00229835510254,0.15270376205444336,0.56062962859869,1.4655264839529991,-177.12696958333254
131455,0088df4200600600,-67.58676309138536,126.46969020366669,2004.2081909179688,-83.51128387451172,-16.26781463623047,0.15500116348266602,0.4948792979121208,2.063964195549488,-176.85901187360287
131555,0090df4200600600,-67.5875124335289,126.46930295974016,2004.4561309814453,-83.51120948791504,-16.617509841918945,0.1502547264099121,0.4563520476222038,2.3743081837892532,-176.51242151856422
131655,0098df4200600600,-67.58826211094856,126.46890733391047,2004.6947326660156,-83.52913665771484,-17.038543701171875,0.2298436164855957,0.4409528151154518,2.4093401804566383,-176.21705397963524
131755,00a0df4200600600,-67.58901212364435,126.46850399672985,2004.9638366699219,-83.55439758300781,-17.436195373535156,0.27259397506713867,0.4379822686314583,2.472717761993408,-175.95977246761322
131855,00a8df4200600600,-67.58976213634014,126.46809060126543,2005.4907531738281,-83.57832527160645,-17.876434326171875,0.36126089096069336,0.45409128069877625,2.2331958264112473,-175.67100383341312
131955,00b0df4200600600,-67.59051315486431,126.46766748279333,2006.0399475097656,-83.5812931060791,-18.28764533996582,0.32381772994995117,0.39945535361766815,1.9076336547732353,-175.5090007558465
132055,00b8df4200600600,-67.59126383811235,126.46723363548517,2006.5181732177734,-83.59369087219238,-18.663944244384766,0.36119985580444336,0.41775472462177277,1.7647694796323776,-175.3972666338086
132155,febfdf420082e1f9,-67.59201519191265,126.46679274737835,2006.9625091552734,-83.64782524108887,-18.986339569091797,0.2870450019836426,0.27412276715040207,1.5216376259922981,-175.52591912448406
132255,00c8df4200600600,-67.5927672162652,126.46634481847286,2007.3962707519531,-83.69617462158203,-19.223087310791016,0.29291772842407227,0.30492793768644333,1.3267456367611885,-175.57304687798023
132355,00d0df4200600600,-67.59351991117,126.46589454263449,2007.839859008789,-83.76704978942871,-19.42446517944336,0.26227235794067383,0.16142874956130981,1.3438906520605087,-175.4897327721119
132455,00d8df4200600600,-67.59427294135094,126.46543622016907,2008.23681640625,-83.83075141906738,-19.659103393554688,0.1940140724182129,0.1857040822505951,1.0604555904865265,-175.2837649360299
132555,00e0df4200600600,-67.59502563625574,126.46497253328562,2008.5585632324219,-83.89910697937012,-19.884689331054688,0.16582155227661133,0.06979476660490036,0.8618118613958359,-175.18503282219172
132655,00e8df4200600600,-67.59577967226505,126.46450281143188,2008.7852325439453,-83.98764610290527,-20.071414947509766,0.008278369903564453,0.012989602982997894,0.6373753398656845,-175.17937771975994
132755,00f0df4200600600,-67.59653471410275,126.46403007209301,2008.8747100830078,-84.08529472351074,-20.20713996887207,-0.05888032913208008,-0.06268322467803955,0.42093079537153244,-175.14246884733438
132855,00f8df4200600600,-67.59728908538818,126.46355833858252,2008.4304809570312,-84.1823959350586,-20.297834396362305,-0.1594395637512207,-0.09642340242862701,0.2900225669145584,-175.0870282575488
132955,0000e04200600600,-67.59804144501686,126.46308191120625,2007.6647186279297,-84.26960945129395,-20.378320693969727,-0.18836355209350586,-0.12957919389009476,0.19724395126104355,-175.08942749351263
133055,0008e04200600600,-67.59879045188427,126.46261554211378,2006.8341827392578,-84.34272575378418,-20.409387588500977,-0.30526208877563477,-0.16745969653129578,0.07400013506412506,-175.1264289021492
133155,0010e04200600600,-67.59954113513231,126.46214347332716,2005.9654998779297,-84.39629745483398,-20.45488739013672,-0.4355149269104004,-0.1782827451825142,0.07552966475486755,-175.16756191849709
133255,0018e04200600600,-67.60029450058937,126.4616683870554,2004.9590454101562,-84.4980354309082,-20.44098663330078,-0.610013484954834,-0.19957110285758972,-0.14504849910736084,-175.13480208814144
133355,0020e04200600600,-67.60105021297932,126.46119195967913,2003.8981323242188,-84.59451675415039,-20.390832901000977,-0.6449227333068848,-0.19407592713832855,-0.7845957577228546,-175.02358630299568
133455,0028e04200600600,-67.60180726647377,126.46071385592222,2002.8493347167969,-84.67998695373535,-20.268314361572266,-0.7562060356140137,-0.19257757812738419,-1.4627037942409515,-175.05076378583908
133555,0030e04200600600,-67.6025653257966,126.4602404460311,2001.9151763916016,-84.7877368927002,-20.093416213989258,-0.7719721794128418,-0.16599688678979874,-1.7419690266251564,-175.25818638503551
133655,0038e04200600600,-67.6033253967762,126.45977307111025,2001.0167846679688,-84.9309024810791,-19.828845977783203,-0.7041325569152832,-0.14800731092691422,-1.804172471165657,-175.38570497184992
133755,0040e04200600600,-67.6040854677558,126.45931139588356,2000.1784362792969,-84.9937572479248,-19.563615798950195,-0.646507740020752,-0.14046527445316315,-1.7487553507089615,-175.74193082749844
133855,0048e04200600600,-67.6048468798399,126.4588537439704,1999.3682708740234,-85.05923461914062,-19.290298461914062,-0.7074322700500488,-0.1876426488161087,-1.8008290976285934,-175.8567974343896
133955,0050e04200600600,-67.60560896247625,126.4584058150649,1999.12548828125,-85.15149879455566,-19.02235984802246,-0.7541451454162598,-0.16511444002389908,-1.8429186567664146,-175.93407288193703
134055,0058e04200600600,-67.60637976229191,126.4579414576292,1998.6622772216797,-85.23530387878418,-18.779502868652344,-0.7446627616882324,-0.15672516077756882,-1.9433975592255592,-176.08860835433006
134155,0060e04200600600,-67.60714687407017,126.4574945345521,1998.08447265625,-85.30777549743652,-18.547874450683594,-0.7892565727233887,-0.14602180570363998,-1.7807172238826752,-176.34138241410255
134255,0068e04200600600,-67.60791331529617,126.45705733448267,1997.4464721679688,-85.35261917114258,-18.28852653503418,-0.7918219566345215,-0.07220439612865448,-1.65202047675848,-176.7046608030796
134355,0070e04200600600,-67.60867908596992,126.4566295221448,1996.851577758789,-85.41884422302246,-18.06693458557129,-0.7553658485412598,-0.04502054303884506,-1.3952713832259178,-176.8794845044613
134455,0078e04200600600,-67.60944586247206,126.45620707422495,1996.2670593261719,-85.46114540100098,-17.86758041381836,-0.7976527214050293,-0.010562874376773834,-1.1726661399006844,-176.95840515196323
134555,0080e04200600600,-67.61021163314581,126.45579367876053,1995.6419982910156,-85.50621604919434,-17.690839767456055,-0.6692957878112793,0.07558196783065796,-1.0117339342832565,-176.98735792189837
134655,fe87e0420082e1f9,-67.61097840964794,126.4553789421916,1995.118408203125,-85.52022361755371,-17.55862045288086,-0.6559100151062012,0.0739230215549469,-0.9348517656326294,-177.17793993651867
134755,0090e04200600600,-67.61174619197845,126.45496588200331,1994.6861267089844,-85.56563186645508,-17.441911697387695,-0.5170197486877441,0.18820222467184067,-0.8546004071831703,-177.24742624908686
134855,0098e04200600600,-67.61251464486122,126.45455617457628,1994.3499603271484,-85.59567070007324,-17.30959129333496,-0.4527268409729004,0.20646002143621445,-0.7503137737512589,-177.17772100120783
134955,00a0e04200600600,-67.61328175663948,126.45415116101503,1993.978500366211,-85.58247184753418,-17.22084617614746,-0.4347844123840332,0.24610307067632675,-0.5226438492536545,-177.12637782096863
135055,00a8e04200600600,-67.61404786258936,126.45374480634928,1993.582046508789,-85.51335334777832,-17.18617820739746,-0.3857274055480957,0.4121784120798111,-0.6342073157429695,-177.27718770503998
135155,00b0e04200600600,-67.61481296271086,126.45334381610155,1993.2124481201172,-85.46814155578613,-17.13516616821289,-0.4130072593688965,0.4016782343387604,-0.5231916904449463,-177.4101572111249
135255,00b8e04200600600,-67.61557839810848,126.45294349640608,1992.889144897461,-85.43207550048828,-17.048137664794922,-0.32225751876831055,0.5190121382474899,-0.49341682344675064,-177.46832996606827
135355,00c0e04200600600,-67.61634349822998,126.45254451781511,1992.6873626708984,-85.38152122497559,-16.98879623413086,-0.3218693733215332,0.5044044926762581,-0.3427145630121231,-177.41162974387407
135455,00c8e04200600600,-67.61710859835148,126.4521448686719,1992.5520782470703,-85.33786201477051,-16.976892471313477,-0.23718690872192383,0.6320897117257118,-0.24883490055799484,-177.39460710436106
135555,00d0e04200600600,-67.61787369847298,126.45174488425255,1992.4649047851562,-85.2838306427002,-16.961605072021484,-0.11646795272827148,0.6642929837107658,-0.3404132276773453,-177.46411219239235
135655,00d8e04200600600,-67.6186377927661,126.45134590566158,1992.341552734375,-85.21626853942871,-16.93939781188965,-0.12725591659545898,0.7094043865799904,-0.3369159623980522,-177.51474659889936
135755,00e0e04200600600,-67.61940155178308,126.45094692707062,1992.2118072509766,-85.14663696289062,-16.917682647705078,-0.025810718536376953,0.8140641823410988,-0.28456728905439377,-177.58042216300964
135855,00e8e04200600600,-67.62016396969557,126.45054694265127,1992.1814575195312,-85.0602970123291,-16.91632080078125,-0.0032172203063964844,0.8015221729874611,-0.24381916970014572,-177.60059606283903
135955,00f0e04200600600,-67.62092605233192,126.45014829933643,1992.2371063232422,-84.98324203491211,-16.910938262939453,0.022931575775146484,0.9014599397778511,-0.20929276943206787,-177.56561301648617
136055,00f8e04200600600,-67.62168880552053,126.44974831491709,1992.378189086914,-84.92511367797852,-16.945344924926758,0.2065577507019043,0.9481783211231232,-0.14616362750530243,-177.58683297783136
136155,0000e14200600600,-67.62244921177626,126.44934933632612,1992.7004852294922,-84.81590461730957,-16.952129364013672,0.25456762313842773,0.942445769906044,-0.1526884362101555,-177.61722408235073
136255,0008e14200600600,-67.62320827692747,126.44895069301128,1992.9628448486328,-84.71510887145996,-16.948017120361328,0.33177804946899414,1.0188518464565277,-0.13578616082668304,-177.63653431087732
136355,0010e14200600600,-67.62396600097418,126.44855339080095,1993.1923065185547,-84.59987449645996,-16.94970703125,0.32134389877319336,0.9973391890525818,-0.16561467200517654,-177.63151053339243
136455,0018e14200600600,-67.62472305446863,126.4481534063816,1993.4424743652344,-84.48615264892578,-16.96210479736328,0.301393985748291,1.0236020386219025,-0.17214719206094742,-177.66206558793783
136555,0020e14200600600,-67.62547943741083,126.44775375723839,1993.7858123779297,-84.39601516723633,-16.97709846496582,0.3176436424255371,1.0518879443407059,-0.12403842061758041,-177.68513962626457
136655,0028e14200600600,-67.62623682618141,126.44735176116228,1994.1692657470703,-84.34052467346191,-16.983736038208008,0.27532529830932617,1.0208792611956596,-0.0876167044043541,-177.73951437324286
136755,0030e14200600600,-67.62699287384748,126.44695211201906,1994.5198822021484,-84.26582908630371,-16.995681762695312,0.28744077682495117,1.0548192635178566,0.02564292401075363,-177.77061559259892
136855,0038e14200600600,-67.6277469098568,126.44655145704746,1994.8646087646484,-84.15191078186035,-17.006053924560547,0.2552008628845215,1.0361842811107635,0.0620371475815773,-177.67727840691805
136955,0040e14200600600,-67.62849994003773,126.44615147262812,1995.2204284667969,-84.02989959716797,-17.032161712646484,0.3750128746032715,1.1709750071167946,0.10634288191795349,-177.47343555092812
137055,0048e14200600600,-67.62925297021866,126.44575048238039,1995.6918640136719,-83.93243980407715,-17.056488037109375,0.4850630760192871,1.1780553683638573,0.1154550164937973,-177.31109585613012
137155,0050e14200600600,-67.63000633567572,126.44534580409527,1996.2251434326172,-83.86324310302734,-17.15442657470703,0.5425944328308105,1.174759604036808,-0.011988133192062378,-177.28517901152372
137255,fe57e1420082e1f9,-67.63075802475214,126.44494213163853,1996.7811737060547,-83.78878593444824,-17.215484619140625,0.4550051689147949,1.0908487066626549,-0.10894294828176498,-177.43325404822826
137355,0060e14200600600,-67.63150937855244,126.44453711807728,1997.3117980957031,-83.71549034118652,-17.199790954589844,0.5774111747741699,1.1733148992061615,0.011618658900260925,-177.6114197820425
137455,0068e14200600600,-67.63225872069597,126.44413277506828,1997.8494415283203,-83.6292667388916,-17.221982955932617,0.596895694732666,1.1148987337946892,0.17205063253641129,-177.55226735025644
137555,0070e14200600600,-67.63300839811563,126.44372910261154,1998.4159698486328,-83.55597877502441,-17.225637435913086,0.6436209678649902,1.0970472916960716,0.2181675285100937,-177.35203307121992
137655,0078e14200600600,-67.63375706970692,126.44332375377417,1998.9709930419922,-83.49218559265137,-17.276824951171875,0.6396098136901855,1.0536863654851913,0.06006874144077301,-177.22881373018026
137755,0080e14200600600,-67.6345057412982,126.44291505217552,1999.6408996582031,-83.43135261535645,-17.353416442871094,0.6457514762878418,1.015852466225624,0.08719928562641144,-177.28196270763874
137855,0088e14200600600,-67.63525541871786,126.4425016567111,2000.298599243164,-83.41889572143555,-17.420665740966797,0.6226859092712402,0.9370696172118187,0.1491311565041542,-177.37733133137226
137955,0090e14200600600,-67.63600274920464,126.44209261983633,2000.8680725097656,-83.36096954345703,-17.40332794189453,0.5757861137390137,0.9003954380750656,0.24054720997810364,-177.29091055691242
138055,0098e14200600600,-67.63674940913916,126.44168257713318,2001.3173828125,-83.2966537475586,-17.44831657409668,0.44859838485717773,0.8588067814707756,0.2522372826933861,-177.12599761784077
138155,00a0e14200600600,-67.63749573379755,126.44126985222101,2001.7152099609375,-83.26765060424805,-17.518234252929688,0.4407029151916504,0.8402653411030769,0.1833195984363556,-177.04146578907967
138255,00a8e14200600600,-67.63824205845594,126.44085511565208,2002.1497497558594,-83.24662971496582,-17.60615348815918,0.39812421798706055,0.8504701405763626,0.10556504130363464,-177.01835956424475
138355,00b0e14200600600,-67.63898871839046,126.4404383674264,2002.584213256836,-83.2501106262207,-17.6700382232666,0.43389177322387695,0.8233731240034103,0.19152279943227768,-177.0464412868023
138455,00b8e14200600600,-67.63973604887724,126.44002363085747,2003.0150451660156,-83.26894950866699,-17.633512496948242,0.41656064987182617,0.7526831701397896,0.011902637779712677,-177.12386593222618
138555,00c0e14200600600,-67.64048304408789,126.4396109059453,2003.3829650878906,-83.27585983276367,-17.57565689086914,0.3745541572570801,0.7429467514157295,-0.1541837677359581,-177.0339049771428
138655,00c8e14200600600,-67.64122936874628,126.43919583410025,2004.004867553711,-83.27569770812988,-17.62640380859375,0.41365480422973633,0.779900886118412,-0.13135548681020737,-176.89488273113966
138755,00d0e14200600600,-67.64198038727045,126.43877875059843,2004.6640014648438,-83.26626777648926,-17.675308227539062,0.3241410255432129,0.700165182352066,-0.166352279484272,-177.00486537069082
138855,00d8e14200600600,-67.64273039996624,126.43836501985788,2005.3293151855469,-83.26331329345703,-17.648059844970703,0.38002443313598633,0.7719290256500244,-0.1375943049788475,-177.0677712187171
138955,00e0e14200600600,-67.6434800773859,126.43795363605022,2005.9715423583984,-83.30263328552246,-17.586090087890625,0.3047022819519043,0.6176560744643211,-0.266244113445282,-176.9948560371995
139055,00e8e14200600600,-67.64422874897718,126.43754459917545,2006.4901428222656,-83.33852767944336,-17.570146560668945,0.2848820686340332,0.6104050576686859,-0.27683448046445847,-176.9307780638337
139155,00f0e14200600600,-67.6449777558446,126.4371332153678,2006.9805755615234,-83.36656379699707,-17.536266326904297,0.34602880477905273,0.6062070652842522,-0.32055918127298355,-176.99614215642214
139255,00f8e14200600600,-67.64572709798813,126.43671981990337,2007.4213562011719,-83.42929458618164,-17.50689697265625,0.3119845390319824,0.4811299592256546,-0.2923235669732094,-177.0082476362586
139355,0000e24200600600,-67.64647543430328,126.43630810081959,2007.7959747314453,-83.46570014953613,-17.49888038635254,0.3520321846008301,0.5459009483456612,-0.32938431948423386,-177.03474551439285
139455,0008e24200600600,-67.64722410589457,126.43589604645967,2008.222427368164,-83.49886894226074,-17.48369598388672,0.38120031356811523,0.4343629628419876,-0.3456173837184906,-177.05510281026363
139555,0010e24200600600,-67.64797277748585,126.43548835068941,2008.5867767333984,-83.57660293579102,-17.44057273864746,0.3229708671569824,0.42562566697597504,-0.29795922338962555,-177.1322464942932
139655,0018e24200600600,-67.64872211962938,126.43508099019527,2008.8798828125,-83.64835357666016,-17.368797302246094,0.25270986557006836,0.33308006823062897,-0.45880962163209915,-177.21802286803722
139755,fe1fe2420082e1f9,-67.64947213232517,126.4346756413579,2010.6847686767578,-83.70963478088379,-17.2757568359375,0.21169424057006836,0.29570985585451126,-0.35860631614923477,-177.25174997001886
139855,0028e24200600600,-67.65024896711111,126.43429912626743,2011.2836303710938,-83.78203392028809,-17.271732330322266,0.1441483497619629,0.26612475514411926,-0.3753091022372246,-177.21172034740448
139955,0030e24200600600,-67.65099160373211,126.43391355872154,2011.848648071289,-83.87919425964355,-17.21574592590332,0.08570718765258789,0.23600656539201736,-0.4707779735326767,-177.35670313239098
140055,0038e24200600600,-67.65174027532339,126.43351826816797,2012.3902587890625,-83.97817993164062,-17.132091522216797,0.11667108535766602,0.24917185306549072,-0.4165252670645714,-177.42799021303654
140155,0040e24200600600,-67.65249229967594,126.43312096595764,2013.0692596435547,-84.06445121765137,-17.046907424926758,0.11391973495483398,0.20250510424375534,-0.45410100370645523,-177.36712854355574
140255,0048e24200600600,-67.65324734151363,126.43272634595633,2013.3316650390625,-84.14551734924316,-17.017858505249023,-0.007332324981689453,0.16574107110500336,-0.35294651985168457,-177.3795196786523
140355,0050e24200600600,-67.65399970114231,126.4323253557086,2013.5368347167969,-84.23596954345703,-16.981111526489258,-0.0017066001892089844,0.1706528663635254,-0.43098539113998413,-177.44965609163046
140455,0058e24200600600,-67.65475474298,126.43192570656538,2013.6043243408203,-84.31658554077148,-16.91231346130371,-0.16214323043823242,0.07524501532316208,-0.4271887242794037,-177.54826314747334
140555,0060e24200600600,-67.65551045536995,126.43152672797441,2013.600601196289,-84.4277172088623,-16.864835739135742,0.038968563079833984,0.17677702009677887,-0.42779121547937393,-177.47634775936604
140655,0068e24200600600,-67.6562661677599,126.43112774938345,2013.5089721679688,-84.52540969848633,-16.849287033081055,-0.15529870986938477,-0.013809017837047577,-0.19487053155899048,-177.38475501537323
140755,0070e24200600600,-67.6570225507021,126.43072810024023,2013.2676696777344,-84.61396598815918,-16.853296279907227,-0.058145999908447266,0.18864847719669342,-0.32587531954050064,-177.43366442620754
140855,0078e24200600600,-67.65778061002493,126.4303170517087,2012.4637451171875,-84.69033813476562,-16.789350509643555,-0.05060529708862305,0.04553552716970444,-0.3114919736981392,-177.5007836893201
140955,0080e24200600600,-67.6585403457284,126.42989560961723,2011.6855926513672,-84.78200912475586,-16.74164390563965,-0.22009992599487305,0.025521554052829742,-0.3626316413283348,-177.4341670051217
141055,0088e24200600600,-67.65929907560349,126.42948992550373,2011.0049896240234,-84.8770923614502,-16.744779586791992,-0.25240373611450195,0.008471757173538208,-0.26040762662887573,-177.50274941325188
141155,0090e24200600600,-67.66006015241146,126.42909195274115,2010.347412109375,-84.9878921508789,-16.730318069458008,-0.2770380973815918,-0.052793920040130615,0.24076882749795914,-177.7038212120533
141255,0098e24200600600,-67.66082089394331,126.42869431525469,2009.6433563232422,-85.03973770141602,-16.729583740234375,-0.3803706169128418,-0.07299799472093582,0.4831426218152046,-177.61128567159176
141355,00a0e24200600600,-67.66158264130354,126.42829667776823,2008.8899383544922,-85.10972785949707,-16.85916519165039,-0.3171677589416504,0.018965229392051697,0.9828086569905281,-177.1856090426445
141455,00a8e24200600600,-67.6623447239399,126.42789468169212,2008.3483581542969,-85.1671142578125,-17.08555793762207,-0.2088456153869629,0.09112704545259476,0.721636600792408,-176.95779528468847
141555,00b0e24200600600,-67.66310881823301,126.42748665064573,2007.8693237304688,-85.24401473999023,-17.335277557373047,-0.27931928634643555,-0.03179457038640976,0.9966515377163887,-177.05482989549637
141655,00b8e24200600600,-67.66387291252613,126.42707258462906,2007.4723663330078,-85.32337188720703,-17.50468635559082,-0.13205385208129883,0.09717676788568497,0.786314383149147,-177.11657233536243
141755,00c0e24200600600,-67.66463935375214,126.42665851861238,2007.2501068115234,-85.40927124023438,-17.662185668945312,-0.08551931381225586,-0.01756478101015091,1.014840267598629,-177.09695901721716
141855,00c8e24200600600,-67.6654064655304,126.42624378204346,2007.0771942138672,-85.50255966186523,-17.791059494018555,-0.03529024124145508,0.030900053679943085,0.8842096477746964,-176.97180915623903
141955,00d0e24200600600,-67.66617391258478,126.42582301050425,2006.8864288330078,-85.59651947021484,-17.965261459350586,0.005346775054931641,-0.002655722200870514,0.8468233421444893,-176.84517100453377
142055,00d8e24200600600,-67.6669416949153,126.42539754509926,2006.6653442382812,-85.66635131835938,-18.188167572021484,-0.03023672103881836,-0.029938817024230957,1.2407402694225311,-176.82937312871218
142155,00e0e24200600600,-67.66770981252193,126.42496269196272,2006.0438690185547,-85.70293807983398,-18.372295379638672,-0.16421175003051758,-0.04081651568412781,1.1718420311808586,-176.7232096195221
142255,00e8e24200600600,-67.66847223043442,126.42453756183386,2005.2723388671875,-85.76640701293945,-18.60870361328125,-0.16826772689819336,0.003950893878936768,1.4172155410051346,-176.53639744967222
142355,feefe2420082e1f9,-67.66923666000366,126.42409767955542,2004.4949951171875,-85.81867027282715,-18.8692684173584,-0.24676275253295898,0.034706778824329376,1.2378568947315216,-176.30366921424866
142455,00f8e24200600600,-67.67000209540129,126.42365276813507,2003.6368103027344,-85.87765884399414,-19.135732650756836,-0.27516698837280273,0.11275772005319595,1.2967213243246078,-176.2197033315897
142555,0000e34200600600,-67.67076954245567,126.42319746315479,2002.7824249267578,-85.94340133666992,-19.389373779296875,-0.20273923873901367,0.180291049182415,1.2524162605404854,-176.14639420062304
142655,0008e34200600600,-67.67153665423393,126.42273914068937,2002.0265197753906,-85.95089530944824,-19.603973388671875,-0.28300046920776367,0.16572866588830948,1.0783583298325539,-176.00768610835075
142755,0010e34200600600,-67.6723051071167,126.42227578908205,2001.285400390625,-85.98387145996094,-19.77448272705078,-0.10927152633666992,0.2675516903400421,1.0208162292838097,-175.88032141327858
142855,0018e34200600600,-67.67307389527559,126.42180740833282,2000.696304321289,-85.98962593078613,-19.974056243896484,-0.14344167709350586,0.23178376257419586,1.0521534830331802,-175.7249541208148
142955,0020e34200600600,-67.67384368926287,126.42133198678493,2000.1634521484375,-86.00067901611328,-20.174726486206055,-0.00019884109497070312,0.256827212870121,0.9736056625843048,-175.64511884003878
143055,0028e34200600600,-67.67461281269789,126.4208535477519,1999.7123260498047,-85.99238777160645,-20.34192657470703,-0.05486154556274414,0.2563903480768204,0.7842718809843063,-175.3878527507186
143155,0030e34200600600,-67.67538193613291,126.42037108540535,2000.59912109375,-85.96443557739258,-20.524120330810547,0.04396772384643555,0.29210563749074936,0.6117448210716248,-175.2806619554758
143255,0038e34200600600,-67.67616748809814,126.41986045986414,2000.349624633789,-85.91921806335449,-20.636688232421875,-0.006608486175537109,0.24571917951107025,0.32818302512168884,-175.15198331326246
143355,0040e34200600600,-67.67693124711514,126.41938738524914,2000.304672241211,-85.90275382995605,-20.744531631469727,-0.01970052719116211,0.24881646037101746,0.2255399152636528,-175.15802901238203
143455,0048e34200600600,-67.67770070582628,126.41889654099941,2000.338607788086,-85.8777961730957,-20.831966400146484,-0.09147882461547852,0.18175888806581497,0.2053505927324295,-175.16059555113316
143555,0050e34200600600,-67.67847318202257,126.41840133816004,2000.3024291992188,-85.88087844848633,-20.857616424560547,0.07300710678100586,0.25818441063165665,0.13339128345251083,-175.12225907295942
143655,0058e34200600600,-67.67924331128597,126.41791015863419,2000.2493438720703,-85.89235877990723,-20.92371940612793,0.028144359588623047,0.1393759623169899,0.07701124995946884,-175.05685944110155
143755,0060e34200600600,-67.68001176416874,126.41741931438446,2000.2479400634766,-85.91715431213379,-20.980562210083008,0.014106273651123047,0.12596257030963898,0.15882834792137146,-175.03355339169502
143855,0068e34200600600,-67.68078356981277,126.41692075878382,2000.281753540039,-85.95418739318848,-21.03370475769043,-0.0385584831237793,0.061692483723163605,-0.00330951064825058,-175.0321214273572
143955,0070e34200600600,-67.68155436962843,126.4164225384593,2000.3485565185547,-85.99782943725586,-21.065025329589844,-0.0656590461730957,0.07850222289562225,-0.08936617523431778,-175.03176536411047
144055,0078e34200600600,-67.68232617527246,126.41592029482126,2000.3011932373047,-85.99518585205078,-21.1023006439209,-0.1493058204650879,0.1020711287856102,-0.07508140057325363,-175.09860064834356
144155,0080e34200600600,-67.68309731036425,126.41542442142963,2000.1824188232422,-86.04678153991699,-21.12238311767578,-0.29662179946899414,0.01300569623708725,-0.024854354560375214,-175.13985235244036
144255,0088e34200600600,-67.68386945128441,126.41492787748575,1999.94921875,-86.14372253417969,-21.138561248779297,-0.35941457748413086,0.0489053875207901,0.01615729182958603,-175.1127315312624
144355,0090e34200600600,-67.68464092165232,126.41443099826574,1999.548843383789,-86.1650390625,-21.158342361450195,-0.40782880783081055,0.07966864854097366,0.030951350927352905,-175.1436161622405
144455,0098e34200600600,-67.68541272729635,126.41393076628447,1999.1698455810547,-86.18411064147949,-21.176666259765625,-0.34186887741088867,0.1473531872034073,-0.07027354091405869,-175.21041188389063
144555,00a0e34200600600,-67.68618486821651,126.41343288123608,1998.947494506836,-86.2214298248291,-21.18660545349121,-0.3180375099182129,0.12353014200925827,-0.15050344169139862,-175.14398898929358
144655,00a8e34200600600,-67.68695835024118,126.4129326492548,1998.7007141113281,-86.25043678283691,-21.21245574951172,-0.3213381767272949,0.20032212138175964,-0.035175830125808716,-175.16014225780964
144755,00b0e34200600600,-67.6877311617136,126.41243375837803,1998.4500122070312,-86.26497650146484,-21.217195510864258,-0.21175241470336914,0.2326340228319168,-0.2664496377110481,-175.14060605317354
144855,00b8e34200600600,-67.68850363790989,126.41193486750126,1998.1870422363281,-86.28084564208984,-21.231700897216797,-0.30286550521850586,0.21267537027597427,-0.2641499787569046,-175.18694926053286
144955,febfe3420082e1f9,-67.68927611410618,126.41143698245287,1997.9189758300781,-86.2823314666748,-21.194150924682617,-0.35962724685668945,0.2955972030758858,-0.14682713896036148,-175.38965117186308
145055,00c8e34200600600,-67.69004926085472,126.41093775629997,1997.6745910644531,-86.28179740905762,-21.13815689086914,-0.34247732162475586,0.33501796424388885,-0.12513510882854462,-175.39984222501516
145155,00d0e34200600600,-67.69082274287939,126.41044020652771,1997.540023803711,-86.28841781616211,-21.133047103881836,-0.14629793167114258,0.4468439519405365,-0.19192244857549667,-175.2066819369793
145255,00d8e34200600600,-67.69159689545631,126.4099382981658,1997.5653686523438,-86.27953147888184,-21.165781021118164,0.05755949020385742,0.4696561396121979,-0.35624194890260696,-175.16139417886734
145355,00e0e34200600600,-67.69236970692873,126.4094377309084,1997.6825561523438,-86.24690437316895,-21.142574310302734,0.2219233512878418,0.5104716494679451,-0.34255027770996094,-175.29092106968164
145455,00e8e34200600600,-67.69314218312502,126.40893917530775,1998.0532531738281,-86.2326889038086,-21.13747215270996,0.3193840980529785,0.4486541077494621,-0.3629545122385025,-175.33871702849865
145555,00f0e34200600600,-67.69391633570194,126.40843793749809,1998.3553619384766,-86.25668525695801,-21.168203353881836,0.18326616287231445,0.39746783673763275,-0.3130500018596649,-175.49161534756422
145655,00f8e34200600600,-67.69469015300274,126.40794139355421,1998.5606689453125,-86.30671501159668,-21.117015838623047,0.18436002731323242,0.3799208253622055,-0.2971847355365753,-175.62261510640383
145755,0000e44200600600,-67.69546564668417,126.40744149684906,1998.8574676513672,-86.35454559326172,-21.08855438232422,0.3318161964416504,0.4182412102818489,-0.3399119898676872,-175.50701960921288
145855,0008e44200600600,-67.69624046981335,126.40694461762905,1999.309555053711,-86.39114189147949,-21.06604766845703,0.2591233253479004,0.3312491253018379,-0.3188197687268257,-175.5497156828642
145955,0010e44200600600,-67.69701596349478,126.4064447209239,1999.4634399414062,-86.4098129272461,-21.046058654785156,-0.07986116409301758,0.2594078332185745,-0.38070738315582275,-175.85589118301868
146055,0018e44200600600,-67.6977901160717,126.40595119446516,1999.211410522461,-86.44917869567871,-20.946317672729492,-0.41272401809692383,0.2195451781153679,-0.4669216275215149,-175.8840148150921
146155,0020e44200600600,-67.6985639333725,126.40546035021544,1998.8704223632812,-86.48895645141602,-20.848386764526367,-0.41524648666381836,0.35791799426078796,-0.3202527388930321,-175.5940593034029
146255,0028e44200600600,-67.69934110343456,126.40496715903282,1998.6582794189453,-86.53590202331543,-20.894010543823242,-0.1887650489807129,0.4877607151865959,-0.19509080797433853,-175.36223597824574
146355,0030e44200600600,-67.70011726766825,126.40447162091732,1998.5911560058594,-86.55997467041016,-20.9317626953125,-0.3344407081604004,0.33442821353673935,-0.30370015650987625,-175.57323664426804
146455,0038e44200600600,-67.7008930966258,126.40397675335407,1998.313720703125,-86.56588363647461,-20.87494659423828,-0.37250757217407227,0.47403987497091293,-0.2737046778202057,-175.81592593342066
146555,0040e44200600600,-67.70166926085949,126.40348322689533,1997.9966888427734,-86.53739166259766,-20.76162338256836,-0.4405055046081543,0.481179915368557,-0.18496982753276825,-175.79199090600014
146655,0048e44200600600,-67.70244408398867,126.40299506485462,1997.6341400146484,-86.49280738830566,-20.768901824951172,-0.46492719650268555,0.6189891323447227,-0.018975958228111267,-175.581944771111
146755,0050e44200600600,-67.70321924239397,126.40250623226166,1997.3932342529297,-86.44087982177734,-20.836999893188477,-0.17735910415649414,0.6874139606952667,-0.021191127598285675,-175.6872285157442
146855,0058e44200600600,-67.70399238914251,126.40201572328806,1997.4379577636719,-86.35489082336426,-20.868534088134766,0.03528547286987305,0.7850239053368568,-0.19847039133310318,-176.01900201290846
146955,0060e44200600600,-67.70476620644331,126.40152353793383,1997.667251586914,-86.25988006591797,-20.78396224975586,0.30417776107788086,0.8135823905467987,-0.13725332915782928,-176.15273259580135
147055,0068e44200600600,-67.7055386826396,126.40103504061699,1997.9652709960938,-86.14762496948242,-20.69322967529297,0.20491361618041992,0.7564610615372658,-0.031060650944709778,-175.87123308330774
147155,0070e44200600600,-67.70630948245525,126.4005458727479,1998.3118896484375,-86.05599021911621,-20.7363338470459,0.21112775802612305,0.7201067358255386,0.04466783255338669,-175.41237719357014
147255,0078e44200600600,-67.70708195865154,126.40005234628916,1998.7777099609375,-85.99055862426758,-20.87390899658203,0.28966760635375977,0.7585883885622025,-0.06749209016561508,-175.3731270879507
147355,0080e44200600600,-67.70785342901945,126.39955647289753,1999.2913818359375,-85.94276809692383,-20.923128128051758,0.293642520904541,0.7235248759388924,-0.2913760766386986,-175.88807869702578
147455,fe87e4420082e1f9,-67.70862322300673,126.39906328171492,1999.6913146972656,-85.87939643859863,-20.86616325378418,0.3211522102355957,0.7272571697831154,-0.05497220903635025,-176.07785873115063
147555,0090e44200600600,-67.70939234644175,126.39857243746519,2000.0926208496094,-85.82800102233887,-20.83968734741211,0.414670467376709,0.7323268800973892,-0.15171512961387634,-175.9473766386509
147655,0098e44200600600,-67.71016046404839,126.39808360487223,2000.5437316894531,-85.73885726928711,-20.823673248291016,0.3516535758972168,0.7450009882450104,-0.05617886781692505,-175.84300450980663
147755,00a0e44200600600,-67.71092891693115,126.39759175479412,2000.6311645507812,-85.68894386291504,-20.797971725463867,0.36153364181518555,0.7127363607287407,-0.2216416597366333,-175.90389903634787
147855,00a8e44200600600,-67.71168999373913,126.39711331576109,2000.6458435058594,-85.65471839904785,-20.670900344848633,0.22893667221069336,0.668286457657814,-0.7071536779403687,-175.8920782059431
147955,00b0e44200600600,-67.71245308220387,126.39663185924292,2000.4519653320312,-85.64567756652832,-20.461511611938477,0.12353086471557617,0.6170250847935677,-2.663477808237076,-175.60817945748568
148055,00b8e44200600600,-67.71321684122086,126.39615811407566,2000.1961059570312,-85.6607551574707,-20.07600975036621,-0.020228862762451172,0.6478661298751831,-3.753318674862385,-175.90296763926744
148155,00c0e44200600600,-67.71398261189461,126.39569375663996,1999.9621124267578,-85.72006797790527,-19.427593231201172,0.12323617935180664,0.6980978697538376,-4.674760736525059,-176.81640096008778
148255,00c8e44200600600,-67.71474871784449,126.39524549245834,1999.840591430664,-85.76001930236816,-18.539485931396484,0.2568955421447754,0.7136848568916321,-5.684539340436459,-177.53281764686108
148355,00d0e44200600600,-67.71551582962275,126.39482002705336,1999.762222290039,-85.77599334716797,-17.510019302368164,0.19553422927856445,0.6881197169423103,-6.529156900942326,-177.7636381611228
148455,00d8e44200600600,-67.71628227084875,126.39442306011915,1999.560791015625,-85.77044486999512,-16.398365020751953,0.11451482772827148,0.6306443363428116,-7.872298881411552,-178.30925211310387
148555,00e0e44200600600,-67.71705005317926,126.39405358582735,1999.197769165039,-85.81758689880371,-15.174571990966797,-0.15221166610717773,0.5394371598958969,-8.70299007743597,-179.29765485227108
148655,00e8e44200600600,-67.71782051771879,126.39370959252119,1998.8260650634766,-85.93943977355957,-13.805253982543945,-0.048772335052490234,0.6137926876544952,-8.81503064185381,179.83422607183456
148755,00f0e44200600600,-67.71858997642994,126.39340247958899,1999.998550415039,-85.93747520446777,-12.288524627685547,0.18207502365112305,0.7391970232129097,-8.66975449025631,178.58397100120783
148855,00f8e44200600600,-67.71937686949968,126.39310743659735,2001.1131439208984,-85.87765312194824,-10.750968933105469,0.47631406784057617,0.7673706114292145,-7.859579510986805,177.71141555160284
148955,0000e54200600600,-67.72015370428562,126.39286704361439,2001.3736877441406,-85.78710174560547,-9.444246292114258,0.45519304275512695,0.6531695276498795,-7.09878534078598,177.0734390616417
149055,0008e54200600600,-67.72091343998909,126.39267895370722,2002.5712127685547,-85.67760848999023,-8.33349609375,0.31911325454711914,0.6043275073170662,-6.800893172621727,176.09218005090952
149155,0010e54200600600,-67.72169329226017,126.39247376471758,2002.5946960449219,-85.5720329284668,-7.309049606323242,0.38841676712036133,0.5625122040510178,-6.063628010451794,174.95380729436874
149255,0018e54200600600,-67.72245101630688,126.39233261346817,2002.5320129394531,-85.50570106506348,-6.323286056518555,0.2910799980163574,0.4795796424150467,-5.544497519731522,174.1961781308055
149355,0020e54200600600,-67.72321242839098,126.39220789074898,2005.9451446533203,-85.42500686645508,-5.26896858215332,0.21140527725219727,0.42994000017642975,-6.442727744579315,173.99691849946976
149455,0028e54200600600,-67.72402312606573,126.39200001955032,2005.9602966308594,-85.35099220275879,-4.173011779785156,-0.020054340362548828,0.34342702478170395,-7.439378276467323,173.81160333752632
149555,0030e54200600600,-67.72477749735117,126.39193832874298,2005.7660675048828,-85.26841735839844,-2.924610137939453,-0.16470098495483398,0.3316112235188484,-9.198518805205822,173.09063527733088
149655,0038e54200600600,-67.7255291864276,126.39192558825016,2004.846939086914,-85.14881706237793,-1.3963813781738281,-0.23029470443725586,0.36574065685272217,-10.445844233036041,171.96660295128822
149755,0040e54200600600,-67.72628154605627,126.39195274561644,2003.9197845458984,-84.94761657714844,0.37688255310058594,-0.14800024032592773,0.41779831051826477,-11.340483650565147,170.7474511116743
149855,0048e54200600600,-67.72703558206558,126.39199867844582,2003.1396179199219,-84.64020729064941,2.278697967529297,-0.2282099723815918,0.4387768730521202,-11.743883192539215,169.60318755358458
149955,0050e54200600600,-67.72778827697039,126.39208383858204,2002.7953033447266,-84.24721336364746,4.247158050537109,-0.14044427871704102,0.607159249484539,-11.874959394335747,168.32485612481833
150055,fe57e5420082e1f9,-67.72854331880808,126.3921995088458,2002.2963256835938,-83.74948120117188,6.166742324829102,0.11201620101928711,0.6798843294382095,-11.33177787065506,166.87897615134716
150155,0060e54200600600,-67.72928662598133,126.39237385243177,2002.0189514160156,-83.2509651184082,7.981649398803711,0.255460262298584,0.6985947489738464,-10.652109123766422,165.5169202387333
150255,0068e54200600600,-67.73002624511719,126.39258742332458,2001.927734375,-82.70602607727051,9.702020645141602,0.5156378746032715,0.756768174469471,-9.767490439116955,164.2327419295907
150355,0070e54200600600,-67.73076184093952,126.39283586293459,2002.016860961914,-82.18796730041504,11.190153121948242,0.3918328285217285,0.5074146017432213,-8.55150830000639,163.27263817191124
150455,0078e54200600600,-67.73149441927671,126.39311749488115,2002.067138671875,-81.76107406616211,12.518774032592773,0.3841071128845215,0.5846592038869858,-8.416633754968643,162.5198420137167
150555,0080e54200600600,-67.73222398012877,126.39342963695526,2002.1109161376953,-81.32574653625488,13.861244201660156,0.2487626075744629,0.3950035572052002,-9.353273212909698,161.7753767967224
150655,0088e54200600600,-67.73294884711504,126.39377631247044,2001.8231506347656,-80.83498954772949,15.29299545288086,-0.03905916213989258,0.3550993278622627,-10.459154359996319,160.99716939032078
150755,0090e54200600600,-67.7336673438549,126.3941565155983,2001.2348327636719,-80.25114059448242,16.8450927734375,-0.22668886184692383,0.29842525720596313,-11.06554750353098,159.88732058554888
150855,0098e54200600600,-67.73438014090061,126.39457426965237,2000.694580078125,-79.57080841064453,18.540145874023438,-0.22768831253051758,0.42066793888807297,-11.18805069476366,158.41173950582743
150955,00a0e54200600600,-67.73508757352829,126.39503560960293,2000.3590393066406,-78.80202674865723,20.282751083374023,-0.0649876594543457,0.45465823262929916,-10.65664004534483,157.03996695578098
151055,00a8e54200600600,-67.73578930646181,126.39553349465132,2001.5679168701172,-78.05147743225098,21.876401901245117,-0.09399652481079102,0.43754473328590393,-9.927906319499016,155.91322526335716
151155,00b0e54200600600,-67.73650411516428,126.39603842049837,2001.3963165283203,-77.35046005249023,23.30440902709961,-0.05742692947387695,0.408819280564785,-8.940575793385506,154.90439884364605
151255,00b8e54200600600,-67.73718740791082,126.39662280678749,2002.5450286865234,-76.73881340026855,24.56197166442871,-0.018336772918701172,0.3505915403366089,-7.946668490767479,153.99229254573584
151355,00c0e54200600600,-67.73788746446371,126.39719445258379,2003.257553100586,-76.15955924987793,25.697874069213867,-0.0843348503112793,0.254707932472229,-7.479420304298401,153.19047667086124
151455,00c8e54200600600,-67.73857176303864,126.39781437814236,2003.6324615478516,-75.58279228210449,26.785205841064453,-0.1344447135925293,0.19117344170808792,-7.559389024972916,152.60952729731798
151555,00d0e54200600600,-67.73924734443426,126.39846347272396,2003.6947631835938,-74.98898124694824,27.88170051574707,-0.2978482246398926,0.1589842513203621,-8.597360663115978,151.97364326566458
151655,00d8e54200600600,-67.73991521447897,126.3991403952241,2003.5721130371094,-74.30126953125,29.113441467285156,-0.4560360908508301,0.09989988058805466,-9.741115272045135,151.19504190981388
151755,00e0e54200600600,-67.7405770495534,126.3998495042324,2003.3706512451172,-73.51581764221191,30.519699096679688,-0.5804791450500488,0.06253872066736221,-10.75087945908308,150.1332200691104
151855,00e8e54200600600,-67.74123352020979,126.40058778226376,2003.1078033447266,-72.58111000061035,32.078636169433594,-0.4748692512512207,0.27779169380664825,-11.239510551095009,148.82684145122766
151955,00f0e54200600600,-67.7418802678585,126.40136864036322,2003.0834045410156,-71.56667900085449,33.68680000305176,-0.327089786529541,0.26561547070741653,-11.40998438000679,147.58300825953484
152055,00f8e54200600600,-67.7425193041563,126.40218235552311,2003.0474853515625,-70.53683471679688,35.23079299926758,-0.2710995674133301,0.3502991795539856,-11.39071136713028,146.49712800979614
152155,0000e64200600600,-67.74314559996128,126.40303630381823,2002.9473724365234,-69.45052719116211,36.738712310791016,-0.07147550582885742,0.39837006479501724,-11.092892624437809,145.3034058585763
152255,0008e64200600600,-67.74376183748245,126.40392310917377,2002.8424377441406,-68.34145164489746,38.18938064575195,-0.13361024856567383,0.3431396931409836,-10.846458300948143,144.18431047350168
152355,0010e64200600600,-67.74436667561531,126.40484411269426,2002.6802062988281,-67.21035575866699,39.57055473327637,-0.10203886032104492,0.3815526142716408,-10.275303348898888,143.06695818901062
152455,0018e64200600600,-67.74496179074049,126.40579428523779,2002.6900634765625,-66.08663940429688,40.85590744018555,-0.09178495407104492,0.32016489654779434,-10.060895942151546,142.04071786254644
152555,fe1fe6420082e1f9,-67.74554818868637,126.40677195042372,2002.4026336669922,-65.09001159667969,41.990074157714844,-0.25287866592407227,0.21564960479736328,-9.295666739344597,141.0917342081666
152655,0028e64200600600,-67.7461201697588,126.40778750181198,2001.8731536865234,-64.13390350341797,43.077239990234375,-0.19741201400756836,0.2227872982621193,-8.942848965525627,139.97313234955072
