packet_offset,time1_s,time_types,latitude_deg,longitude_deg,altitude_m,velocity_north_mps,velocity_east_mps,velocity_down_mps,roll_deg,pitch_deg,heading_deg,alignment_status
17500,217771.2888380846,2,79.71776993013574,-41.02007407890922,6935.211352120701,-167.1600799560547,28.118755340576172,0.6514690518379211,-4.143242815291286,0.73069234690703,170.98088119344058,0
37456,217772.28885487717,2,79.71627499607679,-41.01864624353088,6934.511639387974,-167.05178833007812,28.912843704223633,0.6408693790435791,-5.373652143953307,0.9507420004231902,170.78932363465543,0
57988,217773.28887166985,2,79.71478119225984,-41.01717336455011,6933.98763159436,-166.8878936767578,29.930265426635742,0.4322971701622009,-7.221091697108951,1.0327707355168827,170.55258884000384,0
77604,217774.28888747463,2,79.71328928191834,-41.01564134301086,6933.652875067515,-166.62928771972656,31.29922866821289,0.1416770964860916,-9.875351361895712,1.3083086111475535,170.11562017070042,0
97244,217775.28890229162,2,79.71180017925009,-41.01403064855722,6933.699585978516,-166.26112365722656,33.070377349853516,-0.23821309208869934,-12.054614619089476,1.4637259035114984,169.4993573095063,0
116852,217776.28891908427,2,79.71031471573679,-41.01232559444045,6934.062527032305,-165.82095336914062,35.04912567138672,-0.38171687722206116,-12.865594772769951,1.3408573380831226,168.73220446596866,0
137124,217777.28893488905,2,79.70883340570997,-41.010518848942596,6934.420452655414,-165.34201049804688,37.13330078125,-0.33641427755355835,-12.748643311172955,1.3077719536372698,167.86936874268824,0
156992,217778.28895069394,2,79.70735643982597,-41.0086084264164,6934.670802221356,-164.84921264648438,39.18452453613281,-0.11533228307962418,-12.123891393763776,1.1578821558034555,167.08192962672632,0
177032,217779.28896847428,2,79.70588366935199,-41.00660204374557,6934.674074181893,-164.40463256835938,40.983192443847656,0.10002799332141876,-9.882905974502446,1.0635761318705919,166.38579981595151,0
197072,217780.28898427906,2,79.70441481546801,-41.004506952783174,6934.461491451108,-163.97727966308594,42.70875549316406,0.3529505133628845,-9.2351829160652,0.9637870811882715,165.85590460501254,0
217088,217781.28900008387,2,79.70294983604346,-41.00232724585379,6934.00366383868,-163.535888671875,44.40768814086914,0.576306164264679,-11.124000005104945,1.0667433188928364,165.52065957669546,0
237376,217782.28901588873,2,79.70148907806535,-41.00005904279448,6933.45326577556,-163.01788330078125,46.288883209228516,0.5220062732696533,-13.139915355736195,1.2255221555978666,165.0517488831623,0
258376,217783.2890326813,2,79.70003359360186,-40.997687498772926,6933.031074064288,-162.34825134277344,48.54655075073242,0.27338218688964844,-15.319812147206914,1.412602236510285,164.23325596495997,0
278468,217784.28904749829,2,79.69858486844896,-40.9951932870417,6932.946506662973,-161.50405883789062,51.20387649536133,-0.1467014104127884,-17.168307118805703,1.5815211227423496,163.17307825778656,0
298396,217785.28906231525,2,79.69714435959621,-40.992561163432356,6933.270385059155,-160.51986694335938,54.03206253051758,-0.5454068183898926,-17.543258763153805,1.700910866521303,162.01322790575315,0
318332,217786.28907910793,2,79.69571304114791,-40.98978560442175,6934.069183117474,-159.46043395996094,56.926326751708984,-1.023284673690796,-16.370785265110502,1.6625805875878994,160.89278950545742,0
338780,217787.28909590052,2,79.69429129253837,-40.98686966225662,6935.170289551388,-158.3916473388672,59.688297271728516,-1.2026336193084717,-16.064133770017346,1.5596025014227068,159.91716109345336,0
358700,217788.28911170538,2,79.69287883634014,-40.98382068693335,6936.221256268199,-157.38548278808594,62.226444244384766,-0.8024703860282898,-16.359304959052853,1.212221340151845,159.1548737417474,0
378644,217789.28912849794,2,79.69147507729036,-40.980649523771106,6936.724090644547,-156.43637084960938,64.64356994628906,-0.22570186853408813,-15.601596580102898,1.0428120066398872,158.29487661682595,0
398728,217790.28914430283,2,79.69007985332388,-40.97735863250187,6936.727326566305,-155.47508239746094,67.03346252441406,0.23608726263046265,-14.656745624311357,0.8698807037679634,157.4605922576967,0
418868,217791.2891610954,2,79.68869308253049,-40.97395158324507,6936.2865535774845,-154.54808044433594,69.32142639160156,0.6237614154815674,-14.335271164325652,0.8386681248072881,156.76504921994038,0
439316,217792.2891759124,2,79.68731460380747,-40.970433164283506,6935.562319713953,-153.6390838623047,71.47563171386719,0.8314675688743591,-14.180347138323736,0.869530249443562,156.06484232984639,0
460120,217793.28919171725,2,79.68594384968016,-40.966815553973355,6934.854439412148,-152.83740234375,73.2966537475586,0.46286848187446594,-9.927338612209459,1.154368349020687,155.20417647533648,0
479296,217794.2892085099,2,79.68457932160706,-40.96312073221967,6934.700269143701,-152.28091430664062,74.49063110351562,-0.015270013362169266,-3.120001744925151,1.0661263281710311,154.53500291400837,0
499252,217795.2892253025,2,79.68321828835384,-40.9593856174682,6934.842620795195,-152.0592041015625,74.94798278808594,-0.22965842485427856,1.2462031455110163,1.0477039860290824,154.43274863081228,0
519292,217796.28924110727,2,79.68185811989558,-40.95564009741563,6935.082185002342,-152.06179809570312,74.98544311523438,-0.12037336081266403,1.375366580994787,0.8026759374368977,154.84563270435794,0
539672,217797.28925789983,2,79.68049749784143,-40.95189722912824,6934.962400247805,-152.13587951660156,74.90826416015625,0.4444270730018616,-0.6767969998793689,0.6027678050267516,155.2841860469613,0
559728,217798.2892727168,2,79.67913634308806,-40.94815617391324,6934.332775055802,-152.1728515625,74.94120788574219,0.6964038014411926,-1.833723083695179,0.7938406693632706,155.41830723082688,0
579768,217799.28928950938,2,79.67777507595999,-40.94441162591431,6933.741198836656,-152.16188049316406,75.04269409179688,0.4479357898235321,-1.4327589818458415,0.9847131318961855,155.26576214535865,0
599628,217800.28930531416,2,79.67641403087278,-40.94066277457436,6933.4993979413,-152.13536071777344,75.11605072021484,-0.013681232929229736,-0.1245839413235719,1.1445602353058606,155.04295254345192,0
619680,217801.28932111905,2,79.67505289134,-40.936914573652885,6933.663431742169,-152.17640686035156,75.0412368774414,-0.20005932450294495,1.2458030446047264,0.9699190849754756,154.93390657478164,0
639980,217802.2893369238,2,79.67369109730807,-40.93317372700961,6933.760525712078,-152.2836456298828,74.84902954101562,0.03760430961847305,1.9119289515796167,0.7804909331328511,154.95405298514993,0
660816,217803.2893527286,2,79.67232806853552,-40.92944448276591,6933.536575991452,-152.44705200195312,74.6027603149414,0.4232965111732483,2.170914612779131,0.6311918766751194,155.08784514256882,0
680760,217804.28936952126,2,79.67096317787907,-40.92573116182703,6932.918463379372,-152.69662475585938,74.2463607788086,0.8309305906295776,3.079297176525662,0.4679348097212921,155.27918116831663,0
700688,217805.28938532615,2,79.66959593333435,-40.92204052364372,6931.84367613826,-152.93865966796875,73.69451141357422,1.2220237255096436,4.245493891238306,1.0943551482382805,155.51050429124803,0
719668,217806.2894021187,2,79.66822627837645,-40.91838739821444,6932.014098817536,-153.2825164794922,72.71685791015625,-2.0050549507141113,5.397854857231767,2.895058796532729,156.11678133108032,0
739860,217807.28941792357,2,79.66685389767915,-40.9147951090179,6935.281448601674,-153.52903747558594,71.376708984375,-4.092435359954834,6.4081818209987125,2.78083798434673,156.6644216682412,0
759744,217808.28943372835,2,79.66547929618145,-40.91127058677849,6939.966630509615,-153.79013061523438,70.0221939086914,-5.116415023803711,7.081263264833795,2.79691922443167,156.97642476341397,0
779752,217809.28944953324,2,79.66410262230671,-40.90781070703889,6945.253341273947,-153.9911651611328,68.7826919555664,-5.3511738777160645,7.159207375447174,2.761955612486806,157.31488801769868,0
799732,217810.2894663258,2,79.66272417365961,-40.90441220777877,6950.753123854531,-154.1935272216797,67.56098937988281,-5.61842155456543,6.631744472669837,2.8365964556642806,157.81153657397658,0
819532,217811.28948213058,2,79.66134407590668,-40.90107459573466,6956.362766284708,-154.3626251220703,66.3658218383789,-5.6386799812316895,6.24502075454119,2.9524264833858855,158.26482765666913,0
839748,217812.28949793548,2,79.65996253955169,-40.89779648584842,6962.117121333281,-154.5063934326172,65.20669555664062,-5.77699613571167,6.022197652146231,2.929519314879753,158.5653615066025,0
860272,217813.28951472804,2,79.65857992053141,-40.894574330670096,6967.8560364866835,-154.6070556640625,64.1426010131836,-5.706577777862549,5.8455148083504165,2.943260307405445,158.80195573379788,0
879896,217814.2895305328,2,79.65719644527584,-40.89140417540866,6973.543995394964,-154.69406127929688,63.13465118408203,-5.649522304534912,5.615353950041623,2.91977343746197,159.09829199026538,0
899504,217815.2895463376,2,79.65581229597291,-40.888283056966074,6979.131398138763,-154.76454162597656,62.186119079589844,-5.509823322296143,5.270121336836859,2.906990636248145,159.47752198748702,0
919152,217816.28956214245,2,79.65442758043591,-40.8852090917841,6984.575681927599,-154.8227081298828,61.23930740356445,-5.402794361114502,4.834653257978261,2.911724975889336,159.8522851679666,0
939248,217817.28957893502,2,79.65304255282946,-40.882179030680156,6989.948888423858,-154.82675170898438,60.45365524291992,-5.373107433319092,3.7423060616779464,2.919250214638483,160.11729868285695,0
958888,217818.289593752,2,79.65165781690868,-40.8791834110936,6995.265873646933,-154.7633514404297,59.854976654052734,-5.281726837158203,2.0805229562612952,2.9363108761773082,160.39255929674198,0
978556,217819.28961153247,2,79.65027389398082,-40.876213775246164,7000.46641158962,-154.6326141357422,59.43722915649414,-5.163478374481201,0.8688627011792327,2.9497233060745756,160.49777745655788,0
998416,217820.28962634943,2,79.64889138348286,-40.87326100872879,7005.589912694743,-154.4497833251953,59.18096160888672,-5.147425174713135,0.29246731666245035,2.9854690549992995,160.43977433118417,0
1018280,217821.2896431421,2,79.64751071124712,-40.87031868219634,7010.74022638225,-154.24176025390625,59.003055572509766,-5.188309192657471,0.3819439252228868,2.987536932206087,160.3510617244797,0
1038504,217822.2896579591,2,79.64613197829956,-40.86738476033483,7015.893682577903,-154.02423095703125,58.853572845458984,-5.149003028869629,0.6061410334052986,2.972764845908587,160.305580320224,0
1059612,217823.28967475178,2,79.6447551591403,-40.86445931045949,7021.025835896708,-153.83045959472656,58.66339111328125,-5.1098175048828125,0.6208874388920672,2.9826873232290247,160.33036430115226,0
1079496,217824.28969154434,2,79.64338017738194,-40.8615425662147,7026.12042423156,-153.59877014160156,58.55476760864258,-5.0682783126831055,0.1014104345423274,2.9689695231375164,160.3164019834932,0
1099424,217825.2897073492,2,79.64200731052557,-40.858630141349394,7031.121972415253,-153.3571014404297,58.52232360839844,-4.973597526550293,-0.8106582615153203,3.010529424170907,160.35594667971264,0
1119328,217826.289723154,2,79.64063679027188,-40.85571757899337,7036.097394851872,-153.08203125,58.557960510253906,-4.959170341491699,-1.8484625231028353,2.9782759574005624,160.3060386270291,0
1139644,217827.28973895888,2,79.639268922404,-40.852800046340974,7041.018024006604,-152.7686004638672,58.74297332763672,-4.893651008605957,-2.315337691302469,3.02268204518842,160.06871083777668,0
1159452,217828.28975575144,2,79.63790399093685,-40.84987259963068,7045.912845682369,-152.42141723632812,58.98065185546875,-4.870124816894531,-2.067766877941294,3.00725861958159,159.78725393333744,0
1179036,217829.28977056843,2,79.63654204436743,-40.846934991539,7050.739219774092,-152.10415649414062,59.170406341552734,-4.810430526733398,-1.1964263796366463,3.0133528463178783,159.55368377716078,0
1197812,217830.28978834892,2,79.6351828884596,-40.84398947932333,7055.543186471908,-151.80386352539062,59.313472747802734,-4.771714210510254,-0.6027335130245898,2.990483698248129,159.46556507967554,0
1217660,217831.28980316588,2,79.63382618898629,-40.841039975587826,7060.268131997856,-151.53860473632812,59.372962951660156,-4.6602253913879395,-0.9637925093014437,2.96101181967646,159.43815709958386,0
1237944,217832.28981995847,2,79.63247183275524,-40.838086543057784,7064.846737797117,-151.27020263671875,59.5128059387207,-4.509451866149902,-1.7656775087739298,3.0044258448284933,159.3524145341182,0
1258780,217833.2898357633,2,79.6311198506835,-40.83512357486674,7069.334904781094,-151.01162719726562,59.77239227294922,-4.420720100402832,-2.725829774742113,3.0034761987317076,159.16659635715558,0
1278684,217834.28985255587,2,79.62977048427568,-40.83214412629306,7073.74180590509,-150.67494201660156,60.19747543334961,-4.375636577606201,-3.444142940495249,3.0678435139747884,158.85282875374793,0
1298636,217835.28986836065,2,79.62842432837637,-40.82914110010469,7078.112821841684,-150.29180908203125,60.7314338684082,-4.311313629150391,-3.9208631650369785,3.0349296368877168,158.57550203371224,0
1318556,217836.28988416557,2,79.62708163770886,-40.82611077000101,7082.378716156541,-149.89373779296875,61.30928039550781,-4.218003273010254,-4.31642488197576,3.065383139982358,158.2859549230752,0
1338824,217837.28989997032,2,79.62574254424476,-40.82305084181819,7086.588736984638,-149.4813995361328,61.92904281616211,-4.177645683288574,-4.434257405160521,3.047761035903709,157.9604513202667,0
1358760,217838.289916763,2,79.62440723771248,-40.81995894072521,7090.691851402944,-149.05271911621094,62.60276412963867,-4.058244228363037,-4.743198195565183,3.050510731212537,157.62250749538978,0
1378672,217839.28993256777,2,79.6230759044777,-40.816832492547036,7094.738132140229,-148.6104736328125,63.306190490722656,-4.047881603240967,-4.885435476519222,3.0730807800011024,157.35573637027488,0
1398616,217840.28994837264,2,79.62174849000203,-40.8136721632602,7098.752544065921,-148.18258666992188,63.966373443603516,-3.976095676422119,-4.4153536501128565,3.034767920296818,157.08616844232586,0
1418520,217841.2899641774,2,79.62042466863262,-40.81048156227465,7102.6482416031085,-147.80218505859375,64.55613708496094,-3.8524818420410156,-3.6349667749239134,3.022436447695832,156.78746471660077,0
1438788,217842.28997998222,2,79.6191041296814,-40.807264026981976,7106.48427210949,-147.4533233642578,65.07009887695312,-3.835423707962036,-3.0321584139591318,3.0197982564808217,156.57409827127015,0
1459648,217843.28999578705,2,79.61778649613801,-40.80402376473523,7110.300627647408,-147.14784240722656,65.48892211914062,-3.789393901824951,-2.56006338192754,2.9683530536945057,156.4795936593413,0
1479576,217844.29001257973,2,79.61647139221093,-40.80076557686202,7114.058336273536,-146.887939453125,65.82066345214844,-3.7638022899627686,-2.344106150745545,2.990981269523643,156.3803802602546,0
1499504,217845.2900283845,2,79.61515869334767,-40.797490695099604,7117.844325883809,-146.6138153076172,66.16888427734375,-3.820437431335449,-2.657267069233169,2.992442715738489,156.24920244040464,0
1519432,217846.29004517707,2,79.61384856457751,-40.794197370560255,7121.647677958717,-146.3188018798828,66.57157135009766,-3.799389600753784,-3.319267223728925,2.988182241180808,156.10875852841846,0
1539708,217847.29006098188,2,79.61254121868498,-40.7908831696728,7125.447999664809,-145.98834228515625,67.0261001586914,-3.825782299041748,-3.700809448155965,3.0109980426272065,155.90285693763258,0
1559508,217848.29007678674,2,79.61123687113601,-40.787546123824775,7129.280561880502,-145.64784240722656,67.5023422241211,-3.8519959449768066,-3.5499516962086566,3.0113738663392944,155.6182823039185,0
1579132,217849.29009259152,2,79.60993557040547,-40.784186153653856,7133.11828529433,-145.3123321533203,67.95564270019531,-3.830561876296997,-2.9322518138012557,3.0033937495675924,155.33298756245713,0
1598740,217850.2901093841,2,79.6086370164369,-40.78080682506167,7136.909408434939,-145.0333709716797,68.29985046386719,-3.7705113887786865,-1.7891853612701945,2.9942001643497207,155.11247467731584,0
1618404,217851.29012518897,2,79.60734071815624,-40.777413822918156,7140.6706112693555,-144.81179809570312,68.52194213867188,-3.7612180709838867,-0.797540773777006,2.9650684287342366,155.0010502976102,0
1638392,217852.29014000593,2,79.6060460422469,-40.774014218175715,7144.4211945160205,-144.67117309570312,68.57299041748047,-3.7472894191741943,0.03367694158942665,2.926513367692866,155.02001422386215,0
1658900,217853.29015778642,2,79.60475232211607,-40.77061564039801,7148.157471657731,-144.60073852539062,68.50386810302734,-3.7395241260528564,0.9327197211091588,2.9204826165618716,155.10445189573872,0
1678508,217854.29017359117,2,79.60345890731284,-40.76722547755008,7151.913267436086,-144.6079559326172,68.2614517211914,-3.7567269802093506,1.805543038784165,2.898969967891228,155.2150982643199,0
1698132,217855.29018939607,2,79.60216518785116,-40.763850614224324,7155.666149962272,-144.65951538085938,67.92207336425781,-3.7286274433135986,2.557732709685924,2.873872029634684,155.33561704340642,0
1717756,217856.29020618863,2,79.6008708699811,-40.76049462604983,7159.39582631561,-144.74075317382812,67.524169921875,-3.7053334712982178,2.629315782581034,2.869476338049806,155.565756442506,0
1737712,217857.29022199352,2,79.59957570657876,-40.75716063801097,7163.075553119879,-144.84661865234375,67.06219482421875,-3.608370065689087,2.718343836206164,2.8623146996222757,155.83912149668026,0
1757312,217858.29023779827,2,79.59827949651762,-40.75385112190905,7166.642747878625,-144.97108459472656,66.56432342529297,-3.485670804977417,2.9250311172404966,2.8785500950494525,156.02182282552835,0
1776968,217859.29025360316,2,79.59698216512085,-40.75056707893407,7170.088284237722,-145.10223388671875,66.04749298095703,-3.3724474906921387,3.152937086583725,2.8900748510070757,156.1692691747043,0
1796576,217860.29026940794,2,79.59568367131942,-40.74730918103141,7173.447683773568,-145.22727966308594,65.53555297851562,-3.3089375495910645,3.150170840822676,2.8812275375454655,156.34540938722722,0
1816208,217861.29028620053,2,79.59438412545518,-40.74407723822748,7176.749721122092,-145.3190155029297,65.0227279663086,-3.3083767890930176,2.7033215940251356,3.1423874798800147,156.55350512139464,0
1836164,217862.2903020054,2,79.59308403465613,-40.74086979141932,7180.444291469892,-145.32986450195312,64.55648803710938,-4.037904262542725,1.8716116187332281,3.602768593646165,156.80530675362775,0
1856720,217863.29031879795,2,79.59178435598693,-40.73768489917043,7185.026726469345,-145.22293090820312,64.14680480957031,-5.121668815612793,1.0120922047036645,4.045013649669447,157.00411970494443,0
1876304,217864.29033460273,2,79.59048609164458,-40.734519352571006,7190.587913086353,-145.0121612548828,63.80190658569336,-6.064435005187988,0.330423553044738,4.445419303412002,156.98855961096896,0
1895984,217865.2903504075,2,79.58919004756828,-40.73136750630798,7197.055378173151,-144.72813415527344,63.58339309692383,-6.705623149871826,-0.10611149957334783,4.33137749044411,156.81998934658208,0
1915560,217866.2903672001,2,79.58789666031207,-40.72822418705621,7203.843758125587,-144.4251251220703,63.45588302612305,-6.880203723907471,-0.09484867029208142,4.370318190245717,156.6160285724544,0
1935608,217867.29038201715,2,79.58660594581842,-40.72508783953103,7210.8287698130425,-144.14340209960938,63.27751922607422,-7.068231582641602,0.757307455655999,4.349190584067043,156.5269326822975,0
1954528,217868.29039880977,2,79.58531741482467,-40.72196361781117,7217.88586045621,-143.9303436279297,62.9814567565918,-7.031130313873291,2.4404898033717375,4.282154394484166,156.5709359240983,0
1974160,217869.29041461452,2,79.58403028620019,-40.71886006368041,7224.8711302326265,-143.83087158203125,62.462032318115234,-6.9659905433654785,3.740480800253956,4.29079312697752,156.75161160931165,0
1993792,217870.2904314072,2,79.58274380946268,-40.71578585680687,7231.789183369964,-143.79335021972656,61.81066131591797,-6.87604284286499,4.094083274217787,4.233465073684713,157.018922925412,0
2013440,217871.29044622416,2,79.58145764838453,-40.712744744476076,7238.628167272951,-143.7606658935547,61.164772033691406,-6.810801029205322,3.5448133577627092,4.256308045720326,157.3705264199081,0
2033356,217872.29046301683,2,79.58017191181223,-40.70973378754847,7245.403428763489,-143.70376586914062,60.62491226196289,-6.689385890960693,2.463862108747617,4.232708485009889,157.80119434930344,0
2053936,217873.2904788216,2,79.5788869128386,-40.706747646039624,7251.988690003538,-143.6033172607422,60.17748260498047,-6.452704429626465,1.2881379908006056,4.230364095193586,158.17391589078667,0
2073528,217874.2904946264,2,79.5776030394396,-40.70378035583165,7258.364405796745,-143.45028686523438,59.86893081665039,-6.292268753051758,0.46506693070898547,4.277429581631696,158.42130799614438,0
2093176,217875.29051141907,2,79.57632062038854,-40.70082750350868,7264.588143263519,-143.2764434814453,59.62744140625,-6.120955944061279,0.12556890705834256,4.2482008563563145,158.4521002666768,0
2112784,217876.29052722393,2,79.57503988710012,-40.697885424606504,7270.66611532712,-143.07347106933594,59.45388412475586,-6.017947673797607,0.12356783432113232,4.269507143216774,158.31276477687678,0
2132772,217877.2905430287,2,79.57376101564846,-40.6949513837335,7276.693715379228,-142.86151123046875,59.295127868652344,-6.005612373352051,0.5471672788889741,4.265493340725495,158.16893974651393,0
2152388,217878.29055982127,2,79.57248392059398,-40.69202629308366,7282.674959122439,-142.67483520507812,59.100914001464844,-5.940810203552246,1.4452927596776475,4.260010552302808,158.11627628106498,0
2172036,217879.29057562607,2,79.5712083502052,-40.68911238345734,7288.585703083935,-142.51332092285156,58.8646354675293,-5.859287738800049,1.9968737348188368,4.246718473362801,158.2828675026094,0
2191604,217880.2905914309,2,79.56993413070532,-40.68621121940149,7294.379854990437,-142.3663330078125,58.607261657714844,-5.710544586181641,1.286580801608543,4.202591221426007,158.6484457246486,0
2211268,217881.2906072357,2,79.56866122051669,-40.683322012457104,7300.014200058022,-142.21926879882812,58.39689254760742,-5.573757171630859,-0.16461692200168024,4.235834689983114,158.98505101548068,0
2231216,217882.29062402825,2,79.56738997863779,-40.680439091699945,7305.544970552076,-142.00762939453125,58.34898376464844,-5.475859642028809,-1.5923226130424057,4.263381446491195,159.11646749969748,0
2251996,217883.29063983302,2,79.5661209030918,-40.677555467462334,7310.966526681262,-141.7403106689453,58.44418716430664,-5.340928554534912,-2.1766000141401207,4.247414519040157,158.99402237903348,0
2271612,217884.29065662573,2,79.56485434330065,-40.67466582922716,7316.257469146411,-141.4530792236328,58.58906936645508,-5.235816955566406,-1.8250931490291191,4.273389766124522,158.699701501873,0
2291432,217885.2906724305,2,79.56359039064816,-40.671768136741626,7321.455779782499,-141.1638946533203,58.74917984008789,-5.144603729248047,-0.86315989543409,4.25246737661081,158.44140063010633,0
2311032,217886.29068823528,2,79.56232881600307,-40.668865375586016,7326.539246851828,-140.9198760986328,58.80815887451172,-5.015869617462158,0.19119285598532576,4.220402498528792,158.34324908080924,0
2331208,217887.29070404015,2,79.56106915729525,-40.665963085222636,7331.515649972513,-140.73089599609375,58.751991271972656,-4.930160045623779,0.8222718139218905,4.217346270001275,158.42714809553556,0
2350800,217888.2907208328,2,79.55981099874961,-40.66306613201012,7336.410727741424,-140.58413696289062,58.613853454589844,-4.842132091522217,0.8613072238335985,4.203747114360042,158.63665820406223,0
2370456,217889.29073663757,2,79.55855410210033,-40.660177269614636,7341.192648363247,-140.4396514892578,58.45293045043945,-4.712655067443848,0.5029821320361404,4.18443647427978,158.84697300627556,0
2390064,217890.29075244238,2,79.55729846746699,-40.657296636513124,7345.8838764138145,-140.2958526611328,58.307926177978516,-4.677876949310303,0.07485929787817051,4.203683501089118,158.97829757465368,0
2409688,217891.29076824724,2,79.55604417567892,-40.654422446191724,7350.577998639803,-140.1275634765625,58.22998046875,-4.689845085144043,-0.17457686203137518,4.206759135910815,159.0034580791034,0
2429036,217892.29078405202,2,79.55479138851844,-40.65155152755547,7355.248278356929,-139.9579620361328,58.19254684448242,-4.622157096862793,-0.3057567286882885,4.190315580317017,158.9929735956891,0
2449660,217893.2907994287,2,79.55354023285241,-40.64868162263655,7359.8196911871355,-139.77667236328125,58.17399215698242,-4.518784999847412,-0.4742669077715148,4.184424206777069,158.99799996618836,0
2469236,217894.29081381788,2,79.55229076457455,-40.645811894501975,7364.324958272668,-139.58604431152344,58.17648696899414,-4.509180545806885,-0.6331967172021256,4.211805925114284,158.9876299961488,0
2489080,217895.29083018264,2,79.55104302479685,-40.64294101195956,7368.816580613935,-139.38804626464844,58.22352981567383,-4.471473217010498,-0.7740244844429962,4.188866256695989,158.95873581006126,0
2508852,217896.2908465474,2,79.54979707964344,-40.64006779900138,7373.26166896849,-139.18447875976562,58.28498077392578,-4.424454689025879,-0.7353354048643838,4.188993978697117,158.94270877167364,0
2529028,217897.29086192438,2,79.54855285509247,-40.63719236683656,7377.660207232649,-138.9973602294922,58.3453254699707,-4.380661964416504,-0.4426304035608225,4.17555812827697,158.93929372760738,0
2548636,217898.29087828915,2,79.54731021582869,-40.63431565819721,7382.008921612252,-138.8373565673828,58.34214401245117,-4.3166279792785645,-0.2321323147564813,4.171280001620896,158.9235136457902,0
2568448,217899.2908936661,2,79.54606902354024,-40.63143909651809,7386.274103615831,-138.6862030029297,58.335994720458984,-4.212214946746826,-0.10521259381488035,4.164679812100428,158.91559725177788,0
2588236,217900.29090904308,2,79.5448291558049,-40.62856400321575,7390.437839757137,-138.54556274414062,58.30241394042969,-4.107234001159668,0.036076833674341814,4.149370002377304,158.90986308562515,0
2607892,217901.29092343227,2,79.54359052158428,-40.62569128869057,7394.510911148475,-138.40919494628906,58.24869155883789,-4.041878700256348,0.27836643813246387,4.147554261542039,158.9345666664465,0
2627832,217902.29093880937,2,79.54235301849816,-40.622821973486936,7398.521117840746,-138.28082275390625,58.18986511230469,-3.9726786613464355,0.32558310587856176,4.14663828152324,158.98488897859127,0
2648592,217903.290953199,2,79.54111660106535,-40.61995642427035,7402.456256386935,-138.14633178710938,58.13949966430664,-3.896925687789917,-0.0048966440023877275,4.1368502083846055,159.03495578110778,0
2667288,217904.2909776608,2,79.53988142057909,-40.61709219108073,7406.307969165438,-137.99269104003906,58.165306091308594,-3.8123037815093994,-0.9044981751665357,4.138979801646568,159.07010578129632,0
2686944,217905.29099445348,2,79.53864779621851,-40.61422477505441,7410.08496870432,-137.79795837402344,58.27482604980469,-3.758533000946045,-1.7801340891827706,4.169075539633871,159.05265097747665,0
2706732,217906.29101025825,2,79.5374160347587,-40.611350173795074,7413.843739873456,-137.5759735107422,58.46699523925781,-3.7661662101745605,-1.9908103028763,4.1903343834219955,158.90764923411894,0
2726900,217907.29102606303,2,79.53618635662274,-40.60846571403955,7417.591609955854,-137.340576171875,58.6749267578125,-3.7357771396636963,-1.706295646690773,4.171822432094775,158.67758894601886,0
2746680,217908.29104186792,2,79.5349587619402,-40.60557135064189,7421.298823204918,-137.12057495117188,58.85942840576172,-3.6899752616882324,-1.1169382555099103,4.157894026458971,158.4789123108266,0
2766320,217909.29105866057,2,79.53373307349786,-40.60266942620872,7424.970929197346,-136.9119110107422,58.991233825683594,-3.6791839599609375,-0.5435670765472089,4.167432199475435,158.36415004158647,0
2785920,217910.29107446538,2,79.5325090539679,-40.59976304836955,7428.639534344966,-136.7371368408203,59.058448791503906,-3.690868616104126,-0.23250996229986384,4.162874447065339,158.35143227938374,0
2805568,217911.29109125803,2,79.53128648150884,-40.59685489813354,7432.299045117617,-136.59295654296875,59.07170867919922,-3.651484489440918,-0.16812904854511204,4.117576649997839,158.41839019822407,0
2825704,217912.2911070628,2,79.530065187561,-40.593946753193435,7435.887974393605,-136.45835876464844,59.062618255615234,-3.572815179824829,-0.2801736529799473,4.1212852907618585,158.49108803004134,0
2846424,217913.29112286758,2,79.52884513366325,-40.591038767639674,7439.432217594819,-136.3223419189453,59.086280822753906,-3.5448102951049805,-0.5123577281537975,4.145502136892031,158.53101921994076,0
2866236,217914.29113867247,2,79.52762638693716,-40.588130077515366,7442.970226208379,-136.1653289794922,59.1241455078125,-3.5327277183532715,-0.7772094356313959,4.125433138262756,158.5088863492269,0
2886040,217915.29115447722,2,79.52640906130516,-40.585219322135714,7446.490966613866,-136.00172424316406,59.17757797241211,-3.531224250793457,-0.892738426450751,4.1453774371473955,158.40839849046574,0
2905648,217916.291170282,2,79.52519315268884,-40.582306507533836,7450.038385215568,-135.8429412841797,59.21924591064453,-3.587238073348999,-0.2495228404498224,4.1595226923172115,158.2768896591196,0
2925780,217917.29118707468,2,79.52397847543912,-40.579394353226725,7453.635842909507,-135.73194885253906,59.159278869628906,-3.610654592514038,0.8710069347243117,4.121495743267569,158.20514998459387,0
2945388,217918.29120386727,2,79.52276462273286,-40.576488164540756,7457.233662377899,-135.66355895996094,58.99613571166992,-3.58851957321167,1.6324698524600556,4.102827490407802,158.24612110178157,0
2965020,217919.29121868423,2,79.52155124213337,-40.5735924135263,7460.806153967298,-135.6245574951172,58.76848220825195,-3.556103467941284,1.6711483431217078,4.107700765617171,158.4246139994647,0
2984652,217920.2912354769,2,79.52033818555115,-40.57070897560609,7464.372516513559,-135.5826873779297,58.544227600097656,-3.5641543865203857,1.0631936280782044,4.103850265419748,158.65918988134658,0
3004260,217921.29125128168,2,79.51912555900405,-40.56783665350518,7467.961523596384,-135.518798828125,58.35437774658203,-3.596092700958252,0.2887774456067385,4.108545959811208,158.82478104963516,0
3024240,217922.29126708658,2,79.51791357578702,-40.56497165779077,7471.584249421529,-135.43630981445312,58.26628494262695,-3.6201210021972656,-0.40110322287423195,3.9641126550780483,158.84886823084804,0
3044764,217923.29128289135,2,79.51670230188132,-40.56210898649643,7474.995623261363,-135.35670471191406,58.263816833496094,-3.136265993118286,-0.7062070569329724,3.5996363468736265,158.75193663267194,0
3064380,217924.291299684,2,79.51549173442848,-40.55924442956955,7477.877247160627,-135.28346252441406,58.343841552734375,-2.6603775024414062,-0.5026704264112364,3.5483379321050994,158.63375269618152,0
3084180,217925.29131548878,2,79.51428170292677,-40.55637664579667,7480.357006520549,-135.23622131347656,58.39241027832031,-2.325173854827881,-0.012912053147991105,3.528432285311381,158.56962367159116,0
3103948,217926.29133129367,2,79.51307193233548,-40.55350791866079,7482.56310865615,-135.2423553466797,58.36968994140625,-2.0681469440460205,0.6129955262725225,3.361934635424876,158.5836188620714,0
3123896,217927.29134808623,2,79.5118620370582,-40.55064155099621,7484.399457350322,-135.26922607421875,58.30485153198242,-1.6498768329620361,1.0465909902149313,3.3290377554014254,158.67796030882215,0
3143680,217928.291363891,2,79.51065166581482,-40.54778033323748,7485.98804140569,-135.32620239257812,58.20051956176758,-1.5073521137237549,1.1010408465797459,3.317719666451971,158.8584529259333,0
3163288,217929.2913796958,2,79.50944076722006,-40.54492588976508,7487.443078213556,-135.38613891601562,58.049617767333984,-1.4566422700881958,0.7611888323701473,3.4751029731391405,159.0850736022695,0
3182888,217930.29139648846,2,79.50822940563019,-40.54207844795582,7488.992101039262,-135.43304443359375,57.922176361083984,-1.6231769323349,0.32105274582325644,3.5826541781080623,159.26323538545782,0
3202544,217931.29141229324,2,79.50701779719937,-40.53923692471809,7490.696828683443,-135.4501190185547,57.8171501159668,-1.7660149335861206,-0.005896864546414589,3.612771889712125,159.31603292522013,0
3222492,217932.29142809802,2,79.50580615367215,-40.53639903872049,7492.48544470754,-135.4379425048828,57.783935546875,-1.7935150861740112,-0.24044739969819942,3.582273053225267,159.2318879157311,0
3243176,217933.29144489067,2,79.50459466861874,-40.533561661944816,7494.272174980504,-135.41998291015625,57.814857482910156,-1.7453925609588623,-0.37297725229387924,3.486177693406016,159.07161820838164,0
3262800,217934.29146069544,2,79.50338337969146,-40.530721765912865,7495.92452714872,-135.40284729003906,57.89848327636719,-1.4896546602249146,-0.3109531840814996,3.234302345762998,158.94440932570413,0
3282432,217935.29147650022,2,79.50217207393256,-40.52787872427709,7497.204692517558,-135.41453552246094,57.96368408203125,-1.029228687286377,0.08857736139602657,3.099806860573191,158.8757397753493,0
3302056,217936.29149230508,2,79.50096050848084,-40.525033904571615,7498.164642321601,-135.4637908935547,57.983341217041016,-0.9384072422981262,0.5759483844638685,3.2401554294118915,158.8861391306152,0
3322044,217937.29150909767,2,79.49974832426577,-40.522190248325266,7499.081368513581,-135.54127502441406,57.9295539855957,-0.7871291637420654,0.9688359717107733,3.016735176795857,158.98055714605897,0
3340948,217938.29152490248,2,79.49853538603888,-40.51935092606661,7499.776983795621,-135.63092041015625,57.83561706542969,-0.6798359155654907,1.0209573873081745,3.2172719912945835,159.1233150134795,0
3360580,217939.29154070732,2,79.49732153651445,-40.51651710309405,7500.556503568613,-135.7272491455078,57.72218322753906,-0.8116756677627563,0.6731884736398007,3.2177450667605356,159.27739869810193,0
3380188,217940.2915574999,2,79.4961070099211,-40.51368828693636,7501.423904822711,-135.79510498046875,57.63399887084961,-0.9372345209121704,0.16705773800025242,3.3501473294919655,159.38920253982423,0
3399828,217941.29157330477,2,79.4948920325945,-40.51086232030385,7502.4741874507845,-135.8268585205078,57.60676574707031,-1.1409846544265747,-0.2682593490843476,3.3897646127411893,159.41235639311367,0
3419792,217942.29158910955,2,79.49367683999482,-40.508036313843945,7503.65697987472,-135.83786010742188,57.644020080566406,-1.15149986743927,-0.5398971881827048,3.2088866386311072,159.33262464550324,0
3440688,217943.29160491444,2,79.49246161379199,-40.505207925952675,7504.717459925737,-135.83604431152344,57.71302795410156,-1.0438868999481201,-0.5301127282988817,3.334492920250748,159.18810135548065,0
3460312,217944.2916207192,2,79.49124638960359,-40.50237633069871,7505.853475895928,-135.8421630859375,57.76474380493164,-1.2338252067565918,-0.13909193863295055,3.389745399870314,159.0696903279256,0
3479944,217945.29163751187,2,79.49003110937048,-40.49954320674043,7507.096336856611,-135.8580322265625,57.77153396606445,-1.2282295227050781,0.41131512724762265,3.266328524724926,158.98784217683553,0
3499568,217946.29165232886,2,79.48881549983369,-40.496711796430624,7508.263278632209,-135.92112731933594,57.705238342285156,-1.1437621116638184,0.9647039860853096,3.216497859035893,158.94479748178037,0
3519532,217947.29166912145,2,79.48759916817363,-40.49388464501333,7509.301995713165,-136.01995849609375,57.610809326171875,-0.8932379484176636,1.3275772254993694,2.9445402270162546,158.986513421799,0
3539140,217948.2916859141,2,79.4863818387302,-40.49106365656956,7509.973003574287,-136.14466857910156,57.47719192504883,-0.516155481338501,1.3829210236838385,2.9214956182547667,159.1460812150038,0
3558764,217949.2917017189,2,79.4851632874174,-40.48824967987299,7510.406695980235,-136.28807067871094,57.34031677246094,-0.39032354950904846,1.135626962538417,2.960093733404299,159.3979155074794,0
3578420,217950.29171851155,2,79.48394344890369,-40.48544302426408,7510.749681802813,-136.43601989746094,57.20328140258789,-0.27468955516815186,0.6584839774816529,2.8549327240410594,159.59794415043928,0
3598020,217951.29173332854,2,79.48272243581512,-40.48264208911374,7510.9282538674115,-136.5447235107422,57.12705612182617,-0.10524144023656845,0.09396489718212907,2.889350491246181,159.65461839007122,0
3618000,217952.29174913332,2,79.48150050482494,-40.47984326337133,7511.060274863583,-136.6322479248047,57.1354866027832,-0.19804082810878754,-0.2599389554624875,3.0062723381818843,159.61478514587097,0
3638516,217953.291765926,2,79.48027790065032,-40.47704320323289,7511.271315765164,-136.70445251464844,57.1817512512207,-0.19227249920368195,-0.3532786318886558,2.874465612949601,159.5283438144368,0
3658156,217954.29178271868,2,79.47905470288859,-40.474241024216695,7511.374795916874,-136.7600555419922,57.248165130615234,-0.01833248883485794,-0.11318275314761421,2.841639723543385,159.40486816370253,0
3677780,217955.29179852342,2,79.47783094547972,-40.4714363593397,7511.430585779228,-136.82481384277344,57.304012298583984,-0.1638622134923935,0.27740895256300646,2.9910298878522865,159.35241697144093,0
3697388,217956.29181432832,2,79.47660652721592,-40.46863092555273,7511.614789986791,-136.89968872070312,57.29743957519531,-0.13625194132328033,0.5888429260829462,2.8800218634953967,159.3942075213763,0
3717368,217957.29183013306,2,79.47538140063577,-40.46582700878458,7511.783392308422,-136.99392700195312,57.27174377441406,-0.20336104929447174,0.5965570056607631,2.9369835498054173,159.5010397887879,0
3736992,217958.29184593787,2,79.4741554112335,-40.463025465710885,7511.984468380592,-137.08981323242188,57.22911834716797,-0.12222649157047272,0.3511548988206354,2.769359159802096,159.61873464402592,0
3756600,217959.29186174273,2,79.47292854124095,-40.460226054377436,7512.006130702886,-137.18482971191406,57.213436126708984,0.08373961597681046,0.010133447513244992,2.7666960736640864,159.6613452332631,0
3776240,217960.2918785354,2,79.47170085383065,-40.457426465900596,7511.915009322069,-137.263671875,57.26102066040039,0.12581948935985565,-0.3649068367109341,2.7870202105464927,159.63756486655615,0
3795872,217961.29189532797,2,79.47047257095042,-40.454623665652385,7511.784922026323,-137.3218994140625,57.35261917114258,0.1691008061170578,-0.7066731065845089,2.7976453552974294,159.57886586899718,0
3815156,217962.29191113278,2,79.46924387093037,-40.4518155190078,7511.660615735382,-137.360595703125,57.47233963012695,0.08636889606714249,-0.7209143243884117,2.855139327326485,159.5103794409079,0
3835624,217963.291927507,2,79.46801477139024,-40.449001601284955,7511.627748855238,-137.40916442871094,57.59595489501953,0.011641433462500572,-0.3350515023978223,2.814063319084891,159.44035776257738,0
3855272,217964.29194190563,2,79.46678519318064,-40.44618340931114,7511.636278952353,-137.47718811035156,57.6508903503418,-0.017163341864943504,0.14627042639736162,2.8621929156386234,159.4218934999543,0
3874896,217965.29195729204,2,79.46555495005674,-40.443363810189474,7511.736037813953,-137.56393432617188,57.63788604736328,-0.15850816667079926,0.4874268896152446,2.8797902068632597,159.46358693811254,0
3894520,217966.29197169078,2,79.46432387680856,-40.4405455572692,7511.916397865214,-137.66583251953125,57.57737731933594,-0.18041205406188965,0.5715819886849138,2.8450385729550014,159.52835103944602,0
3914476,217967.29198707757,2,79.46309193401714,-40.43772972480713,7512.113691823964,-137.76498413085938,57.534263610839844,-0.22833144664764404,0.312262433303961,2.8904615289172684,159.5817974236787,0
3934128,217968.29200246435,2,79.46185916199254,-40.434915192784764,7512.342620563776,-137.8475341796875,57.541378021240234,-0.2000563144683838,-0.06320334580665171,2.7842878346799087,159.6161338225106,0
3953752,217969.29201686344,2,79.46062560584421,-40.432100268226186,7512.43679059615,-137.9371795654297,57.56072998046875,0.020638227462768555,-0.23710615856723644,2.6589129696406606,159.61571458575003,0
3973368,217970.2920312628,2,79.45939128155992,-40.42928410673912,7512.306046001704,-138.01832580566406,57.59879684448242,0.1664642095565796,-0.11907107815593186,2.761384722175443,159.57678428812562,0
3993032,217971.29204566218,2,79.45815618269624,-40.426466364880014,7512.200478908269,-138.11280822753906,57.632713317871094,0.041128456592559814,0.14548442119591276,2.7343909763802916,159.5458042552906,0
4012972,217972.29206006168,2,79.45692023604386,-40.42364875537319,7512.087228713601,-138.2062225341797,57.604515075683594,0.15876036882400513,0.5269791388127839,2.6742188148767894,159.54605189926795,0
4033512,217973.2920744614,2,79.45568328632187,-40.420833795920764,7511.938823610216,-138.32908630371094,57.54396057128906,0.06493660062551498,0.8726972288080372,2.8108301553700916,159.5797188196109,0
4052240,217974.29210375386,2,79.45444525223155,-40.4180228557513,7511.922954943807,-138.4427947998047,57.47831344604492,-0.009675230830907822,0.6021025233643844,2.7318120112406046,159.61854760059435,0
4071880,217975.2921195586,2,79.45320633653694,-40.41521384205089,7511.870014063703,-138.5235137939453,57.49776077270508,0.11336425691843033,-0.4434923194842308,2.7019523141384174,159.62190882565469,0
4091496,217976.29213635132,2,79.45196696170476,-40.41240107541148,7511.744739564436,-138.5430450439453,57.662803649902344,0.07443264871835709,-1.5211559923472837,2.8855429929789222,159.58664717541467,0
4111468,217977.2921531439,2,79.45072759588786,-40.4095780615435,7511.724202114194,-138.53018188476562,57.91460418701172,0.043073225766420364,-2.1134476963090396,2.7602434560356324,159.47946208065807,0
4131100,217978.29216796096,2,79.44948860416689,-40.40674106142439,7511.597528417764,-138.47503662109375,58.232704162597656,0.18743547797203064,-2.063768874929904,2.812439507041589,159.26947512250797,0
4150716,217979.29218376573,2,79.44825011195364,-40.403888093241235,7511.4949784530345,-138.42091369628906,58.57073974609375,0.046089548617601395,-1.506177418919386,2.8592723958414243,159.08946335845044,0
4170348,217980.29220055832,2,79.44701203367406,-40.40102142836713,7511.5069453754095,-138.38906860351562,58.812782287597656,-0.03759722411632538,-0.6965286381074822,2.810387550387703,158.9975371039111,0
4189956,217981.29221636307,2,79.44577405110162,-40.39814535729998,7511.564142289113,-138.40188598632812,58.95602035522461,-0.04241817817091942,-0.08290331708664776,2.7373347395878422,159.02622384161148,0
4209928,217982.29223216788,2,79.44453583349802,-40.395264476432665,7511.626460084391,-138.43997192382812,59.007652282714844,-0.08776567876338959,0.10969925059459854,2.789803027691242,159.15360829002768,0
4230460,217983.29224797274,2,79.4432971932799,-40.39238209574898,7511.845394675281,-138.49464416503906,59.03458023071289,-0.3832609951496124,-0.03108951902256504,2.8745822165984745,159.30057612137716,0
4250068,217984.2922647653,2,79.44205804892968,-40.38949915705448,7512.2636011594805,-138.54029846191406,59.05535125732422,-0.3786372244358063,-0.3878449668538019,2.675969381701892,159.36982316498657,0
4269588,217985.29228155798,2,79.4408185470106,-40.386614454122544,7512.608121491734,-138.5771026611328,59.13005065917969,-0.39973172545433044,-0.7278953353931834,2.8099575460122717,159.3237768705053,0
4289340,217986.29229736276,2,79.4395787424124,-40.383724787330856,7513.041520735387,-138.6012420654297,59.266414642333984,-0.39488959312438965,-0.9385153391136835,2.58426878774311,159.21272974921894,0
4309304,217987.29231316765,2,79.43833876486586,-40.38082811407182,7513.2893788720585,-138.61985778808594,59.4417610168457,-0.11236155778169632,-0.9127466569283059,2.509798000534343,159.07042402239625,0
4328920,217988.2923289724,2,79.43709861779645,-40.377922950134966,7513.382396100131,-138.64759826660156,59.62479019165039,-0.13620615005493164,-0.7750411422597835,2.6243444535362697,158.98114580576564,0
4348536,217989.2923457651,2,79.4358581871091,-40.37500964950928,7513.521213897424,-138.68186950683594,59.79201126098633,-0.06583040207624435,-0.6535898113979256,2.424414984488402,158.94771125097228,0
4368176,217990.29236156985,2,79.43461736489022,-40.372089902151,7513.467736083887,-138.73707580566406,59.926334381103516,0.17661820352077484,-0.5503822900561098,2.3992672796530448,158.89857398775302,0
4387800,217991.29237737466,2,79.43337600012661,-40.36916440264163,7513.283891633885,-138.81472778320312,60.03092956542969,0.19054698944091797,-0.30624372968879154,2.465566466876976,158.84458634220658,0
4407764,217992.29239317952,2,79.43213389591375,-40.36623563327161,7513.103818150543,-138.904541015625,60.05785369873047,0.21482707560062408,0.5453635177433084,2.3933446501422018,158.81257906333866,0
4428288,217993.29240898427,2,79.43089081381207,-40.36330749298788,7512.8820049278875,-139.03182983398438,60.0107536315918,0.2440790981054306,1.4247958682321449,2.381464090256129,158.870789031146,0
4447928,217994.29242478908,2,79.42964640762781,-40.360384954286914,7512.678374256858,-139.2045135498047,59.84670639038086,0.15996918082237244,1.7466696648734106,2.455192006872388,159.0625952016221,0
4467544,217995.29244158173,2,79.42840039090997,-40.35747224519252,7512.586197020716,-139.38710021972656,59.625877380371094,0.06924066692590714,1.5811526467009607,2.432861606094075,159.3039280266611,0
4487152,217996.29245738653,2,79.42715275811486,-40.35457021486215,7512.531272055284,-139.55813598632812,59.42644500732422,0.07368937879800797,1.0318304053372978,2.410258520534147,159.48575933635396,0
4507116,217997.2924741791,2,79.42590372164703,-40.351676630356444,7512.486808696939,-139.6947784423828,59.295005798339844,-0.02457798272371292,0.3776385160371669,2.523887755800135,159.5688859119852,0
4526756,217998.29248998384,2,79.42465360866174,-40.3487875439358,7512.592287598098,-139.7960662841797,59.2572135925293,-0.17546096444129944,-0.21982676009132246,2.571825442054698,159.5389613789747,0
4546416,217999.29250578865,2,79.42340281989136,-40.34589908036319,7512.818509887269,-139.8465576171875,59.288551330566406,-0.27954697608947754,-0.49489397962315923,2.6029754206944085,159.42275796074537,0
4566024,218000.29252258132,2,79.4221515711871,-40.34300832474791,7513.116822017752,-139.89866638183594,59.3576774597168,-0.2937464416027069,-0.3193309631955798,2.5103772025740088,159.28008504876314,0
4585836,218001.29253838607,2,79.42089986048293,-40.340114848020946,7513.3420711072895,-139.95315551757812,59.4130744934082,-0.16609275341033936,0.19113467192726258,2.484933991495585,159.19909670439867,0
4605792,218002.29255419088,2,79.41964746853398,-40.337220935254365,7513.505091255639,-140.04953002929688,59.391258239746094,-0.17427098751068115,0.8327463691600193,2.4449059094899495,159.2344621045685,0
4626752,218003.29257098353,2,79.41839400197757,-40.33433050672521,7513.575101676228,-140.18934631347656,59.292335510253906,0.06532808393239975,1.2567962941238393,2.2497220772856537,159.35055125416048,0
4646384,218004.2925858005,2,79.41713915351309,-40.33144694190429,7513.404642360864,-140.35704040527344,59.1536865234375,0.22968679666519165,1.263676530100123,2.337605698021575,159.48725117979262,0
4666008,218005.2926016053,2,79.41588278028799,-40.32857100390802,7513.213708516685,-140.52188110351562,59.004459381103516,0.18114958703517914,0.8057504367645458,2.35600840738972,159.6157931651585,0
4685616,218006.29261839794,2,79.41462506066468,-40.32570140493952,7513.046871950772,-140.66358947753906,58.90901565551758,0.15911905467510223,0.30182593097948823,2.3841563499949143,159.68311368709203,0
4705612,218007.29263420284,2,79.41336624417107,-40.32283459813111,7512.907957805406,-140.77435302734375,58.892391204833984,0.1446211189031601,-0.12668244894317335,2.3986853202075893,159.68195726042399,0
4725236,218008.29265099543,2,79.41210659853638,-40.31996733573653,7512.776043579258,-140.8514404296875,58.933658599853516,0.12836283445358276,-0.3504916049169679,2.446846172372019,159.6319978352158,0
4745076,218009.2926668003,2,79.41084629164465,-40.31709786328745,7512.678128902272,-140.91847229003906,58.98816680908203,0.08388316631317139,-0.24650184444740664,2.4673052532211144,159.5613711723859,0
4764676,218010.29268260507,2,79.40958541204432,-40.31422575468061,7512.616015951299,-140.98439025878906,59.0413932800293,0.07034487277269363,0.029200885617743182,2.43059149871083,159.52460018751052,0
4784472,218011.29269840984,2,79.40832397234622,-40.31135158577908,7512.525995772337,-141.0470428466797,59.075077056884766,0.09235908091068268,0.2494956268702709,2.506422043259097,159.5718436125649,0
4804624,218012.29271520252,2,79.40706187415311,-40.308477049968474,7512.510552829017,-141.1282196044922,59.0741081237793,-0.03379550203680992,0.32971248794013,2.4808133748016425,159.69278603585036,0
4825344,218013.29273100727,2,79.40579897306168,-40.30560413989049,7512.476709762283,-141.2164764404297,59.02595901489258,0.13129261136054993,0.26743081310252903,2.3534950009564986,159.7834300560498,0
4844952,218014.29274779986,2,79.40453530425587,-40.302733238853776,7512.29952372321,-141.3022918701172,59.0089225769043,0.12009879946708679,0.14145927197512903,2.5732106308216753,159.80928803955652,0
4864772,218015.29276360464,2,79.40327093665917,-40.299863103131386,7512.276488410517,-141.36842346191406,59.011600494384766,-0.05265305936336517,-0.043870700263231685,2.549077772731406,159.8213067546002,0
4884552,218016.2927794095,2,79.40200601925058,-40.29699316388185,7512.30177373625,-141.42784118652344,59.03329849243164,0.011521191336214542,-0.11638708782457796,2.472016784344157,159.80407502880297,0
4904548,218017.29279521428,2,79.40074052201187,-40.29412350677528,7512.269707341057,-141.4988250732422,59.03415298461914,0.030813438817858696,0.1843061040051167,2.5202493877041494,159.74933917122272,0
4924164,218018.29281101906,2,79.39947435067462,-40.291254895397145,7512.268427641078,-141.5767364501953,59.00222396850586,0.014309022575616837,0.5739820415563286,2.4800919760526736,159.70061327562252,0
4943952,218019.29282781173,2,79.3982074740781,-40.28838858191831,7512.257931179353,-141.66407775878906,58.943328857421875,0.006719512399286032,0.718236923281878,2.491347642499703,159.7277766482733,0
4963600,218020.2928436165,2,79.39693971078663,-40.285525644328665,7512.239473003042,-141.76861572265625,58.86452865600586,0.09212295711040497,0.5528159618288423,2.3120249067385905,159.81361191501304,0
4982504,218021.2928594214,2,79.39567097430147,-40.28266688607553,7512.006776069535,-141.88479614257812,58.78471374511719,0.37764182686805725,0.2630364980372514,2.3204298781737926,159.84942332364545,0
5002656,218022.29287621396,2,79.39440144935163,-40.27981062777084,7511.709374944979,-141.94798278808594,58.78763198852539,0.12732499837875366,-0.10158567721414215,2.678499781109262,159.75630721813914,0
5023384,218023.29289201874,2,79.39313157317899,-40.27695178012436,7511.782808236006,-141.96759033203125,58.87350082397461,-0.17823025584220886,-0.3271034478659498,2.514516569304428,159.7509278676226,0
5043180,218024.2929078236,2,79.39186157172331,-40.274088984864406,7511.880467959659,-141.98365783691406,58.94120788574219,0.010837703011929989,-0.30200766190802597,2.3732914521323054,159.83573115084081,0
5062804,218025.29292362838,2,79.39059133222439,-40.27122378616716,7511.909892789667,-142.0270538330078,58.97586441040039,-0.19219060242176056,0.010075182533685488,2.6512191956264703,159.91184209959803,0
5082420,218026.29293943325,2,79.38932067694012,-40.26835779891835,7512.237284860478,-142.0650177001953,58.992069244384766,-0.3714842200279236,0.16557613878605495,2.4441145598865774,159.9550916403937,0
5102384,218027.29295622587,2,79.38804962611763,-40.26549319942701,7512.561072451661,-142.11439514160156,58.953208923339844,-0.35685715079307556,0.27637083445417865,2.529189890534734,159.98732881516273,0
5122204,218028.2929720306,2,79.38677800224949,-40.262630923744446,7513.019842228137,-142.18304443359375,58.91051483154297,-0.5536841750144958,0.40257189019426576,2.5086074539421728,160.02599950990495,0
5142000,218029.2929888232,2,79.38550573916174,-40.25977199984861,7513.587485677553,-142.25912475585938,58.84527587890625,-0.5442033410072327,0.4725893960751478,2.3780046877438874,160.03976602417814,0
5161828,218030.29300364017,2,79.38423270050066,-40.25691682281938,7514.081966187635,-142.35813903808594,58.77842330932617,-0.4092705249786377,0.49498683110350955,2.2570241167613725,160.00055809497132,0
5181592,218031.29302043284,2,79.38295879103569,-40.254064814234034,7514.384273049548,-142.44566345214844,58.74047088623047,-0.19797903299331665,0.5200003146585993,2.261473093657819,159.94296231864328,0
5200868,218032.29303623762,2,79.38168408759101,-40.25121470039565,7514.5841012982955,-142.53533935546875,58.73479461669922,-0.23153053224086761,0.42254337594639724,2.379888486582615,159.95023862987387,0
5221356,218033.2930506451,2,79.38040858622817,-40.248365224505584,7514.8284250517645,-142.6266326904297,58.727664947509766,-0.14717575907707214,0.07485355143935682,2.169368150506457,160.04650030403303,0
5240988,218034.2930660406,2,79.37913240274486,-40.24551482231354,7514.832330982264,-142.69219970703125,58.775634765625,0.14479006826877594,-0.7905091411287528,2.1631044946940414,160.09882042271306,0
5260596,218035.29308143613,2,79.3778558385928,-40.24265891131444,7514.7172751381795,-142.70529174804688,58.985618591308594,-0.0027777261566370726,-1.8496460845976521,2.448642229560141,160.0481511942879,0
5280236,218036.29309584387,2,79.37657931516001,-40.239791240073465,7514.830878006922,-142.68267822265625,59.26317596435547,-0.0951884314417839,-2.4178386095334097,2.2306646736694704,159.90720435103734,0
5300200,218037.29310926393,2,79.37530314724435,-40.23690862193199,7514.8426493335355,-142.6400604248047,59.58903884887695,0.06205640733242035,-2.2408738790381904,2.244960599541473,159.63855302483034,0
5319808,218038.2931246598,2,79.37402738740172,-40.23400977817619,7514.853633749894,-142.5993194580078,59.92750930786133,-0.10920654237270355,-1.4614773815167432,2.391748724221558,159.37811219186062,0
5339448,218039.293139068,2,79.37275184309998,-40.23109722716858,7515.004834601657,-142.59327697753906,60.164955139160156,-0.10661985725164413,-0.5404578252659186,2.182748111714814,159.24458485730287,0
5359064,218040.29315347646,2,79.37147610725579,-40.228176592466895,7515.004276140938,-142.63601684570312,60.28562545776367,0.10411921888589859,0.19037661190060381,2.1521699443431355,159.23923534989314,0
5378820,218041.2931688728,2,79.37019979308027,-40.225252814359656,7514.948035227406,-142.71522521972656,60.31306457519531,-0.03358910605311394,0.49334182084358086,2.3205178262865056,159.3583974869483,0
5398956,218042.2931832816,2,79.3689226345577,-40.22232942833968,7515.066748541955,-142.81532287597656,60.28960037231445,-0.1456879824399948,0.2792080990856248,2.2075355961954553,159.50413391912716,0
5419472,218043.29319769054,2,79.36764465071745,-40.21940680488356,7515.114267512916,-142.8916015625,60.32017517089844,0.06671658903360367,-0.3205968216950464,2.1263645158540005,159.5796942577269,0
5439252,218044.2932298466,2,79.36636606220966,-40.216481886125,7515.048535176895,-142.94639587402344,60.41701889038086,0.005523592233657837,-0.940786710748383,2.3266173812137403,159.59534353552547,0
5458884,218045.29324565138,2,79.36508711867415,-40.213551410331675,7515.151772473387,-142.96954345703125,60.575191497802734,-0.15846441686153412,-1.2691147895840942,2.336095418595343,159.54252436335727,0
5478500,218046.29326145616,2,79.36380806111545,-40.210613145509996,7515.314667810619,-142.98233032226562,60.76095962524414,-0.1050507202744484,-1.3205968395210752,2.2535802320023697,159.39325308774337,0
5498472,218047.29327824875,2,79.36252900067194,-40.20766525767127,7515.3976823652265,-142.97808837890625,60.97242736816406,-0.037486761808395386,-1.1259849581297565,2.272929663524066,159.22443931334578,0
5518096,218048.2932940536,2,79.36124991089396,-40.20470760863783,7515.478064221159,-142.99029541015625,61.17196273803711,-0.08735054731369019,-0.655675689918003,2.2686599827496896,159.1320448262966,0
5537852,218049.2933098584,2,79.3599706171688,-40.20174241578167,7515.54253821737,-143.02906799316406,61.295310974121094,0.025703856721520424,-0.1708334402612594,2.16829833995876,159.14117845700173,0
5557484,218050.29332566314,2,79.35869084027632,-40.198773440744304,7515.4918348567735,-143.10267639160156,61.33280944824219,0.09083383530378342,0.1070782326000773,2.232569719162224,159.2086291238576,0
5577116,218051.29334245584,2,79.35741033440776,-40.19580389364753,7515.499378821388,-143.19273376464844,61.32773971557617,-0.08277035504579544,0.14057799543804142,2.270698775016375,159.2721502546663,0
5597080,218052.29335826062,2,79.35612898557099,-40.19283521736364,7515.597667340651,-143.28834533691406,61.32146453857422,-0.03415422514081001,0.03480774868474012,2.1109577763601237,159.26772420275188,0
5617620,218053.29337406548,2,79.35484682776834,-40.18986673749428,7515.572593422315,-143.37530517578125,61.32588195800781,0.08380571007728577,0.05075566415737369,2.1479207229042148,159.25658130142702,0
5637260,218054.29339085807,2,79.3535638098801,-40.186898886349375,7515.560934012562,-143.48350524902344,61.30087661743164,-0.10386335849761963,0.5942543372153004,2.3217161989244186,159.30034375829763,0
5656580,218055.29340567515,2,79.35227971628058,-40.18393464939996,7515.732019700707,-143.61605834960938,61.180625915527344,-0.16000592708587646,1.2000544483480884,2.1387199501163616,159.32768165765546,0
5676500,218056.29342246772,2,79.35099430456282,-40.180977380060504,7515.787461635856,-143.77011108398438,61.03197479248047,0.0702587440609932,1.3810933013908435,2.0142879580422717,159.3000608716865,0
5696504,218057.2934382725,2,79.34970751921745,-40.178027304259246,7515.651388533274,-143.92071533203125,60.912784576416016,0.10334024578332901,1.1374742811706082,2.2569175007771745,159.33181239959222,0
5716080,218058.2934540774,2,79.3484193589952,-40.17508348952913,7515.680388875779,-144.0749969482422,60.8003044128418,-0.07597052305936813,0.797142642553984,2.1291546166524493,159.4386403897824,0
5735704,218059.29347087006,2,79.34712984531107,-40.17214556452899,7515.622845415267,-144.22425842285156,60.69207000732422,0.2555181086063385,0.6497676658149462,1.9205758674071047,159.486705545317,0
5755320,218060.29348667484,2,79.34583901354519,-40.16921280532696,7515.297242072018,-144.36769104003906,60.62752151489258,0.2884562313556671,0.60152170926795,2.2082821444935163,159.4526508138268,0
5774952,218061.2935034674,2,79.34454694388033,-40.16628342362078,7515.155074516345,-144.49192810058594,60.57353973388672,0.04910430684685707,0.45000015747627364,2.2248528250511,159.44692843918452,0
5794916,218062.29351828436,2,79.34325381471781,-40.16335621457962,7515.124318378034,-144.60743713378906,60.559783935546875,0.08783075958490372,0.22129274161405835,2.0636342630246176,159.48679573685445,0
5815820,218063.29353507704,2,79.3419597712194,-40.1604292913152,7514.964391659891,-144.69386291503906,60.561614990234375,0.23687028884887695,-0.09419550121227545,2.090496605129175,159.55813614000954,0
5835452,218064.29354989404,2,79.34066493733407,-40.15750164318632,7514.784831182371,-144.78378295898438,60.59806442260742,0.05033392086625099,-0.26380697466710856,2.3719722970893167,159.60438658763783,0
5855060,218065.2935666867,2,79.3393694024851,-40.154572812155976,7514.88477085636,-144.8549041748047,60.61500930786133,-0.1322910338640213,-0.21516541518351873,2.223540731503591,159.59188463038538,0
5874700,218066.29358347927,2,79.33807329727578,-40.15164284962501,7514.966409208505,-144.9193115234375,60.650489807128906,-0.016169261187314987,-0.14195427208205547,2.187273778326287,159.5119556077007,0
5893960,218067.29359928414,2,79.33677665244015,-40.14871065878049,7515.02865033481,-144.9801483154297,60.704490661621094,-0.12555937469005585,-0.12869010282206544,2.264784304297587,159.4664674919918,0
5913576,218068.29361508894,2,79.33547949112503,-40.14577580060582,7515.198843306345,-145.0333709716797,60.755794525146484,-0.18807901442050934,-0.006233227818751988,2.1881959934739927,159.53698542116288,0
5933216,218069.2936308937,2,79.33418175980098,-40.142839847932905,7515.385833433868,-145.10223388671875,60.765872955322266,-0.20540936291217804,0.1876230080447324,2.2081904544007434,159.65252038665463,0
5952840,218070.2936476864,2,79.33288328253232,-40.13990530930703,7515.652300415942,-145.1922149658203,60.72439193725586,-0.3589000105857849,0.3676713722694413,2.25867123705335,159.71986814598708,0
5972456,218071.29366349117,2,79.33158397798593,-40.136973165696205,7516.053970942089,-145.28785705566406,60.69065856933594,-0.3965977728366852,0.4336084744358328,2.12407260801167,159.7593218062655,0
5992428,218072.293679296,2,79.33028385132364,-40.134043434446596,7516.364569405845,-145.38230895996094,60.648563385009766,-0.2301402986049652,0.4077276865957911,2.107661789673575,159.80595002460075,0
6012960,218073.29369510082,2,79.32898290845995,-40.13111580549104,7516.637795090988,-145.46876525878906,60.62668228149414,-0.3645223379135132,0.2965861526806974,2.228217120263823,159.8725717211877,0
6032584,218074.2937118935,2,79.32768119460403,-40.12818937889235,7517.020028985363,-145.5548858642578,60.60416030883789,-0.3189598619937897,0.10649490711218138,2.05151029286273,159.99224085873018,0
6052208,218075.29372769824,2,79.32637870083744,-40.125264638938866,7517.222333879509,-145.64952087402344,60.57636642456055,-0.09075164049863815,0.04324014372154748,2.044084452648601,160.03985704640687,0
6071816,218076.29374350316,2,79.32507533803174,-40.12234141303078,7517.313995588849,-145.74560546875,60.57265090942383,-0.07715298235416412,0.055438236833593384,2.059713294140896,159.98537455324677,0
6091828,218077.2937602957,2,79.32377115280794,-40.11941863305656,7517.345770690085,-145.83447265625,60.56300735473633,0.06837436556816101,0.18785727901254573,1.9519185957540195,159.92894218724194,0
6109196,218078.2937761006,2,79.32246622397409,-40.11649598152694,7517.237057538752,-145.92405700683594,60.56202697753906,0.09283837676048279,0.2978033734946569,2.1197665400739094,159.94784005086794,0
6129848,218079.29379190537,2,79.32116044968791,-40.11357372741677,7517.243454281411,-146.0236053466797,60.538063049316406,-0.004036323633044958,0.2744859080448898,1.9591691490515373,160.04147783471464,0
6149488,218080.29380869793,2,79.31985376146913,-40.110653276542116,7517.110991404159,-146.12879943847656,60.49162673950195,0.2792268693447113,0.2509252289317478,1.903452720302752,160.09036623837756,0
6169104,218081.293823515,2,79.31854616308573,-40.107734714974626,7516.884525663256,-146.22625732421875,60.47237777709961,0.07508686184883118,0.2797696764509798,2.1607487831881094,160.10331207091662,0
6189076,218082.2938403076,2,79.31723772001153,-40.10481766861376,7516.891919326257,-146.32257080078125,60.44450378417969,0.013561176136136055,0.23054681900061572,1.939897538594048,160.1457781592697,0
6209608,218083.2938561124,2,79.3159285002658,-40.10190212727573,7516.788462175857,-146.40530395507812,60.43321990966797,0.17063066363334656,0.10989872516633142,1.986657152042231,160.1792514325663,0
6229232,218084.29387191724,2,79.31461857040173,-40.09898652818298,7516.715260545624,-146.4745635986328,60.469669342041016,-0.031200747936964035,-0.12088991903796331,2.0997009525875083,160.2233396715643,0
6248864,218085.29388772201,2,79.31330801465323,-40.09606991558942,7516.756797397449,-146.5385284423828,60.50407791137695,0.02171991392970085,-0.3224159204988767,1.9873633002445963,160.22395122672714,0
6268480,218086.2939045147,2,79.31199694965281,-40.09315187530043,7516.727394308181,-146.5838623046875,60.569061279296875,0.03222613036632538,-0.27180680460622236,2.0928027322371396,160.15491221700995,0
6288428,218087.29392130728,2,79.31068548006917,-40.09023094541008,7516.782438399521,-146.6361083984375,60.635292053222656,-0.10232473164796829,-0.2559638413554182,2.128232965062782,160.10071258103417,0
6308052,218088.29393711215,2,79.30937370202216,-40.0873056923005,7516.882317942572,-146.6586151123047,60.74845886230469,-0.007979661226272583,-0.6846551529448696,1.9654768673616096,160.1064605443916,0
6327716,218089.29395291692,2,79.30806171108753,-40.084374287185604,7516.793369829115,-146.66893005371094,60.91172409057617,0.18261782824993134,-1.443616178077326,2.0441477206138035,160.11135121674926,0
6347316,218090.29396872182,2,79.3067497590112,-40.08143304484365,7516.681307666874,-146.6514434814453,61.17019271850586,0.05178757384419441,-2.103631899968979,2.129140652809736,160.0673618144649,0
6366940,218091.2939845266,2,79.30543811157543,-40.078478711557295,7516.6387440250155,-146.61500549316406,61.4393196105957,0.08150549978017807,-2.1949665327440786,2.0407215182333434,159.92985515148095,0
6386872,218092.29400033146,2,79.30412684003944,-40.075510400026516,7516.551256958156,-146.57373046875,61.7372932434082,0.0882328525185585,-1.642516681918179,2.057729586712247,159.70324679638435,0
6407444,218093.2940181118,2,79.30281582412438,-40.07252928424369,7516.46594079391,-146.5621337890625,61.97145080566406,0.1002095639705658,-0.8707433279986322,2.017240859025984,159.521490557311,0
6427068,218094.2940329288,2,79.30150483979666,-40.06953906638047,7516.353877537488,-146.56639099121094,62.12647247314453,0.10406146943569183,-0.2267506040289119,2.0809974995871636,159.457770455526,0
6446668,218095.29404972147,2,79.30019363600009,-40.06654351667368,7516.365582265418,-146.60601806640625,62.21324157714844,-0.09708726406097412,0.03521499737705832,2.0285930097986467,159.52305547516124,0
6466324,218096.29406552625,2,79.29888198886997,-40.063545825388715,7516.382805055797,-146.65719604492188,62.24679183959961,0.07656770199537277,0.023619407736374522,1.9599140214376911,159.65271468581037,0
6486288,218097.29408133106,2,79.29756973391343,-40.0605484996935,7516.372296843545,-146.7351837158203,62.241539001464844,-0.1062837541103363,-0.07544056652816172,2.13765394932048,159.71396435538543,0
6505896,218098.2940981237,2,79.29625687249441,-40.05755206993792,7516.583568246573,-146.8026123046875,62.201961517333984,-0.25553637742996216,0.10195808440577218,2.0616498155251093,159.73108193924168,0
6525528,218099.29411294078,2,79.29494333408513,-40.05455863366651,7516.806402563976,-146.88597106933594,62.13417434692383,-0.1489843875169754,0.7810484971086934,2.010682974390306,159.69490133351485,0
6545168,218100.29412973337,2,79.29362892018791,-40.05157093438028,7517.011010042308,-146.9939727783203,62.00920104980469,-0.25775912404060364,1.4645084742852013,2.0784253795858816,159.6778239314626,0
6564784,218101.29414455045,2,79.29231345547157,-40.04859074715407,7517.293474569119,-147.12220764160156,61.838558197021484,-0.19322319328784943,1.5148463541019395,1.9080363802326445,159.8013839437049,0
6584748,218102.29416134302,2,79.29099679331246,-40.045619764874964,7517.391246373416,-147.2674102783203,61.63077163696289,0.0429232157766819,1.2038792843858779,1.8201832107170823,159.99891434545776,0
6605288,218103.2941781357,2,79.28967879073369,-40.04265837195723,7517.268919368357,-147.4116668701172,61.45375061035156,0.2100144922733307,0.8346818479391044,1.8775823688545519,160.0938405619817,0
6624904,218104.29419394047,2,79.28835964516895,-40.039704006225506,7517.134274960919,-147.51873779296875,61.35405731201172,0.030079547315835953,0.3879432334024069,2.047372406704416,160.1264138930694,0
6644520,218105.29420875755,2,79.28703963181826,-40.03675344591466,7517.199564632438,-147.60296630859375,61.303707122802734,-0.07812394201755524,-0.059182602164636625,1.9332558120985621,160.14106881252172,0
6664144,218106.29422653792,2,79.28571897305659,-40.03380431092854,7517.2145417887705,-147.66015625,61.30605697631836,0.0643673837184906,-0.24813600634488606,1.9265169155198387,160.0981096852643,0
6684124,218107.2942423428,2,79.2843978004828,-40.0308549159883,7517.21762369182,-147.71829223632812,61.3244743347168,-0.10460054874420166,-0.05871798984392236,2.06265369347077,160.0221342175508,0
6703740,218108.29425814757,2,79.28307617917352,-40.0279045996085,7517.3439136442075,-147.762451171875,61.35593795776367,-0.06545725464820862,0.17077957967903926,1.9026850434734726,159.99786774814388,0
6723364,218109.29427395246,2,79.28175408578666,-40.02495447298618,7517.313037248687,-147.828369140625,61.33903503417969,0.11469724029302597,0.3633931203598832,1.9449186384483255,160.0390394222674,0
6743012,218110.2942897572,2,79.28043134779529,-40.022006052268004,7517.263364759621,-147.90638732910156,61.30339431762695,-0.026150500401854515,0.47354826694947916,2.019059868424339,160.12567228232936,0
6762628,218111.29430556204,2,79.27910785444985,-40.01906042821231,7517.249242159813,-147.9911346435547,61.253475189208984,0.12211105972528458,0.2557868908775414,1.8362879254593272,160.2011203839959,0
6782568,218112.2943223547,2,79.27778362301841,-40.01611739183938,7517.027765350424,-148.0642547607422,61.24360656738281,0.2902742326259613,-0.18561499863805464,1.9324106651113533,160.19048476388946,0
6803132,218113.29433914734,2,79.27645882208407,-40.01317390008803,7516.825482209574,-148.11654663085938,61.298614501953125,0.12734028697013855,-0.6097709744877311,2.0522493400821635,160.14276527748484,0
6822732,218114.29435396433,2,79.27513372626356,-40.01022704902124,7516.777135803071,-148.13494873046875,61.38504409790039,0.022875305265188217,-0.7620710046499692,2.02933257700834,160.08224413472493,0
6842356,218115.2943707569,2,79.27380839420626,-40.00727627040616,7516.800818862922,-148.16712951660156,61.471290588378906,0.0015011564828455448,-0.4099219089640424,1.9321039079054068,159.98854276076761,0
6861972,218116.29438656179,2,79.27248276086439,-40.00432268927333,7516.7709838044075,-148.2045135498047,61.519710540771484,0.06023205816745758,0.2144264221847676,1.991106092833524,159.90086011940855,0
6882116,218117.29440236656,2,79.27115669313318,-40.001368073236264,7516.849744208151,-148.2760009765625,61.5134391784668,-0.16397471725940704,0.6018357817540081,2.000726947838045,159.95307427148094,0
6901756,218118.29441915915,2,79.26982996734003,-39.998415417869914,7517.002369194252,-148.3531951904297,61.44526290893555,-0.05538078024983406,0.61605761434473,1.836540139286402,160.10434413658942,0
6921552,218119.29443496402,2,79.26850244380512,-39.99546727025428,7517.006643087393,-148.4491424560547,61.331878662109375,-0.01659005507826805,0.5263765539319212,2.012050844034277,160.22085161295533,0
6941200,218120.2944507688,2,79.26717410253659,-39.99252357016586,7517.166419499783,-148.53147888183594,61.26020812988281,-0.2676334083080292,0.3306345453050881,2.00408160314585,160.29678729950078,0
6960800,218121.29446657366,2,79.26584514382338,-39.989583165248796,7517.39947020448,-148.58648681640625,61.21736526489258,-0.15830157697200775,-0.04565439098649182,1.911590186404205,160.30507805449633,0
6980772,218122.29448237843,2,79.26451577338199,-39.98664367158266,7517.576783316431,-148.62588500976562,61.2491569519043,-0.2706585228443146,-0.3426112026651973,2.1081548291854943,160.2700758881889,0
7001544,218123.2944991711,2,79.26318610770947,-39.983702478293175,7517.911302896936,-148.65188598632812,61.29848098754883,-0.2922654449939728,-0.3373001524728085,1.895560614148417,160.25330117752043,0
7021168,218124.29451497592,2,79.26185619377631,-39.980759446281176,7518.061500868783,-148.6837921142578,61.33824920654297,-0.01073122676461935,-0.11591432639869552,1.8729430418975144,160.23168599033346,0
7040388,218125.29453078078,2,79.26052590549797,-39.97781491653757,7518.112616883819,-148.73561096191406,61.38404846191406,-0.12097638845443726,-0.06166312335073229,1.9647711480930674,160.25189497253896,0
7059876,218126.2945452027,2,79.25919514226861,-39.97486863252031,7518.156648559705,-148.78367614746094,61.433048248291016,0.13207444548606873,-0.5357405032716515,1.7249617127903047,160.29234385665688,0
7080020,218127.2945616002,2,79.25786406950756,-39.971919036710155,7517.955433188501,-148.8188018798828,61.53538513183594,0.19354572892189026,-1.1763517919808248,1.9660555285151853,160.2994618028238,0
7099816,218128.29457701,2,79.25653280987916,-39.96896308948431,7517.945625104707,-148.8199462890625,61.722293853759766,-0.0884711742401123,-1.48111596631798,1.977174738641634,160.222685367991,0
7119628,218129.29459143226,2,79.25520159999895,-39.96599861397285,7518.044910994741,-148.80996704101562,61.908935546875,0.015310272574424744,-1.4500574059268194,1.7846854762010484,160.04792060203224,0
7139252,218130.29460684233,2,79.25387058890617,-39.963024080942475,7517.999702583734,-148.78411865234375,62.13759231567383,0.04479358717799187,-1.203141751145825,1.9583087523402967,159.86921782730397,0
7159056,218131.29462126474,2,79.25253977181599,-39.960039026084594,7518.130925033818,-148.7659149169922,62.34122848510742,-0.2603859603404999,-0.893934962193281,1.973933655862012,159.79938270913186,0
7179192,218132.29463568737,2,79.25120902453718,-39.95704584433724,7518.3810406290895,-148.769287109375,62.476192474365234,-0.15551632642745972,-0.5899091504098456,1.764907769460556,159.79958763922173,0
7199708,218133.2946510978,2,79.24987815775175,-39.95404723088067,7518.434538757875,-148.78794860839844,62.58369445800781,-0.012251980602741241,-0.4126201746626817,1.9159803835269524,159.8074777956381,0
7219364,218134.29466552055,2,79.24854708440603,-39.95104393992807,7518.605599046615,-148.80523681640625,62.68886947631836,-0.2711591124534607,-0.4529212107572785,1.9412884828872687,159.863136277394,0
7239160,218135.29467994353,2,79.24721580983221,-39.94803703659024,7518.892111397746,-148.84645080566406,62.74403762817383,-0.22778603434562683,-0.5634659012108217,1.785413748808737,159.91165449156983,0
7258808,218136.29469436666,2,79.24588413955236,-39.94502844764602,7519.047665295602,-148.8986053466797,62.77521896362305,-0.05815500020980835,-0.1275214140323245,1.7291292843150556,159.85794970142211,0
7278060,218137.29472438968,2,79.24455190339874,-39.9420197943364,7519.085696302804,-148.96658325195312,62.774356842041016,-0.03566138446331024,0.6627008380662209,1.8173032482620692,159.78340783583937,0
7297864,218138.29474019457,2,79.24321891201636,-39.939013715975086,7519.156680882269,-149.05746459960938,62.68689727783203,-0.032816506922245026,1.2276515488317363,1.7584339413735268,159.8390675743476,0
7317692,218139.29475599935,2,79.24188498792013,-39.93601430773468,7519.1908778130555,-149.1717529296875,62.51671600341797,-0.019807107746601105,1.3256720236547763,1.7694109010663988,160.02587426426652,0
7337464,218140.29477180413,2,79.24055002813706,-39.9330249485823,7519.1878567754675,-149.28468322753906,62.294010162353516,0.05748266354203224,1.1176137800412456,1.760149071558865,160.23975742248462,0
7357096,218141.294787609,2,79.23921409115681,-39.93004667854945,7519.15917964762,-149.39132690429688,62.06990432739258,-0.024598117917776108,0.7759978843525167,1.868758422689816,160.36426610104579,0
7377060,218142.29480341374,2,79.23787730530825,-39.927077758665554,7519.226329788802,-149.46142578125,61.92443084716797,-0.04619274660944939,0.36298122188051857,1.7799886810133063,160.3727559484781,0
7397624,218143.29482020644,2,79.2365400346742,-39.924114644492796,7519.240534455762,-149.49815368652344,61.84633255004883,0.04611368104815483,-0.003207951283911408,1.75578963847555,160.36889290872764,0
7417388,218144.29483699903,2,79.23520249532949,-39.92115482246182,7519.21566144353,-149.525390625,61.79928207397461,-0.0026487966533750296,-0.16724655716744694,1.822867390362358,160.3576624326022,0
7437200,218145.2948528039,2,79.2338648063544,-39.918196943261655,7519.222793156329,-149.52439880371094,61.78573226928711,0.024569455534219742,-0.1429143656184288,1.7617249472060572,160.30296206165247,0
7457004,218146.29486860865,2,79.23252706282392,-39.9152403902405,7519.1742742817,-149.53494262695312,61.758087158203125,0.07312928140163422,0.08517534145371496,1.7252102127910955,160.27038917654897,0
7477148,218147.29488441342,2,79.23118920713284,-39.91228574102923,7519.053056912903,-149.5454559326172,61.70741653442383,0.17555488646030426,0.33714091232502014,1.6941654554538703,160.28277480190775,0
7496788,218148.29490120613,2,79.22985114842699,-39.90933496769255,7518.868936364036,-149.5797576904297,61.613685607910156,0.14055556058883667,0.5937855896619785,1.7868716355593466,160.3407777805163,0
7516576,218149.29491701088,2,79.22851271342003,-39.90638985265693,7518.755736292753,-149.62838745117188,61.48631286621094,0.11624043434858322,0.6967370339736533,1.6999374302607626,160.41886707294833,0
7535520,218150.29493281568,2,79.22717385584396,-39.90345136576603,7518.568022922173,-149.67727661132812,61.35002136230469,0.2826423645019531,0.5472958519562712,1.6204807685265505,160.49530589053737,0
7555152,218151.29494960833,2,79.2258346212568,-39.90051942798799,7518.266802260668,-149.7124481201172,61.233604431152344,0.24578772485256195,0.3466149218930744,1.7896646145067991,160.52979334680904,0
7575116,218152.2949644253,2,79.22449508279446,-39.897592764870716,7518.102181583072,-149.73275756835938,61.15068435668945,0.11089588701725006,0.19296709715907945,1.7677892217682494,160.54281778798082,0
7595648,218153.294981218,2,79.22315539185917,-39.894669854431264,7517.932837688123,-149.7545623779297,61.08354187011719,0.2460668981075287,-0.019377718443589566,1.706831257618033,160.5375747420151,0
7615272,218154.29499702278,2,79.22181568987018,-39.891749521116694,7517.700770137901,-149.75091552734375,61.05141067504883,0.16732457280158997,-0.09241390684026025,1.9111833903365012,160.52852849587987,0
7634872,218155.29501282767,2,79.22047604354478,-39.88883117687164,7517.698996360279,-149.7475128173828,61.0128288269043,-0.10171552747488022,0.0004187457236423218,1.8585236626614652,160.5393737849144,0
7654520,218156.2950296202,2,79.21913642829976,-39.88591564336685,7517.710361920752,-149.7443084716797,60.941612243652344,0.12817469239234924,0.13356914687907706,1.7036136373261102,160.524977231354,0
7674632,218157.295045425,2,79.21779682616398,-39.88300292839488,7517.538406869435,-149.75161743164062,60.906036376953125,0.13736210763454437,0.0468509306513888,1.864793179620323,160.4909238664065,0
7694396,218158.29506122987,2,79.2164572819841,-39.88009156948765,7517.429218182134,-149.73338317871094,60.88728332519531,0.12568886578083038,-0.2657818219436456,1.816086607522812,160.50185198954222,0
7714036,218159.29507703465,2,79.21511798726006,-39.877179382283735,7517.294778454845,-149.70074462890625,60.95833206176758,0.18400463461875916,-1.0434583978637084,1.7308353802406105,160.49371878506003,0
7733824,218160.29509283943,2,79.21377917110856,-39.87426246267497,7517.001281329822,-149.62582397460938,61.105064392089844,0.38416069746017456,-1.881855135824031,1.7745228205336283,160.3777188160866,0
7752600,218161.2951096321,2,79.212441178999,-39.8713355496802,7516.668396177142,-149.5150909423828,61.37885284423828,0.25867152214050293,-2.1884512533208627,1.8894678893589711,160.17717744573008,0
7772564,218162.29512543688,2,79.21110432346438,-39.86839491461027,7516.442241027728,-149.37693786621094,61.67734909057617,0.22350230813026428,-1.9738765797233564,1.8697301789882668,159.98126471818964,0
7793080,218163.29514124166,2,79.2097685946091,-39.865441210554856,7516.248635704097,-149.27066040039062,61.9412841796875,0.20409153401851654,-1.3153712267349433,1.835841382904838,159.84688883032425,0
7812704,218164.29515803422,2,79.2084338047239,-39.86247781237202,7516.026658443124,-149.169921875,62.112796783447266,0.2188158482313156,-0.6466832374481888,1.9513359501796936,159.78273490561466,0
7832492,218165.295173839,2,79.2070996802107,-39.859508728011306,7515.917262582404,-149.11170959472656,62.19072723388672,0.039556074887514114,-0.3386638371232204,1.9743639769985062,159.7979470854154,0
7852132,218166.29518865608,2,79.20576605992052,-39.85653737612459,7515.855902591616,-149.05503845214844,62.2285041809082,0.12219411134719849,-0.3679128708815046,1.9380231032284425,159.82592701397743,0
7872080,218167.29520544867,2,79.20443292072083,-39.85356483317361,7515.773783340444,-148.9998321533203,62.267913818359375,0.04827532917261124,-0.5476245629977019,2.044871417029843,159.82532053117873,0
7891704,218168.29522224132,2,79.20310032988688,-39.8505898698852,7515.807360156071,-148.92807006835938,62.34526062011719,-0.042954329401254654,-0.836055332100422,1.972403566330388,159.80337253043714,0
7911328,218169.2952380461,2,79.20176844329373,-39.84761145877312,7515.819268314902,-148.84213256835938,62.44104766845703,-0.017148448154330254,-1.0020361281669325,2.057715970436466,159.7326213401812,0
7930960,218170.29525385099,2,79.20043730743487,-39.84462789769234,7515.892438316615,-148.7576446533203,62.563716888427734,-0.07497090846300125,-0.9720835870869804,1.994481359341047,159.66006426107805,0
7950592,218171.29527064355,2,79.1991068954192,-39.841639334655184,7515.921519054627,-148.68191528320312,62.66754150390625,0.06311799585819244,-0.6686817731479404,1.9013740254166027,159.5906756077579,0
7970516,218172.29528644844,2,79.19777703609915,-39.838647178412096,7515.817578633732,-148.62478637695312,62.740230560302734,0.13301852345466614,-0.25533886867792793,1.9505427067762593,159.5405070107537,0
7991032,218173.29530225322,2,79.19644749337112,-39.83565431896311,7515.709341147217,-148.604248046875,62.69830322265625,0.07168078422546387,0.3857050368379933,2.003860296611074,159.54165035380674,0
8010640,218174.295318058,2,79.19511796907456,-39.832665867930515,7515.680089545795,-148.62557983398438,62.549251556396484,-0.01225346326828003,1.345508614348555,1.9966853327574958,159.58959444684348,0
8030280,218175.29533386286,2,79.19378807295128,-39.82968771004898,7515.720976720047,-148.68943786621094,62.288150787353516,-0.11596589535474777,2.088888099724791,2.0403434873609525,159.69787620573473,0
8049904,218176.29535065542,2,79.19245740269486,-39.8267242111108,7515.840112118618,-148.78805541992188,61.95478820800781,-0.026085684075951576,2.1772361920121646,1.76637401238768,159.85846348274117,0
8069860,218177.29536646034,2,79.19112592694917,-39.823776724386605,7515.708225601036,-148.8744659423828,61.6368522644043,0.16277383267879486,1.7788451671094527,1.9609375044094148,160.07517311253253,0
8089492,218178.2953832529,2,79.1897936507511,-39.82084391231354,7515.680130509358,-148.95211791992188,61.36307907104492,-0.11897922307252884,1.1502278491633195,2.0647517102754818,160.31512461515743,0
8109116,218179.29539905768,2,79.18846083108491,-39.817923690873464,7515.839691793623,-148.9954071044922,61.12784957885742,-0.15048915147781372,0.5333095458666901,1.9359519768628102,160.48179987700172,0
8128732,218180.29541486248,2,79.18712775043008,-39.815012958491764,7515.945307105021,-149.01406860351562,60.97982406616211,-0.140797421336174,0.07715711259483615,2.0663822369902882,160.48461005249462,0
8148356,218181.29543066732,2,79.18579468571552,-39.81210749344325,7516.201864616292,-148.9925537109375,60.92118835449219,-0.3832818269729614,-0.14323209754992444,2.1434800116514725,160.41436142759352,0
8168304,218182.2954464721,2,79.18446188627941,-39.80920448426366,7516.63722014829,-148.96299743652344,60.87971496582031,-0.4489564597606659,-0.12006247575104619,2.0064683368206317,160.33855487160733,0
8189216,218183.29546326477,2,79.18312940694163,-39.80630335672224,7517.002210394829,-148.9374237060547,60.84613800048828,-0.3199910819530487,0.06218808057201705,1.9830596968048753,160.25109303562175,0
8208808,218184.29547906955,2,79.18179718349502,-39.80340361466521,7517.299466750858,-148.90834045410156,60.813720703125,-0.29853254556655884,0.1207761115811477,1.9842785150967046,160.20357974944008,0
8228416,218185.29549487444,2,79.18046519503197,-39.80050526369371,7517.581586984801,-148.89401245117188,60.785316467285156,-0.2831234335899353,0.06971373251440456,1.9547690566895846,160.24044286170997,0
8248056,218186.295511667,2,79.17913335944841,-39.79760876336202,7517.795099324002,-148.88523864746094,60.7451171875,-0.1228431686758995,0.0829498639197047,1.8362488690539165,160.3261781280304,0
8267980,218187.29552747187,2,79.17780161043436,-39.794714911934925,7517.816141462284,-148.8771514892578,60.6871337890625,-0.0009107555379159749,0.06560113668932674,1.973942516478833,160.3667634484005,0
8287644,218188.29554327665,2,79.17646994097717,-39.79182312687375,7517.887179430399,-148.86080932617188,60.670040130615234,-0.12492500245571136,-0.11770235344299171,1.9532170745000013,160.36550168898611,0
8307268,218189.29555908154,2,79.1751384444334,-39.78893230419683,7517.926023040123,-148.84109497070312,60.67314910888672,0.0916552022099495,-0.32838134100581745,1.8073188422570148,160.33493661825722,0
8326900,218190.29557488632,2,79.17380724531915,-39.7860409672832,7517.771557054936,-148.79742431640625,60.72325897216797,0.11683787405490875,-0.40378312566587277,2.0291466795387874,160.29798444110034,0
8346516,218191.29559069106,2,79.17247633932409,-39.783148054634424,7517.755845342494,-148.77125549316406,60.75013732910156,-0.027958927676081657,-0.26552539427729427,1.9466084370472263,160.3108311650247,0
8366480,218192.29560748377,2,79.17114569497379,-39.78025500050502,7517.69296098429,-148.74705505371094,60.7398567199707,0.18100443482398987,0.023909526934185944,1.8371493810502648,160.30854077196136,0
8386988,218193.29562427645,2,79.16981517073498,-39.77736362247749,7517.4854793624445,-148.752685546875,60.69670867919922,0.1692497581243515,0.37711905929869316,2.0096662383913326,160.3051089489823,0
8406660,218194.29564008123,2,79.16848462919528,-39.77447542774154,7517.399763574235,-148.7520294189453,60.61955642700195,0.031367119401693344,0.6153901505029974,1.9934731394054506,160.36539205777868,0
8426272,218195.295655886,2,79.16715399945703,-39.771592330971075,7517.353381339228,-148.76380920410156,60.508853912353516,0.06841785460710526,0.6325115214022463,1.9470888695424982,160.47939321657609,0
8445888,218196.29567169078,2,79.16582323185771,-39.768715406787024,7517.264291002933,-148.7725830078125,60.39647674560547,0.07491039484739304,0.41792758313637035,2.0644939809852914,160.57855305856285,0
8465836,218197.29568749556,2,79.16449247625287,-39.76584313542587,7517.2976462938,-148.75711059570312,60.35662841796875,-0.11495006829500198,-0.34570402474321593,2.132142653076326,160.64168485036,0
8485468,218198.29570330033,2,79.16316203624129,-39.762971026774004,7517.440907700578,-148.6942138671875,60.41795349121094,-0.05951004475355148,-1.4707475223800917,1.9305950255553082,160.61646955990594,0
8505084,218199.29572009298,2,79.16183235594515,-39.76009341375458,7517.376682350972,-148.58151245117188,60.61862564086914,0.08071250468492508,-2.1225368008849395,2.1580663696958715,160.45036028494962,0
8524708,218200.29573589776,2,79.16050374945925,-39.75720370408734,7517.434269978702,-148.45054626464844,60.92059326171875,-0.08586089313030243,-2.1431191233410654,2.0528657104665626,160.2664131996481,0
8544316,218201.29575269044,2,79.15917643185921,-39.754300757657504,7517.462072889727,-148.30484008789062,61.195621490478516,0.0011662711622193456,-1.6805959152052643,2.0878789360896746,160.1048455993877,0
8564296,218202.29576849524,2,79.15785021728028,-39.751386115365314,7517.529099968303,-148.19769287109375,61.417869567871094,-0.08980105817317963,-1.0961320177449412,2.0278841951590207,160.00078672043884,0
8584828,218203.2957829277,2,79.15652487669254,-39.74846314196392,7517.570545546878,-148.1022186279297,61.568565368652344,0.03288596495985985,-0.6589986632018051,1.9921230353285653,159.95342891982463,0
8604436,218204.29579736016,2,79.15520025039906,-39.745534694554564,7517.594704136951,-148.03314208984375,61.66408157348633,-0.12527108192443848,-0.49592047963921654,2.1543751644537887,159.98680167402455,0
8624076,218205.29581590963,2,79.15387622358429,-39.74260280109189,7517.816661081038,-147.9655303955078,61.71206283569336,-0.28908905386924744,-0.5107137917427802,2.139197820583529,160.0794457713617,0
8643700,218206.2958317144,2,79.1525527272071,-39.73966923104983,7518.139635981009,-147.91615295410156,61.75937271118164,-0.30402374267578125,-0.673997918539823,2.0287483167161886,160.09964428169164,0
8663656,218207.2958494949,2,79.15122971579329,-39.7367337823017,7518.341608962063,-147.8600616455078,61.80059051513672,-0.09857312589883804,-0.8879953420025268,1.994585187323304,159.98823151651516,0
8683280,218208.2958652997,2,79.1499073517892,-39.73379385816731,7518.4284245804065,-147.78173828125,61.93412399291992,-0.14570146799087524,-0.9738604383890509,2.1326756441186037,159.88336321384475,0
8702840,218209.29588110457,2,79.14858565169969,-39.73084824512582,7518.578983997188,-147.7123565673828,62.032432556152344,-0.08775094896554947,-0.6361760777967707,1.9488443557256547,159.87521323715256,0
8721752,218210.29589690932,2,79.1472643868366,-39.72790062956331,7518.5476371280765,-147.68739318847656,62.02186584472656,0.11006704717874527,0.2985951085640396,1.9495618448150307,159.87759392671066,0
8741384,218211.29591271412,2,79.1459431088948,-39.72495628285331,7518.445323894247,-147.71617126464844,61.897483825683594,0.04290309548377991,1.2902042946605585,2.0409954753761217,159.89290329401078,0
8761316,218212.29592851887,2,79.14462146312445,-39.72201966584647,7518.420805842679,-147.772216796875,61.71062469482422,0.06098896265029907,1.584131114231646,1.9047293992978465,160.01649588944585,0
8781872,218213.29594531155,2,79.14329934671031,-39.71909315795835,7518.294897882542,-147.8302459716797,61.49544906616211,0.14012591540813446,1.1240356215602307,2.0142739131890726,160.2400047475218,0
8801496,218214.29596111632,2,79.14197670496503,-39.71617674561313,7518.249586496886,-147.89007568359375,61.29458236694336,0.0073585668578743935,0.46184312594668264,2.0068611321432845,160.429732014279,0
8821064,218215.2959779089,2,79.14065376652475,-39.71326833054007,7518.26016225204,-147.90664672851562,61.158935546875,-0.04116932302713394,-0.006917519477201573,2.074869370999995,160.45996329192153,0
8840656,218216.2959937138,2,79.13933082045823,-39.710364255145905,7518.390251323288,-147.89691162109375,61.125144958496094,-0.1973433792591095,-0.1862405148886226,2.096594437435312,160.40132830041915,0
8860604,218217.29600951864,2,79.13800800743206,-39.70746203073187,7518.589279816409,-147.86856079101562,61.10988998413086,-0.1343592256307602,-0.07093413664299246,1.9680394960060563,160.31505460524673,0
8880228,218218.29602532342,2,79.13668538024804,-39.70456106589913,7518.672632721093,-147.85302734375,61.09127426147461,-0.05828595161437988,0.1572229254133286,2.060308903173533,160.25457181430588,0
8899812,218219.29604112823,2,79.13536288020414,-39.70166116734145,7518.79254567003,-147.8427276611328,61.06439971923828,-0.14685697853565216,0.2504003172365022,2.002069076491537,160.28442178366427,0
8919380,218220.2960579209,2,79.13404036840251,-39.698763724338015,7518.81933550677,-147.8496856689453,61.00408172607422,0.14128939807415009,0.3878350896414417,1.8198087580787998,160.36609786285763,0
8938100,218221.29607372565,2,79.13271769328472,-39.69587055897501,7518.5668488378205,-147.8802490234375,60.912776947021484,0.2809106707572937,0.64101404551846,1.9881748280147191,160.43799376807286,0
8958056,218222.29608953054,2,79.13139470846161,-39.692983276083744,7518.37418103667,-147.9088592529297,60.79387283325195,0.10675907880067825,0.8362069143976079,2.061764753086316,160.514901012494,0
8978532,218223.29610533532,2,79.1300714415349,-39.69010286214618,7518.286443167533,-147.92889404296875,60.650516510009766,0.12512487173080444,0.7056510857777832,1.9615267549608593,160.59099072236296,0
8998172,218224.296122128,2,79.12874798681725,-39.68722875434454,7518.121611254182,-147.94622802734375,60.557281494140625,0.19096046686172485,0.28279260333372624,2.042272000320859,160.65885094246798,0
9017740,218225.29613793278,2,79.12742446181365,-39.684358687158586,7518.028767057128,-147.94114685058594,60.51376724243164,0.025257116183638573,-0.18275930635256815,2.0583538396291523,160.71537005282562,0
9037316,218226.29615472537,2,79.12610105033474,-39.68149068753977,7517.924148495108,-147.90721130371094,60.496238708496094,0.17021772265434265,-0.40572146638323314,2.09785913595769,160.6866494558475,0
9057232,218227.29617053023,2,79.12477796971488,-39.67862292247513,7517.873065801837,-147.86036682128906,60.537784576416016,-0.0906500294804573,-0.30426922626803266,2.2089839365734885,160.61138079851244,0
9076824,218228.29618633492,2,79.12345527710966,-39.675753999077436,7517.934611100017,-147.81704711914062,60.5414924621582,0.054808568209409714,-0.11690729829934847,1.9889357597741049,160.5859767078053,0
9096432,218229.2962021397,2,79.1221329551739,-39.67288519688127,7517.822681382717,-147.79010009765625,60.54493713378906,0.09065497666597366,0.16126368791712228,2.1619658333211222,160.61086153171868,0
9116016,218230.29621794456,2,79.12081080140504,-39.6700174988977,7517.765774858894,-147.77154541015625,60.510902404785156,0.06821789592504501,0.29538544996295385,2.06795957756708,160.70631556728378,0
9135608,218231.29623473712,2,79.119488767651,-39.66715236050719,7517.613173463291,-147.76800537109375,60.44502258300781,0.23727655410766602,0.19673933653883025,2.038985799085791,160.8243497427182,0
9154652,218232.2962505419,2,79.1181668306697,-39.66429008691411,7517.39589276453,-147.74755859375,60.40443420410156,0.13372193276882172,0.010156145388224593,2.254074744360397,160.91140532316382,0
9175236,218233.29626497815,2,79.11684506975563,-39.66143006488787,7517.423358381805,-147.7245330810547,60.36379623413086,-0.14934340119361877,-0.19121250770842305,2.2263077936069617,160.96201319320227,0
9194796,218234.29628040243,2,79.11552357166826,-39.65857159709612,7517.531059896806,-147.68865966796875,60.346290588378906,-0.029040502384305,-0.37564597924927723,2.053777447585081,160.92925491731384,0
9214568,218235.2962948389,2,79.11420240654243,-39.65571277268424,7517.491573480034,-147.6551513671875,60.385318756103516,0.029589064419269562,-0.5524127233405124,2.165442129064473,160.83178282073973,0
9234104,218236.29630927544,2,79.11288167739906,-39.65285088227371,7517.515766181148,-147.6072235107422,60.45766830444336,-0.07050943374633789,-0.7441644778334792,2.105770314558599,160.7865393304634,0
9254108,218237.29632470006,2,79.11156143554125,-39.64998511405419,7517.523328502109,-147.5532989501953,60.54228591918945,0.05236325412988663,-0.7354844507047337,2.018818725807873,160.76902583531535,0
9273692,218238.296339137,2,79.11024162161462,-39.64711614145662,7517.433892618997,-147.51547241210938,60.59850311279297,0.06046220287680626,-0.4847813914159901,2.138507993486407,160.71187803348138,0
9293292,218239.2963535742,2,79.10892218729578,-39.64424490727373,7517.433133956023,-147.47132873535156,60.64471435546875,-0.09623601287603378,-0.1615681458851573,2.195274674632561,160.64487805972433,0
9312844,218240.29636801148,2,79.10760306184335,-39.64137257497441,7517.5263109477,-147.44386291503906,60.669410705566406,-0.05430194362998009,0.101855147104161,2.0412996332056825,160.6321304155103,0
9332600,218241.29638244904,2,79.10628416533476,-39.63850050390512,7517.483737578325,-147.42710876464844,60.651451110839844,0.05236013978719711,0.2594596660543947,2.149165863477385,160.71380556445254,0
9352492,218242.2963978744,2,79.10496526092508,-39.63563140404174,7517.521456434179,-147.4491424560547,60.53668212890625,-0.12749895453453064,0.5503301808661668,2.1443177849155024,160.88213040897713,0
9373380,218243.29641329992,2,79.10364608263566,-39.632769731596575,7517.637376690677,-147.4849395751953,60.36357116699219,-0.08505170792341232,1.0195542146388445,2.0624998538841326,160.97355142819168,0
9393128,218244.29644316313,2,79.10232655809945,-39.62991721383015,7517.745760364637,-147.52752685546875,60.17457962036133,-0.21867020428180695,1.1397781557550957,2.2465384523900025,161.01136923389362,0
9412868,218245.2964589679,2,79.10100662179755,-39.62707316864938,7518.049645852528,-147.56072998046875,60.03285217285156,-0.2959972321987152,0.7960427772638321,2.0226832326218633,161.09167494545866,0
9432420,218246.29647576046,2,79.09968642054207,-39.62423622769337,7518.194063404332,-147.58924865722656,59.904518127441406,-0.01313034538179636,0.41747064692593416,2.011021190301858,161.1822645555978,0
9452460,218247.29649156524,2,79.09836600431757,-39.62140462370198,7518.249840394646,-147.61172485351562,59.82349395751953,-0.13820622861385345,0.1782359110901039,2.167481707147606,161.21693544941522,0
9472216,218248.2965073701,2,79.09704552355146,-39.61857628074291,7518.427107515923,-147.59878540039062,59.791053771972656,-0.16000400483608246,0.0002999054631823427,2.072997678356845,161.21226138467884,0
9491744,218249.2965241627,2,79.09572509357797,-39.615750104013344,7518.565213992068,-147.59005737304688,59.76408004760742,-0.11203127354383469,0.05202006723019517,2.0598152817425226,161.1814933766092,0
9511256,218250.2965399676,2,79.09440467035735,-39.61292587047567,7518.634168309687,-147.5823974609375,59.739044189453125,-0.052865758538246155,0.23780635107641027,2.1156601833616366,161.11068354956998,0
9530988,218251.29655577234,2,79.09308426306374,-39.61010322003,7518.723367395875,-147.57896423339844,59.72064971923828,-0.09346780180931091,0.28980886252932103,2.093182108551164,161.09444098085967,0
9550800,218252.29657157723,2,79.09176391631385,-39.60728205568927,7518.790543932035,-147.58314514160156,59.69044876098633,-0.03130863979458809,0.14598466129354518,2.0801767360280383,161.16814842517462,0
9571200,218253.2965883698,2,79.09044353545238,-39.604462222952336,7518.798340602006,-147.58059692382812,59.678565979003906,0.06739680469036102,-0.13492282936196393,1.9349314955985635,161.24235830891737,0
9590900,218254.29660417468,2,79.08912320965577,-39.601642578236316,7518.611867176157,-147.56741333007812,59.691993713378906,0.2468576729297638,-0.36589605500180616,2.0517179735636013,161.28348364531996,0
9609936,218255.29661997946,2,79.08780296358316,-39.59882189415205,7518.480787618571,-147.55734252929688,59.7188720703125,0.002726651029661298,-0.42406441996200145,2.140138195079557,161.31928524454514,0
9629596,218256.29663441886,2,79.08648280973176,-39.596000798954236,7518.497531612635,-147.55064392089844,59.71105194091797,0.0005339967319741845,-0.32125501972732406,2.057537291941404,161.2742476704515,0
9649392,218257.2966488583,2,79.08516281065374,-39.59318018978572,7518.527579561275,-147.52731323242188,59.70091247558594,-0.16588471829891205,-0.16003127963803482,2.2879915643746465,161.15836285724677,0
9668872,218258.2966632978,2,79.08384298510526,-39.59035948826204,7518.796861591691,-147.5019989013672,59.7183723449707,-0.33764946460723877,-0.17537525144117297,2.1558411586753317,161.05925389443053,0
9688400,218259.29667872534,2,79.08252339904898,-39.58753763743688,7519.011686547861,-147.48770141601562,59.759517669677734,-0.08991917222738266,-0.28089850715073184,1.9468839952779373,161.02578467578311,0
9708108,218260.29669415287,2,79.08120400234672,-39.58471344513181,7518.932843580575,-147.45777893066406,59.8253059387207,0.16618551313877106,-0.35986475728822803,1.9994430951664612,161.06377266426887,0
9727752,218261.29671056822,2,79.07988475691624,-39.5818863543147,7518.803497572925,-147.4510498046875,59.89796829223633,0.022349761798977852,-0.3103036073385175,2.1086776259848214,161.18344733994917,0
9747808,218262.2967259959,2,79.07856553602545,-39.57905812886029,7518.7646542841385,-147.45729064941406,59.887638092041016,0.09857293218374252,-0.1285268769298381,1.940922257529804,161.28067555481053,0
9768392,218263.296740436,2,79.07724624966036,-39.57623170734213,7518.585216717405,-147.4663543701172,59.8551025390625,0.15268124639987946,0.0877185884407197,2.095367770348394,161.22194179717022,0
9787864,218264.2967558639,2,79.07592692718222,-39.57340653576509,7518.531022668725,-147.47146606445312,59.84634017944336,-0.08818122744560242,0.09888236362433257,2.158756634578426,161.18298985212567,0
9807492,218265.2967712918,2,79.07460765695768,-39.570581977304954,7518.62856025557,-147.45323181152344,59.86454391479492,-0.04883142560720444,-0.11320870478922171,2.0454869011490464,161.19438611818035,0
9826980,218266.2967867197,2,79.0732885659813,-39.56775676119904,7518.653266453671,-147.43495178222656,59.8884391784668,-0.01089547760784626,-0.14588532038053123,2.113899052859777,161.3125938581708,0
9846864,218267.29681260046,2,79.07196957987625,-39.564931126020404,7518.694527348972,-147.43844604492188,59.883949279785156,-0.052792441099882126,0.0027225481590290998,2.10508436221267,161.49526116539914,0
9866296,218268.29682939302,2,79.07065051914492,-39.56210804528324,7518.6902981235935,-147.45350646972656,59.803741455078125,0.08153533935546875,0.22857556343172575,2.0732491587098894,161.5520141075832,0
9885168,218269.2968451979,2,79.06933129463035,-39.55928951741121,7518.630237142995,-147.47520446777344,59.71275329589844,0.04940812289714813,0.3202392676906228,2.1806267285823244,161.44939159735998,0
9904648,218270.29686199047,2,79.06801201219355,-39.556473840018356,7518.663772828362,-147.47628784179688,59.67799758911133,-0.09169460088014603,0.14717377882070246,2.142269170667068,161.36563371200563,0
9924128,218271.29687779528,2,79.06669268674416,-39.553660148641235,7518.686539432426,-147.4769744873047,59.639305114746094,0.10938071459531784,0.07653468776006095,1.9584238048487024,161.3398098868633,0
9943932,218272.29689360014,2,79.06537325443198,-39.55084885540174,7518.498543617262,-147.5048828125,59.583370208740234,0.24509821832180023,0.23777568504681781,2.0153085105179462,161.2934525872942,0
9964484,218273.2969094049,2,79.06405362207404,-39.54804065144979,7518.258314649674,-147.52589416503906,59.51691436767578,0.1849512755870819,0.36816942225661814,2.1211460718320363,161.20048849673725,0
9984112,218274.2969252098,2,79.06273377975873,-39.54523557748912,7518.149370153962,-147.54196166992188,59.469757080078125,0.12286242097616196,0.32442104590654686,2.020894482623645,161.11570024784479,0
10003600,218275.2969410146,2,79.06141392524708,-39.54243274735296,7518.0309520314695,-147.5437774658203,59.427982330322266,0.06485708802938461,0.155033551972583,2.189993003219326,161.12693409205346,0
10023172,218276.29695879505,2,79.06009406159015,-39.539632056676304,7518.068432979531,-147.52906799316406,59.39635467529297,-0.11279284954071045,0.10472310458911281,2.2072789078601986,161.19396990399568,0
10042992,218277.2969745998,2,79.05877419104603,-39.53683476302914,7518.178059234904,-147.5354766845703,59.313011169433594,-0.08007852733135223,0.33420593009049104,2.127413252012419,161.21625701957691,0
10062520,218278.2969894168,2,79.05745419794656,-39.53404239769889,7518.184900607457,-147.53892517089844,59.242313385009766,0.03466504439711571,0.6083483830928726,2.156730581938009,161.15828618865453,0
10082056,218279.29700620938,2,79.0561341968577,-39.531252813341574,7518.195030839219,-147.5377197265625,59.2010498046875,-0.0852663591504097,0.5381182522532613,2.2179085824987173,161.24585994013614,0
10101488,218280.29702201425,2,79.05481414304774,-39.52846620474809,7518.209276610605,-147.5440673828125,59.11378479003906,0.09437719732522964,0.22383837299461998,2.0434603950150945,161.4349064140913,0
10120396,218281.2970388068,2,79.05349402408086,-39.525683582660065,7518.048986291944,-147.5417022705078,59.077552795410156,0.08196887373924255,-0.19339154830291835,2.2996878152221214,161.48219121547046,0
10140168,218282.2970542369,2,79.05217405930856,-39.522900390652076,7518.063873762238,-147.50320434570312,59.135868072509766,-0.08076071739196777,-0.767402045432047,2.251584149540106,161.551135235713,0
10160624,218283.29706867924,2,79.05085455851706,-39.52011372777328,7518.090621713472,-147.44793701171875,59.24949645996094,0.02004367485642433,-1.50388917973233,2.1914016089098336,161.57475530127022,0
10180104,218284.29708720904,2,79.04953569527368,-39.51732010099913,7518.050676032471,-147.36538696289062,59.46017837524414,0.01781357266008854,-2.0663230210221193,2.258318673077097,161.4489074484303,0
10199584,218285.29710301384,2,79.04821779481595,-39.51451365771664,7518.065961703047,-147.244384765625,59.77780532836914,-0.03912127763032913,-2.3893101560789733,2.2495155847053097,161.27233951288727,0
10219056,218286.2971188187,2,79.04690106757731,-39.5116918803636,7518.061445168819,-147.10968017578125,60.09870147705078,0.015381960198283195,-2.248590358050044,2.196662587649618,161.1179536012468,0
10238892,218287.29713561127,2,79.04558541553529,-39.50885702905874,7518.009167421543,-146.99423217773438,60.37190628051758,0.047957468777894974,-1.6431361600925127,2.247522652564324,160.88580120646225,0
10258372,218288.29715141616,2,79.0442707994341,-39.50601012175158,7518.011515157307,-146.88726806640625,60.629295349121094,-0.11539584398269653,-1.0863939285254236,2.3170472930929336,160.68504302376888,0
10277852,218289.29716722094,2,79.04295703252075,-39.50315270305241,7518.103541544413,-146.80918884277344,60.809879302978516,0.04805888235569,-0.7769913811333095,2.039548442954073,160.64878538551542,0
10297284,218290.2971830257,2,79.0416439960435,-39.500287309019605,7517.929784690507,-146.7344207763672,60.985164642333984,0.17528240382671356,-0.7665697510283241,2.242054051677193,160.69811061804214,0
10316708,218291.29719883058,2,79.0403314034354,-39.49741596604612,7517.816662547589,-146.71328735351562,61.0610466003418,0.10944976657629013,-0.7364060455438577,2.15000453799724,160.78718550308045,0
10336520,218292.29721562317,2,79.0390191747753,-39.49454118394799,7517.632735980897,-146.67115783691406,61.139835357666016,0.2283022254705429,-0.6624531967802095,2.174406724312663,160.77090214103794,0
10356276,218293.29723142795,2,79.03770733328584,-39.49166302074996,7517.473995379907,-146.62417602539062,61.2196159362793,0.04493715241551399,-0.3580602931714368,2.3404971835695783,160.75735694140664,0
10375692,218294.2972472327,2,79.0363957634066,-39.48878367697861,7517.522800775057,-146.6181640625,61.17716598510742,-0.08797003328800201,0.4156272737077098,2.257204417569543,160.79990088639263,0
10395188,218295.29726402526,2,79.03508411820631,-39.48590957851437,7517.642213137087,-146.65463256835938,61.006370544433594,-0.15198266506195068,1.5571417549206255,2.284828610948293,160.83704584462234,0
10414620,218296.29727983006,2,79.03377191795465,-39.48304683672678,7517.820825573645,-146.7309112548828,60.73310470581055,-0.14929808676242828,2.1899070612197624,2.1826762568373814,160.88238709301635,0
10434392,218297.29729563484,2,79.0324589572128,-39.4801982701562,7517.950718283499,-146.81837463378906,60.43449020385742,-0.10692713409662247,1.8714582691603818,2.212889501997582,160.99112334465897,0
10453824,218298.2973124275,2,79.03114527404024,-39.47736262513313,7518.1149750292225,-146.89230346679688,60.20695495605469,-0.19844672083854675,1.0832081479335995,2.2085023683367746,161.17851174612008,0
10473240,218299.29732724448,2,79.02983101599986,-39.474537137245235,7518.273991499202,-146.94015502929688,60.022560119628906,-0.05670666694641113,0.5076010709155355,2.109733769855515,161.337619206565,0
10492736,218300.2973440372,2,79.02851640677618,-39.47171982209732,7518.323867672281,-146.96168518066406,59.907859802246094,-0.1648634374141693,0.3094045184629479,2.377404654595934,161.3501977839428,0
10512168,218301.29736082972,2,79.02720158840697,-39.46890702274171,7518.607011440585,-146.9801788330078,59.85155487060547,-0.2663850486278534,0.2684528417165457,2.1328091747027815,161.3591473674372,0
10531972,218302.2973756467,2,79.02588673836598,-39.466097443734526,7518.735103787096,-146.98171997070312,59.78480911254883,-0.0017788655823096633,0.1924414161043558,2.090075087870674,161.38979691028533,0
10552796,218303.2973924394,2,79.0245718131491,-39.463290507239826,7518.78617942213,-146.98854064941406,59.775062561035156,-0.14112287759780884,-0.03890644369070188,2.2708000846728265,161.40929909488116,0
10569996,218304.29740824417,2,79.02325688330193,-39.46048451412006,7518.986188959812,-146.97071838378906,59.77638626098633,-0.17990869283676147,-0.3128586573211325,2.1241538668558806,161.42341242048238,0
10590472,218305.29742404906,2,79.02194203729901,-39.4576788362347,7519.126561836059,-146.97142028808594,59.777950286865234,-0.06637316197156906,-0.3030445836655953,2.0724936643610805,161.3796130613626,0
10609904,218306.29743985384,2,79.0206272039175,-39.45487347482246,7519.192523194684,-146.9641571044922,59.77985382080078,-0.08346191793680191,-0.02646324461908443,2.170936169839022,161.26946831456462,0
10629676,218307.2974566465,2,79.01931238115735,-39.45206907180602,7519.390450076512,-146.96804809570312,59.731040954589844,-0.29167693853378296,0.21259297500764077,2.2325475731752356,161.1663220444038,0
10649108,218308.2974724513,2,79.01799743393244,-39.449268690162626,7519.717895356335,-146.99557495117188,59.60801696777344,-0.28997594118118286,0.6522846660943258,2.0915556411122957,161.06011841229684,0
10668540,218309.29748924385,2,79.01668222189258,-39.44647458631669,7519.944049961367,-147.03594970703125,59.46341323852539,-0.18530155718326569,1.039546673737877,2.1559079748395438,160.93376197602797,0
10687972,218310.29750504863,2,79.01536664381973,-39.44368710588383,7520.179217455432,-147.0751190185547,59.344825744628906,-0.27016034722328186,0.9916124443158555,2.106974011340816,160.89223654940005,0
10707404,218311.2975208534,2,79.01405072293714,-39.44090547273742,7520.316596736688,-147.10855102539062,59.22561264038086,0.007952537387609482,0.8003649721915712,1.9958420602278337,160.9918763922383,0
10727176,218312.29753665818,2,79.01273438984136,-39.43812998073938,7520.261588228204,-147.167236328125,59.080902099609375,0.04930945858359337,0.7226884497643002,2.071597033399919,161.12306077080913,0
10747516,218313.29755246305,2,79.01141752901208,-39.435361304444775,7520.145311285972,-147.2252655029297,58.94974899291992,0.1471468210220337,0.6952966303481185,2.0533462332410815,161.17597399636324,0
10766976,218314.29756925564,2,79.01010020888168,-39.43259835238462,7519.983851616655,-147.27487182617188,58.85074234008789,0.1623779982328415,0.5727571528562021,2.0071880216158324,161.20852460477408,0
10786408,218315.29758506053,2,79.00878247533502,-39.42984004739336,7519.740147298837,-147.31777954101562,58.75627517700195,0.283183217048645,0.3586481308773727,2.0179816007183446,161.26121530002894,0
10805840,218316.2976018531,2,79.00746440571693,-39.42708536301502,7519.4967791011995,-147.3516082763672,58.70768737792969,0.13960972428321838,-0.017679853864126138,2.1541128288142444,161.28648405653917,0
10824788,218317.29761667005,2,79.00614617724665,-39.4243318157807,7519.374034332937,-147.35382080078125,58.70829391479492,0.10782162845134735,-0.399734251324588,2.098879708125232,161.29848181512367,0
10844212,218318.29763346276,2,79.00482803827104,-39.42157714090602,7519.246319264846,-147.3448944091797,58.76011657714844,0.09615021198987961,-0.4612308859818423,2.136073428618095,161.33211441598434,0
10863700,218319.2976492675,2,79.00351001675668,-39.41882076902124,7519.1635545692625,-147.3349151611328,58.791839599609375,0.04539899528026581,-0.27283702185655645,2.1480805370519795,161.36158536624137,0
10883132,218320.29766606019,2,79.00219209896532,-39.41606415738011,7519.138926439389,-147.32032775878906,58.7917366027832,-0.042174093425273895,-0.006417543176834273,2.264356730057672,161.35066718472595,0
10902556,218321.29768186496,2,79.00087430862482,-39.4133081895612,7519.28844875221,-147.3149871826172,58.77839279174805,-0.25613218545913696,0.20880956261914627,2.30085848992809,161.36664335237924,0
10922384,218322.29769766986,2,78.99955657174064,-39.410554184138086,7519.566327799266,-147.3132781982422,58.71023941040039,-0.25117626786231995,0.3386077052203248,2.1236438977191896,161.41784186963656,0
10942724,218323.29771446242,2,78.99823869484788,-39.407804630830306,7519.717144038109,-147.34097290039062,58.60721969604492,-0.057855039834976196,0.476561176691307,2.1006578220465038,161.40747202187617,0
10962156,218324.29773026728,2,78.99692058901104,-39.405060359223334,7519.798439950408,-147.375,58.510597229003906,-0.14354240894317627,0.5768710836207271,2.257520555602606,161.35686223221927,0
10981588,218325.2977470599,2,78.99560226312188,-39.40232075567078,7519.999791285185,-147.38656616210938,58.4257926940918,-0.17806564271450043,0.5021601502153272,2.118927157243345,161.34808889235643,0
11001020,218326.29776286462,2,78.9942838249327,-39.39958531999519,7520.089985661216,-147.40391540527344,58.322574615478516,-0.021419117227196693,0.3105398365156863,2.137544500921798,161.38660171831714,0
11020784,218327.2977786694,2,78.99296527527041,-39.396853120984645,7520.147928675602,-147.41665649414062,58.28115463256836,-0.11256784200668335,0.05363295010001012,2.1603841445626575,161.44263027340557,0
11040272,218328.2977944742,2,78.99164664786552,-39.39412302345803,7520.195396453557,-147.40968322753906,58.2586555480957,0.05406096950173378,-0.11154167448703667,1.985362128728273,161.47510974158075,0
11059704,218329.29781027907,2,78.99032804074301,-39.39139393452351,7520.041565128179,-147.4164276123047,58.24947738647461,0.13800112903118134,-0.16446068931238672,2.1912462820745926,161.46318772515997,0
11079136,218330.29782707163,2,78.98900952233207,-39.388663882172516,7520.03715613439,-147.3978271484375,58.30636215209961,-0.09893450886011124,-0.23952573913802216,2.1949087146536237,161.50697015660478,0
11098568,218331.29784287643,2,78.98769127764415,-39.38593107026545,7520.092173237535,-147.35191345214844,58.39675521850586,0.04929239675402641,-0.9705163478527413,2.035747780507671,161.5769986476336,0
11118340,218332.2978576935,2,78.98637350306336,-39.38319283486659,7519.996414578968,-147.28834533691406,58.56452178955078,0.08783021569252014,-1.9503455544225259,2.217303169420574,161.5671198861879,0
11138680,218333.29787547397,2,78.98505646756792,-39.380444722639595,7520.006306174045,-147.18475341796875,58.8426399230957,-0.09136709570884705,-2.447288159243913,2.250628807437624,161.41577709618954,0
11158112,218334.29789127875,2,78.9837404774131,-39.3776825643335,7520.087876687141,-147.05014038085938,59.18307113647461,-0.00612008897587657,-2.349793134889866,2.074289404454826,161.1843568826033,0
11177544,218335.29790708353,2,78.98242559927523,-39.37490540920955,7520.008309443512,-146.9314422607422,59.5047607421875,0.14963501691818237,-1.8386435855733572,2.1168818103006672,160.9535369183453,0
11196976,218336.2979238762,2,78.981111721902,-39.37211461741473,7519.921484683577,-146.8309326171875,59.77793884277344,0.01766929402947426,-1.1720334990232866,2.219523791925007,160.8170564849038,0
11216740,218337.29793968098,2,78.97979862109742,-39.36931357017295,7519.9499539065155,-146.7615509033203,59.95777130126953,0.01613166183233261,-0.7049876409038236,2.073715349585176,160.79554562991683,0
11236228,218338.29795548588,2,78.97848610738465,-39.366506161210715,7519.89347470385,-146.70223999023438,60.071807861328125,0.04721243306994438,-0.5284225959833704,2.198639498599652,160.83156886687937,0
11255660,218339.29797129065,2,78.97717394492386,-39.36369430262017,7519.923884978406,-146.67034912109375,60.1593132019043,-0.021767545491456985,-0.5559358847155167,2.065065116218243,160.90331720323482,0
11275140,218340.29798709543,2,78.97586205072743,-39.36087944262432,7519.8230165959285,-146.63670349121094,60.22099304199219,0.2654958665370941,-0.7760792276801078,2.0072137679757995,160.9156760649724,0
11294572,218341.2980029003,2,78.97455049258593,-39.35806098708018,7519.611258469478,-146.60304260253906,60.326271057128906,0.09828219562768936,-0.9869266306466387,2.240618271280114,160.86197173919948,0
11314344,218342.29801969288,2,78.97323931855063,-39.355237433225476,7519.568935260715,-146.55918884277344,60.42935562133789,0.09911413490772247,-0.9183784421004136,2.0365927643555417,160.7856935640967,0
11334684,218343.29803549763,2,78.97192858873385,-39.35240928125254,7519.354499207786,-146.50352478027344,60.53483200073242,0.29677966237068176,-0.591245076477798,2.092007580932592,160.66843294828166,0
11354116,218344.29805130252,2,78.97061822809754,-39.34957688322882,7519.121919797709,-146.45840454101562,60.62563705444336,0.13546845316886902,-0.2942326563696911,2.2375468847881144,160.61733013050534,0
11373548,218345.29806809512,2,78.9693081079033,-39.34674251317391,7519.081652457456,-146.44969177246094,60.61330032348633,0.024442344903945923,0.12793890867061614,2.110012823170422,160.66830815492358,0
11392980,218346.2980839,2,78.96799787840575,-39.343911846890705,7518.989717613848,-146.47996520996094,60.49240493774414,0.15367215871810913,1.20861481262656,2.0679772816971353,160.69057433003263,0
11412752,218347.29810069254,2,78.9666871428512,-39.34109040218349,7518.842719759854,-146.54638671875,60.25960159301758,0.09409978985786438,2.1337012779710616,2.2071430274203783,160.71296550430407,0
11432232,218348.29811649743,2,78.96537564110739,-39.338282282599664,7518.837696784233,-146.64376831054688,59.95030212402344,-0.07356520742177963,2.280424140128528,2.1523528599397967,160.87553378475044,0
11451892,218349.2981323022,2,78.9640632146577,-39.33548918988437,7518.803422982347,-146.74642944335938,59.63345718383789,0.19274470210075378,1.7556687062181693,1.9502099472795507,161.13331617471476,0
11471372,218350.298148107,2,78.9627499048063,-39.33271053566989,7518.5504590904475,-146.83921813964844,59.37156677246094,0.23072627186775208,1.0321376897150356,2.1580537271459654,161.31683448096555,0
11490320,218351.29816391188,2,78.96143597129321,-39.32994256392721,7518.437984083446,-146.87713623046875,59.19291305541992,-0.06291700899600983,0.46464977528430085,2.340877911569673,161.43278812553163,0
11510228,218352.29817836324,2,78.9601217611345,-39.32718194892583,7518.603794432765,-146.89576721191406,59.06327438354492,-0.19873292744159698,0.1807326928727584,2.1980978395359836,161.4776212787172,0
11530644,218353.29819380242,2,78.95880746160205,-39.32442660858107,7518.734890998915,-146.90269470214844,58.97700500488281,-0.07272227108478546,0.19585041090364233,2.1590884367873384,161.43334048663704,0
11550124,218354.29820825392,2,78.95749316548095,-39.32167467498175,7518.794714494157,-146.89743041992188,58.91660690307617,-0.11024540662765503,0.21273975365222006,2.3238519295705102,161.38017676936144,0
11569604,218355.29822270566,2,78.95617895045726,-39.31892502179575,7518.99608590652,-146.88890075683594,58.88469314575195,-0.25168856978416443,0.057912619272369265,2.2475731223535442,161.36916964134184,0
11589084,218356.2982371575,2,78.9548648422963,-39.31617730619808,7519.130030280356,-146.8792724609375,58.8293571472168,0.0011663741897791624,-0.037300366070058426,2.094517745473389,161.35469454415278,0
11609084,218357.2982516096,2,78.9535508722168,-39.31343125030094,7519.047930394966,-146.85089111328125,58.81603240966797,0.00027646191301755607,-0.043369738626108496,2.3632611958762233,161.30639128667417,0
11628564,218358.2982660618,2,78.95223699052944,-39.31068532417154,7519.098176988863,-146.84938049316406,58.82375717163086,-0.016431383788585663,-0.14927918266556162,2.155105534381002,161.29408349271287,0
11648224,218359.2982815021,2,78.95092333564187,-39.30793925213963,7518.977668911636,-146.823486328125,58.83320999145508,0.19150005280971527,-0.317140577014341,2.1670679327576776,161.30094558006434,0
11667884,218360.29829694235,2,78.94960986237155,-39.30519200068783,7518.801981773673,-146.81521606445312,58.862464904785156,0.14885112643241882,-0.49688103478479845,2.1835107387521377,161.322804365197,0
11687544,218361.29831238263,2,78.94829665326724,-39.302443485041785,7518.627361039358,-146.77134704589844,58.89534378051758,0.12960568070411682,-0.38506624666370354,2.2931112762597667,161.32176339522556,0
11707364,218362.2983278229,2,78.94698374648749,-39.29969382300198,7518.60025971489,-146.7482452392578,58.92973709106445,-0.0727415457367897,-0.1675432777731973,2.2706968594857915,161.31907657865966,0
11728172,218363.29835752078,2,78.94567109527613,-39.296943958765766,7518.594155278852,-146.71792602539062,58.91855239868164,0.11528284847736359,0.054869654117013084,2.167027934785147,161.32922717000997,0
11747832,218364.29837332567,2,78.94435872070585,-39.29419446865164,7518.52190135717,-146.68531799316406,58.935302734375,-0.040184274315834045,0.10182240338204879,2.3662026933717497,161.37813910738535,0
11767312,218365.29839011823,2,78.94304656884715,-39.291445615213874,7518.675750295535,-146.66290283203125,58.91160583496094,-0.18562747538089752,0.03112239161258637,2.2392308535053966,161.5057953174472,0
11786792,218366.298405923,2,78.94173462992755,-39.288699131038165,7518.796358503771,-146.6299591064453,58.868839263916016,-0.10840345919132233,0.02162516750369177,2.3062008284722904,161.59375175447695,0
11806792,218367.29842172778,2,78.94042287472126,-39.2859548137457,7519.001786803599,-146.61166381835938,58.83281707763672,-0.2927505671977997,-0.010447724022543892,2.3415071527465705,161.64408187885445,0
11826272,218368.29843753268,2,78.939111297335,-39.28321260787856,7519.285420731818,-146.59519958496094,58.80473327636719,-0.21547092497348785,-0.03614892355079535,2.1691727012726303,161.63035690582603,0
11845752,218369.29845432536,2,78.93779994092652,-39.28047164280609,7519.419312490289,-146.57449340820312,58.7952880859375,-0.10951654613018036,-0.05339397005465257,2.293420717260217,161.6140585818367,0
11865412,218370.29847111792,2,78.93648880523695,-39.27773042802732,7519.634902924644,-146.54579162597656,58.81980895996094,-0.26627781987190247,-0.1199349202498807,2.2654371733086056,161.6830406947466,0
11885072,218371.29848692272,2,78.93517784660325,-39.27498939332502,7519.8500211346245,-146.52561950683594,58.81543731689453,-0.08078908920288086,-0.1431314177794686,2.092203996593157,161.76898093514643,0
11905072,218372.29850272756,2,78.93386706356011,-39.27224915046642,7519.871285181709,-146.5108184814453,58.800445556640625,-0.030169004574418068,-0.052477308552636076,2.3325903370555876,161.80857344903447,0
11925460,218373.29851853236,2,78.9325563191393,-39.26951070340912,7520.064621029702,-146.49819946289062,58.77815246582031,-0.25871366262435913,0.1542097878051084,2.261478392664329,161.7912397605002,0
11944940,218374.29853433723,2,78.93124564962565,-39.2667742089898,7520.251670220682,-146.4893798828125,58.73164749145508,-0.03758348152041435,0.34622104535270104,2.075890796999685,161.7767090745109,0
11964420,218375.298550142,2,78.92993502246104,-39.26403969705951,7520.2148485407815,-146.48727416992188,58.705360412597656,0.043925847858190536,0.3550629909984291,2.2427119639894393,161.82503158155117,0
11984080,218376.2985669346,2,78.9286243464683,-39.26130647106507,7520.247193679225,-146.5001678466797,58.673824310302734,-0.04029345512390137,0.13604401680127068,2.1367863591341165,161.98277973203656,0
12004108,218377.29858273946,2,78.92731360081208,-39.25857575768324,7520.19528068332,-146.5098114013672,58.60179138183594,0.14407961070537567,-0.12296383868286297,2.11169147413119,162.08957374835256,0
12023768,218378.29859953205,2,78.92600279408622,-39.25584705981347,7520.062688570517,-146.5087127685547,58.588165283203125,0.08787494152784348,-0.23597996730800383,2.221687909651609,162.08898697713792,0
12043428,218379.2986153368,2,78.92469206241357,-39.25311894821503,7520.006947465898,-146.48089599609375,58.59293746948242,-0.015894904732704163,-0.22815310626893126,2.2651042143814304,162.05422800745333,0
12062908,218380.2986311416,2,78.92338145309233,-39.250391386067506,7520.037436132757,-146.47044372558594,58.59075927734375,-0.028395550325512886,-0.1731919262496028,2.1646325479264963,161.9891380468989,0
12082536,218381.29864694647,2,78.92207105758658,-39.24766394618599,7519.992252783576,-146.4459686279297,58.60926818847656,0.018683811649680138,-0.17872758690286367,2.2975904126060263,161.91327037583014,0
12102356,218382.29866373903,2,78.92076095525675,-39.24493430809599,7520.042151150844,-146.39776611328125,58.68390655517578,-0.0993487536907196,-0.4296122584883326,2.247099208476467,161.93632455137396,0
12122744,218383.29867954392,2,78.91945126498567,-39.242202068791656,7520.11625560356,-146.3522491455078,58.748809814453125,-0.11344406008720398,-0.6191875766441134,2.2911233055385134,162.01178340344788,0
12142224,218384.2986953487,2,78.91814191584561,-39.239467332589044,7520.253809058764,-146.32296752929688,58.79132843017578,-0.16948802769184113,-0.509071358432362,2.2279404694631775,162.0489478527036,0
12161704,218385.2987121414,2,78.91683282862819,-39.23673095815417,7520.350624160195,-146.29444885253906,58.82887649536133,-0.0475502535700798,-0.18431315057724,2.1997865706133686,162.00752025601835,0
12181184,218386.29872794618,2,78.91552398125216,-39.233993569760024,7520.425666641487,-146.2760772705078,58.85633850097656,-0.16001801192760468,0.009667318218420672,2.3005919993987445,161.9826078471915,0
12201004,218387.2987437509,2,78.91421525053346,-39.23125548332273,7520.580315177594,-146.2721710205078,58.87592697143555,-0.07636263966560364,-0.02461994462083395,2.0462828077217403,162.04688752160567,0
12219812,218388.2987605436,2,78.9129065917315,-39.228517623144874,7520.4632880675545,-146.2654571533203,58.86721420288086,0.24520160257816315,-0.1324506840987276,2.11291721512211,162.12452528497457,0
12239440,218389.2987750001,2,78.91159794485142,-39.22578049582732,7520.289095614284,-146.26968383789062,58.85904312133789,0.014910206198692322,-0.1461160156795868,2.336431622076452,162.14931893114777,0
12259068,218390.29878945663,2,78.910289313843,-39.223043572557394,7520.326045769412,-146.26779174804688,58.85825729370117,0.02345040626823902,-0.11535386452090819,2.048892884254394,162.1525935096696,0
12278548,218391.29880391326,2,78.90898077064664,-39.220307494974776,7520.164093994998,-146.26683044433594,58.84280014038086,0.2232731729745865,-0.054304616314542566,2.2049734174749935,162.1056083816115,0
12298516,218392.29881935788,2,78.90767223926551,-39.21757206530706,7520.078258843967,-146.26280212402344,58.83409118652344,-0.05795938894152641,-0.005167540755396257,2.330503425078291,162.071823377047,0
12318904,218393.29883480252,2,78.90636376876381,-39.21483760284173,7520.202592234156,-146.2584228515625,58.80022048950195,-0.08751735091209412,0.04578958430940965,2.1102905648891164,162.0839697831185,0
12338384,218394.29885024726,2,78.90505543194998,-39.21210469118806,7520.183270492958,-146.24557495117188,58.77127456665039,0.042305923998355865,0.05886749830126613,2.289610172965376,162.09988958663715,0
12357864,218395.29886569225,2,78.90374716298382,-39.209373171050764,7520.309973816332,-146.24371337890625,58.73762893676758,-0.24942654371261597,0.038317272709540925,2.3041087396850357,162.14803961912057,0
12377344,218396.29888014946,2,78.90243893414193,-39.20664352540311,7520.530632111642,-146.2303924560547,58.69837951660156,-0.10674859583377838,0.09468634810554534,2.0650695386775504,162.19311896857388,0
12397312,218397.29889559455,2,78.90113066587192,-39.20391679543609,7520.5421988302605,-146.25453186035156,58.618804931640625,0.0069560520350933075,0.3783780897432049,2.192886700062822,162.18706066880577,0
12416792,218398.29891103992,2,78.89982217832315,-39.201194550972616,7520.560216771569,-146.28152465820312,58.5146484375,-0.05468468740582466,0.779202382897976,2.256126686506563,162.1526601852021,0
12436272,218399.29892549748,2,78.89851348921728,-39.19847772598097,7520.668289451858,-146.30679321289062,58.385894775390625,-0.15554389357566833,1.015993732629914,2.2367481983406052,162.19946917246708,0
12454928,218400.29895415253,2,78.89720448492474,-39.19576791653058,7520.788425202866,-146.35049438476562,58.221702575683594,-0.04034747928380966,1.0469169890232335,2.088132115305663,162.30720396954496,0
12474408,218401.2989699573,2,78.89589503985404,-39.19306724212216,7520.761481167342,-146.3939208984375,58.033077239990234,0.028496667742729187,1.008288933865632,2.2506650033647815,162.37350887537087,0
12494228,218402.29898576209,2,78.89458516001685,-39.190375337557306,7520.839902491924,-146.43434143066406,57.878570556640625,-0.1790570765733719,0.7529908268008912,2.3134035304895733,162.40102217385072,0
12514616,218403.29900156698,2,78.89327503297298,-39.187690103120275,7521.041362350391,-146.4496307373047,57.77107620239258,-0.13837069272994995,0.42450837683472226,2.1024386066878056,162.4640601534833,0
12534048,218404.29901737176,2,78.8919648386883,-39.18500855629262,7521.016503121608,-146.4391632080078,57.752098083496094,0.13975019752979279,-0.14619261958140764,2.148674577384241,162.53598520975075,0
12553480,218405.2990341644,2,78.89065476573187,-39.18232693622344,7520.961451051201,-146.42506408691406,57.80195999145508,-0.0757744237780571,-0.9420940908557708,2.3339797063893895,162.60014201406727,0
12572912,218406.29904996918,2,78.88934493510833,-39.17964234232775,7521.044059340032,-146.3871307373047,57.88529968261719,0.05700380355119705,-1.2766667433595709,2.0373465619509137,162.55341533442606,0
12592684,218407.2990667619,2,78.88803557113904,-39.176952890069344,7520.85457382354,-146.314697265625,58.04899978637695,0.21462935209274292,-1.089765527686978,2.2744813817401837,162.35402803150643,0
12612116,218408.29908256663,2,78.8867267465377,-39.17425542642209,7520.774405197476,-146.25607299804688,58.228240966796875,-0.0025029273238033056,-0.7775683478155289,2.2389786353968093,162.25958464693488,0
12631548,218409.2990983714,2,78.88541841147202,-39.171551559217555,7520.728938034694,-146.21383666992188,58.32150650024414,0.1525518000125885,-0.5048886073483967,2.0406502435713345,162.26927151735447,0
12650980,218410.2991141762,2,78.88411031605533,-39.16884500640438,7520.502433780024,-146.19412231445312,58.35211181640625,0.2247229516506195,-0.1692705825569873,2.242685479352617,162.2318709408256,0
12670412,218411.29913096887,2,78.88280229482275,-39.16613823231038,7520.415922464438,-146.19143676757812,58.338993072509766,-0.0641707107424736,0.2288058110685138,2.337229735836455,162.1804558884993,0
12690184,218412.29914776146,2,78.88149433259757,-39.1634326659347,7520.512189826399,-146.18771362304688,58.29269790649414,-0.08629485219717026,0.3853411475425917,2.1968046605208174,162.18245791380022,0
12709924,218413.29916257842,2,78.88018641597067,-39.160729779689184,7520.549902810869,-146.17529296875,58.2616081237793,-0.04863781854510307,0.29947844753200414,2.3028823475745197,162.2285419377628,0
12729356,218414.2991793711,2,78.87887854052497,-39.15802920088362,7520.685582284493,-146.17335510253906,58.20970153808594,-0.24313326179981232,0.056125661372756354,2.338984007617588,162.32806426726768,0
12748788,218415.29919517587,2,78.87757069072055,-39.1553311713671,7520.895553659381,-146.17201232910156,58.147926330566406,-0.1578170508146286,-0.09938002960825344,2.17930578543513,162.3862486281614,0
12768220,218416.29921098077,2,78.87626290893583,-39.15263549684376,7520.957144909012,-146.16024780273438,58.12456512451172,-0.06621778011322021,-0.20210730746068994,2.3064063750768,162.32477748279544,0
12787992,218417.29922777333,2,78.87495526924124,-39.14994043864763,7521.08431666405,-146.1415557861328,58.132816314697266,-0.21629272401332855,-0.30212802181070253,2.3621326225044643,162.21032721099655,0
12807424,218418.29924357822,2,78.87364789198007,-39.147244373872276,7521.286765223531,-146.11402893066406,58.161800384521484,-0.16198354959487915,-0.194299251985969,2.1891602149719733,162.13630317507332,0
12826856,218419.299259383,2,78.87234072004563,-39.14454734477769,7521.296942490459,-146.09144592285156,58.187744140625,0.10384230315685272,0.1993893978112088,2.1712626450754167,162.14374771639584,0
12846288,218420.2992751878,2,78.87103364283283,-39.1418509582424,7521.203058237656,-146.1001739501953,58.15249252319336,0.0007577186916023493,0.5020587837313051,2.364938540573958,162.2574993060541,0
12865720,218421.29929099264,2,78.86972644820138,-39.13915840861351,7521.259631356795,-146.1221466064453,58.03594207763672,-0.07855630666017532,0.616814297124456,2.2575386695326376,162.3928427118224,0
12885492,218422.29930778523,2,78.86841902388335,-39.13647226328896,7521.2658467531455,-146.150634765625,57.910850524902344,0.07713142782449722,0.5860812354143033,2.1759337717048655,162.4345298282009,0
12906204,218423.2993245779,2,78.86711139616399,-39.133791917357705,7521.144518493639,-146.16700744628906,57.81962585449219,0.08057728409767151,0.42522663479209716,2.3803319356200467,162.4237580230674,0
12924812,218424.29934038268,2,78.86580365535349,-39.1311155139423,7521.1572622037,-146.17567443847656,57.754005432128906,-0.053412437438964844,0.2856361243606787,2.312041673933684,162.46314114613986,0
12944244,218425.29935618746,2,78.86449590535146,-39.1284422751118,7521.1528129105545,-146.1813201904297,57.692649841308594,0.09752045571804047,0.1525866031226404,2.1947592092715382,162.52622310487786,0
12963676,218426.29937199233,2,78.86318814492567,-39.125771707625205,7521.0043751110225,-146.17967224121094,57.6444206237793,0.16015349328517914,0.02571502903500037,2.3047378847026683,162.5630288107136,0
12983448,218427.2993887849,2,78.86188042376382,-39.123103099736454,7520.926545704861,-146.17013549804688,57.624061584472656,-0.009950423613190651,-0.09326591064987723,2.3723756607825175,162.57740852622806,0
13002880,218428.29940458966,2,78.86057284244107,-39.120435596816094,7520.958677264834,-146.14892578125,57.6125602722168,-0.007087876088917255,-0.19217299836231833,2.2793255412350675,162.56925851799693,0
13022312,218429.29942039444,2,78.85926548628726,-39.11776833985692,7520.952980106527,-146.12474060058594,57.63815689086914,0.0076181660406291485,-0.3828315782882368,2.3229357450582846,162.52962574172193,0
13041744,218430.29943619922,2,78.85795844099229,-39.11509873349197,7520.955218118453,-146.07296752929688,57.72782516479492,0.04725845903158188,-0.9340774758307169,2.288226593731532,162.49089239397327,0
13061176,218431.29945299192,2,78.85665203523352,-39.11242345559463,7520.949282484936,-145.98788452148438,57.898990631103516,-0.09385566413402557,-1.6345605201470192,2.5156149682163966,162.43438360007843,0
13080948,218432.2994687967,2,78.85534654031899,-39.109738093942795,7521.163524547475,-145.86273193359375,58.17185974121094,-0.2435908168554306,-2.098867336680678,2.395965504238267,162.37773443727045,0
