study,segment_id,filename,imu_type,duration_min,median_speed_kmh,median_latitude_deg,median_receiver_height_m,shape_outcome,fit_id,case_id,model,status,active_bound_count,receiver_epochs,residual_components,whitened_rms,conservative_whitened_rms,north_rms_m,east_rms_m,vertical_rms_m,horizontal_rms_m,header_to_nominal_rms_ratio,section_count,held_out_validation,epoch_residuals_available,absolute_fit_status
baseline,b365bdf39150ee6afc303ac1,ILVIS0_applanix_55124_Ames_510-20oct09_20Oct09.013,8,9.75064809965746,849.11,-63.06869619816666,9044.125,unresolved,baseline::b365bdf39150ee6afc303ac1::bias1_unsubtracted::sphere_rotating,bias1_unsubtracted,sphere_rotating,unresolved,3,585,1755,0.06220918687313714,0.014762258304628868,0.22474239291856726,0.3192856656548468,0.9192080795095188,0.3904516352474686,48.2737700860591,1,False,False,not_calibrated
baseline,b365bdf39150ee6afc303ac1,ILVIS0_applanix_55124_Ames_510-20oct09_20Oct09.013,8,9.75064809965746,849.11,-63.06869619816666,9044.125,unresolved,baseline::b365bdf39150ee6afc303ac1::bias1_unsubtracted::sphere_still,bias1_unsubtracted,sphere_still,unresolved,11,585,1755,0.9419341502690916,0.19361128376943845,6.048160463746049,4.595058442225167,0.772757307080449,7.595709781362476,6.401212321249783,1,False,False,not_calibrated
baseline,b365bdf39150ee6afc303ac1,ILVIS0_applanix_55124_Ames_510-20oct09_20Oct09.013,8,9.75064809965746,849.11,-63.06869619816666,9044.125,unresolved,baseline::b365bdf39150ee6afc303ac1::bias1_unsubtracted::flat_still,bias1_unsubtracted,flat_still,unresolved,15,585,1755,3.5118458840849005,0.6126559678366305,17.096598204208153,36.17469436187633,4.0716829955017415,40.01127568987648,1.4860741125974077,1,False,False,not_calibrated
baseline,b365bdf39150ee6afc303ac1,ILVIS0_applanix_55124_Ames_510-20oct09_20Oct09.013,8,9.75064809965746,849.11,-63.06869619816666,9044.125,unresolved,baseline::b365bdf39150ee6afc303ac1::bias1_profiled_removal::sphere_rotating,bias1_profiled_removal,sphere_rotating,unresolved,4,585,1755,0.06216238413511373,0.01475918231174917,0.22487481044416624,0.3192090603438076,0.9227265380533933,0.39046524119039877,47.995724899244735,1,False,False,not_calibrated
baseline,b365bdf39150ee6afc303ac1,ILVIS0_applanix_55124_Ames_510-20oct09_20Oct09.013,8,9.75064809965746,849.11,-63.06869619816666,9044.125,unresolved,baseline::b365bdf39150ee6afc303ac1::bias1_profiled_removal::sphere_still,bias1_profiled_removal,sphere_still,unresolved,12,585,1755,0.9393080376722518,0.19306311716603924,6.0403227792304985,4.572525592302148,0.7701832702843937,7.575849098916171,6.421588984579419,1,False,False,not_calibrated
baseline,b365bdf39150ee6afc303ac1,ILVIS0_applanix_55124_Ames_510-20oct09_20Oct09.013,8,9.75064809965746,849.11,-63.06869619816666,9044.125,unresolved,baseline::b365bdf39150ee6afc303ac1::bias1_profiled_removal::flat_still,bias1_profiled_removal,flat_still,unresolved,13,585,1755,2.045739493568212,0.4112475088458577,15.544049278545595,9.340528134397308,0.7996883541680814,18.134578401587437,2.7966871843636976,1,False,False,not_calibrated
baseline,034547522e2d98947b598466,ILVIS0_applanix_55124_Ames_610-20Oct09_20Oct09.013,21,10.799213960224977,848.71,-62.945674180999994,9047.3925,unresolved,baseline::034547522e2d98947b598466::bias1_unsubtracted::sphere_rotating,bias1_unsubtracted,sphere_rotating,unresolved,2,648,1944,0.04178986258750729,0.009512458426736828,0.12956960522384292,0.09464819027490767,1.1688274116437742,0.16045735421032478,0.9528772816014623,2,False,False,not_calibrated
baseline,034547522e2d98947b598466,ILVIS0_applanix_55124_Ames_610-20Oct09_20Oct09.013,21,10.799213960224977,848.71,-62.945674180999994,9047.3925,unresolved,baseline::034547522e2d98947b598466::bias1_unsubtracted::sphere_still,bias1_unsubtracted,sphere_still,unresolved,10,648,1944,1.2107085564968056,0.229429597949107,11.034107366569001,5.854725490599772,0.8923161411601894,12.491170319359632,0.9998288143275588,2,False,False,not_calibrated
baseline,034547522e2d98947b598466,ILVIS0_applanix_55124_Ames_610-20Oct09_20Oct09.013,21,10.799213960224977,848.71,-62.945674180999994,9047.3925,unresolved,baseline::034547522e2d98947b598466::bias1_unsubtracted::flat_still,bias1_unsubtracted,flat_still,converged,17,648,1944,4.635231215343818,0.7432316364834979,24.104296254176358,56.36120192672025,3.0248409777286045,61.29928368695376,1.0000829757213687,2,False,False,not_calibrated
baseline,034547522e2d98947b598466,ILVIS0_applanix_55124_Ames_610-20Oct09_20Oct09.013,21,10.799213960224977,848.71,-62.945674180999994,9047.3925,unresolved,baseline::034547522e2d98947b598466::bias1_profiled_removal::sphere_rotating,bias1_profiled_removal,sphere_rotating,unresolved,3,648,1944,0.041874495278371525,0.009493851652370018,0.12967974281423555,0.09275325629805346,1.1901842934149374,0.15943651479588566,0.9505640552160151,2,False,False,not_calibrated
baseline,034547522e2d98947b598466,ILVIS0_applanix_55124_Ames_610-20Oct09_20Oct09.013,21,10.799213960224977,848.71,-62.945674180999994,9047.3925,unresolved,baseline::034547522e2d98947b598466::bias1_profiled_removal::sphere_still,bias1_profiled_removal,sphere_still,unresolved,12,648,1944,1.2117560505691025,0.2297251629329522,11.069350471759053,5.821379063297867,0.8917296408172826,12.50675713625379,1.0000279604156255,2,False,False,not_calibrated
baseline,034547522e2d98947b598466,ILVIS0_applanix_55124_Ames_610-20Oct09_20Oct09.013,21,10.799213960224977,848.71,-62.945674180999994,9047.3925,unresolved,baseline::034547522e2d98947b598466::bias1_profiled_removal::flat_still,bias1_profiled_removal,flat_still,unresolved,13,648,1944,2.3764116217951905,0.4406847578629564,23.97578116032654,9.328809982187089,0.5144751054353957,25.726732748866937,1.000063968414238,2,False,False,not_calibrated
baseline,3df34ea39a6cbdbe15bb0f36,ILVIS0_applanix_55128_Ames_510-24Oct09_24Oct09.013,8,11.134066119215762,858.045,-62.65163334025001,9252.289999999999,unresolved,baseline::3df34ea39a6cbdbe15bb0f36::bias1_unsubtracted::sphere_rotating,bias1_unsubtracted,sphere_rotating,unresolved,3,668,2004,0.12017195237012329,0.02734204015289622,0.43091036361864515,1.0317510097852844,1.7735689506495542,1.1181206945884272,29.944275994993266,2,False,False,not_calibrated
baseline,3df34ea39a6cbdbe15bb0f36,ILVIS0_applanix_55128_Ames_510-24Oct09_24Oct09.013,8,11.134066119215762,858.045,-62.65163334025001,9252.289999999999,unresolved,baseline::3df34ea39a6cbdbe15bb0f36::bias1_unsubtracted::sphere_still,bias1_unsubtracted,sphere_still,converged,18,668,2004,19.811858022214064,2.9150065872007085,136.01204593939408,248.5595293869638,8.241046377543405,283.33922476368986,1.0238658401625815,2,False,False,not_calibrated
baseline,3df34ea39a6cbdbe15bb0f36,ILVIS0_applanix_55128_Ames_510-24Oct09_24Oct09.013,8,11.134066119215762,858.045,-62.65163334025001,9252.289999999999,unresolved,baseline::3df34ea39a6cbdbe15bb0f36::bias1_unsubtracted::flat_still,bias1_unsubtracted,flat_still,converged,18,668,2004,8.940591870025465,1.3121124430562439,15.700695948619025,129.66877770894996,10.665881612710969,130.61586337732513,1.098304132557674,2,False,False,not_calibrated
baseline,3df34ea39a6cbdbe15bb0f36,ILVIS0_applanix_55128_Ames_510-24Oct09_24Oct09.013,8,11.134066119215762,858.045,-62.65163334025001,9252.289999999999,unresolved,baseline::3df34ea39a6cbdbe15bb0f36::bias1_profiled_removal::sphere_rotating,bias1_profiled_removal,sphere_rotating,unresolved,3,668,2004,0.11964075556219518,0.027285898558840206,0.4149364395714215,1.0262154573636806,1.774331078290749,1.106928368873233,30.045324524723323,2,False,False,not_calibrated
baseline,3df34ea39a6cbdbe15bb0f36,ILVIS0_applanix_55128_Ames_510-24Oct09_24Oct09.013,8,11.134066119215762,858.045,-62.65163334025001,9252.289999999999,unresolved,baseline::3df34ea39a6cbdbe15bb0f36::bias1_profiled_removal::sphere_still,bias1_profiled_removal,sphere_still,converged,19,668,2004,19.811858022922287,2.9150065872330293,136.0120448112884,248.55953022034566,8.241046389245598,283.33922495324725,1.0238658387866093,2,False,False,not_calibrated
baseline,3df34ea39a6cbdbe15bb0f36,ILVIS0_applanix_55128_Ames_510-24Oct09_24Oct09.013,8,11.134066119215762,858.045,-62.65163334025001,9252.289999999999,unresolved,baseline::3df34ea39a6cbdbe15bb0f36::bias1_profiled_removal::flat_still,bias1_profiled_removal,flat_still,converged,19,668,2004,8.94059187002636,1.312112443053771,15.700695948003128,129.6687777090349,10.665881612736618,130.61586337733542,1.0983041325579068,2,False,False,not_calibrated
baseline,233183f67270980491416678,ILVIS0_applanix_55128_Ames_610-24Oct09_24Oct09.013,21,11.099990928931705,858.12,-62.65890619708335,9252.337,unresolved,baseline::233183f67270980491416678::bias1_unsubtracted::sphere_rotating,bias1_unsubtracted,sphere_rotating,unresolved,4,666,1998,0.08309967419116367,0.021358525611032055,0.2010617394049462,0.1502013626568508,2.341305553063415,0.25097066042969507,0.9953353424433284,2,False,False,not_calibrated
baseline,233183f67270980491416678,ILVIS0_applanix_55128_Ames_610-24Oct09_24Oct09.013,21,11.099990928931705,858.12,-62.65890619708335,9252.337,unresolved,baseline::233183f67270980491416678::bias1_unsubtracted::sphere_still,bias1_unsubtracted,sphere_still,converged,18,666,1998,17.92703227645669,2.646939100984554,120.35292740866075,222.36418878118462,7.575086257205197,252.8451296508372,1.0000179846266588,2,False,False,not_calibrated
baseline,233183f67270980491416678,ILVIS0_applanix_55128_Ames_610-24Oct09_24Oct09.013,21,11.099990928931705,858.12,-62.65890619708335,9252.337,unresolved,baseline::233183f67270980491416678::bias1_unsubtracted::flat_still,bias1_unsubtracted,flat_still,unresolved,17,666,1998,8.6786044686104,1.2764214005839885,16.041282203702917,126.92629228538715,9.361723454425274,127.93594650470354,1.000208898080555,2,False,False,not_calibrated
baseline,233183f67270980491416678,ILVIS0_applanix_55128_Ames_610-24Oct09_24Oct09.013,21,11.099990928931705,858.12,-62.65890619708335,9252.337,unresolved,baseline::233183f67270980491416678::bias1_profiled_removal::sphere_rotating,bias1_profiled_removal,sphere_rotating,unresolved,5,666,1998,0.08309967409779749,0.021358516103832863,0.20106133501095377,0.15020168945569348,2.341307913746257,0.25097053203858727,0.9953356243843055,2,False,False,not_calibrated
baseline,233183f67270980491416678,ILVIS0_applanix_55128_Ames_610-24Oct09_24Oct09.013,21,11.099990928931705,858.12,-62.65890619708335,9252.337,unresolved,baseline::233183f67270980491416678::bias1_profiled_removal::sphere_still,bias1_profiled_removal,sphere_still,converged,19,666,1998,17.92703227704158,2.646938966835233,120.35295536994013,222.36417180031728,7.575130769228337,252.8451280264657,1.0000180564353747,2,False,False,not_calibrated
baseline,233183f67270980491416678,ILVIS0_applanix_55128_Ames_610-24Oct09_24Oct09.013,21,11.099990928931705,858.12,-62.65890619708335,9252.337,unresolved,baseline::233183f67270980491416678::bias1_profiled_removal::flat_still,bias1_profiled_removal,flat_still,unresolved,18,666,1998,8.678604468509159,1.2764214000856373,16.041281968319975,126.92629246336644,9.361718805428339,127.93594665176468,1.0002088961324274,2,False,False,not_calibrated
baseline,c16df82d514fc69d11d941d2,ILVIS0_applanix_55129_610-25Oct09_25Oct09.013,21,10.79999446964163,843.105,-63.70164814458332,9830.9575,unresolved,baseline::c16df82d514fc69d11d941d2::bias1_unsubtracted::sphere_rotating,bias1_unsubtracted,sphere_rotating,unresolved,2,648,1944,0.0468625795982907,0.007992241379013035,0.046674444521139793,0.17914966886725092,1.5553735968070688,0.18512997495436176,0.943761989990949,2,False,False,not_calibrated
baseline,c16df82d514fc69d11d941d2,ILVIS0_applanix_55129_610-25Oct09_25Oct09.013,21,10.79999446964163,843.105,-63.70164814458332,9830.9575,unresolved,baseline::c16df82d514fc69d11d941d2::bias1_unsubtracted::sphere_still,bias1_unsubtracted,sphere_still,converged,12,648,1944,0.9407591370343402,0.2022033693693402,4.426879228106446,3.6512432782121107,1.4230194667130178,5.738365374993949,0.9973693580741628,2,False,False,not_calibrated
baseline,c16df82d514fc69d11d941d2,ILVIS0_applanix_55129_610-25Oct09_25Oct09.013,21,10.79999446964163,843.105,-63.70164814458332,9830.9575,unresolved,baseline::c16df82d514fc69d11d941d2::bias1_unsubtracted::flat_still,bias1_unsubtracted,flat_still,converged,17,648,1944,4.148615822857788,0.6680835203728448,11.91314178805449,53.68495001270458,1.6140458773810538,54.9908792903776,1.00011030190966,2,False,False,not_calibrated
baseline,c16df82d514fc69d11d941d2,ILVIS0_applanix_55129_610-25Oct09_25Oct09.013,21,10.79999446964163,843.105,-63.70164814458332,9830.9575,unresolved,baseline::c16df82d514fc69d11d941d2::bias1_profiled_removal::sphere_rotating,bias1_profiled_removal,sphere_rotating,unresolved,3,648,1944,0.04667149428019192,0.007918797655759362,0.05343441408138439,0.16209201691295116,1.587778518431709,0.17067237197370083,0.9355922616963971,2,False,False,not_calibrated
baseline,c16df82d514fc69d11d941d2,ILVIS0_applanix_55129_610-25Oct09_25Oct09.013,21,10.79999446964163,843.105,-63.70164814458332,9830.9575,unresolved,baseline::c16df82d514fc69d11d941d2::bias1_profiled_removal::sphere_still,bias1_profiled_removal,sphere_still,converged,12,648,1944,0.9408532648611825,0.20224052049300392,4.424070108438274,3.6502011015188356,1.4114563913309506,5.735535232731673,0.9974307504471952,2,False,False,not_calibrated
baseline,c16df82d514fc69d11d941d2,ILVIS0_applanix_55129_610-25Oct09_25Oct09.013,21,10.79999446964163,843.105,-63.70164814458332,9830.9575,unresolved,baseline::c16df82d514fc69d11d941d2::bias1_profiled_removal::flat_still,bias1_profiled_removal,flat_still,converged,16,648,1944,1.5656241404329765,0.33602115393746423,7.359388942549643,6.287321739285184,0.6216677635433834,9.679412185717169,0.9998704753926315,2,False,False,not_calibrated
baseline,fad74da3a09951b31e882472,ILVIS0_applanix_55131_610-27Oct09_27Oct09.013,21,5.533331489630897,790.305,-63.24967154500001,9627.395,unresolved,baseline::fad74da3a09951b31e882472::bias1_unsubtracted::sphere_rotating,bias1_unsubtracted,sphere_rotating,unresolved,1,332,996,0.022782721502864894,0.008103550744113378,0.03041843572520445,0.037192995946564396,0.17916178770475066,0.04804789464117601,0.8921152225059454,1,False,False,not_calibrated
baseline,fad74da3a09951b31e882472,ILVIS0_applanix_55131_610-27Oct09_27Oct09.013,21,5.533331489630897,790.305,-63.24967154500001,9627.395,unresolved,baseline::fad74da3a09951b31e882472::bias1_unsubtracted::sphere_still,bias1_unsubtracted,sphere_still,unresolved,13,332,996,0.6050170649496445,0.13699504263673376,2.36369347816119,2.4158933365304054,0.2737184250144721,3.3798798014417253,1.0000826530736477,1,False,False,not_calibrated
baseline,fad74da3a09951b31e882472,ILVIS0_applanix_55131_610-27Oct09_27Oct09.013,21,5.533331489630897,790.305,-63.24967154500001,9627.395,unresolved,baseline::fad74da3a09951b31e882472::bias1_unsubtracted::flat_still,bias1_unsubtracted,flat_still,unresolved,14,332,996,1.0416473062111904,0.22889154165933095,1.311023261221603,6.711984882930432,0.6544102910405629,6.83882468412159,1.0004465329113206,1,False,False,not_calibrated
baseline,fad74da3a09951b31e882472,ILVIS0_applanix_55131_610-27Oct09_27Oct09.013,21,5.533331489630897,790.305,-63.24967154500001,9627.395,unresolved,baseline::fad74da3a09951b31e882472::bias1_profiled_removal::sphere_rotating,bias1_profiled_removal,sphere_rotating,unresolved,3,332,996,0.022493248889716818,0.008072800722709814,0.028418047104492285,0.032231707068072914,0.15635167106520567,0.042970552029910014,0.8905166986987594,1,False,False,not_calibrated
baseline,fad74da3a09951b31e882472,ILVIS0_applanix_55131_610-27Oct09_27Oct09.013,21,5.533331489630897,790.305,-63.24967154500001,9627.395,unresolved,baseline::fad74da3a09951b31e882472::bias1_profiled_removal::sphere_still,bias1_profiled_removal,sphere_still,unresolved,14,332,996,0.6049771049071796,0.13700380403227372,2.3581348216629108,2.4150435709879643,0.2761341008771971,3.3753866870196467,1.0000753443073394,1,False,False,not_calibrated
baseline,fad74da3a09951b31e882472,ILVIS0_applanix_55131_610-27Oct09_27Oct09.013,21,5.533331489630897,790.305,-63.24967154500001,9627.395,unresolved,baseline::fad74da3a09951b31e882472::bias1_profiled_removal::flat_still,bias1_profiled_removal,flat_still,unresolved,10,332,996,0.9846112911806294,0.2229904180312904,1.401496857172919,5.147316560402934,0.16115494449254963,5.334703479450742,1.000089950254025,1,False,False,not_calibrated
baseline,0e73879f98c3b701fd7c42df,ILVIS0_applanix_55133_610-29Oct09_29Oct09.013,21,11.149990011023085,837.66,-63.959836195499996,9753.579,unresolved,baseline::0e73879f98c3b701fd7c42df::bias1_unsubtracted::sphere_rotating,bias1_unsubtracted,sphere_rotating,unresolved,2,669,2007,0.04789592448259567,0.007898182904522764,0.06815379483371374,0.14793473773854998,1.6965402658382442,0.16287917724500425,0.9705145902870997,2,False,False,not_calibrated
baseline,0e73879f98c3b701fd7c42df,ILVIS0_applanix_55133_610-29Oct09_29Oct09.013,21,11.149990011023085,837.66,-63.959836195499996,9753.579,unresolved,baseline::0e73879f98c3b701fd7c42df::bias1_unsubtracted::sphere_still,bias1_unsubtracted,sphere_still,unresolved,10,669,2007,0.9284572676052862,0.19576369506394706,3.8044220955497314,5.098178996781967,1.224168339673918,6.361215022645894,1.000765121775912,2,False,False,not_calibrated
baseline,0e73879f98c3b701fd7c42df,ILVIS0_applanix_55133_610-29Oct09_29Oct09.013,21,11.149990011023085,837.66,-63.959836195499996,9753.579,unresolved,baseline::0e73879f98c3b701fd7c42df::bias1_unsubtracted::flat_still,bias1_unsubtracted,flat_still,converged,17,669,2007,4.8478399467157605,0.7443475900898707,12.080334115486822,67.5910051885413,1.2360809827586634,68.66205979097344,1.0001716224539257,2,False,False,not_calibrated
baseline,0e73879f98c3b701fd7c42df,ILVIS0_applanix_55133_610-29Oct09_29Oct09.013,21,11.149990011023085,837.66,-63.959836195499996,9753.579,unresolved,baseline::0e73879f98c3b701fd7c42df::bias1_profiled_removal::sphere_rotating,bias1_profiled_removal,sphere_rotating,unresolved,1,669,2007,0.04585286409081667,0.007667556846098148,0.0768857224798579,0.13048066299001057,1.6178191262375468,0.15144839958072334,0.9693747657858002,2,False,False,not_calibrated
baseline,0e73879f98c3b701fd7c42df,ILVIS0_applanix_55133_610-29Oct09_29Oct09.013,21,11.149990011023085,837.66,-63.959836195499996,9753.579,unresolved,baseline::0e73879f98c3b701fd7c42df::bias1_profiled_removal::sphere_still,bias1_profiled_removal,sphere_still,unresolved,10,669,2007,0.9234320723988015,0.1951453686163557,3.9091789523655747,4.882846835829516,1.1642588594214578,6.254907937275203,1.001051823784161,2,False,False,not_calibrated
baseline,0e73879f98c3b701fd7c42df,ILVIS0_applanix_55133_610-29Oct09_29Oct09.013,21,11.149990011023085,837.66,-63.959836195499996,9753.579,unresolved,baseline::0e73879f98c3b701fd7c42df::bias1_profiled_removal::flat_still,bias1_profiled_removal,flat_still,converged,15,669,2007,1.676622182684536,0.34225636855418623,10.88705346532232,7.780318572297566,1.112321265913865,13.381378488153796,1.0003936155654334,2,False,False,not_calibrated
baseline,fd7b81e48a4122b149c4925b,ILVIS0_applanix_55140_610-05Nov09_05Nov09.013,21,5.8999951106690185,737.0799999999999,-61.56500533158333,10097.292,unresolved,baseline::fd7b81e48a4122b149c4925b::bias1_unsubtracted::sphere_rotating,bias1_unsubtracted,sphere_rotating,unresolved,1,354,1062,0.038713392870162136,0.014819621859356712,0.03300003295286976,0.029979505995424413,0.09015728827684617,0.04458444745222462,2.4354481046919476,1,False,False,not_calibrated
baseline,fd7b81e48a4122b149c4925b,ILVIS0_applanix_55140_610-05Nov09_05Nov09.013,21,5.8999951106690185,737.0799999999999,-61.56500533158333,10097.292,unresolved,baseline::fd7b81e48a4122b149c4925b::bias1_unsubtracted::sphere_still,bias1_unsubtracted,sphere_still,converged,15,354,1062,1.2143811583627395,0.24432784529534135,7.582750972714956,6.737962449371969,3.430974244873566,10.143877477737806,1.002934626177497,1,False,False,not_calibrated
baseline,fd7b81e48a4122b149c4925b,ILVIS0_applanix_55140_610-05Nov09_05Nov09.013,21,5.8999951106690185,737.0799999999999,-61.56500533158333,10097.292,unresolved,baseline::fd7b81e48a4122b149c4925b::bias1_unsubtracted::flat_still,bias1_unsubtracted,flat_still,converged,15,354,1062,2.8239666195817383,0.5415024612999986,1.250090990653877,26.81331039268834,4.4010364791666206,26.84243546512802,1.0005654815583729,1,False,False,not_calibrated
baseline,fd7b81e48a4122b149c4925b,ILVIS0_applanix_55140_610-05Nov09_05Nov09.013,21,5.8999951106690185,737.0799999999999,-61.56500533158333,10097.292,unresolved,baseline::fd7b81e48a4122b149c4925b::bias1_profiled_removal::sphere_rotating,bias1_profiled_removal,sphere_rotating,unresolved,1,354,1062,0.038709755081727845,0.014820145371457122,0.03297147164753033,0.029043732997555152,0.08975907817831337,0.04393923496190131,2.444491607329268,1,False,False,not_calibrated
baseline,fd7b81e48a4122b149c4925b,ILVIS0_applanix_55140_610-05Nov09_05Nov09.013,21,5.8999951106690185,737.0799999999999,-61.56500533158333,10097.292,unresolved,baseline::fd7b81e48a4122b149c4925b::bias1_profiled_removal::sphere_still,bias1_profiled_removal,sphere_still,converged,16,354,1062,1.2143522837004668,0.24433701047321427,7.581333398836247,6.736955841195726,3.432837578183499,10.14214918597292,1.0029376686463867,1,False,False,not_calibrated
baseline,fd7b81e48a4122b149c4925b,ILVIS0_applanix_55140_610-05Nov09_05Nov09.013,21,5.8999951106690185,737.0799999999999,-61.56500533158333,10097.292,unresolved,baseline::fd7b81e48a4122b149c4925b::bias1_profiled_removal::flat_still,bias1_profiled_removal,flat_still,converged,16,354,1062,2.823966619428834,0.541502481452731,1.250094496918458,26.81331002067967,4.401021452137041,26.84243525681503,1.0005655698677434,1,False,False,not_calibrated
baseline,7024120d59221e8eaf127084,ILVIS0_applanix_55277_20100322_610_AMES_08Dec09.013,21,7.26667667642032,820.7199999999999,42.28429603991667,10340.7985,globe,baseline::7024120d59221e8eaf127084::bias1_unsubtracted::sphere_rotating,bias1_unsubtracted,sphere_rotating,converged,2,436,1308,0.02344368706899407,0.007941534517763086,0.06456428216293215,0.046351142058672544,0.24663863842688966,0.07947939922620177,2.6026749003912304,1,False,False,not_calibrated
baseline,7024120d59221e8eaf127084,ILVIS0_applanix_55277_20100322_610_AMES_08Dec09.013,21,7.26667667642032,820.7199999999999,42.28429603991667,10340.7985,globe,baseline::7024120d59221e8eaf127084::bias1_unsubtracted::sphere_still,bias1_unsubtracted,sphere_still,converged,16,436,1308,7.339207109953172,1.3256881740517195,62.913545796063595,46.68005691739902,4.832346713620847,78.33991293360623,0.9999040018425325,1,False,False,not_calibrated
baseline,7024120d59221e8eaf127084,ILVIS0_applanix_55277_20100322_610_AMES_08Dec09.013,21,7.26667667642032,820.7199999999999,42.28429603991667,10340.7985,globe,baseline::7024120d59221e8eaf127084::bias1_unsubtracted::flat_still,bias1_unsubtracted,flat_still,converged,15,436,1308,14.830359945213315,2.577363418677943,51.42945636449446,164.28331993633955,6.815654251044531,172.14528222188704,0.9999510923941328,1,False,False,not_calibrated
baseline,7024120d59221e8eaf127084,ILVIS0_applanix_55277_20100322_610_AMES_08Dec09.013,21,7.26667667642032,820.7199999999999,42.28429603991667,10340.7985,globe,baseline::7024120d59221e8eaf127084::bias1_profiled_removal::sphere_rotating,bias1_profiled_removal,sphere_rotating,converged,2,436,1308,0.02350035783320459,0.007948938710663161,0.06489756099416116,0.04675366034348973,0.24809264059529232,0.07998498720700825,2.5966440855588933,1,False,False,not_calibrated
baseline,7024120d59221e8eaf127084,ILVIS0_applanix_55277_20100322_610_AMES_08Dec09.013,21,7.26667667642032,820.7199999999999,42.28429603991667,10340.7985,globe,baseline::7024120d59221e8eaf127084::bias1_profiled_removal::sphere_still,bias1_profiled_removal,sphere_still,converged,17,436,1308,7.339207110169743,1.3256887848214878,62.91351498145541,46.679846954133765,4.8324684917700536,78.33976307714471,0.99990423730856,1,False,False,not_calibrated
baseline,7024120d59221e8eaf127084,ILVIS0_applanix_55277_20100322_610_AMES_08Dec09.013,21,7.26667667642032,820.7199999999999,42.28429603991667,10340.7985,globe,baseline::7024120d59221e8eaf127084::bias1_profiled_removal::flat_still,bias1_profiled_removal,flat_still,converged,16,436,1308,14.83036944636791,2.577203465711034,51.46778670354259,164.34905464041276,6.809126281000078,172.2194670452755,0.9999505605028983,1,False,False,not_calibrated
baseline,b4ab6e128de963c2ce69aa51,ILVIS0_applanix_55284_20100329_610_AMES_29Mar100329_103936.013,21,6.883338008954403,863.24,75.28127967483333,11019.2,unresolved,baseline::b4ab6e128de963c2ce69aa51::bias1_unsubtracted::sphere_rotating,bias1_unsubtracted,sphere_rotating,converged,2,413,1239,0.013373880344999442,0.0034479588775789796,0.021375223929338046,0.028096224341557095,0.29053606125880455,0.03530294633993672,1.5405104683687951,1,False,False,not_calibrated
baseline,b4ab6e128de963c2ce69aa51,ILVIS0_applanix_55284_20100329_610_AMES_29Mar100329_103936.013,21,6.883338008954403,863.24,75.28127967483333,11019.2,unresolved,baseline::b4ab6e128de963c2ce69aa51::bias1_unsubtracted::sphere_still,bias1_unsubtracted,sphere_still,unresolved,9,413,1239,0.46792919899056923,0.10120302727434637,1.6935825051775302,2.0814847283832965,0.14494026117279987,2.6834307101798407,1.0067134675144889,1,False,False,not_calibrated
baseline,b4ab6e128de963c2ce69aa51,ILVIS0_applanix_55284_20100329_610_AMES_29Mar100329_103936.013,21,6.883338008954403,863.24,75.28127967483333,11019.2,unresolved,baseline::b4ab6e128de963c2ce69aa51::bias1_unsubtracted::flat_still,bias1_unsubtracted,flat_still,converged,16,413,1239,5.305573936172972,0.9910305853983811,6.392131963538424,52.050933655976664,0.7565824761542839,52.44195882590746,0.9999754293593704,1,False,False,not_calibrated
baseline,b4ab6e128de963c2ce69aa51,ILVIS0_applanix_55284_20100329_610_AMES_29Mar100329_103936.013,21,6.883338008954403,863.24,75.28127967483333,11019.2,unresolved,baseline::b4ab6e128de963c2ce69aa51::bias1_profiled_removal::sphere_rotating,bias1_profiled_removal,sphere_rotating,converged,2,413,1239,0.013380706193498331,0.0034459943700841044,0.021394789497798297,0.027965308227258085,0.2920582895873739,0.03521072964169657,1.5373081059751401,1,False,False,not_calibrated
baseline,b4ab6e128de963c2ce69aa51,ILVIS0_applanix_55284_20100329_610_AMES_29Mar100329_103936.013,21,6.883338008954403,863.24,75.28127967483333,11019.2,unresolved,baseline::b4ab6e128de963c2ce69aa51::bias1_profiled_removal::sphere_still,bias1_profiled_removal,sphere_still,unresolved,10,413,1239,0.4588621470923638,0.09941000085496543,1.6714516785514173,2.0015762622135456,0.1269976055722915,2.6076921304458276,1.0027658161006108,1,False,False,not_calibrated
baseline,b4ab6e128de963c2ce69aa51,ILVIS0_applanix_55284_20100329_610_AMES_29Mar100329_103936.013,21,6.883338008954403,863.24,75.28127967483333,11019.2,unresolved,baseline::b4ab6e128de963c2ce69aa51::bias1_profiled_removal::flat_still,bias1_profiled_removal,flat_still,converged,16,413,1239,2.0757893903124462,0.4495857754427077,8.274171599869273,8.667524049123099,0.5614931774968941,11.982816397083388,1.0003443586569924,1,False,False,not_calibrated
baseline,7df21c836bec5751f83c0cce,ILVIS0_applanix_55295_20100409_610_LVIS_09Apr10.013,21,4.066670403933191,841.7449999999999,71.89235822750001,10160.155999999999,unresolved,baseline::7df21c836bec5751f83c0cce::bias1_unsubtracted::sphere_rotating,bias1_unsubtracted,sphere_rotating,unresolved,3,244,732,0.014809422259062285,0.005016094643290496,0.008710427409733604,0.013048703627520447,0.1689891982467253,0.015688856300543508,1.3536227443981714,1,False,False,not_calibrated
baseline,7df21c836bec5751f83c0cce,ILVIS0_applanix_55295_20100409_610_LVIS_09Apr10.013,21,4.066670403933191,841.7449999999999,71.89235822750001,10160.155999999999,unresolved,baseline::7df21c836bec5751f83c0cce::bias1_unsubtracted::sphere_still,bias1_unsubtracted,sphere_still,unresolved,11,244,732,1.0409597582381438,0.21523202985537293,1.676582491147878,8.030239868831826,0.34741304754538743,8.203394492562198,1.0002631979347902,1,False,False,not_calibrated
baseline,7df21c836bec5751f83c0cce,ILVIS0_applanix_55295_20100409_610_LVIS_09Apr10.013,21,4.066670403933191,841.7449999999999,71.89235822750001,10160.155999999999,unresolved,baseline::7df21c836bec5751f83c0cce::bias1_unsubtracted::flat_still,bias1_unsubtracted,flat_still,unresolved,13,244,732,2.5647716505557008,0.5317996845475299,7.493233595455387,18.284098638259653,0.31639344623714855,19.759980079182007,1.000046459703829,1,False,False,not_calibrated
baseline,7df21c836bec5751f83c0cce,ILVIS0_applanix_55295_20100409_610_LVIS_09Apr10.013,21,4.066670403933191,841.7449999999999,71.89235822750001,10160.155999999999,unresolved,baseline::7df21c836bec5751f83c0cce::bias1_profiled_removal::sphere_rotating,bias1_profiled_removal,sphere_rotating,unresolved,3,244,732,0.014811136632221085,0.005015949472271832,0.008735441719085574,0.013066554218090134,0.1693008197439558,0.01571759463664303,1.3527791606147517,1,False,False,not_calibrated
baseline,7df21c836bec5751f83c0cce,ILVIS0_applanix_55295_20100409_610_LVIS_09Apr10.013,21,4.066670403933191,841.7449999999999,71.89235822750001,10160.155999999999,unresolved,baseline::7df21c836bec5751f83c0cce::bias1_profiled_removal::sphere_still,bias1_profiled_removal,sphere_still,unresolved,12,244,732,1.0408463397005865,0.21520466159469692,1.677098187583747,8.03026831832793,0.35146713753821235,8.203527753054656,1.0002545814691106,1,False,False,not_calibrated
baseline,7df21c836bec5751f83c0cce,ILVIS0_applanix_55295_20100409_610_LVIS_09Apr10.013,21,4.066670403933191,841.7449999999999,71.89235822750001,10160.155999999999,unresolved,baseline::7df21c836bec5751f83c0cce::bias1_profiled_removal::flat_still,bias1_profiled_removal,flat_still,unresolved,12,244,732,1.6028692752707658,0.3495381198148638,3.6092281753985396,8.685260527079453,0.25065349619053545,9.405332447358527,1.0002322432130417,1,False,False,not_calibrated
baseline,bb8061a43b4f14b6262ceda1,ILVIS0_applanix_55300_20100414_Ames610_14Apr10.013,21,6.3999866651177095,794.36,72.58590707741668,7242.690500000001,unresolved,baseline::bb8061a43b4f14b6262ceda1::bias1_unsubtracted::sphere_rotating,bias1_unsubtracted,sphere_rotating,unresolved,2,384,1152,0.02303077404042096,0.008303465119111111,0.030560672591825107,0.02387702749281189,0.2280725164750358,0.03878230461379552,3.291544150222626,1,False,False,not_calibrated
baseline,bb8061a43b4f14b6262ceda1,ILVIS0_applanix_55300_20100414_Ames610_14Apr10.013,21,6.3999866651177095,794.36,72.58590707741668,7242.690500000001,unresolved,baseline::bb8061a43b4f14b6262ceda1::bias1_unsubtracted::sphere_still,bias1_unsubtracted,sphere_still,unresolved,11,384,1152,0.26523908930519385,0.06039821182984789,0.8519646695112899,0.572072950198822,0.18247026494979887,1.02621209233017,1.2181993037404912,1,False,False,not_calibrated
baseline,bb8061a43b4f14b6262ceda1,ILVIS0_applanix_55300_20100414_Ames610_14Apr10.013,21,6.3999866651177095,794.36,72.58590707741668,7242.690500000001,unresolved,baseline::bb8061a43b4f14b6262ceda1::bias1_unsubtracted::flat_still,bias1_unsubtracted,flat_still,unresolved,15,384,1152,4.7271835566708225,0.8657765334299244,48.252657926459435,5.904017380249523,0.6999326320315616,48.612512979624874,1.000122124640805,1,False,False,not_calibrated
baseline,bb8061a43b4f14b6262ceda1,ILVIS0_applanix_55300_20100414_Ames610_14Apr10.013,21,6.3999866651177095,794.36,72.58590707741668,7242.690500000001,unresolved,baseline::bb8061a43b4f14b6262ceda1::bias1_profiled_removal::sphere_rotating,bias1_profiled_removal,sphere_rotating,unresolved,3,384,1152,0.023104934629824592,0.008307535592910984,0.030832005138511063,0.02411056332333249,0.2381641793303337,0.03913990041670518,3.2136599961385386,1,False,False,not_calibrated
baseline,bb8061a43b4f14b6262ceda1,ILVIS0_applanix_55300_20100414_Ames610_14Apr10.013,21,6.3999866651177095,794.36,72.58590707741668,7242.690500000001,unresolved,baseline::bb8061a43b4f14b6262ceda1::bias1_profiled_removal::sphere_still,bias1_profiled_removal,sphere_still,unresolved,12,384,1152,0.26514854214234934,0.06036183175322781,0.8564082127117051,0.5744558562100855,0.1811384526095278,1.0312296337548295,1.211090408275631,1,False,False,not_calibrated
baseline,bb8061a43b4f14b6262ceda1,ILVIS0_applanix_55300_20100414_Ames610_14Apr10.013,21,6.3999866651177095,794.36,72.58590707741668,7242.690500000001,unresolved,baseline::bb8061a43b4f14b6262ceda1::bias1_profiled_removal::flat_still,bias1_profiled_removal,flat_still,unresolved,12,384,1152,1.552773148690411,0.3164683568846573,10.659581244101714,12.53765839380473,0.30882191514205753,16.4565959511482,1.0016170697186504,1,False,False,not_calibrated
baseline,48c1bfe2f1aeb31c9386841d,ILVIS0_applanix_55842_610_LVIS.013,21,7.1,904.53,-61.415385836833345,11812.993,unresolved,baseline::48c1bfe2f1aeb31c9386841d::bias1_unsubtracted::sphere_rotating,bias1_unsubtracted,sphere_rotating,converged,2,427,1281,0.018613262921579183,0.004451946656584262,0.015354394559293365,0.013912253376033223,0.4457736660160105,0.02071975449375319,17.28758214765431,1,False,False,not_calibrated
baseline,48c1bfe2f1aeb31c9386841d,ILVIS0_applanix_55842_610_LVIS.013,21,7.1,904.53,-61.415385836833345,11812.993,unresolved,baseline::48c1bfe2f1aeb31c9386841d::bias1_unsubtracted::sphere_still,bias1_unsubtracted,sphere_still,converged,14,427,1281,2.5919508661013078,0.5193081403194723,15.309685642161739,16.180217524186553,2.225090760295357,22.27523094362451,1.058252178985212,1,False,False,not_calibrated
baseline,48c1bfe2f1aeb31c9386841d,ILVIS0_applanix_55842_610_LVIS.013,21,7.1,904.53,-61.415385836833345,11812.993,unresolved,baseline::48c1bfe2f1aeb31c9386841d::bias1_unsubtracted::flat_still,bias1_unsubtracted,flat_still,unresolved,16,427,1281,6.227520354408915,1.2674059665699686,48.91376933378186,11.755046293347636,0.7377668880475892,50.30644038090118,1.0096229359635789,1,False,False,not_calibrated
baseline,48c1bfe2f1aeb31c9386841d,ILVIS0_applanix_55842_610_LVIS.013,21,7.1,904.53,-61.415385836833345,11812.993,unresolved,baseline::48c1bfe2f1aeb31c9386841d::bias1_profiled_removal::sphere_rotating,bias1_profiled_removal,sphere_rotating,unresolved,3,427,1281,0.018613262901208984,0.0044519550750357195,0.015354498758821538,0.013912434341290069,0.4457717924605763,0.020719953219912428,17.287602789867105,1,False,False,not_calibrated
baseline,48c1bfe2f1aeb31c9386841d,ILVIS0_applanix_55842_610_LVIS.013,21,7.1,904.53,-61.415385836833345,11812.993,unresolved,baseline::48c1bfe2f1aeb31c9386841d::bias1_profiled_removal::sphere_still,bias1_profiled_removal,sphere_still,unresolved,15,427,1281,2.5919508650605754,0.5193081125466821,15.30970087193804,16.180208476527447,2.2250995104587763,22.27523483898904,1.0582524369626751,1,False,False,not_calibrated
baseline,48c1bfe2f1aeb31c9386841d,ILVIS0_applanix_55842_610_LVIS.013,21,7.1,904.53,-61.415385836833345,11812.993,unresolved,baseline::48c1bfe2f1aeb31c9386841d::bias1_profiled_removal::flat_still,bias1_profiled_removal,flat_still,unresolved,15,427,1281,6.107404227783345,1.2417405257976897,48.7058199297394,10.512866770531412,1.175832594901728,49.82747497880204,1.0106021779491203,1,False,False,not_calibrated
baseline,8bf60391909fe8988c23621a,ILVIS0_applanix_55844_610_LVIS.013,21,6.279522308732461,796.38,-57.067193257666666,11933.523,unresolved,baseline::8bf60391909fe8988c23621a::bias1_unsubtracted::sphere_rotating,bias1_unsubtracted,sphere_rotating,unresolved,1,377,1131,0.014332846868735212,0.00433247700089474,0.02405001232964628,0.020563597257955982,0.29169073332375517,0.03164276576476135,20.05097075345458,1,False,False,not_calibrated
baseline,8bf60391909fe8988c23621a,ILVIS0_applanix_55844_610_LVIS.013,21,6.279522308732461,796.38,-57.067193257666666,11933.523,unresolved,baseline::8bf60391909fe8988c23621a::bias1_unsubtracted::sphere_still,bias1_unsubtracted,sphere_still,converged,14,377,1131,1.5449119476053739,0.30111963093950533,11.687789046812902,9.034230264004947,0.6032101008841562,14.77232985232399,1.084547169841288,1,False,False,not_calibrated
baseline,8bf60391909fe8988c23621a,ILVIS0_applanix_55844_610_LVIS.013,21,6.279522308732461,796.38,-57.067193257666666,11933.523,unresolved,baseline::8bf60391909fe8988c23621a::bias1_unsubtracted::flat_still,bias1_unsubtracted,flat_still,converged,15,377,1131,3.4301567934229285,0.6649010455170518,29.278945249092615,15.164526054862982,0.5616844564055024,32.97301146950307,1.0170049810218267,1,False,False,not_calibrated
baseline,8bf60391909fe8988c23621a,ILVIS0_applanix_55844_610_LVIS.013,21,6.279522308732461,796.38,-57.067193257666666,11933.523,unresolved,baseline::8bf60391909fe8988c23621a::bias1_profiled_removal::sphere_rotating,bias1_profiled_removal,sphere_rotating,unresolved,1,377,1131,0.014166428615045364,0.004316593060524104,0.019962908349682448,0.020277596857605513,0.28800135058410115,0.028455204165449142,20.24352101683092,1,False,False,not_calibrated
baseline,8bf60391909fe8988c23621a,ILVIS0_applanix_55844_610_LVIS.013,21,6.279522308732461,796.38,-57.067193257666666,11933.523,unresolved,baseline::8bf60391909fe8988c23621a::bias1_profiled_removal::sphere_still,bias1_profiled_removal,sphere_still,converged,15,377,1131,1.544911947810239,0.30111963106095724,11.687789014169716,9.034230294680688,0.6032101018395385,14.772329845257065,1.0845471706711656,1,False,False,not_calibrated
baseline,8bf60391909fe8988c23621a,ILVIS0_applanix_55844_610_LVIS.013,21,6.279522308732461,796.38,-57.067193257666666,11933.523,unresolved,baseline::8bf60391909fe8988c23621a::bias1_profiled_removal::flat_still,bias1_profiled_removal,flat_still,unresolved,14,377,1131,3.1579192851403,0.6234334025842063,28.974434374117234,3.4958738514880863,0.7400970339974808,29.184567519247985,1.0216460637256846,1,False,False,not_calibrated
baseline,2791235ca0b11b1ef4386e21,ILVIS0_applanix_55846_610_LVIS.013,21,7.366666666666666,822.45,-56.658204033833336,12079.526,unresolved,baseline::2791235ca0b11b1ef4386e21::bias1_unsubtracted::sphere_rotating,bias1_unsubtracted,sphere_rotating,unresolved,2,443,1329,0.04290085283506019,0.01120146088175631,0.056938617502007606,0.022965574155008772,1.1603244652903282,0.061395633063835525,7.385119024085929,1,False,False,not_calibrated
baseline,2791235ca0b11b1ef4386e21,ILVIS0_applanix_55846_610_LVIS.013,21,7.366666666666666,822.45,-56.658204033833336,12079.526,unresolved,baseline::2791235ca0b11b1ef4386e21::bias1_unsubtracted::sphere_still,bias1_unsubtracted,sphere_still,converged,16,443,1329,4.503577857957837,0.8379273075392017,36.15702971126414,26.997829022058973,1.6030805764741443,45.12442320346674,1.018768680102812,1,False,False,not_calibrated
baseline,2791235ca0b11b1ef4386e21,ILVIS0_applanix_55846_610_LVIS.013,21,7.366666666666666,822.45,-56.658204033833336,12079.526,unresolved,baseline::2791235ca0b11b1ef4386e21::bias1_unsubtracted::flat_still,bias1_unsubtracted,flat_still,converged,17,443,1329,2.9190971225773197,0.5100501748441394,3.163173606937846,33.169103336919044,2.173238924107402,33.31959008515624,1.029735053811545,1,False,False,not_calibrated
baseline,2791235ca0b11b1ef4386e21,ILVIS0_applanix_55846_610_LVIS.013,21,7.366666666666666,822.45,-56.658204033833336,12079.526,unresolved,baseline::2791235ca0b11b1ef4386e21::bias1_profiled_removal::sphere_rotating,bias1_profiled_removal,sphere_rotating,unresolved,3,443,1329,0.042911937378968715,0.011202715014749669,0.05700064109635149,0.02341796790296976,1.1609946408247138,0.06162365054181386,7.4152343672631265,1,False,False,not_calibrated
baseline,2791235ca0b11b1ef4386e21,ILVIS0_applanix_55846_610_LVIS.013,21,7.366666666666666,822.45,-56.658204033833336,12079.526,unresolved,baseline::2791235ca0b11b1ef4386e21::bias1_profiled_removal::sphere_still,bias1_profiled_removal,sphere_still,converged,17,443,1329,4.503577857879297,0.8379273075328707,36.15702974459769,26.997828992002468,1.6030805831166481,45.12442321219332,1.0187686799053066,1,False,False,not_calibrated
baseline,2791235ca0b11b1ef4386e21,ILVIS0_applanix_55846_610_LVIS.013,21,7.366666666666666,822.45,-56.658204033833336,12079.526,unresolved,baseline::2791235ca0b11b1ef4386e21::bias1_profiled_removal::flat_still,bias1_profiled_removal,flat_still,converged,18,443,1329,2.919097122613261,0.5100501748487158,3.1631736002283026,33.16910333868028,2.173238924159003,33.31959008627256,1.0297350538418433,1,False,False,not_calibrated
baseline,2f7e37c48f3b4423c55662dd,ILVIS0_applanix_57289_610_DMS_24Sept15DMS.013,21,9.416128783317012,755.57,-60.913928581666674,11787.484,globe,baseline::2f7e37c48f3b4423c55662dd::bias1_unsubtracted::sphere_rotating,bias1_unsubtracted,sphere_rotating,converged,3,565,1695,0.04339699688548334,0.011392764472131375,0.07399013728270977,0.09006671078536098,0.7652407292177648,0.11656136927304903,3.2843565656370477,1,False,False,not_calibrated
baseline,2f7e37c48f3b4423c55662dd,ILVIS0_applanix_57289_610_DMS_24Sept15DMS.013,21,9.416128783317012,755.57,-60.913928581666674,11787.484,globe,baseline::2f7e37c48f3b4423c55662dd::bias1_unsubtracted::sphere_still,bias1_unsubtracted,sphere_still,converged,15,565,1695,2.8578093755172853,0.5335628858975612,23.645999233575004,18.579310289867713,1.6437689051866224,30.07198115524506,1.0032216960075018,1,False,False,not_calibrated
baseline,2f7e37c48f3b4423c55662dd,ILVIS0_applanix_57289_610_DMS_24Sept15DMS.013,21,9.416128783317012,755.57,-60.913928581666674,11787.484,globe,baseline::2f7e37c48f3b4423c55662dd::bias1_unsubtracted::flat_still,bias1_unsubtracted,flat_still,converged,16,565,1695,6.896693253927803,1.2826116895804986,67.01647022879713,26.180268832141216,0.8955863978588972,71.94868836921516,1.0002328312311413,1,False,False,not_calibrated
baseline,2f7e37c48f3b4423c55662dd,ILVIS0_applanix_57289_610_DMS_24Sept15DMS.013,21,9.416128783317012,755.57,-60.913928581666674,11787.484,globe,baseline::2f7e37c48f3b4423c55662dd::bias1_profiled_removal::sphere_rotating,bias1_profiled_removal,sphere_rotating,converged,3,565,1695,0.04338909332740488,0.011387469182756585,0.07299409202995044,0.0911988723697988,0.7663100284018727,0.11681340587792022,3.2825762988454135,1,False,False,not_calibrated
baseline,2f7e37c48f3b4423c55662dd,ILVIS0_applanix_57289_610_DMS_24Sept15DMS.013,21,9.416128783317012,755.57,-60.913928581666674,11787.484,globe,baseline::2f7e37c48f3b4423c55662dd::bias1_profiled_removal::sphere_still,bias1_profiled_removal,sphere_still,converged,16,565,1695,2.857809375560542,0.5335628859144085,23.645999232855846,18.57931028981038,1.6437689046209607,30.071981154644153,1.0032216960087228,1,False,False,not_calibrated
baseline,2f7e37c48f3b4423c55662dd,ILVIS0_applanix_57289_610_DMS_24Sept15DMS.013,21,9.416128783317012,755.57,-60.913928581666674,11787.484,globe,baseline::2f7e37c48f3b4423c55662dd::bias1_profiled_removal::flat_still,bias1_profiled_removal,flat_still,converged,16,565,1695,6.532876284700708,1.2235669929643604,66.98415615454796,12.510356809715065,0.8599733901164457,68.14239651819746,1.0004373551392103,1,False,False,not_calibrated
baseline,d9d91c8edba5721931856fc9,ILVIS0_applanix_57289_610_LVIS_38614965.013,21,7.316666666666666,793.6099999999999,-57.39373060608333,11939.0895,unresolved,baseline::d9d91c8edba5721931856fc9::bias1_unsubtracted::sphere_rotating,bias1_unsubtracted,sphere_rotating,unresolved,2,440,1320,0.06520917932557269,0.024065033521892862,0.07217953536815097,0.04389620300392374,0.5615735535968699,0.08447935821325728,16.404599070663192,1,False,False,not_calibrated
baseline,d9d91c8edba5721931856fc9,ILVIS0_applanix_57289_610_LVIS_38614965.013,21,7.316666666666666,793.6099999999999,-57.39373060608333,11939.0895,unresolved,baseline::d9d91c8edba5721931856fc9::bias1_unsubtracted::sphere_still,bias1_unsubtracted,sphere_still,converged,14,440,1320,2.6580733884060757,0.5013688903825171,22.21198174293368,15.56753083277325,0.9149711098773995,27.12416172304252,1.0573712797924204,1,False,False,not_calibrated
baseline,d9d91c8edba5721931856fc9,ILVIS0_applanix_57289_610_LVIS_38614965.013,21,7.316666666666666,793.6099999999999,-57.39373060608333,11939.0895,unresolved,baseline::d9d91c8edba5721931856fc9::bias1_unsubtracted::flat_still,bias1_unsubtracted,flat_still,converged,12,440,1320,5.547648932545228,1.0356079277711676,51.8733373669858,24.91371317966657,0.8169628674583218,57.545948892930916,1.0131846339318828,1,False,False,not_calibrated
baseline,d9d91c8edba5721931856fc9,ILVIS0_applanix_57289_610_LVIS_38614965.013,21,7.316666666666666,793.6099999999999,-57.39373060608333,11939.0895,unresolved,baseline::d9d91c8edba5721931856fc9::bias1_profiled_removal::sphere_rotating,bias1_profiled_removal,sphere_rotating,unresolved,3,440,1320,0.06512392254062033,0.024060035920694285,0.0707175741675015,0.04373992958702221,0.5502377174554128,0.08315140850529074,16.7157907252287,1,False,False,not_calibrated
baseline,d9d91c8edba5721931856fc9,ILVIS0_applanix_57289_610_LVIS_38614965.013,21,7.316666666666666,793.6099999999999,-57.39373060608333,11939.0895,unresolved,baseline::d9d91c8edba5721931856fc9::bias1_profiled_removal::sphere_still,bias1_profiled_removal,sphere_still,converged,15,440,1320,2.658073388121769,0.5013689180083413,22.21198155011005,15.567530943735829,0.914973541233886,27.12416162882462,1.0573713262234457,1,False,False,not_calibrated
baseline,d9d91c8edba5721931856fc9,ILVIS0_applanix_57289_610_LVIS_38614965.013,21,7.316666666666666,793.6099999999999,-57.39373060608333,11939.0895,unresolved,baseline::d9d91c8edba5721931856fc9::bias1_profiled_removal::flat_still,bias1_profiled_removal,flat_still,converged,15,440,1320,5.05659426975848,0.9523742537209579,51.892610439976245,6.2525673772114025,1.182346426811588,52.26794062407376,1.0178272446919792,1,False,False,not_calibrated
baseline,da346f70a6661ee42cecea19,ILVIS0_applanix_57289_610_loaner_24Sept15LVIS.013,21,9.083333333333334,784.845,-59.55118999725,11853.828000000001,unresolved,baseline::da346f70a6661ee42cecea19::bias1_unsubtracted::sphere_rotating,bias1_unsubtracted,sphere_rotating,unresolved,1,546,1638,0.035915226823644134,0.008247144766640188,0.06088764874105308,0.04778763110423281,1.0406138841101653,0.07740131430258856,3.1043315182793063,1,False,False,not_calibrated
baseline,da346f70a6661ee42cecea19,ILVIS0_applanix_57289_610_loaner_24Sept15LVIS.013,21,9.083333333333334,784.845,-59.55118999725,11853.828000000001,unresolved,baseline::da346f70a6661ee42cecea19::bias1_unsubtracted::sphere_still,bias1_unsubtracted,sphere_still,converged,12,546,1638,2.016023286091076,0.37578703983283646,17.68382388112265,12.40355289056753,1.1869467426988598,21.600133133100588,1.0097360961522077,1,False,False,not_calibrated
baseline,da346f70a6661ee42cecea19,ILVIS0_applanix_57289_610_loaner_24Sept15LVIS.013,21,9.083333333333334,784.845,-59.55118999725,11853.828000000001,unresolved,baseline::da346f70a6661ee42cecea19::bias1_unsubtracted::flat_still,bias1_unsubtracted,flat_still,converged,16,546,1638,5.367671296023291,0.9512575702011546,45.10155627773745,42.09569230103075,0.8653632943349929,61.694389444883704,1.0010422827306344,1,False,False,not_calibrated
baseline,da346f70a6661ee42cecea19,ILVIS0_applanix_57289_610_loaner_24Sept15LVIS.013,21,9.083333333333334,784.845,-59.55118999725,11853.828000000001,unresolved,baseline::da346f70a6661ee42cecea19::bias1_profiled_removal::sphere_rotating,bias1_profiled_removal,sphere_rotating,unresolved,1,546,1638,0.03575711388972584,0.00822937666679277,0.056589348755596285,0.04705089431724493,1.0359784169997703,0.07359443626141217,3.115668425613243,1,False,False,not_calibrated
baseline,da346f70a6661ee42cecea19,ILVIS0_applanix_57289_610_loaner_24Sept15LVIS.013,21,9.083333333333334,784.845,-59.55118999725,11853.828000000001,unresolved,baseline::da346f70a6661ee42cecea19::bias1_profiled_removal::sphere_still,bias1_profiled_removal,sphere_still,converged,14,546,1638,2.0160232836282024,0.37578705960861253,17.683825236366495,12.403548790712438,1.186864480567017,21.600131888345878,1.009734440820853,1,False,False,not_calibrated
baseline,da346f70a6661ee42cecea19,ILVIS0_applanix_57289_610_loaner_24Sept15LVIS.013,21,9.083333333333334,784.845,-59.55118999725,11853.828000000001,unresolved,baseline::da346f70a6661ee42cecea19::bias1_profiled_removal::flat_still,bias1_profiled_removal,flat_still,unresolved,14,546,1638,4.015303901132603,0.7453726479827836,43.04575931490356,6.629787710244329,1.7570320131567359,43.553317670178856,1.0028438976682912,1,False,False,not_calibrated
baseline,e6629f14d2e03e471a446e06,ILVIS0_applanix_57291_610_DMS_26Sept15DMS.013,21,9.196698599949013,798.32,-62.669537234333326,11699.357,unresolved,baseline::e6629f14d2e03e471a446e06::bias1_unsubtracted::sphere_rotating,bias1_unsubtracted,sphere_rotating,converged,3,551,1653,0.040313477774396374,0.009988119156571279,0.07265696857116993,0.0592125876803644,1.0045589036520146,0.09372921434513797,2.7317687080538136,1,False,False,not_calibrated
baseline,e6629f14d2e03e471a446e06,ILVIS0_applanix_57291_610_DMS_26Sept15DMS.013,21,9.196698599949013,798.32,-62.669537234333326,11699.357,unresolved,baseline::e6629f14d2e03e471a446e06::bias1_unsubtracted::sphere_still,bias1_unsubtracted,sphere_still,converged,15,551,1653,2.451089937059209,0.4357412864154168,23.30296242824384,12.094638263765438,1.756481885336543,26.254682109358765,1.0051291352655165,1,False,False,not_calibrated
baseline,e6629f14d2e03e471a446e06,ILVIS0_applanix_57291_610_DMS_26Sept15DMS.013,21,9.196698599949013,798.32,-62.669537234333326,11699.357,unresolved,baseline::e6629f14d2e03e471a446e06::bias1_unsubtracted::flat_still,bias1_unsubtracted,flat_still,unresolved,16,551,1653,3.7027736617182923,0.5863285146873597,3.5967995924085647,49.998187048949355,2.2697615339983512,50.1273944614088,1.0012524173392034,1,False,False,not_calibrated
baseline,e6629f14d2e03e471a446e06,ILVIS0_applanix_57291_610_DMS_26Sept15DMS.013,21,9.196698599949013,798.32,-62.669537234333326,11699.357,unresolved,baseline::e6629f14d2e03e471a446e06::bias1_profiled_removal::sphere_rotating,bias1_profiled_removal,sphere_rotating,converged,4,551,1653,0.04031347748004419,0.009988115286239113,0.07265685583634157,0.05921186801051743,1.00456061420734,0.09372867231172038,2.7317803621460075,1,False,False,not_calibrated
baseline,e6629f14d2e03e471a446e06,ILVIS0_applanix_57291_610_DMS_26Sept15DMS.013,21,9.196698599949013,798.32,-62.669537234333326,11699.357,unresolved,baseline::e6629f14d2e03e471a446e06::bias1_profiled_removal::sphere_still,bias1_profiled_removal,sphere_still,unresolved,15,551,1653,2.451099086218217,0.4357432196146834,23.302933093497536,12.094836662326667,1.7568102238553063,26.254747468760463,1.005155184507748,1,False,False,not_calibrated
baseline,e6629f14d2e03e471a446e06,ILVIS0_applanix_57291_610_DMS_26Sept15DMS.013,21,9.196698599949013,798.32,-62.669537234333326,11699.357,unresolved,baseline::e6629f14d2e03e471a446e06::bias1_profiled_removal::flat_still,bias1_profiled_removal,flat_still,unresolved,17,551,1653,3.7027714918588086,0.5863282351075636,3.5966035482005925,49.99817740303981,2.2698368900900627,50.12737077394714,1.0012594806042385,1,False,False,not_calibrated
baseline,f7677e15295077fd8cfd3089,ILVIS0_applanix_57291_610_LVIS_38614965.013,21,7.316666666666666,825.25,-58.02744183125,11903.7035,globe,baseline::f7677e15295077fd8cfd3089::bias1_unsubtracted::sphere_rotating,bias1_unsubtracted,sphere_rotating,converged,2,440,1320,0.03426272237175908,0.011106534278234803,0.047044788008068765,0.031960702377981126,0.6793447930663373,0.056874410548312666,14.594904558955694,1,False,False,not_calibrated
baseline,f7677e15295077fd8cfd3089,ILVIS0_applanix_57291_610_LVIS_38614965.013,21,7.316666666666666,825.25,-58.02744183125,11903.7035,globe,baseline::f7677e15295077fd8cfd3089::bias1_unsubtracted::sphere_still,bias1_unsubtracted,sphere_still,converged,16,440,1320,2.656681640518654,0.5010990032118124,18.85631289105085,19.07169900435758,1.5389047328380034,26.819586849129955,1.067249335881356,1,False,False,not_calibrated
baseline,f7677e15295077fd8cfd3089,ILVIS0_applanix_57291_610_LVIS_38614965.013,21,7.316666666666666,825.25,-58.02744183125,11903.7035,globe,baseline::f7677e15295077fd8cfd3089::bias1_unsubtracted::flat_still,bias1_unsubtracted,flat_still,converged,17,440,1320,2.637767906243449,0.46258449341601643,4.016293645469937,29.114271536664322,2.27633571076478,29.38998846133262,1.057774864198136,1,False,False,not_calibrated
baseline,f7677e15295077fd8cfd3089,ILVIS0_applanix_57291_610_LVIS_38614965.013,21,7.316666666666666,825.25,-58.02744183125,11903.7035,globe,baseline::f7677e15295077fd8cfd3089::bias1_profiled_removal::sphere_rotating,bias1_profiled_removal,sphere_rotating,converged,1,440,1320,0.034281885325620126,0.01110469009343497,0.045791307458405345,0.030331514462019395,0.683514517924209,0.05492581003781283,14.475582996490312,1,False,False,not_calibrated
baseline,f7677e15295077fd8cfd3089,ILVIS0_applanix_57291_610_LVIS_38614965.013,21,7.316666666666666,825.25,-58.02744183125,11903.7035,globe,baseline::f7677e15295077fd8cfd3089::bias1_profiled_removal::sphere_still,bias1_profiled_removal,sphere_still,converged,17,440,1320,2.656681640942827,0.5010990805747224,18.85629051265935,19.071687464134616,1.5388253824320768,26.819562908955778,1.0672462664207125,1,False,False,not_calibrated
baseline,f7677e15295077fd8cfd3089,ILVIS0_applanix_57291_610_LVIS_38614965.013,21,7.316666666666666,825.25,-58.02744183125,11903.7035,globe,baseline::f7677e15295077fd8cfd3089::bias1_profiled_removal::flat_still,bias1_profiled_removal,flat_still,converged,18,440,1320,2.6377679062048087,0.46258449340058505,4.016293644182215,29.11427154004819,2.2763357120014125,29.389988464508768,1.0577748638750442,1,False,False,not_calibrated
baseline,abe881b5c87cc878226a9aef,ILVIS0_applanix_57291_610_loaner_26Sept15LVIS.013,21,8.95,797.815,-62.59370755358333,11701.240000000002,globe,baseline::abe881b5c87cc878226a9aef::bias1_unsubtracted::sphere_rotating,bias1_unsubtracted,sphere_rotating,converged,2,538,1614,0.03045042356170255,0.007805455387340061,0.03156884250324118,0.03877157190482735,0.8641487542781701,0.04999826601958956,4.067194475895921,1,False,False,not_calibrated
baseline,abe881b5c87cc878226a9aef,ILVIS0_applanix_57291_610_loaner_26Sept15LVIS.013,21,8.95,797.815,-62.59370755358333,11701.240000000002,globe,baseline::abe881b5c87cc878226a9aef::bias1_unsubtracted::sphere_still,bias1_unsubtracted,sphere_still,converged,16,538,1614,2.28863626800024,0.42253148189407685,18.655986016833523,13.325611842415324,1.8696211445252349,22.926354817872976,1.0124764575909104,1,False,False,not_calibrated
baseline,abe881b5c87cc878226a9aef,ILVIS0_applanix_57291_610_loaner_26Sept15LVIS.013,21,8.95,797.815,-62.59370755358333,11701.240000000002,globe,baseline::abe881b5c87cc878226a9aef::bias1_unsubtracted::flat_still,bias1_unsubtracted,flat_still,converged,17,538,1614,3.4266244050497003,0.5473426197867676,3.9275912419151,44.75426045117288,2.434281962338328,44.92627072765984,1.0032498118780024,1,False,False,not_calibrated
baseline,abe881b5c87cc878226a9aef,ILVIS0_applanix_57291_610_loaner_26Sept15LVIS.013,21,8.95,797.815,-62.59370755358333,11701.240000000002,globe,baseline::abe881b5c87cc878226a9aef::bias1_profiled_removal::sphere_rotating,bias1_profiled_removal,sphere_rotating,converged,3,538,1614,0.03048666751789536,0.007805300023430214,0.03157508708641292,0.03869738346554554,0.8671210968929574,0.0499447055411686,4.067680708876578,1,False,False,not_calibrated
baseline,abe881b5c87cc878226a9aef,ILVIS0_applanix_57291_610_loaner_26Sept15LVIS.013,21,8.95,797.815,-62.59370755358333,11701.240000000002,globe,baseline::abe881b5c87cc878226a9aef::bias1_profiled_removal::sphere_still,bias1_profiled_removal,sphere_still,converged,17,538,1614,2.2886362679580996,0.42253148190816775,18.65598600669653,13.325611842142973,1.8696211454604967,22.926354809465845,1.012476457703957,1,False,False,not_calibrated
baseline,abe881b5c87cc878226a9aef,ILVIS0_applanix_57291_610_loaner_26Sept15LVIS.013,21,8.95,797.815,-62.59370755358333,11701.240000000002,globe,baseline::abe881b5c87cc878226a9aef::bias1_profiled_removal::flat_still,bias1_profiled_removal,flat_still,converged,18,538,1614,3.426624404830959,0.547342619808997,3.9275911560991643,44.754260388886955,2.4342836138094563,44.9262706581101,1.00324983103821,1,False,False,not_calibrated
baseline,01177d345ecb28bcfdcc6a4f,ILVIS0_applanix_57294_610_DMS_29Sept15DMS.013,21,8.53168911729784,887.95,-59.2748300695,12150.869,unresolved,baseline::01177d345ecb28bcfdcc6a4f::bias1_unsubtracted::sphere_rotating,bias1_unsubtracted,sphere_rotating,unresolved,1,511,1533,0.07665537247498146,0.019986359233671584,0.15826216881764327,0.0944811242525111,1.0871796664558164,0.18431927983497184,1.884145130848089,1,False,False,not_calibrated
baseline,01177d345ecb28bcfdcc6a4f,ILVIS0_applanix_57294_610_DMS_29Sept15DMS.013,21,8.53168911729784,887.95,-59.2748300695,12150.869,unresolved,baseline::01177d345ecb28bcfdcc6a4f::bias1_unsubtracted::sphere_still,bias1_unsubtracted,sphere_still,converged,15,511,1533,2.899159480659244,0.48806703813278574,32.5237354177183,6.287457480663084,1.5807053339509944,33.125903566437096,1.0014290210372505,1,False,False,not_calibrated
baseline,01177d345ecb28bcfdcc6a4f,ILVIS0_applanix_57294_610_DMS_29Sept15DMS.013,21,8.53168911729784,887.95,-59.2748300695,12150.869,unresolved,baseline::01177d345ecb28bcfdcc6a4f::bias1_unsubtracted::flat_still,bias1_unsubtracted,flat_still,unresolved,15,511,1533,3.8622180684520346,0.6336297608348657,3.142082455595324,48.95195077029262,0.4497263639554228,49.052687656997065,1.0003369238001378,1,False,False,not_calibrated
baseline,01177d345ecb28bcfdcc6a4f,ILVIS0_applanix_57294_610_DMS_29Sept15DMS.013,21,8.53168911729784,887.95,-59.2748300695,12150.869,unresolved,baseline::01177d345ecb28bcfdcc6a4f::bias1_profiled_removal::sphere_rotating,bias1_profiled_removal,sphere_rotating,unresolved,0,511,1533,0.07656416769705021,0.019975320804948942,0.15828955636347192,0.09537356448237354,1.0793251279719582,0.18480178693892063,1.8889023385306427,1,False,False,not_calibrated
baseline,01177d345ecb28bcfdcc6a4f,ILVIS0_applanix_57294_610_DMS_29Sept15DMS.013,21,8.53168911729784,887.95,-59.2748300695,12150.869,unresolved,baseline::01177d345ecb28bcfdcc6a4f::bias1_profiled_removal::sphere_still,bias1_profiled_removal,sphere_still,converged,16,511,1533,2.8991594817217035,0.48806703822974007,32.523735187929375,6.2874587101073445,1.5807053351380165,33.12590357417983,1.0014290202156721,1,False,False,not_calibrated
baseline,01177d345ecb28bcfdcc6a4f,ILVIS0_applanix_57294_610_DMS_29Sept15DMS.013,21,8.53168911729784,887.95,-59.2748300695,12150.869,unresolved,baseline::01177d345ecb28bcfdcc6a4f::bias1_profiled_removal::flat_still,bias1_profiled_removal,flat_still,unresolved,16,511,1533,3.861456818788752,0.6333725592804749,2.961064529731645,48.96191971931912,0.4546518489566628,49.05137598223199,1.0003288827221792,1,False,False,not_calibrated
baseline,dac266ab5c198050d25b17f6,ILVIS0_applanix_57294_610_loaner_29Sept15LVIS.013,21,8.883333333333333,887.9,-59.12686050066667,12154.8475,unresolved,baseline::dac266ab5c198050d25b17f6::bias1_unsubtracted::sphere_rotating,bias1_unsubtracted,sphere_rotating,unresolved,2,534,1602,0.055146053385214916,0.013181053568666452,0.09209461179396584,0.08823494743413708,1.1450184633017477,0.12754145784875678,2.6874652470981633,1,False,False,not_calibrated
baseline,dac266ab5c198050d25b17f6,ILVIS0_applanix_57294_610_loaner_29Sept15LVIS.013,21,8.883333333333333,887.9,-59.12686050066667,12154.8475,unresolved,baseline::dac266ab5c198050d25b17f6::bias1_unsubtracted::sphere_still,bias1_unsubtracted,sphere_still,unresolved,14,534,1602,2.8170068732594635,0.4722370700825186,31.28576199815374,6.683110380797406,1.7688093524830302,31.991606214240676,1.0044109161095776,1,False,False,not_calibrated
baseline,dac266ab5c198050d25b17f6,ILVIS0_applanix_57294_610_loaner_29Sept15LVIS.013,21,8.883333333333333,887.9,-59.12686050066667,12154.8475,unresolved,baseline::dac266ab5c198050d25b17f6::bias1_unsubtracted::flat_still,bias1_unsubtracted,flat_still,converged,17,534,1602,4.267413762752152,0.6886239678066646,3.3143187148576487,55.47278090032839,0.9012857826490251,55.57170259547114,1.0011187305289748,1,False,False,not_calibrated
baseline,dac266ab5c198050d25b17f6,ILVIS0_applanix_57294_610_loaner_29Sept15LVIS.013,21,8.883333333333333,887.9,-59.12686050066667,12154.8475,unresolved,baseline::dac266ab5c198050d25b17f6::bias1_profiled_removal::sphere_rotating,bias1_profiled_removal,sphere_rotating,unresolved,3,534,1602,0.05516542897579902,0.01317715818423255,0.09209597873326338,0.0884567601225916,1.152933043080011,0.12769599723649686,2.688763863923967,1,False,False,not_calibrated
baseline,dac266ab5c198050d25b17f6,ILVIS0_applanix_57294_610_loaner_29Sept15LVIS.013,21,8.883333333333333,887.9,-59.12686050066667,12154.8475,unresolved,baseline::dac266ab5c198050d25b17f6::bias1_profiled_removal::sphere_still,bias1_profiled_removal,sphere_still,unresolved,11,534,1602,2.8636671735515367,0.47877388907531504,32.004973217479844,6.603145697068698,1.736993368385467,32.6790428829903,1.0040700569976058,1,False,False,not_calibrated
baseline,dac266ab5c198050d25b17f6,ILVIS0_applanix_57294_610_loaner_29Sept15LVIS.013,21,8.883333333333333,887.9,-59.12686050066667,12154.8475,unresolved,baseline::dac266ab5c198050d25b17f6::bias1_profiled_removal::flat_still,bias1_profiled_removal,flat_still,converged,18,534,1602,4.267413762910079,0.6886239658354462,3.3143298261278455,55.47278158411218,0.9012562029481214,55.571703940719466,1.0011190223929796,1,False,False,not_calibrated
baseline,f50ff54d2e6175d2e8277823,ILVIS0_applanix_57298_610_DMS_03Oct15DMS.013,21,9.132548716668195,894.025,-64.08538036991666,11913.142,unresolved,baseline::f50ff54d2e6175d2e8277823::bias1_unsubtracted::sphere_rotating,bias1_unsubtracted,sphere_rotating,unresolved,2,548,1644,0.05588720749910806,0.010637715270555067,0.06072193065453765,0.03254590977766145,1.8283709647250979,0.06889404259927093,1.480128701762921,1,False,False,not_calibrated
baseline,f50ff54d2e6175d2e8277823,ILVIS0_applanix_57298_610_DMS_03Oct15DMS.013,21,9.132548716668195,894.025,-64.08538036991666,11913.142,unresolved,baseline::f50ff54d2e6175d2e8277823::bias1_unsubtracted::sphere_still,bias1_unsubtracted,sphere_still,converged,15,548,1644,4.403921295865166,0.7559634974686449,39.49830720817523,30.155944898082215,2.066832380526254,49.69403671475641,1.0008021491761572,1,False,False,not_calibrated
baseline,f50ff54d2e6175d2e8277823,ILVIS0_applanix_57298_610_DMS_03Oct15DMS.013,21,9.132548716668195,894.025,-64.08538036991666,11913.142,unresolved,baseline::f50ff54d2e6175d2e8277823::bias1_unsubtracted::flat_still,bias1_unsubtracted,flat_still,unresolved,16,548,1644,4.287233033064218,0.6917582599266644,12.391839301925849,55.251831634979204,1.1694667090450022,56.62439916065196,1.0003883973807626,1,False,False,not_calibrated
baseline,f50ff54d2e6175d2e8277823,ILVIS0_applanix_57298_610_DMS_03Oct15DMS.013,21,9.132548716668195,894.025,-64.08538036991666,11913.142,unresolved,baseline::f50ff54d2e6175d2e8277823::bias1_profiled_removal::sphere_rotating,bias1_profiled_removal,sphere_rotating,unresolved,2,548,1644,0.055821761160305995,0.010629865016966767,0.06060854147324,0.03345726367391899,1.8209036672878558,0.06922993421966825,1.4759160204503396,1,False,False,not_calibrated
baseline,f50ff54d2e6175d2e8277823,ILVIS0_applanix_57298_610_DMS_03Oct15DMS.013,21,9.132548716668195,894.025,-64.08538036991666,11913.142,unresolved,baseline::f50ff54d2e6175d2e8277823::bias1_profiled_removal::sphere_still,bias1_profiled_removal,sphere_still,converged,16,548,1644,4.403921296004822,0.7559634972593715,39.49830726268996,30.155944861710264,2.0668323788136265,49.69403673601468,1.000802149042576,1,False,False,not_calibrated
baseline,f50ff54d2e6175d2e8277823,ILVIS0_applanix_57298_610_DMS_03Oct15DMS.013,21,9.132548716668195,894.025,-64.08538036991666,11913.142,unresolved,baseline::f50ff54d2e6175d2e8277823::bias1_profiled_removal::flat_still,bias1_profiled_removal,flat_still,converged,18,548,1644,4.2871689603849905,0.6917446975018758,12.389533345484994,55.251828204138626,1.137183119118097,56.62389121579806,1.0004093924078328,1,False,False,not_calibrated
baseline,4fad619380ea429cbf6cbcc9,ILVIS0_applanix_57298_610_LVIS_38614965.013,21,4.706354118646899,915.78,-61.6054143765,12029.734,unresolved,baseline::4fad619380ea429cbf6cbcc9::bias1_unsubtracted::sphere_rotating,bias1_unsubtracted,sphere_rotating,converged,2,283,849,0.03178790117852071,0.012318635172691182,0.04469852088302121,0.015583125122816222,0.15826564974975926,0.04733699988088841,22.682818820393337,1,False,False,not_calibrated
baseline,4fad619380ea429cbf6cbcc9,ILVIS0_applanix_57298_610_LVIS_38614965.013,21,4.706354118646899,915.78,-61.6054143765,12029.734,unresolved,baseline::4fad619380ea429cbf6cbcc9::bias1_unsubtracted::sphere_still,bias1_unsubtracted,sphere_still,converged,14,283,849,1.8654884096327358,0.3738604872045016,7.7400457676308685,13.944626497154802,0.6397323724373659,15.94869639281444,1.0251095252871347,1,False,False,not_calibrated
baseline,4fad619380ea429cbf6cbcc9,ILVIS0_applanix_57298_610_LVIS_38614965.013,21,4.706354118646899,915.78,-61.6054143765,12029.734,unresolved,baseline::4fad619380ea429cbf6cbcc9::bias1_unsubtracted::flat_still,bias1_unsubtracted,flat_still,converged,13,283,849,1.2243098656587854,0.24798874231592619,3.9184751839511835,9.448826142437406,0.8418025143802231,10.229113511798069,1.0749538764381867,1,False,False,not_calibrated
baseline,4fad619380ea429cbf6cbcc9,ILVIS0_applanix_57298_610_LVIS_38614965.013,21,4.706354118646899,915.78,-61.6054143765,12029.734,unresolved,baseline::4fad619380ea429cbf6cbcc9::bias1_profiled_removal::sphere_rotating,bias1_profiled_removal,sphere_rotating,unresolved,3,283,849,0.031726366528761214,0.012309526139874615,0.0436764830778681,0.016838215201908955,0.15722160079668562,0.04680983513362439,22.83177101646663,1,False,False,not_calibrated
baseline,4fad619380ea429cbf6cbcc9,ILVIS0_applanix_57298_610_LVIS_38614965.013,21,4.706354118646899,915.78,-61.6054143765,12029.734,unresolved,baseline::4fad619380ea429cbf6cbcc9::bias1_profiled_removal::sphere_still,bias1_profiled_removal,sphere_still,converged,15,283,849,1.86548839932738,0.3738612375094301,7.741186355270935,13.943909713433971,0.6397416162070998,15.948623272352732,1.0251118557014687,1,False,False,not_calibrated
baseline,4fad619380ea429cbf6cbcc9,ILVIS0_applanix_57298_610_LVIS_38614965.013,21,4.706354118646899,915.78,-61.6054143765,12029.734,unresolved,baseline::4fad619380ea429cbf6cbcc9::bias1_profiled_removal::flat_still,bias1_profiled_removal,flat_still,converged,14,283,849,1.2243098656923348,0.24798874802465548,3.9185015483469763,9.448814785646109,0.8417781045855297,10.229113120786288,1.0749541135163094,1,False,False,not_calibrated
baseline,d4e793dd58b79bf4d95c692b,ILVIS0_applanix_57298_610_loaner_03Oct15LVIS.013,21,8.883333333333333,895.59,-64.00796621291667,11917.6435,unresolved,baseline::d4e793dd58b79bf4d95c692b::bias1_unsubtracted::sphere_rotating,bias1_unsubtracted,sphere_rotating,converged,4,534,1602,0.04731077016495622,0.008317081960093701,0.036404102881694586,0.062072534286379176,1.6016149061014984,0.07196011547624644,2.054478192273498,1,False,False,not_calibrated
baseline,d4e793dd58b79bf4d95c692b,ILVIS0_applanix_57298_610_loaner_03Oct15LVIS.013,21,8.883333333333333,895.59,-64.00796621291667,11917.6435,unresolved,baseline::d4e793dd58b79bf4d95c692b::bias1_unsubtracted::sphere_still,bias1_unsubtracted,sphere_still,converged,15,534,1602,4.174912711361525,0.7329238150353816,37.34829234573431,26.122635500188178,1.5845576993841186,45.57726436084254,1.0017125152084194,1,False,False,not_calibrated
baseline,d4e793dd58b79bf4d95c692b,ILVIS0_applanix_57298_610_loaner_03Oct15LVIS.013,21,8.883333333333333,895.59,-64.00796621291667,11917.6435,unresolved,baseline::d4e793dd58b79bf4d95c692b::bias1_unsubtracted::flat_still,bias1_unsubtracted,flat_still,unresolved,15,534,1602,4.125798474131467,0.6757192445995386,11.569685681612578,50.95862251811424,1.5326618033815167,52.25551488326348,1.0008270348829864,1,False,False,not_calibrated
baseline,d4e793dd58b79bf4d95c692b,ILVIS0_applanix_57298_610_loaner_03Oct15LVIS.013,21,8.883333333333333,895.59,-64.00796621291667,11917.6435,unresolved,baseline::d4e793dd58b79bf4d95c692b::bias1_profiled_removal::sphere_rotating,bias1_profiled_removal,sphere_rotating,unresolved,3,534,1602,0.048248004610727244,0.00837947089038879,0.036873538370144635,0.06564796597843964,1.6585821130913334,0.07529484224726748,2.0341908852692674,1,False,False,not_calibrated
baseline,d4e793dd58b79bf4d95c692b,ILVIS0_applanix_57298_610_loaner_03Oct15LVIS.013,21,8.883333333333333,895.59,-64.00796621291667,11917.6435,unresolved,baseline::d4e793dd58b79bf4d95c692b::bias1_profiled_removal::sphere_still,bias1_profiled_removal,sphere_still,converged,16,534,1602,4.174912711874582,0.7329238247245788,37.348294646434354,26.12263064263642,1.5845577713543937,45.57726346204305,1.0017125145546042,1,False,False,not_calibrated
baseline,d4e793dd58b79bf4d95c692b,ILVIS0_applanix_57298_610_loaner_03Oct15LVIS.013,21,8.883333333333333,895.59,-64.00796621291667,11917.6435,unresolved,baseline::d4e793dd58b79bf4d95c692b::bias1_profiled_removal::flat_still,bias1_profiled_removal,flat_still,unresolved,16,534,1602,4.126039664680969,0.6758632562038365,11.592646666762406,50.94451054137351,1.5216095759809933,52.24684307248156,1.0008272141952481,1,False,False,not_calibrated
baseline,570b37d23af5e245dd461051,ILVIS0_applanix_57300_610_LVIS_38614965.013,21,7.3,878.06,-58.8804048835,11969.579,globe,baseline::570b37d23af5e245dd461051::bias1_unsubtracted::sphere_rotating,bias1_unsubtracted,sphere_rotating,converged,3,439,1317,0.04188992050159225,0.014703124693275083,0.057442825377871425,0.05673715815527098,0.6965425288630508,0.0807389825482639,13.349769997603639,1,False,False,not_calibrated
baseline,570b37d23af5e245dd461051,ILVIS0_applanix_57300_610_LVIS_38614965.013,21,7.3,878.06,-58.8804048835,11969.579,globe,baseline::570b37d23af5e245dd461051::bias1_unsubtracted::sphere_still,bias1_unsubtracted,sphere_still,converged,14,439,1317,2.8566107417093454,0.5438818861675218,23.357233059108783,17.18129690330679,0.9355893650715376,28.995815205941422,1.0506480396547844,1,False,False,not_calibrated
baseline,570b37d23af5e245dd461051,ILVIS0_applanix_57300_610_LVIS_38614965.013,21,7.3,878.06,-58.8804048835,11969.579,globe,baseline::570b37d23af5e245dd461051::bias1_unsubtracted::flat_still,bias1_unsubtracted,flat_still,converged,15,439,1317,6.1185579294792065,1.1536969646666846,58.276078683408755,25.35018479898114,1.4943481324840906,63.55102844216876,1.0108416797501123,1,False,False,not_calibrated
baseline,570b37d23af5e245dd461051,ILVIS0_applanix_57300_610_LVIS_38614965.013,21,7.3,878.06,-58.8804048835,11969.579,globe,baseline::570b37d23af5e245dd461051::bias1_profiled_removal::sphere_rotating,bias1_profiled_removal,sphere_rotating,converged,4,439,1317,0.041889920492380134,0.014703124692887667,0.05744282546699896,0.05673715786390004,0.6965425291408581,0.08073898240692175,13.349769988027099,1,False,False,not_calibrated
baseline,570b37d23af5e245dd461051,ILVIS0_applanix_57300_610_LVIS_38614965.013,21,7.3,878.06,-58.8804048835,11969.579,globe,baseline::570b37d23af5e245dd461051::bias1_profiled_removal::sphere_still,bias1_profiled_removal,sphere_still,converged,15,439,1317,2.856610741720761,0.5438818861201702,23.35723304380381,17.1812969162246,0.9355893642603726,28.995815201267053,1.050648039340636,1,False,False,not_calibrated
baseline,570b37d23af5e245dd461051,ILVIS0_applanix_57300_610_LVIS_38614965.013,21,7.3,878.06,-58.8804048835,11969.579,globe,baseline::570b37d23af5e245dd461051::bias1_profiled_removal::flat_still,bias1_profiled_removal,flat_still,converged,15,439,1317,5.89559693584649,1.1217437384061923,58.56326486642846,15.25358621781382,1.6452612051007682,60.51717016120081,1.012346197474726,1,False,False,not_calibrated
baseline,8dacbcf9f1e2774318723460,ILVIS0_applanix_57300_610_loaner_05Oct15LVIS.013,21,6.443071434787513,847.79,-61.287978134833345,11822.903,globe,baseline::8dacbcf9f1e2774318723460::bias1_unsubtracted::sphere_rotating,bias1_unsubtracted,sphere_rotating,converged,4,387,1161,0.04068628846603597,0.01193460505363423,0.053747346011408216,0.06201907482649778,0.24743473117298315,0.08206791605496493,5.518240008517284,1,False,False,not_calibrated
baseline,8dacbcf9f1e2774318723460,ILVIS0_applanix_57300_610_loaner_05Oct15LVIS.013,21,6.443071434787513,847.79,-61.287978134833345,11822.903,globe,baseline::8dacbcf9f1e2774318723460::bias1_unsubtracted::sphere_still,bias1_unsubtracted,sphere_still,converged,12,387,1161,2.396062060878515,0.4770796720940844,3.654030431233796,21.184147924701406,6.095092825707574,21.49697796640294,1.0078826152853333,1,False,False,not_calibrated
baseline,8dacbcf9f1e2774318723460,ILVIS0_applanix_57300_610_loaner_05Oct15LVIS.013,21,6.443071434787513,847.79,-61.287978134833345,11822.903,globe,baseline::8dacbcf9f1e2774318723460::bias1_unsubtracted::flat_still,bias1_unsubtracted,flat_still,converged,15,387,1161,5.072406450867234,0.9746980314752446,35.49325215107363,34.166728411396164,5.741985892603692,49.26597485687052,1.001486586441928,1,False,False,not_calibrated
baseline,8dacbcf9f1e2774318723460,ILVIS0_applanix_57300_610_loaner_05Oct15LVIS.013,21,6.443071434787513,847.79,-61.287978134833345,11822.903,globe,baseline::8dacbcf9f1e2774318723460::bias1_profiled_removal::sphere_rotating,bias1_profiled_removal,sphere_rotating,converged,5,387,1161,0.04068628926625402,0.011934605663542574,0.053746608861184195,0.062019388866887674,0.24743651351599222,0.08206767061090106,5.518224664977728,1,False,False,not_calibrated
baseline,8dacbcf9f1e2774318723460,ILVIS0_applanix_57300_610_loaner_05Oct15LVIS.013,21,6.443071434787513,847.79,-61.287978134833345,11822.903,globe,baseline::8dacbcf9f1e2774318723460::bias1_profiled_removal::sphere_still,bias1_profiled_removal,sphere_still,converged,13,387,1161,2.396062061073739,0.47707967514469707,3.653987247804831,21.184154083594613,6.095108352157606,21.496976695447167,1.007882594207471,1,False,False,not_calibrated
baseline,8dacbcf9f1e2774318723460,ILVIS0_applanix_57300_610_loaner_05Oct15LVIS.013,21,6.443071434787513,847.79,-61.287978134833345,11822.903,globe,baseline::8dacbcf9f1e2774318723460::bias1_profiled_removal::flat_still,bias1_profiled_removal,flat_still,converged,16,387,1161,5.0724064576778725,0.9746981695222542,35.49327287260414,34.16672155607693,5.741453456593522,49.26598503125284,1.0014858629706043,1,False,False,not_calibrated
baseline,a953c8ddf4fae255674de128,ILVIS0_applanix_57302_610_DMS_07Oct15DMS.013,21,9.081704099941998,854.59,-62.273901218333336,11838.701,unresolved,baseline::a953c8ddf4fae255674de128::bias1_unsubtracted::sphere_rotating,bias1_unsubtracted,sphere_rotating,converged,4,545,1635,0.03913084826929875,0.009674867286593832,0.13650697010437574,0.11587023423275693,0.7332102003969961,0.17905324366855488,1.3996677374198525,1,False,False,not_calibrated
baseline,a953c8ddf4fae255674de128,ILVIS0_applanix_57302_610_DMS_07Oct15DMS.013,21,9.081704099941998,854.59,-62.273901218333336,11838.701,unresolved,baseline::a953c8ddf4fae255674de128::bias1_unsubtracted::sphere_still,bias1_unsubtracted,sphere_still,converged,16,545,1635,9.374478486792663,1.5094835894673397,75.6107968096247,82.95095865850998,3.0393817189823196,112.24016276071674,0.9999386342240671,1,False,False,not_calibrated
baseline,a953c8ddf4fae255674de128,ILVIS0_applanix_57302_610_DMS_07Oct15DMS.013,21,9.081704099941998,854.59,-62.273901218333336,11838.701,unresolved,baseline::a953c8ddf4fae255674de128::bias1_unsubtracted::flat_still,bias1_unsubtracted,flat_still,converged,18,545,1635,5.293362585804778,0.9057479874920049,12.088241375372009,65.31461966950546,7.654567883634545,66.42382947498139,0.9995433747932333,1,False,False,not_calibrated
baseline,a953c8ddf4fae255674de128,ILVIS0_applanix_57302_610_DMS_07Oct15DMS.013,21,9.081704099941998,854.59,-62.273901218333336,11838.701,unresolved,baseline::a953c8ddf4fae255674de128::bias1_profiled_removal::sphere_rotating,bias1_profiled_removal,sphere_rotating,unresolved,4,545,1635,0.038177891086667026,0.009523784102820742,0.0986083863016967,0.1282135947422227,0.7287449579308044,0.1617477657519496,1.4138455806249857,1,False,False,not_calibrated
baseline,a953c8ddf4fae255674de128,ILVIS0_applanix_57302_610_DMS_07Oct15DMS.013,21,9.081704099941998,854.59,-62.273901218333336,11838.701,unresolved,baseline::a953c8ddf4fae255674de128::bias1_profiled_removal::sphere_still,bias1_profiled_removal,sphere_still,converged,17,545,1635,9.374478485772826,1.5094835899149823,75.61078702586221,82.95096748614134,3.0393815872903134,112.24016269391795,0.9999386346787146,1,False,False,not_calibrated
baseline,a953c8ddf4fae255674de128,ILVIS0_applanix_57302_610_DMS_07Oct15DMS.013,21,9.081704099941998,854.59,-62.273901218333336,11838.701,unresolved,baseline::a953c8ddf4fae255674de128::bias1_profiled_removal::flat_still,bias1_profiled_removal,flat_still,converged,19,545,1635,5.293362585818415,0.9057479874959086,12.088241377983607,65.31461966977031,7.654567977343875,66.42382947571708,0.9995433747366853,1,False,False,not_calibrated
baseline,711e7aade97a54f71ac5d9c5,ILVIS0_applanix_57302_610_LVIS_38614965.013,21,5.550796642256318,772.62,-58.97476234516667,11931.932,globe,baseline::711e7aade97a54f71ac5d9c5::bias1_unsubtracted::sphere_rotating,bias1_unsubtracted,sphere_rotating,converged,2,333,999,0.029702166638839244,0.011301543888443807,0.018400183666760897,0.01926657550975852,0.2031511335755182,0.026641465628672933,26.786541231646787,1,False,False,not_calibrated
baseline,711e7aade97a54f71ac5d9c5,ILVIS0_applanix_57302_610_LVIS_38614965.013,21,5.550796642256318,772.62,-58.97476234516667,11931.932,globe,baseline::711e7aade97a54f71ac5d9c5::bias1_unsubtracted::sphere_still,bias1_unsubtracted,sphere_still,converged,13,333,999,3.5609815139119485,0.6788700217893905,16.23768603979855,30.52446740368615,0.9286230579380294,34.57463749926768,1.0126779876655145,1,False,False,not_calibrated
baseline,711e7aade97a54f71ac5d9c5,ILVIS0_applanix_57302_610_LVIS_38614965.013,21,5.550796642256318,772.62,-58.97476234516667,11931.932,globe,baseline::711e7aade97a54f71ac5d9c5::bias1_unsubtracted::flat_still,bias1_unsubtracted,flat_still,converged,13,333,999,1.3139951787976163,0.2547640349535514,4.693543272596485,11.457924130817945,1.5565636606512459,12.38197778383227,1.0765794081435318,1,False,False,not_calibrated
baseline,711e7aade97a54f71ac5d9c5,ILVIS0_applanix_57302_610_LVIS_38614965.013,21,5.550796642256318,772.62,-58.97476234516667,11931.932,globe,baseline::711e7aade97a54f71ac5d9c5::bias1_profiled_removal::sphere_rotating,bias1_profiled_removal,sphere_rotating,converged,2,333,999,0.02969995009717179,0.01130089027236461,0.018417060913071152,0.019182216786076078,0.2030580828645634,0.0265922088872623,26.79811540334007,1,False,False,not_calibrated
baseline,711e7aade97a54f71ac5d9c5,ILVIS0_applanix_57302_610_LVIS_38614965.013,21,5.550796642256318,772.62,-58.97476234516667,11931.932,globe,baseline::711e7aade97a54f71ac5d9c5::bias1_profiled_removal::sphere_still,bias1_profiled_removal,sphere_still,converged,14,333,999,3.5609814840732255,0.6788714350017546,16.240218217822296,30.522972148805792,0.9287353585979254,34.574506743542436,1.012674221867863,1,False,False,not_calibrated
baseline,711e7aade97a54f71ac5d9c5,ILVIS0_applanix_57302_610_LVIS_38614965.013,21,5.550796642256318,772.62,-58.97476234516667,11931.932,globe,baseline::711e7aade97a54f71ac5d9c5::bias1_profiled_removal::flat_still,bias1_profiled_removal,flat_still,converged,14,333,999,1.3139951788501014,0.25476403603626,4.6935427478464495,11.457924261240267,1.5565632561578429,12.381977705608273,1.0765794011119065,1,False,False,not_calibrated
baseline,31d7e5019dfdc9e2e6387206,ILVIS0_applanix_57302_610_loaner_07Oct15LVIS.013,21,8.883333333333333,854.2,-62.246337872916655,11840.409,globe,baseline::31d7e5019dfdc9e2e6387206::bias1_unsubtracted::sphere_rotating,bias1_unsubtracted,sphere_rotating,converged,3,534,1602,0.024715880402561157,0.006271739731512519,0.06701531792214085,0.12162087169734724,0.38630249690487845,0.1388621232324647,6.114511338300725,1,False,False,not_calibrated
baseline,31d7e5019dfdc9e2e6387206,ILVIS0_applanix_57302_610_loaner_07Oct15LVIS.013,21,8.883333333333333,854.2,-62.246337872916655,11840.409,globe,baseline::31d7e5019dfdc9e2e6387206::bias1_unsubtracted::sphere_still,bias1_unsubtracted,sphere_still,converged,15,534,1602,8.77997412580809,1.429536002866406,69.45564276773098,77.40903528275595,3.229349492770897,104.00117814566148,1.0000276714825498,1,False,False,not_calibrated
baseline,31d7e5019dfdc9e2e6387206,ILVIS0_applanix_57302_610_loaner_07Oct15LVIS.013,21,8.883333333333333,854.2,-62.246337872916655,11840.409,globe,baseline::31d7e5019dfdc9e2e6387206::bias1_unsubtracted::flat_still,bias1_unsubtracted,flat_still,converged,17,534,1602,5.431882648141075,0.9125340834484152,13.213961104934455,67.65469295583681,7.216756217414023,68.93305627223614,0.9992900120501225,1,False,False,not_calibrated
baseline,31d7e5019dfdc9e2e6387206,ILVIS0_applanix_57302_610_loaner_07Oct15LVIS.013,21,8.883333333333333,854.2,-62.246337872916655,11840.409,globe,baseline::31d7e5019dfdc9e2e6387206::bias1_profiled_removal::sphere_rotating,bias1_profiled_removal,sphere_rotating,converged,4,534,1602,0.02471587973018418,0.006271740019616545,0.06701541914070913,0.12162074900562593,0.38630248399870754,0.13886206462275572,6.114509920072089,1,False,False,not_calibrated
baseline,31d7e5019dfdc9e2e6387206,ILVIS0_applanix_57302_610_loaner_07Oct15LVIS.013,21,8.883333333333333,854.2,-62.246337872916655,11840.409,globe,baseline::31d7e5019dfdc9e2e6387206::bias1_profiled_removal::sphere_still,bias1_profiled_removal,sphere_still,converged,16,534,1602,8.779974126669202,1.4295360029234245,69.45564128201067,77.40903662068202,3.229349912510888,104.00117814927596,1.0000276717464136,1,False,False,not_calibrated
baseline,31d7e5019dfdc9e2e6387206,ILVIS0_applanix_57302_610_loaner_07Oct15LVIS.013,21,8.883333333333333,854.2,-62.246337872916655,11840.409,globe,baseline::31d7e5019dfdc9e2e6387206::bias1_profiled_removal::flat_still,bias1_profiled_removal,flat_still,converged,18,534,1602,5.431882648151052,0.9125340834528357,13.213961105933437,67.65469295630363,7.216756218626592,68.9330562728858,0.9992900120418537,1,False,False,not_calibrated
baseline,f66ab49757292bc3c396aba2,ILVIS0_applanix_57305_610_DMS_10Oct15DMS.013,21,9.333333333333334,913.9,-62.225997340999996,11960.64,unresolved,baseline::f66ab49757292bc3c396aba2::bias1_unsubtracted::sphere_rotating,bias1_unsubtracted,sphere_rotating,converged,3,561,1683,0.046577287329072306,0.010721816029247495,0.09207809099729669,0.09567717849417648,1.1925717175227768,0.1327874140357924,1.133034669823784,1,False,False,not_calibrated
baseline,f66ab49757292bc3c396aba2,ILVIS0_applanix_57305_610_DMS_10Oct15DMS.013,21,9.333333333333334,913.9,-62.225997340999996,11960.64,unresolved,baseline::f66ab49757292bc3c396aba2::bias1_unsubtracted::sphere_still,bias1_unsubtracted,sphere_still,converged,16,561,1683,8.615012333558786,1.4176522591933813,67.42848529105615,76.23348336641683,4.516588127777278,101.7749704732157,1.0000046258995123,1,False,False,not_calibrated
baseline,f66ab49757292bc3c396aba2,ILVIS0_applanix_57305_610_DMS_10Oct15DMS.013,21,9.333333333333334,913.9,-62.225997340999996,11960.64,unresolved,baseline::f66ab49757292bc3c396aba2::bias1_unsubtracted::flat_still,bias1_unsubtracted,flat_still,converged,16,561,1683,7.460373166364737,1.1562317756170981,26.384625400731284,97.27996193788911,3.298319892943898,100.79454078557067,0.999956399390869,1,False,False,not_calibrated
baseline,f66ab49757292bc3c396aba2,ILVIS0_applanix_57305_610_DMS_10Oct15DMS.013,21,9.333333333333334,913.9,-62.225997340999996,11960.64,unresolved,baseline::f66ab49757292bc3c396aba2::bias1_profiled_removal::sphere_rotating,bias1_profiled_removal,sphere_rotating,unresolved,3,561,1683,0.0466467295795643,0.010719969601852666,0.09290325639185514,0.09688901940568552,1.1991461677094646,0.1342329956814124,1.1319779323811259,1,False,False,not_calibrated
baseline,f66ab49757292bc3c396aba2,ILVIS0_applanix_57305_610_DMS_10Oct15DMS.013,21,9.333333333333334,913.9,-62.225997340999996,11960.64,unresolved,baseline::f66ab49757292bc3c396aba2::bias1_profiled_removal::sphere_still,bias1_profiled_removal,sphere_still,unresolved,17,561,1683,8.615012931698729,1.4176484514319685,67.42673774144434,76.23548996985133,4.517004520213297,101.7753157371512,1.000004651030944,1,False,False,not_calibrated
baseline,f66ab49757292bc3c396aba2,ILVIS0_applanix_57305_610_DMS_10Oct15DMS.013,21,9.333333333333334,913.9,-62.225997340999996,11960.64,unresolved,baseline::f66ab49757292bc3c396aba2::bias1_profiled_removal::flat_still,bias1_profiled_removal,flat_still,converged,17,561,1683,7.4603731663861685,1.1562317751040194,26.384625568061335,97.27996195702288,3.2983199540073964,100.79454084783865,0.9999563993868292,1,False,False,not_calibrated
baseline,e543e7b6e878b96a1966dbb6,ILVIS0_applanix_57305_610_LVIS_38614965.013,21,7.083333333333333,823.42,-59.413523990666675,12154.9215,unresolved,baseline::e543e7b6e878b96a1966dbb6::bias1_unsubtracted::sphere_rotating,bias1_unsubtracted,sphere_rotating,unresolved,1,426,1278,0.03826451635868537,0.012731921354206498,0.06204876625111139,0.050151918497270354,0.5853415165648442,0.07978260663980531,14.562896846111292,1,False,False,not_calibrated
baseline,e543e7b6e878b96a1966dbb6,ILVIS0_applanix_57305_610_LVIS_38614965.013,21,7.083333333333333,823.42,-59.413523990666675,12154.9215,unresolved,baseline::e543e7b6e878b96a1966dbb6::bias1_unsubtracted::sphere_still,bias1_unsubtracted,sphere_still,unresolved,15,426,1278,1.7732075477525218,0.33457858926347617,14.673583239278662,10.153518521481312,0.9311261796517297,17.843990121217388,1.108615457798292,1,False,False,not_calibrated
baseline,e543e7b6e878b96a1966dbb6,ILVIS0_applanix_57305_610_LVIS_38614965.013,21,7.083333333333333,823.42,-59.413523990666675,12154.9215,unresolved,baseline::e543e7b6e878b96a1966dbb6::bias1_unsubtracted::flat_still,bias1_unsubtracted,flat_still,converged,16,426,1278,2.2949430000393853,0.41292733146634636,2.726580200522072,24.09110960791451,1.1913222322013355,24.244912904162593,1.0579954514204646,1,False,False,not_calibrated
baseline,e543e7b6e878b96a1966dbb6,ILVIS0_applanix_57305_610_LVIS_38614965.013,21,7.083333333333333,823.42,-59.413523990666675,12154.9215,unresolved,baseline::e543e7b6e878b96a1966dbb6::bias1_profiled_removal::sphere_rotating,bias1_profiled_removal,sphere_rotating,converged,2,426,1278,0.03794841129500115,0.01269918096461457,0.05695197425581231,0.03635442818971591,0.5812389879049548,0.06756605523956478,14.698271905659615,1,False,False,not_calibrated
baseline,e543e7b6e878b96a1966dbb6,ILVIS0_applanix_57305_610_LVIS_38614965.013,21,7.083333333333333,823.42,-59.413523990666675,12154.9215,unresolved,baseline::e543e7b6e878b96a1966dbb6::bias1_profiled_removal::sphere_still,bias1_profiled_removal,sphere_still,unresolved,11,426,1278,1.7766480905640838,0.3350947083112139,14.723409684544068,10.157221976404157,0.8766374767011903,17.887088947530664,1.1077339458552498,1,False,False,not_calibrated
baseline,e543e7b6e878b96a1966dbb6,ILVIS0_applanix_57305_610_LVIS_38614965.013,21,7.083333333333333,823.42,-59.413523990666675,12154.9215,unresolved,baseline::e543e7b6e878b96a1966dbb6::bias1_profiled_removal::flat_still,bias1_profiled_removal,flat_still,converged,17,426,1278,2.2949430000575624,0.41292733147628674,2.726580207015831,24.0911096035251,1.1913222358817046,24.244912900531318,1.0579954508845923,1,False,False,not_calibrated
baseline,9f4d888995ab94bb8eff4df6,ILVIS0_applanix_57305_610_loaner_10Oct15LVIS.013,21,9.2,914.24,-61.93634175550002,11979.379,unresolved,baseline::9f4d888995ab94bb8eff4df6::bias1_unsubtracted::sphere_rotating,bias1_unsubtracted,sphere_rotating,unresolved,2,553,1659,0.044613373725944226,0.009273643908698226,0.07582879384649163,0.08265858930608871,1.3703788363833045,0.11217151314966903,3.0992866756141284,1,False,False,not_calibrated
baseline,9f4d888995ab94bb8eff4df6,ILVIS0_applanix_57305_610_loaner_10Oct15LVIS.013,21,9.2,914.24,-61.93634175550002,11979.379,unresolved,baseline::9f4d888995ab94bb8eff4df6::bias1_unsubtracted::sphere_still,bias1_unsubtracted,sphere_still,converged,16,553,1659,7.38961239465228,1.234926716478991,69.4903573430957,47.08799241723496,3.855204345919981,83.94157964654174,1.001248629639275,1,False,False,not_calibrated
baseline,9f4d888995ab94bb8eff4df6,ILVIS0_applanix_57305_610_loaner_10Oct15LVIS.013,21,9.2,914.24,-61.93634175550002,11979.379,unresolved,baseline::9f4d888995ab94bb8eff4df6::bias1_unsubtracted::flat_still,bias1_unsubtracted,flat_still,unresolved,17,553,1659,4.208670872283964,0.766081362660272,18.793777867519044,39.07350378978938,2.802661724654923,43.35833005253239,1.0012627079833543,1,False,False,not_calibrated
baseline,9f4d888995ab94bb8eff4df6,ILVIS0_applanix_57305_610_loaner_10Oct15LVIS.013,21,9.2,914.24,-61.93634175550002,11979.379,unresolved,baseline::9f4d888995ab94bb8eff4df6::bias1_profiled_removal::sphere_rotating,bias1_profiled_removal,sphere_rotating,unresolved,3,553,1659,0.04459259117782584,0.009266503325945688,0.07050487508151936,0.08390563768967929,1.3757650126669112,0.10959513422763065,3.0961842012663983,1,False,False,not_calibrated
baseline,9f4d888995ab94bb8eff4df6,ILVIS0_applanix_57305_610_loaner_10Oct15LVIS.013,21,9.2,914.24,-61.93634175550002,11979.379,unresolved,baseline::9f4d888995ab94bb8eff4df6::bias1_profiled_removal::sphere_still,bias1_profiled_removal,sphere_still,converged,17,553,1659,7.389612394322553,1.2349267164130013,69.49035738829068,47.08799232971184,3.8552043458427874,83.94157963485894,1.0012486295916463,1,False,False,not_calibrated
baseline,9f4d888995ab94bb8eff4df6,ILVIS0_applanix_57305_610_loaner_10Oct15LVIS.013,21,9.2,914.24,-61.93634175550002,11979.379,unresolved,baseline::9f4d888995ab94bb8eff4df6::bias1_profiled_removal::flat_still,bias1_profiled_removal,flat_still,unresolved,18,553,1659,4.208670871391871,0.766081311146077,18.793817333594546,39.07350402983065,2.8029118735004954,43.35834737553671,1.0012631767091924,1,False,False,not_calibrated
baseline,705de394963c8be15c580512,ILVIS0_applanix_57307_610_DMS_12Oct15DMS.013,21,4.003693282884584,795.93,-62.34780796216668,11759.871,unresolved,baseline::705de394963c8be15c580512::bias1_unsubtracted::sphere_rotating,bias1_unsubtracted,sphere_rotating,unresolved,2,241,723,0.020420723476237416,0.005519719819249892,0.0355253812393602,0.013791570768290379,0.11572293285178335,0.03810853101942723,0.9402524984278414,1,False,False,not_calibrated
baseline,705de394963c8be15c580512,ILVIS0_applanix_57307_610_DMS_12Oct15DMS.013,21,4.003693282884584,795.93,-62.34780796216668,11759.871,unresolved,baseline::705de394963c8be15c580512::bias1_unsubtracted::sphere_still,bias1_unsubtracted,sphere_still,converged,16,241,723,1.6380987292377456,0.33974192697385436,2.981381617803034,12.523835346533902,0.25740602544508817,12.873814047828475,0.9999937633803456,1,False,False,not_calibrated
baseline,705de394963c8be15c580512,ILVIS0_applanix_57307_610_DMS_12Oct15DMS.013,21,4.003693282884584,795.93,-62.34780796216668,11759.871,unresolved,baseline::705de394963c8be15c580512::bias1_unsubtracted::flat_still,bias1_unsubtracted,flat_still,converged,15,241,723,1.727139960566391,0.37911728847923437,7.3000268186096395,8.781725457505354,0.47697340873567906,11.419680098996539,0.9999972358236277,1,False,False,not_calibrated
baseline,705de394963c8be15c580512,ILVIS0_applanix_57307_610_DMS_12Oct15DMS.013,21,4.003693282884584,795.93,-62.34780796216668,11759.871,unresolved,baseline::705de394963c8be15c580512::bias1_profiled_removal::sphere_rotating,bias1_profiled_removal,sphere_rotating,converged,3,241,723,0.02042113888121736,0.005519833295694873,0.035526698259010586,0.013808107729981825,0.11571636564887164,0.03811574646087322,0.9403147530882854,1,False,False,not_calibrated
baseline,705de394963c8be15c580512,ILVIS0_applanix_57307_610_DMS_12Oct15DMS.013,21,4.003693282884584,795.93,-62.34780796216668,11759.871,unresolved,baseline::705de394963c8be15c580512::bias1_profiled_removal::sphere_still,bias1_profiled_removal,sphere_still,converged,17,241,723,1.6380987300273464,0.3397416795551823,2.9813546435780482,12.52386976415637,0.2574994834007155,12.873841283017843,0.9999940132798354,1,False,False,not_calibrated
baseline,705de394963c8be15c580512,ILVIS0_applanix_57307_610_DMS_12Oct15DMS.013,21,4.003693282884584,795.93,-62.34780796216668,11759.871,unresolved,baseline::705de394963c8be15c580512::bias1_profiled_removal::flat_still,bias1_profiled_removal,flat_still,converged,16,241,723,1.7271399602151367,0.3791172833615677,7.300027436464503,8.781727087726644,0.4768858929370814,11.419681747599027,0.9999972314034573,1,False,False,not_calibrated
baseline,74ec8f62cb621604ddcdde9c,ILVIS0_applanix_57307_610_loaner_12Oct15LVIS.013,21,8.583333333333334,828.44,-61.23525554991666,11834.4515,unresolved,baseline::74ec8f62cb621604ddcdde9c::bias1_unsubtracted::sphere_rotating,bias1_unsubtracted,sphere_rotating,converged,2,516,1548,0.0348487577562648,0.0065383387501625305,0.04283692639148914,0.03507464709062765,1.1425314678618939,0.055364547602251145,2.0438865186502264,1,False,False,not_calibrated
baseline,74ec8f62cb621604ddcdde9c,ILVIS0_applanix_57307_610_loaner_12Oct15LVIS.013,21,8.583333333333334,828.44,-61.23525554991666,11834.4515,unresolved,baseline::74ec8f62cb621604ddcdde9c::bias1_unsubtracted::sphere_still,bias1_unsubtracted,sphere_still,converged,15,516,1548,2.5047730229935925,0.47939716997206255,22.37130311260335,11.428979493471765,1.0238993680016666,25.121639580612058,1.003306224327489,1,False,False,not_calibrated
baseline,74ec8f62cb621604ddcdde9c,ILVIS0_applanix_57307_610_loaner_12Oct15LVIS.013,21,8.583333333333334,828.44,-61.23525554991666,11834.4515,unresolved,baseline::74ec8f62cb621604ddcdde9c::bias1_unsubtracted::flat_still,bias1_unsubtracted,flat_still,converged,16,516,1548,4.849481122743077,0.8352114706358795,15.728505845469645,53.41347510910676,1.4080062528739425,55.681102892831966,1.0005642763477125,1,False,False,not_calibrated
baseline,74ec8f62cb621604ddcdde9c,ILVIS0_applanix_57307_610_loaner_12Oct15LVIS.013,21,8.583333333333334,828.44,-61.23525554991666,11834.4515,unresolved,baseline::74ec8f62cb621604ddcdde9c::bias1_profiled_removal::sphere_rotating,bias1_profiled_removal,sphere_rotating,unresolved,3,516,1548,0.03488990212623782,0.006540797386493531,0.04339159675739294,0.03528003105112174,1.144541361892748,0.05592415632018339,2.048703433246268,1,False,False,not_calibrated
baseline,74ec8f62cb621604ddcdde9c,ILVIS0_applanix_57307_610_loaner_12Oct15LVIS.013,21,8.583333333333334,828.44,-61.23525554991666,11834.4515,unresolved,baseline::74ec8f62cb621604ddcdde9c::bias1_profiled_removal::sphere_still,bias1_profiled_removal,sphere_still,converged,16,516,1548,2.5047730232525494,0.47939717068721843,22.37130072261979,11.428983232203787,1.023850671961667,25.121639153205827,1.003305873525689,1,False,False,not_calibrated
baseline,74ec8f62cb621604ddcdde9c,ILVIS0_applanix_57307_610_loaner_12Oct15LVIS.013,21,8.583333333333334,828.44,-61.23525554991666,11834.4515,unresolved,baseline::74ec8f62cb621604ddcdde9c::bias1_profiled_removal::flat_still,bias1_profiled_removal,flat_still,converged,17,516,1548,4.849481122747499,0.8352114706359424,15.728505845213904,53.41347510915805,1.4080062527287809,55.68110289280892,1.0005642763464533,1,False,False,not_calibrated
baseline,a6e658d1550299e4eb9f00a3,ILVIS0_applanix_57312_610_DMS_17Oct15DMS.013,21,9.033333333333333,779.11,-61.536256900999994,11886.68,unresolved,baseline::a6e658d1550299e4eb9f00a3::bias1_unsubtracted::sphere_rotating,bias1_unsubtracted,sphere_rotating,unresolved,3,543,1629,0.0446625835610854,0.01139861718221632,0.08650301820408961,0.08693528607717423,0.8441568210345114,0.12263978197851291,1.1078489367664819,1,False,False,not_calibrated
baseline,a6e658d1550299e4eb9f00a3,ILVIS0_applanix_57312_610_DMS_17Oct15DMS.013,21,9.033333333333333,779.11,-61.536256900999994,11886.68,unresolved,baseline::a6e658d1550299e4eb9f00a3::bias1_unsubtracted::sphere_still,bias1_unsubtracted,sphere_still,unresolved,15,543,1629,1.6131616820835233,0.29803671705412976,11.68062628238919,12.592123291640933,1.9532599079148152,17.175523262501414,1.000545095842617,1,False,False,not_calibrated
baseline,a6e658d1550299e4eb9f00a3,ILVIS0_applanix_57312_610_DMS_17Oct15DMS.013,21,9.033333333333333,779.11,-61.536256900999994,11886.68,unresolved,baseline::a6e658d1550299e4eb9f00a3::bias1_unsubtracted::flat_still,bias1_unsubtracted,flat_still,converged,16,543,1629,4.224567578760905,0.7525672053773684,36.44722723570601,29.708023153028186,0.5831617004614217,47.02092101216275,1.0000140390863825,1,False,False,not_calibrated
baseline,a6e658d1550299e4eb9f00a3,ILVIS0_applanix_57312_610_DMS_17Oct15DMS.013,21,9.033333333333333,779.11,-61.536256900999994,11886.68,unresolved,baseline::a6e658d1550299e4eb9f00a3::bias1_profiled_removal::sphere_rotating,bias1_profiled_removal,sphere_rotating,unresolved,3,543,1629,0.04453665819700212,0.01141794630716484,0.0816418863882205,0.09417526114001223,0.8163921532884956,0.12463698256864453,1.1114216452203938,1,False,False,not_calibrated
baseline,a6e658d1550299e4eb9f00a3,ILVIS0_applanix_57312_610_DMS_17Oct15DMS.013,21,9.033333333333333,779.11,-61.536256900999994,11886.68,unresolved,baseline::a6e658d1550299e4eb9f00a3::bias1_profiled_removal::sphere_still,bias1_profiled_removal,sphere_still,converged,16,543,1629,1.6131616801015234,0.2980367166932216,11.680625925778877,12.592124358508121,1.9532547533499174,17.1755238021468,1.000545076423268,1,False,False,not_calibrated
baseline,a6e658d1550299e4eb9f00a3,ILVIS0_applanix_57312_610_DMS_17Oct15DMS.013,21,9.033333333333333,779.11,-61.536256900999994,11886.68,unresolved,baseline::a6e658d1550299e4eb9f00a3::bias1_profiled_removal::flat_still,bias1_profiled_removal,flat_still,converged,16,543,1629,3.248543139312422,0.6000784011463345,34.661474542322566,2.3256266496203946,1.529985101185464,34.73940639621667,1.0001033803363044,1,False,False,not_calibrated
baseline,8f2a00e9f13b367202e4d46a,ILVIS0_applanix_57312_610_LVIS_38614965.013,21,7.266666666666667,755.46,-58.810619104166676,12065.667000000001,globe,baseline::8f2a00e9f13b367202e4d46a::bias1_unsubtracted::sphere_rotating,bias1_unsubtracted,sphere_rotating,converged,2,437,1311,0.02765483306840379,0.00990056060027868,0.04727090908816611,0.026306824785850298,0.40031566083663894,0.05409794706211219,22.42357861449326,1,False,False,not_calibrated
baseline,8f2a00e9f13b367202e4d46a,ILVIS0_applanix_57312_610_LVIS_38614965.013,21,7.266666666666667,755.46,-58.810619104166676,12065.667000000001,globe,baseline::8f2a00e9f13b367202e4d46a::bias1_unsubtracted::sphere_still,bias1_unsubtracted,sphere_still,converged,15,437,1311,1.1299405270718308,0.22279571787048483,8.101646404661249,6.9909023182312415,0.38740142170665587,10.700906021884853,1.287527362235982,1,False,False,not_calibrated
baseline,8f2a00e9f13b367202e4d46a,ILVIS0_applanix_57312_610_LVIS_38614965.013,21,7.266666666666667,755.46,-58.810619104166676,12065.667000000001,globe,baseline::8f2a00e9f13b367202e4d46a::bias1_unsubtracted::flat_still,bias1_unsubtracted,flat_still,converged,17,437,1311,2.940153713412909,0.5296991471368682,3.834662751151689,30.53674614535441,0.6307091208409336,30.77657394124446,1.0385747903055556,1,False,False,not_calibrated
baseline,8f2a00e9f13b367202e4d46a,ILVIS0_applanix_57312_610_LVIS_38614965.013,21,7.266666666666667,755.46,-58.810619104166676,12065.667000000001,globe,baseline::8f2a00e9f13b367202e4d46a::bias1_profiled_removal::sphere_rotating,bias1_profiled_removal,sphere_rotating,converged,3,437,1311,0.027543456441920335,0.009884556376740876,0.04382384781849299,0.026366201143429763,0.4020717218468367,0.05114397521071499,22.349830755596653,1,False,False,not_calibrated
baseline,8f2a00e9f13b367202e4d46a,ILVIS0_applanix_57312_610_LVIS_38614965.013,21,7.266666666666667,755.46,-58.810619104166676,12065.667000000001,globe,baseline::8f2a00e9f13b367202e4d46a::bias1_profiled_removal::sphere_still,bias1_profiled_removal,sphere_still,converged,16,437,1311,1.1299405270896847,0.22279571789338698,8.101646401631253,6.990902319394459,0.3874014224467,10.700906020350775,1.2875273636062727,1,False,False,not_calibrated
baseline,8f2a00e9f13b367202e4d46a,ILVIS0_applanix_57312_610_LVIS_38614965.013,21,7.266666666666667,755.46,-58.810619104166676,12065.667000000001,globe,baseline::8f2a00e9f13b367202e4d46a::bias1_profiled_removal::flat_still,bias1_profiled_removal,flat_still,converged,18,437,1311,2.940153713440276,0.5296991471401364,3.8346627521956083,30.536746145318162,0.6307091208186506,30.776573941338565,1.0385747902829143,1,False,False,not_calibrated
baseline,8cc288f5de7e88878c04b7f1,ILVIS0_applanix_57312_610_loaner_17Oct15LVIS.013,21,8.85,779.105,-61.45386681674999,11891.585500000001,unresolved,baseline::8cc288f5de7e88878c04b7f1::bias1_unsubtracted::sphere_rotating,bias1_unsubtracted,sphere_rotating,unresolved,2,532,1596,0.032452456511244454,0.006346846931969607,0.06870602414737885,0.07664485682875383,1.0206097760301442,0.1029317824213706,2.811542852379266,1,False,False,not_calibrated
baseline,8cc288f5de7e88878c04b7f1,ILVIS0_applanix_57312_610_loaner_17Oct15LVIS.013,21,8.85,779.105,-61.45386681674999,11891.585500000001,unresolved,baseline::8cc288f5de7e88878c04b7f1::bias1_unsubtracted::sphere_still,bias1_unsubtracted,sphere_still,converged,13,532,1596,1.5174224110716656,0.28811258335713225,11.437946000828159,10.63207849198139,1.711230131560628,15.616264014722413,1.0189230883878688,1,False,False,not_calibrated
baseline,8cc288f5de7e88878c04b7f1,ILVIS0_applanix_57312_610_loaner_17Oct15LVIS.013,21,8.85,779.105,-61.45386681674999,11891.585500000001,unresolved,baseline::8cc288f5de7e88878c04b7f1::bias1_unsubtracted::flat_still,bias1_unsubtracted,flat_still,converged,14,532,1596,4.035327566674106,0.7299881075517806,32.60827186929681,29.693210801826318,0.6534710193470856,44.10199725662851,1.0016017200997749,1,False,False,not_calibrated
baseline,8cc288f5de7e88878c04b7f1,ILVIS0_applanix_57312_610_loaner_17Oct15LVIS.013,21,8.85,779.105,-61.45386681674999,11891.585500000001,unresolved,baseline::8cc288f5de7e88878c04b7f1::bias1_profiled_removal::sphere_rotating,bias1_profiled_removal,sphere_rotating,unresolved,3,532,1596,0.03250976583010295,0.0063460345823871,0.0684232121912518,0.07637678799809876,1.0245528563642592,0.10254340403690328,2.8125734906561206,1,False,False,not_calibrated
baseline,8cc288f5de7e88878c04b7f1,ILVIS0_applanix_57312_610_loaner_17Oct15LVIS.013,21,8.85,779.105,-61.45386681674999,11891.585500000001,unresolved,baseline::8cc288f5de7e88878c04b7f1::bias1_profiled_removal::sphere_still,bias1_profiled_removal,sphere_still,unresolved,10,532,1596,1.5442931110619365,0.2927905490730133,11.498923391257652,11.002895413010492,1.5113906010589357,15.91505408811606,1.016522585120167,1,False,False,not_calibrated
baseline,8cc288f5de7e88878c04b7f1,ILVIS0_applanix_57312_610_loaner_17Oct15LVIS.013,21,8.85,779.105,-61.45386681674999,11891.585500000001,unresolved,baseline::8cc288f5de7e88878c04b7f1::bias1_profiled_removal::flat_still,bias1_profiled_removal,flat_still,converged,15,532,1596,3.0241668838634563,0.5778539154232952,30.597230514962817,2.428651121823632,1.5243998007702757,30.693466103672733,1.004677810111762,1,False,False,not_calibrated
baseline,50f24131843071ae9312c082,ILVIS0_applanix_57315_610_DMS_20Oct15DMS.013,21,9.233333333333333,753.84,-61.18648601233335,11806.733,unresolved,baseline::50f24131843071ae9312c082::bias1_unsubtracted::sphere_rotating,bias1_unsubtracted,sphere_rotating,unresolved,2,555,1665,0.05120386540142937,0.013196211954358099,0.120833243328736,0.09528768802229873,1.0339181180801136,0.15388442475434755,1.1741521072449053,1,False,False,not_calibrated
baseline,50f24131843071ae9312c082,ILVIS0_applanix_57315_610_DMS_20Oct15DMS.013,21,9.233333333333333,753.84,-61.18648601233335,11806.733,unresolved,baseline::50f24131843071ae9312c082::bias1_unsubtracted::sphere_still,bias1_unsubtracted,sphere_still,unresolved,10,555,1665,1.2505892071723852,0.23184349816523322,11.453447623361582,7.640809286839674,1.0515997084131925,13.768203550897352,1.001022559226096,1,False,False,not_calibrated
baseline,50f24131843071ae9312c082,ILVIS0_applanix_57315_610_DMS_20Oct15DMS.013,21,9.233333333333333,753.84,-61.18648601233335,11806.733,unresolved,baseline::50f24131843071ae9312c082::bias1_unsubtracted::flat_still,bias1_unsubtracted,flat_still,converged,17,555,1665,3.6517616053614437,0.6211204840558765,25.823707140502947,35.578191556780155,0.3672009172336845,43.962160603516814,1.000030526105011,1,False,False,not_calibrated
baseline,50f24131843071ae9312c082,ILVIS0_applanix_57315_610_DMS_20Oct15DMS.013,21,9.233333333333333,753.84,-61.18648601233335,11806.733,unresolved,baseline::50f24131843071ae9312c082::bias1_profiled_removal::sphere_rotating,bias1_profiled_removal,sphere_rotating,unresolved,2,555,1665,0.051291237417460576,0.013191591439185727,0.11962922465086688,0.09391046666015858,1.0464076478099378,0.15208657777363632,1.1742871404763064,1,False,False,not_calibrated
baseline,50f24131843071ae9312c082,ILVIS0_applanix_57315_610_DMS_20Oct15DMS.013,21,9.233333333333333,753.84,-61.18648601233335,11806.733,unresolved,baseline::50f24131843071ae9312c082::bias1_profiled_removal::sphere_still,bias1_profiled_removal,sphere_still,unresolved,11,555,1665,1.252403870583353,0.23212585883132147,11.4740816031283,7.675209906290323,1.0445183833737581,13.804470136186481,1.0010282828880175,1,False,False,not_calibrated
baseline,50f24131843071ae9312c082,ILVIS0_applanix_57315_610_DMS_20Oct15DMS.013,21,9.233333333333333,753.84,-61.18648601233335,11806.733,unresolved,baseline::50f24131843071ae9312c082::bias1_profiled_removal::flat_still,bias1_profiled_removal,flat_still,converged,17,555,1665,2.251137596189681,0.4169906353870667,24.367587230088393,4.4719206030914584,0.9515891407174697,24.77453089962191,1.0002064593742612,1,False,False,not_calibrated
baseline,be1d75a0e47ff1c972865ba7,ILVIS0_applanix_57315_610_LVIS_38614965.013,21,7.25,761.1450000000001,-58.64877977583334,11843.2855,unresolved,baseline::be1d75a0e47ff1c972865ba7::bias1_unsubtracted::sphere_rotating,bias1_unsubtracted,sphere_rotating,converged,2,436,1308,0.023808728227153315,0.008673590793959764,0.031111576498949946,0.02312038154972588,0.1814153578720825,0.03876186573495811,47.19425354297865,1,False,False,not_calibrated
baseline,be1d75a0e47ff1c972865ba7,ILVIS0_applanix_57315_610_LVIS_38614965.013,21,7.25,761.1450000000001,-58.64877977583334,11843.2855,unresolved,baseline::be1d75a0e47ff1c972865ba7::bias1_unsubtracted::sphere_still,bias1_unsubtracted,sphere_still,converged,15,436,1308,6.462602983953409,1.1297988171768274,64.85287791677244,33.30192317113411,1.6843611108427887,72.90345575474396,1.0068295382827286,1,False,False,not_calibrated
baseline,be1d75a0e47ff1c972865ba7,ILVIS0_applanix_57315_610_LVIS_38614965.013,21,7.25,761.1450000000001,-58.64877977583334,11843.2855,unresolved,baseline::be1d75a0e47ff1c972865ba7::bias1_unsubtracted::flat_still,bias1_unsubtracted,flat_still,unresolved,12,436,1308,1.945060769151194,0.37095571111793696,1.6431433208840638,19.716031866843522,2.177331133502548,19.784383552371683,1.0816041510898806,1,False,False,not_calibrated
baseline,be1d75a0e47ff1c972865ba7,ILVIS0_applanix_57315_610_LVIS_38614965.013,21,7.25,761.1450000000001,-58.64877977583334,11843.2855,unresolved,baseline::be1d75a0e47ff1c972865ba7::bias1_profiled_removal::sphere_rotating,bias1_profiled_removal,sphere_rotating,converged,2,436,1308,0.02366487343857126,0.008656466063053397,0.03021303822336262,0.017224463427919452,0.18068262126190834,0.03477800769259368,47.58080852523077,1,False,False,not_calibrated
baseline,be1d75a0e47ff1c972865ba7,ILVIS0_applanix_57315_610_LVIS_38614965.013,21,7.25,761.1450000000001,-58.64877977583334,11843.2855,unresolved,baseline::be1d75a0e47ff1c972865ba7::bias1_profiled_removal::sphere_still,bias1_profiled_removal,sphere_still,converged,16,436,1308,6.462603014909512,1.1297986328412455,64.85290879304907,33.3018605073999,1.6843800857997964,72.90345459697957,1.0068289574031988,1,False,False,not_calibrated
baseline,be1d75a0e47ff1c972865ba7,ILVIS0_applanix_57315_610_LVIS_38614965.013,21,7.25,761.1450000000001,-58.64877977583334,11843.2855,unresolved,baseline::be1d75a0e47ff1c972865ba7::bias1_profiled_removal::flat_still,bias1_profiled_removal,flat_still,unresolved,14,436,1308,1.9450510206484712,0.37095526749319113,1.6431596027567161,19.71598636619388,2.1625235404165073,19.784339561180065,1.08307908573012,1,False,False,not_calibrated
baseline,61e1b08da0912019eb521cd9,ILVIS0_applanix_57315_610_loaner_20Oct15LVIS.013,21,8.916666666666666,754.095,-60.94619842341667,11808.0635,unresolved,baseline::61e1b08da0912019eb521cd9::bias1_unsubtracted::sphere_rotating,bias1_unsubtracted,sphere_rotating,converged,2,536,1608,0.02891765249756144,0.00827284827714883,0.07750106580614324,0.06768126721725831,0.33733679117706333,0.10289397034434074,7.163237861009787,1,False,False,not_calibrated
baseline,61e1b08da0912019eb521cd9,ILVIS0_applanix_57315_610_loaner_20Oct15LVIS.013,21,8.916666666666666,754.095,-60.94619842341667,11808.0635,unresolved,baseline::61e1b08da0912019eb521cd9::bias1_unsubtracted::sphere_still,bias1_unsubtracted,sphere_still,unresolved,14,536,1608,2.0197256823358427,0.3792616420292883,19.208531842510283,7.514577188824396,0.5867046584055037,20.62611368802983,1.007949837385399,1,False,False,not_calibrated
baseline,61e1b08da0912019eb521cd9,ILVIS0_applanix_57315_610_loaner_20Oct15LVIS.013,21,8.916666666666666,754.095,-60.94619842341667,11808.0635,unresolved,baseline::61e1b08da0912019eb521cd9::bias1_unsubtracted::flat_still,bias1_unsubtracted,flat_still,converged,17,536,1608,4.468585047412731,0.7916169975565936,22.930409633922217,45.228548316522286,0.659574645968048,50.70922271933838,1.0008387066205695,1,False,False,not_calibrated
baseline,61e1b08da0912019eb521cd9,ILVIS0_applanix_57315_610_loaner_20Oct15LVIS.013,21,8.916666666666666,754.095,-60.94619842341667,11808.0635,unresolved,baseline::61e1b08da0912019eb521cd9::bias1_profiled_removal::sphere_rotating,bias1_profiled_removal,sphere_rotating,unresolved,2,536,1608,0.028918132366705516,0.008272864561110534,0.07750675500134746,0.06767483438063164,0.3373911493828134,0.10289402450718323,7.1621556543138505,1,False,False,not_calibrated
baseline,61e1b08da0912019eb521cd9,ILVIS0_applanix_57315_610_loaner_20Oct15LVIS.013,21,8.916666666666666,754.095,-60.94619842341667,11808.0635,unresolved,baseline::61e1b08da0912019eb521cd9::bias1_profiled_removal::sphere_still,bias1_profiled_removal,sphere_still,unresolved,15,536,1608,1.6858072240880075,0.3397650621280236,13.06587740964995,7.067887642344513,0.5151059680237435,14.855039152045583,1.0129394440382784,1,False,False,not_calibrated
baseline,61e1b08da0912019eb521cd9,ILVIS0_applanix_57315_610_loaner_20Oct15LVIS.013,21,8.916666666666666,754.095,-60.94619842341667,11808.0635,unresolved,baseline::61e1b08da0912019eb521cd9::bias1_profiled_removal::flat_still,bias1_profiled_removal,flat_still,unresolved,13,536,1608,2.706782496840499,0.535492605194141,22.16597994682941,11.20161154655938,0.5816550739021867,24.83559478335995,1.004291260415653,1,False,False,not_calibrated
baseline,ec6effbf9b2172b1389afc96,ILVIS0_applanix_57317_610_DMS_21Oct15DMS.013,21,6.1769639671217496,824.99,-60.3576545,12006.182,globe,baseline::ec6effbf9b2172b1389afc96::bias1_unsubtracted::sphere_rotating,bias1_unsubtracted,sphere_rotating,converged,3,371,1113,0.022253126356186263,0.006902313457808355,0.021798150894784877,0.022645791537690307,0.1164556711627965,0.03143232821157759,2.1123707485692034,1,False,False,not_calibrated
baseline,ec6effbf9b2172b1389afc96,ILVIS0_applanix_57317_610_DMS_21Oct15DMS.013,21,6.1769639671217496,824.99,-60.3576545,12006.182,globe,baseline::ec6effbf9b2172b1389afc96::bias1_unsubtracted::sphere_still,bias1_unsubtracted,sphere_still,converged,15,371,1113,4.466385392876088,0.8522128512562142,9.170940019012383,41.06114181507752,2.277348462869276,42.072835749331546,1.0000684784272416,1,False,False,not_calibrated
baseline,ec6effbf9b2172b1389afc96,ILVIS0_applanix_57317_610_DMS_21Oct15DMS.013,21,6.1769639671217496,824.99,-60.3576545,12006.182,globe,baseline::ec6effbf9b2172b1389afc96::bias1_unsubtracted::flat_still,bias1_unsubtracted,flat_still,converged,13,371,1113,6.211000935350458,1.2151252846817413,1.6380486946026966,58.86748516959889,1.9156380687928998,58.89027095980146,1.000010244856499,1,False,False,not_calibrated
baseline,ec6effbf9b2172b1389afc96,ILVIS0_applanix_57317_610_DMS_21Oct15DMS.013,21,6.1769639671217496,824.99,-60.3576545,12006.182,globe,baseline::ec6effbf9b2172b1389afc96::bias1_profiled_removal::sphere_rotating,bias1_profiled_removal,sphere_rotating,converged,3,371,1113,0.022131661575653865,0.0068768322846595896,0.0191562858731538,0.022937715180100005,0.1142336023217003,0.029884813302702463,2.1342205646743206,1,False,False,not_calibrated
baseline,ec6effbf9b2172b1389afc96,ILVIS0_applanix_57317_610_DMS_21Oct15DMS.013,21,6.1769639671217496,824.99,-60.3576545,12006.182,globe,baseline::ec6effbf9b2172b1389afc96::bias1_profiled_removal::sphere_still,bias1_profiled_removal,sphere_still,converged,16,371,1113,4.4663853928189585,0.8522128513870422,9.170941518348238,41.06114146035172,2.277348452486069,42.07283572995738,1.0000684782867333,1,False,False,not_calibrated
baseline,ec6effbf9b2172b1389afc96,ILVIS0_applanix_57317_610_DMS_21Oct15DMS.013,21,6.1769639671217496,824.99,-60.3576545,12006.182,globe,baseline::ec6effbf9b2172b1389afc96::bias1_profiled_removal::flat_still,bias1_profiled_removal,flat_still,converged,13,371,1113,6.20138784511184,1.2174212905825228,1.8312726229270941,58.225716307328476,1.97448253134366,58.25450711250572,1.0000122824716648,1,False,False,not_calibrated
baseline,c69d0a93113d86b5264f92eb,ILVIS0_applanix_57317_610_LVIS_38614965.013,21,7.183333333333334,726.545,-58.78513002633333,12077.086500000001,globe,baseline::c69d0a93113d86b5264f92eb::bias1_unsubtracted::sphere_rotating,bias1_unsubtracted,sphere_rotating,converged,3,432,1296,0.03588499317270555,0.013321411745599586,0.02839504876056808,0.04376921904446474,0.22990153524706775,0.05217301342530805,36.68874914911768,1,False,False,not_calibrated
baseline,c69d0a93113d86b5264f92eb,ILVIS0_applanix_57317_610_LVIS_38614965.013,21,7.183333333333334,726.545,-58.78513002633333,12077.086500000001,globe,baseline::c69d0a93113d86b5264f92eb::bias1_unsubtracted::sphere_still,bias1_unsubtracted,sphere_still,converged,15,432,1296,7.7627186366557135,1.401496123978311,24.75729217586971,76.5890693467609,6.192233744403851,80.49104956008667,1.002880547427332,1,False,False,not_calibrated
baseline,c69d0a93113d86b5264f92eb,ILVIS0_applanix_57317_610_LVIS_38614965.013,21,7.183333333333334,726.545,-58.78513002633333,12077.086500000001,globe,baseline::c69d0a93113d86b5264f92eb::bias1_unsubtracted::flat_still,bias1_unsubtracted,flat_still,converged,14,432,1296,1.9551134168009294,0.36703820436275936,9.269782176923764,17.15421727364879,3.8585492296224992,19.49861615292644,1.073434445239131,1,False,False,not_calibrated
baseline,c69d0a93113d86b5264f92eb,ILVIS0_applanix_57317_610_LVIS_38614965.013,21,7.183333333333334,726.545,-58.78513002633333,12077.086500000001,globe,baseline::c69d0a93113d86b5264f92eb::bias1_profiled_removal::sphere_rotating,bias1_profiled_removal,sphere_rotating,converged,4,432,1296,0.03588498870573257,0.013321412599292719,0.02839511321616107,0.04376865802784415,0.22988334461783858,0.05217257785577565,36.69136248766727,1,False,False,not_calibrated
baseline,c69d0a93113d86b5264f92eb,ILVIS0_applanix_57317_610_LVIS_38614965.013,21,7.183333333333334,726.545,-58.78513002633333,12077.086500000001,globe,baseline::c69d0a93113d86b5264f92eb::bias1_profiled_removal::sphere_still,bias1_profiled_removal,sphere_still,converged,16,432,1296,7.762718666259433,1.4015012210781448,24.765202042408525,76.58595438049298,6.1925938506673655,80.49051894833495,1.0028801846770774,1,False,False,not_calibrated
baseline,c69d0a93113d86b5264f92eb,ILVIS0_applanix_57317_610_LVIS_38614965.013,21,7.183333333333334,726.545,-58.78513002633333,12077.086500000001,globe,baseline::c69d0a93113d86b5264f92eb::bias1_profiled_removal::flat_still,bias1_profiled_removal,flat_still,converged,15,432,1296,1.9551134160554475,0.3670382284008694,9.26978924937299,17.15421145370876,3.8585527554744337,19.498614395036995,1.0734344383323038,1,False,False,not_calibrated
baseline,370cec66878c4c1cf84b4ceb,ILVIS0_applanix_57320_610_DMS_25Oct15DMS.013,21,9.216666666666667,816.905,-61.428536735416664,12166.2725,unresolved,baseline::370cec66878c4c1cf84b4ceb::bias1_unsubtracted::sphere_rotating,bias1_unsubtracted,sphere_rotating,converged,4,554,1662,0.038477277708025524,0.009493215225611105,0.07393927358685763,0.07106803889262982,0.9175066171645477,0.10255575230379096,1.7842633304544153,1,False,False,not_calibrated
baseline,370cec66878c4c1cf84b4ceb,ILVIS0_applanix_57320_610_DMS_25Oct15DMS.013,21,9.216666666666667,816.905,-61.428536735416664,12166.2725,unresolved,baseline::370cec66878c4c1cf84b4ceb::bias1_unsubtracted::sphere_still,bias1_unsubtracted,sphere_still,unresolved,12,554,1662,1.097668261874198,0.2141254094366067,9.369773277304015,4.9109837943238865,0.7448143238212699,10.578771814165965,1.0069424295411153,1,False,False,not_calibrated
baseline,370cec66878c4c1cf84b4ceb,ILVIS0_applanix_57320_610_DMS_25Oct15DMS.013,21,9.216666666666667,816.905,-61.428536735416664,12166.2725,unresolved,baseline::370cec66878c4c1cf84b4ceb::bias1_unsubtracted::flat_still,bias1_unsubtracted,flat_still,unresolved,15,554,1662,3.1651955546317363,0.5889460433747147,26.066316989655242,19.673546807307183,0.3957841438934407,32.65733187791826,1.0005752260736933,1,False,False,not_calibrated
baseline,370cec66878c4c1cf84b4ceb,ILVIS0_applanix_57320_610_DMS_25Oct15DMS.013,21,9.216666666666667,816.905,-61.428536735416664,12166.2725,unresolved,baseline::370cec66878c4c1cf84b4ceb::bias1_profiled_removal::sphere_rotating,bias1_profiled_removal,sphere_rotating,unresolved,5,554,1662,0.03852387612719034,0.009498671762041529,0.07394137596156004,0.07106417885139714,0.9192444504747928,0.10255459324141522,1.7851824848261832,1,False,False,not_calibrated
baseline,370cec66878c4c1cf84b4ceb,ILVIS0_applanix_57320_610_DMS_25Oct15DMS.013,21,9.216666666666667,816.905,-61.428536735416664,12166.2725,unresolved,baseline::370cec66878c4c1cf84b4ceb::bias1_profiled_removal::sphere_still,bias1_profiled_removal,sphere_still,unresolved,13,554,1662,1.0994088463097609,0.2144079111768851,9.387926606686571,4.922448917501776,0.8221249816551564,10.600173079622241,1.0073461585018801,1,False,False,not_calibrated
baseline,370cec66878c4c1cf84b4ceb,ILVIS0_applanix_57320_610_DMS_25Oct15DMS.013,21,9.216666666666667,816.905,-61.428536735416664,12166.2725,unresolved,baseline::370cec66878c4c1cf84b4ceb::bias1_profiled_removal::flat_still,bias1_profiled_removal,flat_still,converged,15,554,1662,2.3740583793017134,0.4576540259618185,22.505219717179067,6.789032147921483,0.9914465287621372,23.50693242479794,1.0014374112965172,1,False,False,not_calibrated
baseline,b4e44ddc0f130ecd45674c78,ILVIS0_applanix_57320_610_LVIS_38614965.013,21,7.216666666666667,824.94,-58.97049763433334,12244.49,unresolved,baseline::b4e44ddc0f130ecd45674c78::bias1_unsubtracted::sphere_rotating,bias1_unsubtracted,sphere_rotating,converged,2,434,1302,0.03251589951733626,0.010760396919377198,0.056516278569401036,0.0635135149585328,0.5592115792053672,0.08501797648569336,16.324509312221252,1,False,False,not_calibrated
baseline,b4e44ddc0f130ecd45674c78,ILVIS0_applanix_57320_610_LVIS_38614965.013,21,7.216666666666667,824.94,-58.97049763433334,12244.49,unresolved,baseline::b4e44ddc0f130ecd45674c78::bias1_unsubtracted::sphere_still,bias1_unsubtracted,sphere_still,converged,13,434,1302,1.2334883559046983,0.23293531735287648,11.643277618854412,5.554942025105321,0.3927623471782223,12.900515284747245,1.2256211519736577,1,False,False,not_calibrated
baseline,b4e44ddc0f130ecd45674c78,ILVIS0_applanix_57320_610_LVIS_38614965.013,21,7.216666666666667,824.94,-58.97049763433334,12244.49,unresolved,baseline::b4e44ddc0f130ecd45674c78::bias1_unsubtracted::flat_still,bias1_unsubtracted,flat_still,converged,16,434,1302,3.099479725513954,0.5672541223333061,23.220197569436788,23.64495906866205,0.3620809093139876,33.14003114848237,1.0342824291504467,1,False,False,not_calibrated
baseline,b4e44ddc0f130ecd45674c78,ILVIS0_applanix_57320_610_LVIS_38614965.013,21,7.216666666666667,824.94,-58.97049763433334,12244.49,unresolved,baseline::b4e44ddc0f130ecd45674c78::bias1_profiled_removal::sphere_rotating,bias1_profiled_removal,sphere_rotating,unresolved,3,434,1302,0.03253114699968971,0.010759260602805123,0.05673966974949422,0.06376139933353119,0.5621367153948971,0.08535166177791562,16.289782913707985,1,False,False,not_calibrated
baseline,b4e44ddc0f130ecd45674c78,ILVIS0_applanix_57320_610_LVIS_38614965.013,21,7.216666666666667,824.94,-58.97049763433334,12244.49,unresolved,baseline::b4e44ddc0f130ecd45674c78::bias1_profiled_removal::sphere_still,bias1_profiled_removal,sphere_still,converged,14,434,1302,1.2334889392919048,0.23293631358551864,11.644156709377874,5.552939040745481,0.39287799258746314,12.900446405562294,1.225613513642424,1,False,False,not_calibrated
baseline,b4e44ddc0f130ecd45674c78,ILVIS0_applanix_57320_610_LVIS_38614965.013,21,7.216666666666667,824.94,-58.97049763433334,12244.49,unresolved,baseline::b4e44ddc0f130ecd45674c78::bias1_profiled_removal::flat_still,bias1_profiled_removal,flat_still,converged,17,434,1302,2.241728853416442,0.4241943779766305,22.414705840267477,6.139798550180875,1.093974887277614,23.240399397224742,1.0768969230658212,1,False,False,not_calibrated
baseline,2eb8727803b318a39937e7ec,ILVIS0_applanix_57320_610_loaner_25Oct15LVIS.013,21,8.966666666666667,823.61,-60.87348464149999,12188.222,unresolved,baseline::2eb8727803b318a39937e7ec::bias1_unsubtracted::sphere_rotating,bias1_unsubtracted,sphere_rotating,unresolved,2,539,1617,0.02962907182713024,0.007773638598548591,0.05445513860695925,0.05969141769656518,0.7240075343184869,0.08079868481187648,4.181150055509377,1,False,False,not_calibrated
baseline,2eb8727803b318a39937e7ec,ILVIS0_applanix_57320_610_loaner_25Oct15LVIS.013,21,8.966666666666667,823.61,-60.87348464149999,12188.222,unresolved,baseline::2eb8727803b318a39937e7ec::bias1_unsubtracted::sphere_still,bias1_unsubtracted,sphere_still,converged,13,539,1617,0.723328902975522,0.1487159358544219,5.335707855996169,2.728866055088098,0.5211667108511646,5.993036648574019,1.1121856195649151,1,False,False,not_calibrated
baseline,2eb8727803b318a39937e7ec,ILVIS0_applanix_57320_610_loaner_25Oct15LVIS.013,21,8.966666666666667,823.61,-60.87348464149999,12188.222,unresolved,baseline::2eb8727803b318a39937e7ec::bias1_unsubtracted::flat_still,bias1_unsubtracted,flat_still,unresolved,15,539,1617,3.808696067409805,0.6413561792274636,12.268739649439379,43.220862609995635,0.8548994796884759,44.92844240943419,1.0015238695545523,1,False,False,not_calibrated
baseline,2eb8727803b318a39937e7ec,ILVIS0_applanix_57320_610_loaner_25Oct15LVIS.013,21,8.966666666666667,823.61,-60.87348464149999,12188.222,unresolved,baseline::2eb8727803b318a39937e7ec::bias1_profiled_removal::sphere_rotating,bias1_profiled_removal,sphere_rotating,unresolved,3,539,1617,0.02882017214471936,0.007711869531678593,0.042868152862530505,0.05807848575572652,0.6694790228660011,0.07218579526141837,4.429307538834314,1,False,False,not_calibrated
baseline,2eb8727803b318a39937e7ec,ILVIS0_applanix_57320_610_loaner_25Oct15LVIS.013,21,8.966666666666667,823.61,-60.87348464149999,12188.222,unresolved,baseline::2eb8727803b318a39937e7ec::bias1_profiled_removal::sphere_still,bias1_profiled_removal,sphere_still,unresolved,14,539,1617,0.7232805226145402,0.1487081043856486,5.335512908856794,2.7280707884971815,0.5065908111974922,5.992500999384908,1.1094978102851485,1,False,False,not_calibrated
baseline,2eb8727803b318a39937e7ec,ILVIS0_applanix_57320_610_loaner_25Oct15LVIS.013,21,8.966666666666667,823.61,-60.87348464149999,12188.222,unresolved,baseline::2eb8727803b318a39937e7ec::bias1_profiled_removal::flat_still,bias1_profiled_removal,flat_still,unresolved,11,539,1617,1.5069372136869452,0.3056978344663957,11.42259657459734,6.1409527508487285,0.9672152482868903,12.96869358085692,1.027928476798018,1,False,False,not_calibrated
baseline,2a56eb8fa7d4e10c9a867bb0,ILVIS0_applanix_57322_610_DMS_27Oct15bDMS.013,21,9.133333333333333,834.67,-62.24838946583334,11708.788,unresolved,baseline::2a56eb8fa7d4e10c9a867bb0::bias1_unsubtracted::sphere_rotating,bias1_unsubtracted,sphere_rotating,converged,2,549,1647,0.06081941875837096,0.01706896380890438,0.09290381345800701,0.07172750687216545,1.1751786695033415,0.11737100918513356,1.706156604776238,1,False,False,not_calibrated
baseline,2a56eb8fa7d4e10c9a867bb0,ILVIS0_applanix_57322_610_DMS_27Oct15bDMS.013,21,9.133333333333333,834.67,-62.24838946583334,11708.788,unresolved,baseline::2a56eb8fa7d4e10c9a867bb0::bias1_unsubtracted::sphere_still,bias1_unsubtracted,sphere_still,converged,13,549,1647,1.8343957574688026,0.33861773369252174,15.68115487298328,12.785911400301174,1.3991350274910574,20.233095375815306,1.0039761839502561,1,False,False,not_calibrated
baseline,2a56eb8fa7d4e10c9a867bb0,ILVIS0_applanix_57322_610_DMS_27Oct15bDMS.013,21,9.133333333333333,834.67,-62.24838946583334,11708.788,unresolved,baseline::2a56eb8fa7d4e10c9a867bb0::bias1_unsubtracted::flat_still,bias1_unsubtracted,flat_still,unresolved,14,549,1647,5.185683495909834,0.9183130694429201,45.98810072898277,38.224017255813195,0.5178691521144724,59.799505882839625,1.000205621487831,1,False,False,not_calibrated
baseline,2a56eb8fa7d4e10c9a867bb0,ILVIS0_applanix_57322_610_DMS_27Oct15bDMS.013,21,9.133333333333333,834.67,-62.24838946583334,11708.788,unresolved,baseline::2a56eb8fa7d4e10c9a867bb0::bias1_profiled_removal::sphere_rotating,bias1_profiled_removal,sphere_rotating,unresolved,2,549,1647,0.060730608881219256,0.017061996844204286,0.09142496784681728,0.07398716521094431,1.1699003764212046,0.11761218202951232,1.7056385937062648,1,False,False,not_calibrated
baseline,2a56eb8fa7d4e10c9a867bb0,ILVIS0_applanix_57322_610_DMS_27Oct15bDMS.013,21,9.133333333333333,834.67,-62.24838946583334,11708.788,unresolved,baseline::2a56eb8fa7d4e10c9a867bb0::bias1_profiled_removal::sphere_still,bias1_profiled_removal,sphere_still,unresolved,9,549,1647,1.8381155595860226,0.33926780856843824,15.635840963455838,12.917342603149569,1.242480780979948,20.281451194666186,1.001638988944346,1,False,False,not_calibrated
baseline,2a56eb8fa7d4e10c9a867bb0,ILVIS0_applanix_57322_610_DMS_27Oct15bDMS.013,21,9.133333333333333,834.67,-62.24838946583334,11708.788,unresolved,baseline::2a56eb8fa7d4e10c9a867bb0::bias1_profiled_removal::flat_still,bias1_profiled_removal,flat_still,unresolved,14,549,1647,4.006757998583161,0.7456585953430931,42.79294814314626,7.264800058432872,1.1293161457876246,43.4052269971142,1.00074304918562,1,False,False,not_calibrated
baseline,f5c1fca513b9b40dffba93eb,ILVIS0_applanix_57322_610_LVIS_38614965.013,21,4.507999993172901,842.84,-58.95859845483333,11872.788,unresolved,baseline::f5c1fca513b9b40dffba93eb::bias1_unsubtracted::sphere_rotating,bias1_unsubtracted,sphere_rotating,unresolved,2,271,813,0.04396096219120509,0.01792173095958045,0.028515008020286812,0.02952978597060182,0.0749949933595688,0.04105013936476432,42.34072144199312,1,False,False,not_calibrated
baseline,f5c1fca513b9b40dffba93eb,ILVIS0_applanix_57322_610_LVIS_38614965.013,21,4.507999993172901,842.84,-58.95859845483333,11872.788,unresolved,baseline::f5c1fca513b9b40dffba93eb::bias1_unsubtracted::sphere_still,bias1_unsubtracted,sphere_still,converged,16,271,813,1.592052188227563,0.3419972726053451,9.701707508781555,6.099388968678212,0.8355573027610437,11.45974146205672,1.0338743674895945,1,False,False,not_calibrated
baseline,f5c1fca513b9b40dffba93eb,ILVIS0_applanix_57322_610_LVIS_38614965.013,21,4.507999993172901,842.84,-58.95859845483333,11872.788,unresolved,baseline::f5c1fca513b9b40dffba93eb::bias1_unsubtracted::flat_still,bias1_unsubtracted,flat_still,converged,15,271,813,0.7672576236620248,0.15572091823710535,1.6222607741740225,6.2745011613207184,1.5678051545771643,6.48082516681624,1.1775870374603663,1,False,False,not_calibrated
baseline,f5c1fca513b9b40dffba93eb,ILVIS0_applanix_57322_610_LVIS_38614965.013,21,4.507999993172901,842.84,-58.95859845483333,11872.788,unresolved,baseline::f5c1fca513b9b40dffba93eb::bias1_profiled_removal::sphere_rotating,bias1_profiled_removal,sphere_rotating,unresolved,3,271,813,0.04397596935945119,0.0179282206211413,0.02870430283413875,0.02939528299781674,0.07405194621951987,0.04108551647132697,42.72067296517341,1,False,False,not_calibrated
baseline,f5c1fca513b9b40dffba93eb,ILVIS0_applanix_57322_610_LVIS_38614965.013,21,4.507999993172901,842.84,-58.95859845483333,11872.788,unresolved,baseline::f5c1fca513b9b40dffba93eb::bias1_profiled_removal::sphere_still,bias1_profiled_removal,sphere_still,converged,17,271,813,1.592052187399614,0.34199722899830504,9.701668964790384,6.099459864060449,0.8355575741415534,11.459746565071203,1.0338743078703174,1,False,False,not_calibrated
baseline,f5c1fca513b9b40dffba93eb,ILVIS0_applanix_57322_610_LVIS_38614965.013,21,4.507999993172901,842.84,-58.95859845483333,11872.788,unresolved,baseline::f5c1fca513b9b40dffba93eb::bias1_profiled_removal::flat_still,bias1_profiled_removal,flat_still,converged,11,271,813,0.37009554190393873,0.08667351608682093,0.7832373453076588,1.621355109639773,0.65866199190943,1.8006257608508185,2.235768257656426,1,False,False,not_calibrated
baseline,013fdb894ff28509889a8896,ILVIS0_applanix_57322_610_loaner_27Oct15bLVIS.013,21,8.916666666666666,834.495,-62.020158415500006,11720.36,unresolved,baseline::013fdb894ff28509889a8896::bias1_unsubtracted::sphere_rotating,bias1_unsubtracted,sphere_rotating,unresolved,2,536,1608,0.04697479750321739,0.01180847409669954,0.06655684064497386,0.04151037015424697,1.1389824825697132,0.0784405753866138,3.0604024535068053,1,False,False,not_calibrated
baseline,013fdb894ff28509889a8896,ILVIS0_applanix_57322_610_loaner_27Oct15bLVIS.013,21,8.916666666666666,834.495,-62.020158415500006,11720.36,unresolved,baseline::013fdb894ff28509889a8896::bias1_unsubtracted::sphere_still,bias1_unsubtracted,sphere_still,unresolved,11,536,1608,1.7638964532877617,0.3374791180811966,13.038104705607738,11.701220183476611,1.073120243065301,17.518867774390873,1.0167337922495245,1,False,False,not_calibrated
baseline,013fdb894ff28509889a8896,ILVIS0_applanix_57322_610_loaner_27Oct15bLVIS.013,21,8.916666666666666,834.495,-62.020158415500006,11720.36,unresolved,baseline::013fdb894ff28509889a8896::bias1_unsubtracted::flat_still,bias1_unsubtracted,flat_still,unresolved,14,536,1608,4.986124302419561,0.9065369454704802,40.631059721108244,35.411860433015256,0.4776023776763318,53.8969653448839,1.001266360358639,1,False,False,not_calibrated
baseline,013fdb894ff28509889a8896,ILVIS0_applanix_57322_610_loaner_27Oct15bLVIS.013,21,8.916666666666666,834.495,-62.020158415500006,11720.36,unresolved,baseline::013fdb894ff28509889a8896::bias1_profiled_removal::sphere_rotating,bias1_profiled_removal,sphere_rotating,unresolved,3,536,1608,0.047012839770389454,0.011810910716862098,0.06595936484195533,0.04071145232552508,1.1426053501767786,0.07751167757704432,3.0598491205995706,1,False,False,not_calibrated
baseline,013fdb894ff28509889a8896,ILVIS0_applanix_57322_610_loaner_27Oct15bLVIS.013,21,8.916666666666666,834.495,-62.020158415500006,11720.36,unresolved,baseline::013fdb894ff28509889a8896::bias1_profiled_removal::sphere_still,bias1_profiled_removal,sphere_still,unresolved,13,536,1608,1.7529121644329528,0.3355879292698153,13.140240681376142,11.385643133111978,1.0294142183123256,17.386741923634585,1.0167998942791834,1,False,False,not_calibrated
baseline,013fdb894ff28509889a8896,ILVIS0_applanix_57322_610_loaner_27Oct15bLVIS.013,21,8.916666666666666,834.495,-62.020158415500006,11720.36,unresolved,baseline::013fdb894ff28509889a8896::bias1_profiled_removal::flat_still,bias1_profiled_removal,flat_still,unresolved,14,536,1608,3.7437939045081845,0.7140710138427507,37.09536862781083,6.564142963051591,0.7334068776533537,37.671665034513026,1.0034909038618838,1,False,False,not_calibrated
baseline,5a642167dfb523f6c9cc284c,ILVIS0_applanix_57324_610_DMS_29Oct15DMS.013,21,9.2,879.91,-61.259749147166666,11763.267,unresolved,baseline::5a642167dfb523f6c9cc284c::bias1_unsubtracted::sphere_rotating,bias1_unsubtracted,sphere_rotating,unresolved,3,553,1659,0.037443570687250814,0.008887284550538634,0.10909698310990132,0.05655891134090662,0.8987394126875462,0.12288637913027883,1.5374034237009075,1,False,False,not_calibrated
baseline,5a642167dfb523f6c9cc284c,ILVIS0_applanix_57324_610_DMS_29Oct15DMS.013,21,9.2,879.91,-61.259749147166666,11763.267,unresolved,baseline::5a642167dfb523f6c9cc284c::bias1_unsubtracted::sphere_still,bias1_unsubtracted,sphere_still,converged,16,553,1659,7.569364650663526,1.2450796182051593,71.34372069031484,51.21228561886754,3.317889536248948,87.82155020407077,1.000086852161295,1,False,False,not_calibrated
baseline,5a642167dfb523f6c9cc284c,ILVIS0_applanix_57324_610_DMS_29Oct15DMS.013,21,9.2,879.91,-61.259749147166666,11763.267,unresolved,baseline::5a642167dfb523f6c9cc284c::bias1_unsubtracted::flat_still,bias1_unsubtracted,flat_still,converged,17,553,1659,4.098857018786078,0.7154353267706816,12.958790139352269,43.81038299269301,2.236759517308604,45.68675847378777,0.9999818499348695,1,False,False,not_calibrated
baseline,5a642167dfb523f6c9cc284c,ILVIS0_applanix_57324_610_DMS_29Oct15DMS.013,21,9.2,879.91,-61.259749147166666,11763.267,unresolved,baseline::5a642167dfb523f6c9cc284c::bias1_profiled_removal::sphere_rotating,bias1_profiled_removal,sphere_rotating,converged,2,553,1659,0.03704755920340188,0.008821906414851342,0.0830219691706138,0.05582468851281726,0.9145170841350478,0.1000452058447551,1.5281634074173005,1,False,False,not_calibrated
baseline,5a642167dfb523f6c9cc284c,ILVIS0_applanix_57324_610_DMS_29Oct15DMS.013,21,9.2,879.91,-61.259749147166666,11763.267,unresolved,baseline::5a642167dfb523f6c9cc284c::bias1_profiled_removal::sphere_still,bias1_profiled_removal,sphere_still,converged,17,553,1659,7.569364651720252,1.2450796198324232,71.34373640066754,51.212262573087784,3.3179178097250195,87.82154952779428,1.0000868597013908,1,False,False,not_calibrated
baseline,5a642167dfb523f6c9cc284c,ILVIS0_applanix_57324_610_DMS_29Oct15DMS.013,21,9.2,879.91,-61.259749147166666,11763.267,unresolved,baseline::5a642167dfb523f6c9cc284c::bias1_profiled_removal::flat_still,bias1_profiled_removal,flat_still,converged,18,553,1659,4.098857018782698,0.7154353267677944,12.95879013968153,43.81038299280515,2.236759517424527,45.6867584739887,0.9999818499393746,1,False,False,not_calibrated
baseline,c028fde63f91c3f1067df4ad,ILVIS0_applanix_57324_610_LVIS_38614965.013,21,5.892195471146261,835.035,-58.80884490666668,11880.473000000002,globe,baseline::c028fde63f91c3f1067df4ad::bias1_unsubtracted::sphere_rotating,bias1_unsubtracted,sphere_rotating,converged,3,354,1062,0.09689811079165422,0.03732335577092164,0.10884780632082101,0.04965436695512319,0.42532353793777056,0.11963862711753671,13.659398275278793,1,False,False,not_calibrated
baseline,c028fde63f91c3f1067df4ad,ILVIS0_applanix_57324_610_LVIS_38614965.013,21,5.892195471146261,835.035,-58.80884490666668,11880.473000000002,globe,baseline::c028fde63f91c3f1067df4ad::bias1_unsubtracted::sphere_still,bias1_unsubtracted,sphere_still,converged,16,354,1062,1.8494383824119152,0.3634481544202235,9.387581835599514,14.346715043482028,0.8671905547475155,17.145113742957538,1.0607614106135579,1,False,False,not_calibrated
baseline,c028fde63f91c3f1067df4ad,ILVIS0_applanix_57324_610_LVIS_38614965.013,21,5.892195471146261,835.035,-58.80884490666668,11880.473000000002,globe,baseline::c028fde63f91c3f1067df4ad::bias1_unsubtracted::flat_still,bias1_unsubtracted,flat_still,converged,16,354,1062,1.6582538145212595,0.3184042007785504,3.1123705972472786,15.707927175695898,1.4098499230343648,16.013301561251357,1.0680685597388968,1,False,False,not_calibrated
baseline,c028fde63f91c3f1067df4ad,ILVIS0_applanix_57324_610_LVIS_38614965.013,21,5.892195471146261,835.035,-58.80884490666668,11880.473000000002,globe,baseline::c028fde63f91c3f1067df4ad::bias1_profiled_removal::sphere_rotating,bias1_profiled_removal,sphere_rotating,converged,4,354,1062,0.09689826294321814,0.0373233717630848,0.10872463889349082,0.049636683799410844,0.4255274745970452,0.11951923477466994,13.657664554289374,1,False,False,not_calibrated
baseline,c028fde63f91c3f1067df4ad,ILVIS0_applanix_57324_610_LVIS_38614965.013,21,5.892195471146261,835.035,-58.80884490666668,11880.473000000002,globe,baseline::c028fde63f91c3f1067df4ad::bias1_profiled_removal::sphere_still,bias1_profiled_removal,sphere_still,converged,17,354,1062,1.8494383828727075,0.3634481544521403,9.387582071937963,14.346715343252797,0.8672351936075804,17.145114123204205,1.0607637428278922,1,False,False,not_calibrated
baseline,c028fde63f91c3f1067df4ad,ILVIS0_applanix_57324_610_LVIS_38614965.013,21,5.892195471146261,835.035,-58.80884490666668,11880.473000000002,globe,baseline::c028fde63f91c3f1067df4ad::bias1_profiled_removal::flat_still,bias1_profiled_removal,flat_still,converged,17,354,1062,1.6582538139967082,0.3184041988334862,3.1123721917918243,15.707927036111649,1.4098448289809944,16.01330173424726,1.068067600858007,1,False,False,not_calibrated
baseline,7ee5e21c025360c970124eeb,ILVIS0_applanix_57324_610_loaner_29Oct15LVIS.013,21,8.901859147763268,892.43,-60.6098620285,11798.681,unresolved,baseline::7ee5e21c025360c970124eeb::bias1_unsubtracted::sphere_rotating,bias1_unsubtracted,sphere_rotating,unresolved,1,535,1605,0.029118895223222724,0.0068191072561263714,0.04941006018099542,0.03534192895621169,0.7190436931899642,0.0607487118335484,5.717969242308627,1,False,False,not_calibrated
baseline,7ee5e21c025360c970124eeb,ILVIS0_applanix_57324_610_loaner_29Oct15LVIS.013,21,8.901859147763268,892.43,-60.6098620285,11798.681,unresolved,baseline::7ee5e21c025360c970124eeb::bias1_unsubtracted::sphere_still,bias1_unsubtracted,sphere_still,converged,16,535,1605,7.658650545943787,1.2518627108608793,72.70132127529739,53.25212757346589,2.7856957033152114,90.11809588686778,1.000841751093217,1,False,False,not_calibrated
baseline,7ee5e21c025360c970124eeb,ILVIS0_applanix_57324_610_loaner_29Oct15LVIS.013,21,8.901859147763268,892.43,-60.6098620285,11798.681,unresolved,baseline::7ee5e21c025360c970124eeb::bias1_unsubtracted::flat_still,bias1_unsubtracted,flat_still,converged,17,535,1605,4.778245577735509,0.7760634746272107,8.55017001404953,59.13499667473723,2.2231072731533237,59.74992250196091,1.0011805735275348,1,False,False,not_calibrated
baseline,7ee5e21c025360c970124eeb,ILVIS0_applanix_57324_610_loaner_29Oct15LVIS.013,21,8.901859147763268,892.43,-60.6098620285,11798.681,unresolved,baseline::7ee5e21c025360c970124eeb::bias1_profiled_removal::sphere_rotating,bias1_profiled_removal,sphere_rotating,unresolved,1,535,1605,0.029113493444588887,0.006821055579169746,0.04919406916379044,0.035078566144352195,0.7156382770936232,0.06041988285022977,5.729914710607852,1,False,False,not_calibrated
baseline,7ee5e21c025360c970124eeb,ILVIS0_applanix_57324_610_loaner_29Oct15LVIS.013,21,8.901859147763268,892.43,-60.6098620285,11798.681,unresolved,baseline::7ee5e21c025360c970124eeb::bias1_profiled_removal::sphere_still,bias1_profiled_removal,sphere_still,converged,17,535,1605,7.65865054677128,1.2518626988656278,72.70126855983298,53.25220132658489,2.7856955775744656,90.1180969413807,1.0008417515069297,1,False,False,not_calibrated
baseline,7ee5e21c025360c970124eeb,ILVIS0_applanix_57324_610_loaner_29Oct15LVIS.013,21,8.901859147763268,892.43,-60.6098620285,11798.681,unresolved,baseline::7ee5e21c025360c970124eeb::bias1_profiled_removal::flat_still,bias1_profiled_removal,flat_still,converged,18,535,1605,4.7782455777488515,0.7760634746174693,8.550170022447952,59.134996676298854,2.223107274605069,59.74992250470827,1.0011805735061887,1,False,False,not_calibrated
trial,570b37d23af5e245dd461051,ILVIS0_applanix_57300_610_LVIS_38614965.013,21,7.3,878.06,-58.8804048835,11969.579,globe,trial::570b37d23af5e245dd461051::bias1_unsubtracted::sphere_rotating,bias1_unsubtracted,sphere_rotating,converged,3,439,1317,0.0418899205640183,0.014703124725103373,0.05744282513628846,0.05673715794990889,0.6965425291419014,0.08073898223207376,13.34976998851505,1,False,False,not_calibrated
trial,570b37d23af5e245dd461051,ILVIS0_applanix_57300_610_LVIS_38614965.013,21,7.3,878.06,-58.8804048835,11969.579,globe,trial::570b37d23af5e245dd461051::bias1_unsubtracted::sphere_still,bias1_unsubtracted,sphere_still,converged,14,439,1317,2.8566107417093454,0.5438818861675218,23.357233059108783,17.18129690330679,0.9355893650715376,28.995815205941422,1.0506480396547844,1,False,False,not_calibrated
trial,570b37d23af5e245dd461051,ILVIS0_applanix_57300_610_LVIS_38614965.013,21,7.3,878.06,-58.8804048835,11969.579,globe,trial::570b37d23af5e245dd461051::bias1_unsubtracted::flat_still,bias1_unsubtracted,flat_still,converged,15,439,1317,6.1185579294792065,1.1536969646666846,58.276078683408755,25.35018479898114,1.4943481324840906,63.55102844216876,1.0108416797501123,1,False,False,not_calibrated
trial,570b37d23af5e245dd461051,ILVIS0_applanix_57300_610_LVIS_38614965.013,21,7.3,878.06,-58.8804048835,11969.579,globe,trial::570b37d23af5e245dd461051::bias1_profiled_removal::sphere_rotating,bias1_profiled_removal,sphere_rotating,converged,4,439,1317,0.041889920566657926,0.01470312474433261,0.057442824914026594,0.05673715806045467,0.696542528105196,0.08073898215162569,13.349770006695948,1,False,False,not_calibrated
trial,570b37d23af5e245dd461051,ILVIS0_applanix_57300_610_LVIS_38614965.013,21,7.3,878.06,-58.8804048835,11969.579,globe,trial::570b37d23af5e245dd461051::bias1_profiled_removal::sphere_still,bias1_profiled_removal,sphere_still,converged,15,439,1317,2.856610741724241,0.5438818861246071,23.357233043356302,17.181296915513883,0.9355893638086217,28.99581520048544,1.05064803932079,1,False,False,not_calibrated
trial,570b37d23af5e245dd461051,ILVIS0_applanix_57300_610_LVIS_38614965.013,21,7.3,878.06,-58.8804048835,11969.579,globe,trial::570b37d23af5e245dd461051::bias1_profiled_removal::flat_still,bias1_profiled_removal,flat_still,converged,15,439,1317,5.89559693584649,1.1217437384061923,58.56326486642846,15.25358621781382,1.6452612051007682,60.51717016120081,1.012346197474726,1,False,False,not_calibrated
trial,b4e44ddc0f130ecd45674c78,ILVIS0_applanix_57320_610_LVIS_38614965.013,21,7.216666666666667,824.94,-58.97049763433334,12244.49,unresolved,trial::b4e44ddc0f130ecd45674c78::bias1_unsubtracted::sphere_rotating,bias1_unsubtracted,sphere_rotating,converged,2,434,1302,0.03251589951733626,0.010760396919377198,0.056516278569401036,0.0635135149585328,0.5592115792053672,0.08501797648569336,16.324509312221252,1,False,False,not_calibrated
trial,b4e44ddc0f130ecd45674c78,ILVIS0_applanix_57320_610_LVIS_38614965.013,21,7.216666666666667,824.94,-58.97049763433334,12244.49,unresolved,trial::b4e44ddc0f130ecd45674c78::bias1_unsubtracted::sphere_still,bias1_unsubtracted,sphere_still,converged,13,434,1302,1.2334883559046983,0.23293531735287648,11.643277618854412,5.554942025105321,0.3927623471782223,12.900515284747245,1.2256211519736577,1,False,False,not_calibrated
trial,b4e44ddc0f130ecd45674c78,ILVIS0_applanix_57320_610_LVIS_38614965.013,21,7.216666666666667,824.94,-58.97049763433334,12244.49,unresolved,trial::b4e44ddc0f130ecd45674c78::bias1_unsubtracted::flat_still,bias1_unsubtracted,flat_still,converged,16,434,1302,3.099479725513954,0.5672541223333061,23.220197569436788,23.64495906866205,0.3620809093139876,33.14003114848237,1.0342824291504467,1,False,False,not_calibrated
trial,b4e44ddc0f130ecd45674c78,ILVIS0_applanix_57320_610_LVIS_38614965.013,21,7.216666666666667,824.94,-58.97049763433334,12244.49,unresolved,trial::b4e44ddc0f130ecd45674c78::bias1_profiled_removal::sphere_rotating,bias1_profiled_removal,sphere_rotating,unresolved,3,434,1302,0.032531474675028864,0.01075982055409155,0.05673944705230477,0.06376433246320545,0.5587895730303348,0.08535370493586962,16.369084258879628,1,False,False,not_calibrated
trial,b4e44ddc0f130ecd45674c78,ILVIS0_applanix_57320_610_LVIS_38614965.013,21,7.216666666666667,824.94,-58.97049763433334,12244.49,unresolved,trial::b4e44ddc0f130ecd45674c78::bias1_profiled_removal::sphere_still,bias1_profiled_removal,sphere_still,unresolved,14,434,1302,1.2334889392919048,0.23293631358551864,11.644156709377874,5.552939040745481,0.39287799258746314,12.900446405562294,1.225613513642424,1,False,False,not_calibrated
trial,b4e44ddc0f130ecd45674c78,ILVIS0_applanix_57320_610_LVIS_38614965.013,21,7.216666666666667,824.94,-58.97049763433334,12244.49,unresolved,trial::b4e44ddc0f130ecd45674c78::bias1_profiled_removal::flat_still,bias1_profiled_removal,flat_still,converged,17,434,1302,2.241728853416442,0.4241943779766305,22.414705840267477,6.139798550180875,1.093974887277614,23.240399397224742,1.0768969230658212,1,False,False,not_calibrated
