study,model,case_id,scope,parameter_a,parameter_b,fits,spearman_rho
baseline,flat_still,bias1_profiled_removal,all_saved,accel_bias_x,accel_bias_y,53,-0.06883255504666971
baseline,flat_still,bias1_profiled_removal,all_saved,accel_bias_x,accel_bias_z,53,0.21025748517512027
baseline,flat_still,bias1_profiled_removal,all_saved,accel_bias_x,accel_gain_x,53,0.06859133121708916
baseline,flat_still,bias1_profiled_removal,all_saved,accel_bias_x,accel_gain_y,53,-0.059833251593918585
baseline,flat_still,bias1_profiled_removal,all_saved,accel_bias_x,accel_gain_z,53,0.15461296949583345
baseline,flat_still,bias1_profiled_removal,all_saved,accel_bias_x,attitude_x,53,0.06114918086169619
baseline,flat_still,bias1_profiled_removal,all_saved,accel_bias_x,attitude_y,53,-0.7010778443184063
baseline,flat_still,bias1_profiled_removal,all_saved,accel_bias_x,attitude_z,53,0.05916058961416135
baseline,flat_still,bias1_profiled_removal,all_saved,accel_bias_x,earth_removal,53,0.23354587059387735
baseline,flat_still,bias1_profiled_removal,all_saved,accel_bias_x,gravity_delta,53,0.1427574225863354
baseline,flat_still,bias1_profiled_removal,all_saved,accel_bias_x,gyro_bias_x,53,0.2994508860385328
baseline,flat_still,bias1_profiled_removal,all_saved,accel_bias_x,gyro_bias_y,53,0.037843581164648574
baseline,flat_still,bias1_profiled_removal,all_saved,accel_bias_x,gyro_bias_z,53,0.45460253541556034
baseline,flat_still,bias1_profiled_removal,all_saved,accel_bias_x,gyro_gain_x,53,-0.31927082295265885
baseline,flat_still,bias1_profiled_removal,all_saved,accel_bias_x,gyro_gain_y,53,0.05525821771731113
baseline,flat_still,bias1_profiled_removal,all_saved,accel_bias_x,gyro_gain_z,53,
baseline,flat_still,bias1_profiled_removal,all_saved,accel_bias_x,lever_x,53,0.39735651422473206
baseline,flat_still,bias1_profiled_removal,all_saved,accel_bias_x,lever_y,53,-0.19843845766977286
baseline,flat_still,bias1_profiled_removal,all_saved,accel_bias_x,lever_z,53,0.002475975788640568
baseline,flat_still,bias1_profiled_removal,all_saved,accel_bias_x,position_x,53,0.22192678322488765
baseline,flat_still,bias1_profiled_removal,all_saved,accel_bias_x,position_y,53,0.27830199800716166
baseline,flat_still,bias1_profiled_removal,all_saved,accel_bias_x,position_z,53,-0.04444501438240357
baseline,flat_still,bias1_profiled_removal,all_saved,accel_bias_x,time_offset,53,0.22147721886106103
baseline,flat_still,bias1_profiled_removal,all_saved,accel_bias_x,velocity_x,53,-0.024857390594185444
baseline,flat_still,bias1_profiled_removal,all_saved,accel_bias_x,velocity_y,53,-0.17579501000046918
baseline,flat_still,bias1_profiled_removal,all_saved,accel_bias_x,velocity_z,53,-0.16485421442063786
baseline,flat_still,bias1_profiled_removal,all_saved,accel_bias_y,accel_bias_z,53,0.21136722749101666
baseline,flat_still,bias1_profiled_removal,all_saved,accel_bias_y,accel_gain_x,53,0.6251045932516018
baseline,flat_still,bias1_profiled_removal,all_saved,accel_bias_y,accel_gain_y,53,0.27685731877851133
baseline,flat_still,bias1_profiled_removal,all_saved,accel_bias_y,accel_gain_z,53,0.20571146872820623
baseline,flat_still,bias1_profiled_removal,all_saved,accel_bias_y,attitude_x,53,0.5224199841280421
baseline,flat_still,bias1_profiled_removal,all_saved,accel_bias_y,attitude_y,53,-0.1387463083395371
baseline,flat_still,bias1_profiled_removal,all_saved,accel_bias_y,attitude_z,53,0.4079370797923448
baseline,flat_still,bias1_profiled_removal,all_saved,accel_bias_y,earth_removal,53,0.5683463545577716
baseline,flat_still,bias1_profiled_removal,all_saved,accel_bias_y,gravity_delta,53,0.15939248334331468
baseline,flat_still,bias1_profiled_removal,all_saved,accel_bias_y,gyro_bias_x,53,0.14598187473985025
baseline,flat_still,bias1_profiled_removal,all_saved,accel_bias_y,gyro_bias_y,53,0.669767308175543
baseline,flat_still,bias1_profiled_removal,all_saved,accel_bias_y,gyro_bias_z,53,0.16266971203692077
baseline,flat_still,bias1_profiled_removal,all_saved,accel_bias_y,gyro_gain_x,53,-0.055229489512778014
baseline,flat_still,bias1_profiled_removal,all_saved,accel_bias_y,gyro_gain_y,53,-0.5257953469756184
baseline,flat_still,bias1_profiled_removal,all_saved,accel_bias_y,gyro_gain_z,53,
baseline,flat_still,bias1_profiled_removal,all_saved,accel_bias_y,lever_x,53,0.2087243652960529
baseline,flat_still,bias1_profiled_removal,all_saved,accel_bias_y,lever_y,53,0.031103754850989856
baseline,flat_still,bias1_profiled_removal,all_saved,accel_bias_y,lever_z,53,0.23461308860703528
baseline,flat_still,bias1_profiled_removal,all_saved,accel_bias_y,position_x,53,0.35381455290287245
baseline,flat_still,bias1_profiled_removal,all_saved,accel_bias_y,position_y,53,0.5996196006416512
baseline,flat_still,bias1_profiled_removal,all_saved,accel_bias_y,position_z,53,0.050866001966461696
baseline,flat_still,bias1_profiled_removal,all_saved,accel_bias_y,time_offset,53,0.2954761867624514
baseline,flat_still,bias1_profiled_removal,all_saved,accel_bias_y,velocity_x,53,-0.12819700225091113
baseline,flat_still,bias1_profiled_removal,all_saved,accel_bias_y,velocity_y,53,-0.5226139853001823
baseline,flat_still,bias1_profiled_removal,all_saved,accel_bias_y,velocity_z,53,-0.012292234920659815
baseline,flat_still,bias1_profiled_removal,all_saved,accel_bias_z,accel_gain_x,53,0.24233162419618673
baseline,flat_still,bias1_profiled_removal,all_saved,accel_bias_z,accel_gain_y,53,0.05796842509467907
baseline,flat_still,bias1_profiled_removal,all_saved,accel_bias_z,accel_gain_z,53,0.9470156396236558
baseline,flat_still,bias1_profiled_removal,all_saved,accel_bias_z,attitude_x,53,0.25469990624243327
baseline,flat_still,bias1_profiled_removal,all_saved,accel_bias_z,attitude_y,53,-0.4150063700373275
baseline,flat_still,bias1_profiled_removal,all_saved,accel_bias_z,attitude_z,53,0.056502823732382204
baseline,flat_still,bias1_profiled_removal,all_saved,accel_bias_z,earth_removal,53,0.324471408656841
baseline,flat_still,bias1_profiled_removal,all_saved,accel_bias_z,gravity_delta,53,0.10895040623397312
baseline,flat_still,bias1_profiled_removal,all_saved,accel_bias_z,gyro_bias_x,53,0.11791021176067772
baseline,flat_still,bias1_profiled_removal,all_saved,accel_bias_z,gyro_bias_y,53,0.16036448861189054
baseline,flat_still,bias1_profiled_removal,all_saved,accel_bias_z,gyro_bias_z,53,0.2882291274842544
baseline,flat_still,bias1_profiled_removal,all_saved,accel_bias_z,gyro_gain_x,53,-0.18718112106702647
baseline,flat_still,bias1_profiled_removal,all_saved,accel_bias_z,gyro_gain_y,53,-0.14996402815215565
baseline,flat_still,bias1_profiled_removal,all_saved,accel_bias_z,gyro_gain_z,53,
baseline,flat_still,bias1_profiled_removal,all_saved,accel_bias_z,lever_x,53,0.21315464355053965
baseline,flat_still,bias1_profiled_removal,all_saved,accel_bias_z,lever_y,53,-0.18550588794067724
baseline,flat_still,bias1_profiled_removal,all_saved,accel_bias_z,lever_z,53,0.03970573479213765
baseline,flat_still,bias1_profiled_removal,all_saved,accel_bias_z,position_x,53,0.2507859302432852
baseline,flat_still,bias1_profiled_removal,all_saved,accel_bias_z,position_y,53,0.3307480503161576
baseline,flat_still,bias1_profiled_removal,all_saved,accel_bias_z,position_z,53,0.15431058566853975
baseline,flat_still,bias1_profiled_removal,all_saved,accel_bias_z,time_offset,53,0.21810309363879465
baseline,flat_still,bias1_profiled_removal,all_saved,accel_bias_z,velocity_x,53,-0.12154144618631073
baseline,flat_still,bias1_profiled_removal,all_saved,accel_bias_z,velocity_y,53,-0.3911556566700083
baseline,flat_still,bias1_profiled_removal,all_saved,accel_bias_z,velocity_z,53,-0.05175608688235157
baseline,flat_still,bias1_profiled_removal,all_saved,accel_gain_x,accel_gain_y,53,0.26035325720621655
baseline,flat_still,bias1_profiled_removal,all_saved,accel_gain_x,accel_gain_z,53,0.16283985743391205
baseline,flat_still,bias1_profiled_removal,all_saved,accel_gain_x,attitude_x,53,0.20939171313252056
baseline,flat_still,bias1_profiled_removal,all_saved,accel_gain_x,attitude_y,53,-0.32677936500243693
baseline,flat_still,bias1_profiled_removal,all_saved,accel_gain_x,attitude_z,53,0.5455181042791662
baseline,flat_still,bias1_profiled_removal,all_saved,accel_gain_x,earth_removal,53,0.7787087775334135
baseline,flat_still,bias1_profiled_removal,all_saved,accel_gain_x,gravity_delta,53,0.5203722739806155
baseline,flat_still,bias1_profiled_removal,all_saved,accel_gain_x,gyro_bias_x,53,-0.14181880027428664
baseline,flat_still,bias1_profiled_removal,all_saved,accel_gain_x,gyro_bias_y,53,0.749528141201822
baseline,flat_still,bias1_profiled_removal,all_saved,accel_gain_x,gyro_bias_z,53,0.17228938076701195
baseline,flat_still,bias1_profiled_removal,all_saved,accel_gain_x,gyro_gain_x,53,0.06620632895392452
baseline,flat_still,bias1_profiled_removal,all_saved,accel_gain_x,gyro_gain_y,53,-0.8012342590211526
baseline,flat_still,bias1_profiled_removal,all_saved,accel_gain_x,gyro_gain_z,53,
baseline,flat_still,bias1_profiled_removal,all_saved,accel_gain_x,lever_x,53,0.09985753564453274
baseline,flat_still,bias1_profiled_removal,all_saved,accel_gain_x,lever_y,53,-0.06758209962805481
baseline,flat_still,bias1_profiled_removal,all_saved,accel_gain_x,lever_z,53,0.17839398662462358
baseline,flat_still,bias1_profiled_removal,all_saved,accel_gain_x,position_x,53,0.48109693389309977
baseline,flat_still,bias1_profiled_removal,all_saved,accel_gain_x,position_y,53,0.7188226243487243
baseline,flat_still,bias1_profiled_removal,all_saved,accel_gain_x,position_z,53,0.11903712707183554
baseline,flat_still,bias1_profiled_removal,all_saved,accel_gain_x,time_offset,53,0.5251917357756983
baseline,flat_still,bias1_profiled_removal,all_saved,accel_gain_x,velocity_x,53,-0.18272519736816017
baseline,flat_still,bias1_profiled_removal,all_saved,accel_gain_x,velocity_y,53,-0.6809720730589585
baseline,flat_still,bias1_profiled_removal,all_saved,accel_gain_x,velocity_z,53,-0.18464958510373258
baseline,flat_still,bias1_profiled_removal,all_saved,accel_gain_y,accel_gain_z,53,0.040567261449710644
baseline,flat_still,bias1_profiled_removal,all_saved,accel_gain_y,attitude_x,53,0.07467160134493307
baseline,flat_still,bias1_profiled_removal,all_saved,accel_gain_y,attitude_y,53,-0.1033073153094347
baseline,flat_still,bias1_profiled_removal,all_saved,accel_gain_y,attitude_z,53,0.26259347423697504
baseline,flat_still,bias1_profiled_removal,all_saved,accel_gain_y,earth_removal,53,0.2923813602494312
baseline,flat_still,bias1_profiled_removal,all_saved,accel_gain_y,gravity_delta,53,0.31260962129619974
baseline,flat_still,bias1_profiled_removal,all_saved,accel_gain_y,gyro_bias_x,53,0.07737810895235687
baseline,flat_still,bias1_profiled_removal,all_saved,accel_gain_y,gyro_bias_y,53,0.23619016763524178
baseline,flat_still,bias1_profiled_removal,all_saved,accel_gain_y,gyro_bias_z,53,0.10196692383152754
baseline,flat_still,bias1_profiled_removal,all_saved,accel_gain_y,gyro_gain_x,53,0.12770832918106356
baseline,flat_still,bias1_profiled_removal,all_saved,accel_gain_y,gyro_gain_y,53,-0.3145192952401265
baseline,flat_still,bias1_profiled_removal,all_saved,accel_gain_y,gyro_gain_z,53,
baseline,flat_still,bias1_profiled_removal,all_saved,accel_gain_y,lever_x,53,-0.05735406710949748
baseline,flat_still,bias1_profiled_removal,all_saved,accel_gain_y,lever_y,53,0.050110721633781025
baseline,flat_still,bias1_profiled_removal,all_saved,accel_gain_y,lever_z,53,-0.0694729677165618
baseline,flat_still,bias1_profiled_removal,all_saved,accel_gain_y,position_x,53,0.0640326381706217
baseline,flat_still,bias1_profiled_removal,all_saved,accel_gain_y,position_y,53,0.17041560830708602
baseline,flat_still,bias1_profiled_removal,all_saved,accel_gain_y,position_z,53,0.09714268244207672
baseline,flat_still,bias1_profiled_removal,all_saved,accel_gain_y,time_offset,53,0.15146618311166787
baseline,flat_still,bias1_profiled_removal,all_saved,accel_gain_y,velocity_x,53,0.038280381515045585
baseline,flat_still,bias1_profiled_removal,all_saved,accel_gain_y,velocity_y,53,-0.2808941760471298
baseline,flat_still,bias1_profiled_removal,all_saved,accel_gain_y,velocity_z,53,0.1309487336501689
baseline,flat_still,bias1_profiled_removal,all_saved,accel_gain_z,attitude_x,53,0.373326882760845
baseline,flat_still,bias1_profiled_removal,all_saved,accel_gain_z,attitude_y,53,-0.28027737461699725
baseline,flat_still,bias1_profiled_removal,all_saved,accel_gain_z,attitude_z,53,-0.06531204644412192
baseline,flat_still,bias1_profiled_removal,all_saved,accel_gain_z,earth_removal,53,0.2393569420066276
baseline,flat_still,bias1_profiled_removal,all_saved,accel_gain_z,gravity_delta,53,-0.09745840877708467
baseline,flat_still,bias1_profiled_removal,all_saved,accel_gain_z,gyro_bias_x,53,0.17555637203723112
baseline,flat_still,bias1_profiled_removal,all_saved,accel_gain_z,gyro_bias_y,53,0.1021410142229598
baseline,flat_still,bias1_profiled_removal,all_saved,accel_gain_z,gyro_bias_z,53,0.2652965156491403
baseline,flat_still,bias1_profiled_removal,all_saved,accel_gain_z,gyro_gain_x,53,-0.18123831538881072
baseline,flat_still,bias1_profiled_removal,all_saved,accel_gain_z,gyro_gain_y,53,-0.0799170860404098
baseline,flat_still,bias1_profiled_removal,all_saved,accel_gain_z,gyro_gain_z,53,
baseline,flat_still,bias1_profiled_removal,all_saved,accel_gain_z,lever_x,53,0.18470747597973408
baseline,flat_still,bias1_profiled_removal,all_saved,accel_gain_z,lever_y,53,-0.19370381969288641
baseline,flat_still,bias1_profiled_removal,all_saved,accel_gain_z,lever_z,53,0.08220523153610067
baseline,flat_still,bias1_profiled_removal,all_saved,accel_gain_z,position_x,53,0.26350588614739556
baseline,flat_still,bias1_profiled_removal,all_saved,accel_gain_z,position_y,53,0.29049116444470596
baseline,flat_still,bias1_profiled_removal,all_saved,accel_gain_z,position_z,53,0.14763747782615708
baseline,flat_still,bias1_profiled_removal,all_saved,accel_gain_z,time_offset,53,0.25585268231690506
baseline,flat_still,bias1_profiled_removal,all_saved,accel_gain_z,velocity_x,53,-0.2055313659087244
baseline,flat_still,bias1_profiled_removal,all_saved,accel_gain_z,velocity_y,53,-0.3602717359169323
baseline,flat_still,bias1_profiled_removal,all_saved,accel_gain_z,velocity_z,53,-0.040074181583615545
baseline,flat_still,bias1_profiled_removal,all_saved,attitude_x,attitude_y,53,0.054910498306724724
baseline,flat_still,bias1_profiled_removal,all_saved,attitude_x,attitude_z,53,-0.2824544428318013
baseline,flat_still,bias1_profiled_removal,all_saved,attitude_x,earth_removal,53,0.16913439088500773
baseline,flat_still,bias1_profiled_removal,all_saved,attitude_x,gravity_delta,53,-0.12013963845611528
baseline,flat_still,bias1_profiled_removal,all_saved,attitude_x,gyro_bias_x,53,0.41379757186200916
baseline,flat_still,bias1_profiled_removal,all_saved,attitude_x,gyro_bias_y,53,0.17706004254521335
baseline,flat_still,bias1_profiled_removal,all_saved,attitude_x,gyro_bias_z,53,0.20672455764868075
baseline,flat_still,bias1_profiled_removal,all_saved,attitude_x,gyro_gain_x,53,-0.24596628517052882
baseline,flat_still,bias1_profiled_removal,all_saved,attitude_x,gyro_gain_y,53,-0.06036033688852704
baseline,flat_still,bias1_profiled_removal,all_saved,attitude_x,gyro_gain_z,53,
baseline,flat_still,bias1_profiled_removal,all_saved,attitude_x,lever_x,53,0.1176626734265938
baseline,flat_still,bias1_profiled_removal,all_saved,attitude_x,lever_y,53,-0.039869574076647714
baseline,flat_still,bias1_profiled_removal,all_saved,attitude_x,lever_z,53,0.3974433967226706
baseline,flat_still,bias1_profiled_removal,all_saved,attitude_x,position_x,53,0.19730688598613128
baseline,flat_still,bias1_profiled_removal,all_saved,attitude_x,position_y,53,0.25269302808318445
baseline,flat_still,bias1_profiled_removal,all_saved,attitude_x,position_z,53,0.09732301241735204
baseline,flat_still,bias1_profiled_removal,all_saved,attitude_x,time_offset,53,0.29979892895953136
baseline,flat_still,bias1_profiled_removal,all_saved,attitude_x,velocity_x,53,-0.05716819867763264
baseline,flat_still,bias1_profiled_removal,all_saved,attitude_x,velocity_y,53,-0.3382990304475133
baseline,flat_still,bias1_profiled_removal,all_saved,attitude_x,velocity_z,53,-0.08692146427995484
baseline,flat_still,bias1_profiled_removal,all_saved,attitude_y,attitude_z,53,-0.2994678277697146
baseline,flat_still,bias1_profiled_removal,all_saved,attitude_y,earth_removal,53,-0.5158775471461301
baseline,flat_still,bias1_profiled_removal,all_saved,attitude_y,gravity_delta,53,-0.3851083789252073
baseline,flat_still,bias1_profiled_removal,all_saved,attitude_y,gyro_bias_x,53,-0.26925982845105384
baseline,flat_still,bias1_profiled_removal,all_saved,attitude_y,gyro_bias_y,53,-0.18450977706881455
baseline,flat_still,bias1_profiled_removal,all_saved,attitude_y,gyro_bias_z,53,-0.43756698035637426
baseline,flat_still,bias1_profiled_removal,all_saved,attitude_y,gyro_gain_x,53,0.22007509725784158
baseline,flat_still,bias1_profiled_removal,all_saved,attitude_y,gyro_gain_y,53,0.19194587130551596
baseline,flat_still,bias1_profiled_removal,all_saved,attitude_y,gyro_gain_z,53,
baseline,flat_still,bias1_profiled_removal,all_saved,attitude_y,lever_x,53,-0.3125892289977609
baseline,flat_still,bias1_profiled_removal,all_saved,attitude_y,lever_y,53,0.21876340475805003
baseline,flat_still,bias1_profiled_removal,all_saved,attitude_y,lever_z,53,-0.03673251006857372
baseline,flat_still,bias1_profiled_removal,all_saved,attitude_y,position_x,53,-0.3372843089824222
baseline,flat_still,bias1_profiled_removal,all_saved,attitude_y,position_y,53,-0.4126896187288188
baseline,flat_still,bias1_profiled_removal,all_saved,attitude_y,position_z,53,0.030962747943880018
baseline,flat_still,bias1_profiled_removal,all_saved,attitude_y,time_offset,53,-0.21409010010372603
baseline,flat_still,bias1_profiled_removal,all_saved,attitude_y,velocity_x,53,0.15618448637316562
baseline,flat_still,bias1_profiled_removal,all_saved,attitude_y,velocity_y,53,0.3735359929801228
baseline,flat_still,bias1_profiled_removal,all_saved,attitude_y,velocity_z,53,0.16069988711498145
baseline,flat_still,bias1_profiled_removal,all_saved,attitude_z,earth_removal,53,0.6389325267357443
baseline,flat_still,bias1_profiled_removal,all_saved,attitude_z,gravity_delta,53,0.48516567860301424
baseline,flat_still,bias1_profiled_removal,all_saved,attitude_z,gyro_bias_x,53,-0.3950827834006444
baseline,flat_still,bias1_profiled_removal,all_saved,attitude_z,gyro_bias_y,53,0.7030862657934563
baseline,flat_still,bias1_profiled_removal,all_saved,attitude_z,gyro_bias_z,53,0.017227046470723397
baseline,flat_still,bias1_profiled_removal,all_saved,attitude_z,gyro_gain_x,53,0.10356475165074898
baseline,flat_still,bias1_profiled_removal,all_saved,attitude_z,gyro_gain_y,53,-0.6827961308830178
baseline,flat_still,bias1_profiled_removal,all_saved,attitude_z,gyro_gain_z,53,
baseline,flat_still,bias1_profiled_removal,all_saved,attitude_z,lever_x,53,0.1298873667696165
baseline,flat_still,bias1_profiled_removal,all_saved,attitude_z,lever_y,53,0.008895023887995016
baseline,flat_still,bias1_profiled_removal,all_saved,attitude_z,lever_z,53,-0.014527648676638479
baseline,flat_still,bias1_profiled_removal,all_saved,attitude_z,position_x,53,0.2677793904208999
baseline,flat_still,bias1_profiled_removal,all_saved,attitude_z,position_y,53,0.5945693409521762
baseline,flat_still,bias1_profiled_removal,all_saved,attitude_z,position_z,53,-0.016690856313497822
baseline,flat_still,bias1_profiled_removal,all_saved,attitude_z,time_offset,53,0.20280783388491513
baseline,flat_still,bias1_profiled_removal,all_saved,attitude_z,velocity_x,53,-0.22714078374455732
baseline,flat_still,bias1_profiled_removal,all_saved,attitude_z,velocity_y,53,-0.5118229283197689
baseline,flat_still,bias1_profiled_removal,all_saved,attitude_z,velocity_z,53,-0.07740686985970005
baseline,flat_still,bias1_profiled_removal,all_saved,earth_removal,gravity_delta,53,0.6314453445360128
baseline,flat_still,bias1_profiled_removal,all_saved,earth_removal,gyro_bias_x,53,0.104002873732902
baseline,flat_still,bias1_profiled_removal,all_saved,earth_removal,gyro_bias_y,53,0.6817824440229608
baseline,flat_still,bias1_profiled_removal,all_saved,earth_removal,gyro_bias_z,53,0.31496002943081
baseline,flat_still,bias1_profiled_removal,all_saved,earth_removal,gyro_gain_x,53,-0.15235565945155816
baseline,flat_still,bias1_profiled_removal,all_saved,earth_removal,gyro_gain_y,53,-0.6726830955549622
baseline,flat_still,bias1_profiled_removal,all_saved,earth_removal,gyro_gain_z,53,
baseline,flat_still,bias1_profiled_removal,all_saved,earth_removal,lever_x,53,0.2689747629209886
baseline,flat_still,bias1_profiled_removal,all_saved,earth_removal,lever_y,53,-0.14313063822417774
baseline,flat_still,bias1_profiled_removal,all_saved,earth_removal,lever_z,53,0.08113945632853521
baseline,flat_still,bias1_profiled_removal,all_saved,earth_removal,position_x,53,0.4408440230061214
baseline,flat_still,bias1_profiled_removal,all_saved,earth_removal,position_y,53,0.8499275847797738
baseline,flat_still,bias1_profiled_removal,all_saved,earth_removal,position_z,53,0.11528680297276624
baseline,flat_still,bias1_profiled_removal,all_saved,earth_removal,time_offset,53,0.3358350097753071
baseline,flat_still,bias1_profiled_removal,all_saved,earth_removal,velocity_x,53,-0.21552276375038956
baseline,flat_still,bias1_profiled_removal,all_saved,earth_removal,velocity_y,53,-0.7136273374113339
baseline,flat_still,bias1_profiled_removal,all_saved,earth_removal,velocity_z,53,-0.11643437451843695
baseline,flat_still,bias1_profiled_removal,all_saved,gravity_delta,gyro_bias_x,53,-0.049713628374670506
baseline,flat_still,bias1_profiled_removal,all_saved,gravity_delta,gyro_bias_y,53,0.4382214640132119
baseline,flat_still,bias1_profiled_removal,all_saved,gravity_delta,gyro_bias_z,53,0.08581176545226767
baseline,flat_still,bias1_profiled_removal,all_saved,gravity_delta,gyro_gain_x,53,-0.17069530866494223
baseline,flat_still,bias1_profiled_removal,all_saved,gravity_delta,gyro_gain_y,53,-0.516937269026948
baseline,flat_still,bias1_profiled_removal,all_saved,gravity_delta,gyro_gain_z,53,
baseline,flat_still,bias1_profiled_removal,all_saved,gravity_delta,lever_x,53,0.09430723138288562
baseline,flat_still,bias1_profiled_removal,all_saved,gravity_delta,lever_y,53,-0.1218505834941572
baseline,flat_still,bias1_profiled_removal,all_saved,gravity_delta,lever_z,53,0.040664475431440895
baseline,flat_still,bias1_profiled_removal,all_saved,gravity_delta,position_x,53,0.07702167578504146
baseline,flat_still,bias1_profiled_removal,all_saved,gravity_delta,position_y,53,0.4226740693367483
baseline,flat_still,bias1_profiled_removal,all_saved,gravity_delta,position_z,53,0.06709863780046556
baseline,flat_still,bias1_profiled_removal,all_saved,gravity_delta,time_offset,53,0.1298346793420298
baseline,flat_still,bias1_profiled_removal,all_saved,gravity_delta,velocity_x,53,0.15605158544791375
baseline,flat_still,bias1_profiled_removal,all_saved,gravity_delta,velocity_y,53,-0.3945668450654983
baseline,flat_still,bias1_profiled_removal,all_saved,gravity_delta,velocity_z,53,-0.1093896806394914
baseline,flat_still,bias1_profiled_removal,all_saved,gyro_bias_x,gyro_bias_y,53,-0.13636743386277975
baseline,flat_still,bias1_profiled_removal,all_saved,gyro_bias_x,gyro_bias_z,53,0.28224080325393613
baseline,flat_still,bias1_profiled_removal,all_saved,gyro_bias_x,gyro_gain_x,53,-0.46265876991285115
baseline,flat_still,bias1_profiled_removal,all_saved,gyro_bias_x,gyro_gain_y,53,0.312420775693618
baseline,flat_still,bias1_profiled_removal,all_saved,gyro_bias_x,gyro_gain_z,53,
baseline,flat_still,bias1_profiled_removal,all_saved,gyro_bias_x,lever_x,53,0.23601212055280316
baseline,flat_still,bias1_profiled_removal,all_saved,gyro_bias_x,lever_y,53,-0.2389346894746417
baseline,flat_still,bias1_profiled_removal,all_saved,gyro_bias_x,lever_z,53,0.193128691360943
baseline,flat_still,bias1_profiled_removal,all_saved,gyro_bias_x,position_x,53,0.007770846419943834
baseline,flat_still,bias1_profiled_removal,all_saved,gyro_bias_x,position_y,53,0.028418687261980883
baseline,flat_still,bias1_profiled_removal,all_saved,gyro_bias_x,position_z,53,-0.04526518039617283
baseline,flat_still,bias1_profiled_removal,all_saved,gyro_bias_x,time_offset,53,0.004018982862708373
baseline,flat_still,bias1_profiled_removal,all_saved,gyro_bias_x,velocity_x,53,0.01424655176989703
baseline,flat_still,bias1_profiled_removal,all_saved,gyro_bias_x,velocity_y,53,0.004533085123995095
baseline,flat_still,bias1_profiled_removal,all_saved,gyro_bias_x,velocity_z,53,-0.06553413814152634
baseline,flat_still,bias1_profiled_removal,all_saved,gyro_bias_y,gyro_bias_z,53,-0.008008223984756126
baseline,flat_still,bias1_profiled_removal,all_saved,gyro_bias_y,gyro_gain_x,53,-0.0714629575247962
baseline,flat_still,bias1_profiled_removal,all_saved,gyro_bias_y,gyro_gain_y,53,-0.8668083126376351
baseline,flat_still,bias1_profiled_removal,all_saved,gyro_bias_y,gyro_gain_z,53,
baseline,flat_still,bias1_profiled_removal,all_saved,gyro_bias_y,lever_x,53,0.17953027177482012
baseline,flat_still,bias1_profiled_removal,all_saved,gyro_bias_y,lever_y,53,-0.026342076382749005
baseline,flat_still,bias1_profiled_removal,all_saved,gyro_bias_y,lever_z,53,0.27603724411935504
baseline,flat_still,bias1_profiled_removal,all_saved,gyro_bias_y,position_x,53,0.4444071192223733
baseline,flat_still,bias1_profiled_removal,all_saved,gyro_bias_y,position_y,53,0.7432491420737233
baseline,flat_still,bias1_profiled_removal,all_saved,gyro_bias_y,position_z,53,0.022864594009543295
baseline,flat_still,bias1_profiled_removal,all_saved,gyro_bias_y,time_offset,53,0.3678700927329872
baseline,flat_still,bias1_profiled_removal,all_saved,gyro_bias_y,velocity_x,53,-0.3064698963451285
baseline,flat_still,bias1_profiled_removal,all_saved,gyro_bias_y,velocity_y,53,-0.6731603363994071
baseline,flat_still,bias1_profiled_removal,all_saved,gyro_bias_y,velocity_z,53,-0.16586201392168703
baseline,flat_still,bias1_profiled_removal,all_saved,gyro_bias_z,gyro_gain_x,53,0.0834965721446866
baseline,flat_still,bias1_profiled_removal,all_saved,gyro_bias_z,gyro_gain_y,53,-0.020633561175824166
baseline,flat_still,bias1_profiled_removal,all_saved,gyro_bias_z,gyro_gain_z,53,
baseline,flat_still,bias1_profiled_removal,all_saved,gyro_bias_z,lever_x,53,0.33463734375453824
baseline,flat_still,bias1_profiled_removal,all_saved,gyro_bias_z,lever_y,53,-0.2045122401134705
baseline,flat_still,bias1_profiled_removal,all_saved,gyro_bias_z,lever_z,53,-0.2018751008036667
baseline,flat_still,bias1_profiled_removal,all_saved,gyro_bias_z,position_x,53,0.15504341823651058
baseline,flat_still,bias1_profiled_removal,all_saved,gyro_bias_z,position_y,53,0.2098019235765754
baseline,flat_still,bias1_profiled_removal,all_saved,gyro_bias_z,position_z,53,0.2377332412959829
baseline,flat_still,bias1_profiled_removal,all_saved,gyro_bias_z,time_offset,53,0.17106449611125316
baseline,flat_still,bias1_profiled_removal,all_saved,gyro_bias_z,velocity_x,53,-0.017227046470723397
baseline,flat_still,bias1_profiled_removal,all_saved,gyro_bias_z,velocity_y,53,-0.16882845869805055
baseline,flat_still,bias1_profiled_removal,all_saved,gyro_bias_z,velocity_z,53,0.04823573011802551
baseline,flat_still,bias1_profiled_removal,all_saved,gyro_gain_x,gyro_gain_y,53,-0.1473021043067751
baseline,flat_still,bias1_profiled_removal,all_saved,gyro_gain_x,gyro_gain_z,53,
baseline,flat_still,bias1_profiled_removal,all_saved,gyro_gain_x,lever_x,53,-0.0536673012271874
baseline,flat_still,bias1_profiled_removal,all_saved,gyro_gain_x,lever_y,53,-0.036246377146215265
baseline,flat_still,bias1_profiled_removal,all_saved,gyro_gain_x,lever_z,53,-0.4456272989070304
baseline,flat_still,bias1_profiled_removal,all_saved,gyro_gain_x,position_x,53,-0.12298314258526441
baseline,flat_still,bias1_profiled_removal,all_saved,gyro_gain_x,position_y,53,-0.1902789157283362
baseline,flat_still,bias1_profiled_removal,all_saved,gyro_gain_x,position_z,53,0.27185747308321606
baseline,flat_still,bias1_profiled_removal,all_saved,gyro_gain_x,time_offset,53,-0.06573563763163434
baseline,flat_still,bias1_profiled_removal,all_saved,gyro_gain_x,velocity_x,53,0.019418390934515434
baseline,flat_still,bias1_profiled_removal,all_saved,gyro_gain_x,velocity_y,53,-0.12298562175921536
baseline,flat_still,bias1_profiled_removal,all_saved,gyro_gain_x,velocity_z,53,0.0582551728035463
baseline,flat_still,bias1_profiled_removal,all_saved,gyro_gain_y,gyro_gain_z,53,
baseline,flat_still,bias1_profiled_removal,all_saved,gyro_gain_y,lever_x,53,-0.1252008088452582
baseline,flat_still,bias1_profiled_removal,all_saved,gyro_gain_y,lever_y,53,0.14117830220901023
baseline,flat_still,bias1_profiled_removal,all_saved,gyro_gain_y,lever_z,53,-0.2549933504748815
baseline,flat_still,bias1_profiled_removal,all_saved,gyro_gain_y,position_x,53,-0.495679086528584
baseline,flat_still,bias1_profiled_removal,all_saved,gyro_gain_y,position_y,53,-0.6938391940781363
baseline,flat_still,bias1_profiled_removal,all_saved,gyro_gain_y,position_z,53,-0.02013620838601262
baseline,flat_still,bias1_profiled_removal,all_saved,gyro_gain_y,time_offset,53,-0.5027690646268832
baseline,flat_still,bias1_profiled_removal,all_saved,gyro_gain_y,velocity_x,53,0.31638474183490334
baseline,flat_still,bias1_profiled_removal,all_saved,gyro_gain_y,velocity_y,53,0.7574650647109832
baseline,flat_still,bias1_profiled_removal,all_saved,gyro_gain_y,velocity_z,53,0.05432430319967433
baseline,flat_still,bias1_profiled_removal,all_saved,gyro_gain_z,lever_x,53,
baseline,flat_still,bias1_profiled_removal,all_saved,gyro_gain_z,lever_y,53,
baseline,flat_still,bias1_profiled_removal,all_saved,gyro_gain_z,lever_z,53,
baseline,flat_still,bias1_profiled_removal,all_saved,gyro_gain_z,position_x,53,
baseline,flat_still,bias1_profiled_removal,all_saved,gyro_gain_z,position_y,53,
baseline,flat_still,bias1_profiled_removal,all_saved,gyro_gain_z,position_z,53,
baseline,flat_still,bias1_profiled_removal,all_saved,gyro_gain_z,time_offset,53,
baseline,flat_still,bias1_profiled_removal,all_saved,gyro_gain_z,velocity_x,53,
baseline,flat_still,bias1_profiled_removal,all_saved,gyro_gain_z,velocity_y,53,
baseline,flat_still,bias1_profiled_removal,all_saved,gyro_gain_z,velocity_z,53,
baseline,flat_still,bias1_profiled_removal,all_saved,lever_x,lever_y,53,-0.7624805559190204
baseline,flat_still,bias1_profiled_removal,all_saved,lever_x,lever_z,53,0.04098996699625493
baseline,flat_still,bias1_profiled_removal,all_saved,lever_x,position_x,53,0.20505012974585785
baseline,flat_still,bias1_profiled_removal,all_saved,lever_x,position_y,53,0.41661958632203083
baseline,flat_still,bias1_profiled_removal,all_saved,lever_x,position_z,53,0.05014034378974167
baseline,flat_still,bias1_profiled_removal,all_saved,lever_x,time_offset,53,0.16607223398027182
baseline,flat_still,bias1_profiled_removal,all_saved,lever_x,velocity_x,53,-0.03266285252588886
baseline,flat_still,bias1_profiled_removal,all_saved,lever_x,velocity_y,53,-0.28184216624936975
baseline,flat_still,bias1_profiled_removal,all_saved,lever_x,velocity_z,53,0.013752780010900573
baseline,flat_still,bias1_profiled_removal,all_saved,lever_y,lever_z,53,-0.17765148625581528
baseline,flat_still,bias1_profiled_removal,all_saved,lever_y,position_x,53,-0.06962500931618434
baseline,flat_still,bias1_profiled_removal,all_saved,lever_y,position_y,53,-0.195022999265143
baseline,flat_still,bias1_profiled_removal,all_saved,lever_y,position_z,53,0.04709395896029849
baseline,flat_still,bias1_profiled_removal,all_saved,lever_y,time_offset,53,-0.229480432375563
baseline,flat_still,bias1_profiled_removal,all_saved,lever_y,velocity_x,53,0.040637164970535614
baseline,flat_still,bias1_profiled_removal,all_saved,lever_y,velocity_y,53,0.3032722451293735
baseline,flat_still,bias1_profiled_removal,all_saved,lever_y,velocity_z,53,-0.06172333834969131
baseline,flat_still,bias1_profiled_removal,all_saved,lever_z,position_x,53,0.3720495392797659
baseline,flat_still,bias1_profiled_removal,all_saved,lever_z,position_y,53,0.29611826149868464
baseline,flat_still,bias1_profiled_removal,all_saved,lever_z,position_z,53,-0.5665782983889007
baseline,flat_still,bias1_profiled_removal,all_saved,lever_z,time_offset,53,0.28401419858504257
baseline,flat_still,bias1_profiled_removal,all_saved,lever_z,velocity_x,53,-0.2918521941461275
baseline,flat_still,bias1_profiled_removal,all_saved,lever_z,velocity_y,53,-0.2970550647075012
baseline,flat_still,bias1_profiled_removal,all_saved,lever_z,velocity_z,53,-0.02125997367312948
baseline,flat_still,bias1_profiled_removal,all_saved,position_x,position_y,53,0.6586949586315772
baseline,flat_still,bias1_profiled_removal,all_saved,position_x,position_z,53,-0.23552652797935816
baseline,flat_still,bias1_profiled_removal,all_saved,position_x,time_offset,53,0.7161509468408107
baseline,flat_still,bias1_profiled_removal,all_saved,position_x,velocity_x,53,-0.5744234800838575
baseline,flat_still,bias1_profiled_removal,all_saved,position_x,velocity_y,53,-0.5017437056273749
baseline,flat_still,bias1_profiled_removal,all_saved,position_x,velocity_z,53,0.07619738751814223
baseline,flat_still,bias1_profiled_removal,all_saved,position_y,position_z,53,-0.0651414690485797
baseline,flat_still,bias1_profiled_removal,all_saved,position_y,time_offset,53,0.5182210522537004
baseline,flat_still,bias1_profiled_removal,all_saved,position_y,velocity_x,53,-0.32257513685459777
baseline,flat_still,bias1_profiled_removal,all_saved,position_y,velocity_y,53,-0.7411631686432418
baseline,flat_still,bias1_profiled_removal,all_saved,position_y,velocity_z,53,-0.0910456789626348
baseline,flat_still,bias1_profiled_removal,all_saved,position_z,time_offset,53,-0.0504972399309681
baseline,flat_still,bias1_profiled_removal,all_saved,position_z,velocity_x,53,0.10240283825189486
baseline,flat_still,bias1_profiled_removal,all_saved,position_z,velocity_y,53,-0.11994275003948898
baseline,flat_still,bias1_profiled_removal,all_saved,position_z,velocity_z,53,-0.38139009837123045
baseline,flat_still,bias1_profiled_removal,all_saved,time_offset,velocity_x,53,-0.3202707829855995
baseline,flat_still,bias1_profiled_removal,all_saved,time_offset,velocity_y,53,-0.4923352674360318
baseline,flat_still,bias1_profiled_removal,all_saved,time_offset,velocity_z,53,0.026658903242835413
baseline,flat_still,bias1_profiled_removal,all_saved,velocity_x,velocity_y,53,0.36857701541546495
baseline,flat_still,bias1_profiled_removal,all_saved,velocity_x,velocity_z,53,0.05958716336074826
baseline,flat_still,bias1_profiled_removal,all_saved,velocity_y,velocity_z,53,0.17299977829225116
baseline,flat_still,bias1_profiled_removal,converged_only,accel_bias_x,accel_bias_y,35,-0.13386359798431485
baseline,flat_still,bias1_profiled_removal,converged_only,accel_bias_x,accel_bias_z,35,0.24264543947629263
baseline,flat_still,bias1_profiled_removal,converged_only,accel_bias_x,accel_gain_x,35,0.16365009545907278
baseline,flat_still,bias1_profiled_removal,converged_only,accel_bias_x,accel_gain_y,35,-0.15409713151850338
baseline,flat_still,bias1_profiled_removal,converged_only,accel_bias_x,accel_gain_z,35,0.05907181255246363
baseline,flat_still,bias1_profiled_removal,converged_only,accel_bias_x,attitude_x,35,-0.07699822965653497
baseline,flat_still,bias1_profiled_removal,converged_only,accel_bias_x,attitude_y,35,-0.7418122125446661
baseline,flat_still,bias1_profiled_removal,converged_only,accel_bias_x,attitude_z,35,0.061291273717729605
baseline,flat_still,bias1_profiled_removal,converged_only,accel_bias_x,earth_removal,35,0.22290938914132916
baseline,flat_still,bias1_profiled_removal,converged_only,accel_bias_x,gravity_delta,35,0.36059724878872335
baseline,flat_still,bias1_profiled_removal,converged_only,accel_bias_x,gyro_bias_x,35,0.2629098068183739
baseline,flat_still,bias1_profiled_removal,converged_only,accel_bias_x,gyro_bias_y,35,0.16382837402168257
baseline,flat_still,bias1_profiled_removal,converged_only,accel_bias_x,gyro_bias_z,35,0.32028754857218233
baseline,flat_still,bias1_profiled_removal,converged_only,accel_bias_x,gyro_gain_x,35,-0.3639958570503238
baseline,flat_still,bias1_profiled_removal,converged_only,accel_bias_x,gyro_gain_y,35,-0.038168256665158815
baseline,flat_still,bias1_profiled_removal,converged_only,accel_bias_x,gyro_gain_z,35,
baseline,flat_still,bias1_profiled_removal,converged_only,accel_bias_x,lever_x,35,0.4181123031230878
baseline,flat_still,bias1_profiled_removal,converged_only,accel_bias_x,lever_y,35,-0.24702145202734935
baseline,flat_still,bias1_profiled_removal,converged_only,accel_bias_x,lever_z,35,0.038292938067087674
baseline,flat_still,bias1_profiled_removal,converged_only,accel_bias_x,position_x,35,0.22792158889462125
baseline,flat_still,bias1_profiled_removal,converged_only,accel_bias_x,position_y,35,0.28786116606333484
baseline,flat_still,bias1_profiled_removal,converged_only,accel_bias_x,position_z,35,-0.07409585736349485
baseline,flat_still,bias1_profiled_removal,converged_only,accel_bias_x,time_offset,35,0.2735886185838134
baseline,flat_still,bias1_profiled_removal,converged_only,accel_bias_x,velocity_x,35,0.11541198059383068
baseline,flat_still,bias1_profiled_removal,converged_only,accel_bias_x,velocity_y,35,-0.14615321652113847
baseline,flat_still,bias1_profiled_removal,converged_only,accel_bias_x,velocity_z,35,-0.26001841190000613
baseline,flat_still,bias1_profiled_removal,converged_only,accel_bias_y,accel_bias_z,35,0.11369316933983269
baseline,flat_still,bias1_profiled_removal,converged_only,accel_bias_y,accel_gain_x,35,0.5581321912292753
baseline,flat_still,bias1_profiled_removal,converged_only,accel_bias_y,accel_gain_y,35,0.2509955179983359
baseline,flat_still,bias1_profiled_removal,converged_only,accel_bias_y,accel_gain_z,35,0.16691819196455704
baseline,flat_still,bias1_profiled_removal,converged_only,accel_bias_y,attitude_x,35,0.5927404525800214
baseline,flat_still,bias1_profiled_removal,converged_only,accel_bias_y,attitude_y,35,-0.02738905317065487
baseline,flat_still,bias1_profiled_removal,converged_only,accel_bias_y,attitude_z,35,0.3241899249507702
baseline,flat_still,bias1_profiled_removal,converged_only,accel_bias_y,earth_removal,35,0.4673533306158268
baseline,flat_still,bias1_profiled_removal,converged_only,accel_bias_y,gravity_delta,35,-0.03245135941399913
baseline,flat_still,bias1_profiled_removal,converged_only,accel_bias_y,gyro_bias_x,35,0.21635315306853678
baseline,flat_still,bias1_profiled_removal,converged_only,accel_bias_y,gyro_bias_y,35,0.5992287796644087
baseline,flat_still,bias1_profiled_removal,converged_only,accel_bias_y,gyro_bias_z,35,0.22869687336517228
baseline,flat_still,bias1_profiled_removal,converged_only,accel_bias_y,gyro_gain_x,35,-0.11242614422129941
baseline,flat_still,bias1_profiled_removal,converged_only,accel_bias_y,gyro_gain_y,35,-0.4313164711729483
baseline,flat_still,bias1_profiled_removal,converged_only,accel_bias_y,gyro_gain_z,35,
baseline,flat_still,bias1_profiled_removal,converged_only,accel_bias_y,lever_x,35,0.16522861238381953
baseline,flat_still,bias1_profiled_removal,converged_only,accel_bias_y,lever_y,35,0.026840774925962728
baseline,flat_still,bias1_profiled_removal,converged_only,accel_bias_y,lever_z,35,0.3844887124348691
baseline,flat_still,bias1_profiled_removal,converged_only,accel_bias_y,position_x,35,0.37018286329394534
baseline,flat_still,bias1_profiled_removal,converged_only,accel_bias_y,position_y,35,0.4865706954193989
baseline,flat_still,bias1_profiled_removal,converged_only,accel_bias_y,position_z,35,0.04082519246191952
baseline,flat_still,bias1_profiled_removal,converged_only,accel_bias_y,time_offset,35,0.26947567602435124
baseline,flat_still,bias1_profiled_removal,converged_only,accel_bias_y,velocity_x,35,-0.17294722882602193
baseline,flat_still,bias1_profiled_removal,converged_only,accel_bias_y,velocity_y,35,-0.3345488453239285
baseline,flat_still,bias1_profiled_removal,converged_only,accel_bias_y,velocity_z,35,-0.1321220363641024
baseline,flat_still,bias1_profiled_removal,converged_only,accel_bias_z,accel_gain_x,35,0.19746414053135786
baseline,flat_still,bias1_profiled_removal,converged_only,accel_bias_z,accel_gain_y,35,0.012255213064364627
baseline,flat_still,bias1_profiled_removal,converged_only,accel_bias_z,accel_gain_z,35,0.9248445821495188
baseline,flat_still,bias1_profiled_removal,converged_only,accel_bias_z,attitude_x,35,0.3050645018243073
baseline,flat_still,bias1_profiled_removal,converged_only,accel_bias_z,attitude_y,35,-0.4324888735700016
baseline,flat_still,bias1_profiled_removal,converged_only,accel_bias_z,attitude_z,35,-0.10178869932348364
baseline,flat_still,bias1_profiled_removal,converged_only,accel_bias_z,earth_removal,35,0.23841195461610729
baseline,flat_still,bias1_profiled_removal,converged_only,accel_bias_z,gravity_delta,35,-0.010380040525045478
baseline,flat_still,bias1_profiled_removal,converged_only,accel_bias_z,gyro_bias_x,35,0.22812353856060782
baseline,flat_still,bias1_profiled_removal,converged_only,accel_bias_z,gyro_bias_y,35,0.02069938864395985
baseline,flat_still,bias1_profiled_removal,converged_only,accel_bias_z,gyro_bias_z,35,0.452638647125942
baseline,flat_still,bias1_profiled_removal,converged_only,accel_bias_z,gyro_gain_x,35,-0.15747194665707998
baseline,flat_still,bias1_profiled_removal,converged_only,accel_bias_z,gyro_gain_y,35,-0.040455275588506825
baseline,flat_still,bias1_profiled_removal,converged_only,accel_bias_z,gyro_gain_z,35,
baseline,flat_still,bias1_profiled_removal,converged_only,accel_bias_z,lever_x,35,0.22773774426855306
baseline,flat_still,bias1_profiled_removal,converged_only,accel_bias_z,lever_y,35,-0.25208838998061556
baseline,flat_still,bias1_profiled_removal,converged_only,accel_bias_z,lever_z,35,0.035872726612876465
baseline,flat_still,bias1_profiled_removal,converged_only,accel_bias_z,position_x,35,0.2522851762491676
baseline,flat_still,bias1_profiled_removal,converged_only,accel_bias_z,position_y,35,0.24460676629043124
baseline,flat_still,bias1_profiled_removal,converged_only,accel_bias_z,position_z,35,0.15486962104476695
baseline,flat_still,bias1_profiled_removal,converged_only,accel_bias_z,time_offset,35,0.21059801334603306
baseline,flat_still,bias1_profiled_removal,converged_only,accel_bias_z,velocity_x,35,-0.13798023686072228
baseline,flat_still,bias1_profiled_removal,converged_only,accel_bias_z,velocity_y,35,-0.34505015521058563
baseline,flat_still,bias1_profiled_removal,converged_only,accel_bias_z,velocity_z,35,-0.1998074468201716
baseline,flat_still,bias1_profiled_removal,converged_only,accel_gain_x,accel_gain_y,35,0.2234688413401346
baseline,flat_still,bias1_profiled_removal,converged_only,accel_gain_x,accel_gain_z,35,0.125838631349793
baseline,flat_still,bias1_profiled_removal,converged_only,accel_gain_x,attitude_x,35,0.28664160063688104
baseline,flat_still,bias1_profiled_removal,converged_only,accel_gain_x,attitude_y,35,-0.25613026800292077
baseline,flat_still,bias1_profiled_removal,converged_only,accel_gain_x,attitude_z,35,0.5620682249542523
baseline,flat_still,bias1_profiled_removal,converged_only,accel_gain_x,earth_removal,35,0.756294445755701
baseline,flat_still,bias1_profiled_removal,converged_only,accel_gain_x,gravity_delta,35,0.43498119650442285
baseline,flat_still,bias1_profiled_removal,converged_only,accel_gain_x,gyro_bias_x,35,-0.1964204853177372
baseline,flat_still,bias1_profiled_removal,converged_only,accel_gain_x,gyro_bias_y,35,0.7407880443036949
baseline,flat_still,bias1_profiled_removal,converged_only,accel_gain_x,gyro_bias_z,35,0.21896251895930724
baseline,flat_still,bias1_profiled_removal,converged_only,accel_gain_x,gyro_gain_x,35,0.021528157664202647
baseline,flat_still,bias1_profiled_removal,converged_only,accel_gain_x,gyro_gain_y,35,-0.7484858801857549
baseline,flat_still,bias1_profiled_removal,converged_only,accel_gain_x,gyro_gain_z,35,
baseline,flat_still,bias1_profiled_removal,converged_only,accel_gain_x,lever_x,35,0.09087840898932568
baseline,flat_still,bias1_profiled_removal,converged_only,accel_gain_x,lever_y,35,-0.06479645903429365
baseline,flat_still,bias1_profiled_removal,converged_only,accel_gain_x,lever_z,35,0.26746098450766326
baseline,flat_still,bias1_profiled_removal,converged_only,accel_gain_x,position_x,35,0.5394733461928872
baseline,flat_still,bias1_profiled_removal,converged_only,accel_gain_x,position_y,35,0.6562134267137976
baseline,flat_still,bias1_profiled_removal,converged_only,accel_gain_x,position_z,35,0.0684443407734785
baseline,flat_still,bias1_profiled_removal,converged_only,accel_gain_x,time_offset,35,0.5450954564568521
baseline,flat_still,bias1_profiled_removal,converged_only,accel_gain_x,velocity_x,35,-0.24178169535884214
baseline,flat_still,bias1_profiled_removal,converged_only,accel_gain_x,velocity_y,35,-0.6694820147370115
baseline,flat_still,bias1_profiled_removal,converged_only,accel_gain_x,velocity_z,35,-0.30247450838207124
baseline,flat_still,bias1_profiled_removal,converged_only,accel_gain_y,accel_gain_z,35,-0.02558480642379991
baseline,flat_still,bias1_profiled_removal,converged_only,accel_gain_y,attitude_x,35,0.018533875519603085
baseline,flat_still,bias1_profiled_removal,converged_only,accel_gain_y,attitude_y,35,-0.10616687390033507
baseline,flat_still,bias1_profiled_removal,converged_only,accel_gain_y,attitude_z,35,0.325551552605202
baseline,flat_still,bias1_profiled_removal,converged_only,accel_gain_y,earth_removal,35,0.2154804779517625
baseline,flat_still,bias1_profiled_removal,converged_only,accel_gain_y,gravity_delta,35,0.2941257967575624
baseline,flat_still,bias1_profiled_removal,converged_only,accel_gain_y,gyro_bias_x,35,0.011772415006284986
baseline,flat_still,bias1_profiled_removal,converged_only,accel_gain_y,gyro_bias_y,35,0.13800828240810428
baseline,flat_still,bias1_profiled_removal,converged_only,accel_gain_y,gyro_bias_z,35,0.00581434657538707
baseline,flat_still,bias1_profiled_removal,converged_only,accel_gain_y,gyro_gain_x,35,0.12271640176502495
baseline,flat_still,bias1_profiled_removal,converged_only,accel_gain_y,gyro_gain_y,35,-0.33327923834217327
baseline,flat_still,bias1_profiled_removal,converged_only,accel_gain_y,gyro_gain_z,35,
baseline,flat_still,bias1_profiled_removal,converged_only,accel_gain_y,lever_x,35,0.01233409167487493
baseline,flat_still,bias1_profiled_removal,converged_only,accel_gain_y,lever_y,35,-0.11905840370066943
baseline,flat_still,bias1_profiled_removal,converged_only,accel_gain_y,lever_z,35,0.05696030373229336
baseline,flat_still,bias1_profiled_removal,converged_only,accel_gain_y,position_x,35,0.0956912051283855
baseline,flat_still,bias1_profiled_removal,converged_only,accel_gain_y,position_y,35,0.07757696300892315
baseline,flat_still,bias1_profiled_removal,converged_only,accel_gain_y,position_z,35,0.06567438499337615
baseline,flat_still,bias1_profiled_removal,converged_only,accel_gain_y,time_offset,35,0.2587672637410794
baseline,flat_still,bias1_profiled_removal,converged_only,accel_gain_y,velocity_x,35,-0.010475668771949569
baseline,flat_still,bias1_profiled_removal,converged_only,accel_gain_y,velocity_y,35,-0.25405275915221265
baseline,flat_still,bias1_profiled_removal,converged_only,accel_gain_y,velocity_z,35,0.132960411336283
baseline,flat_still,bias1_profiled_removal,converged_only,accel_gain_z,attitude_x,35,0.4204481792717087
baseline,flat_still,bias1_profiled_removal,converged_only,accel_gain_z,attitude_y,35,-0.20140056022408964
baseline,flat_still,bias1_profiled_removal,converged_only,accel_gain_z,attitude_z,35,-0.21428571428571427
baseline,flat_still,bias1_profiled_removal,converged_only,accel_gain_z,earth_removal,35,0.17986529205624954
baseline,flat_still,bias1_profiled_removal,converged_only,accel_gain_z,gravity_delta,35,-0.21412328385475993
baseline,flat_still,bias1_profiled_removal,converged_only,accel_gain_z,gyro_bias_x,35,0.24806920546956224
baseline,flat_still,bias1_profiled_removal,converged_only,accel_gain_z,gyro_bias_y,35,-0.009968453479250863
baseline,flat_still,bias1_profiled_removal,converged_only,accel_gain_z,gyro_bias_z,35,0.355718916719955
baseline,flat_still,bias1_profiled_removal,converged_only,accel_gain_z,gyro_gain_x,35,-0.14625448482542613
baseline,flat_still,bias1_profiled_removal,converged_only,accel_gain_z,gyro_gain_y,35,-0.01252448582170299
baseline,flat_still,bias1_profiled_removal,converged_only,accel_gain_z,gyro_gain_z,35,
baseline,flat_still,bias1_profiled_removal,converged_only,accel_gain_z,lever_x,35,0.2057983021710106
baseline,flat_still,bias1_profiled_removal,converged_only,accel_gain_z,lever_y,35,-0.2805830379540978
baseline,flat_still,bias1_profiled_removal,converged_only,accel_gain_z,lever_z,35,0.08605394211168303
baseline,flat_still,bias1_profiled_removal,converged_only,accel_gain_z,position_x,35,0.26246498599439777
baseline,flat_still,bias1_profiled_removal,converged_only,accel_gain_z,position_y,35,0.2327563856605273
baseline,flat_still,bias1_profiled_removal,converged_only,accel_gain_z,position_z,35,0.1607843137254902
baseline,flat_still,bias1_profiled_removal,converged_only,accel_gain_z,time_offset,35,0.2447541030615054
baseline,flat_still,bias1_profiled_removal,converged_only,accel_gain_z,velocity_x,35,-0.22857142857142856
baseline,flat_still,bias1_profiled_removal,converged_only,accel_gain_z,velocity_y,35,-0.3337768759498343
baseline,flat_still,bias1_profiled_removal,converged_only,accel_gain_z,velocity_z,35,-0.16526610644257703
baseline,flat_still,bias1_profiled_removal,converged_only,attitude_x,attitude_y,35,0.1123249299719888
baseline,flat_still,bias1_profiled_removal,converged_only,attitude_x,attitude_z,35,-0.3403361344537815
baseline,flat_still,bias1_profiled_removal,converged_only,attitude_x,earth_removal,35,0.2407926342302584
baseline,flat_still,bias1_profiled_removal,converged_only,attitude_x,gravity_delta,35,0.016236836690408336
baseline,flat_still,bias1_profiled_removal,converged_only,attitude_x,gyro_bias_x,35,0.3739481889141542
baseline,flat_still,bias1_profiled_removal,converged_only,attitude_x,gyro_bias_y,35,0.23247857578395764
baseline,flat_still,bias1_profiled_removal,converged_only,attitude_x,gyro_bias_z,35,0.16169041669088863
baseline,flat_still,bias1_profiled_removal,converged_only,attitude_x,gyro_gain_x,35,-0.3046968433863045
baseline,flat_still,bias1_profiled_removal,converged_only,attitude_x,gyro_gain_y,35,-0.15029382986043588
baseline,flat_still,bias1_profiled_removal,converged_only,attitude_x,gyro_gain_z,35,
baseline,flat_still,bias1_profiled_removal,converged_only,attitude_x,lever_x,35,0.14863210712350766
baseline,flat_still,bias1_profiled_removal,converged_only,attitude_x,lever_y,35,-0.0542460540044589
baseline,flat_still,bias1_profiled_removal,converged_only,attitude_x,lever_z,35,0.4325543284905838
baseline,flat_still,bias1_profiled_removal,converged_only,attitude_x,position_x,35,0.26638655462184874
baseline,flat_still,bias1_profiled_removal,converged_only,attitude_x,position_y,35,0.3068768657543651
baseline,flat_still,bias1_profiled_removal,converged_only,attitude_x,position_z,35,0.17394957983193277
baseline,flat_still,bias1_profiled_removal,converged_only,attitude_x,time_offset,35,0.346575634217952
baseline,flat_still,bias1_profiled_removal,converged_only,attitude_x,velocity_x,35,0.037815126050420166
baseline,flat_still,bias1_profiled_removal,converged_only,attitude_x,velocity_y,35,-0.3284543743610413
baseline,flat_still,bias1_profiled_removal,converged_only,attitude_x,velocity_z,35,-0.1411764705882353
baseline,flat_still,bias1_profiled_removal,converged_only,attitude_y,attitude_z,35,-0.24061624649859945
baseline,flat_still,bias1_profiled_removal,converged_only,attitude_y,earth_removal,35,-0.4188754774463109
baseline,flat_still,bias1_profiled_removal,converged_only,attitude_y,gravity_delta,35,-0.4170837424848641
baseline,flat_still,bias1_profiled_removal,converged_only,attitude_y,gyro_bias_x,35,-0.24576372958229864
baseline,flat_still,bias1_profiled_removal,converged_only,attitude_y,gyro_bias_y,35,-0.1801441950178906
baseline,flat_still,bias1_profiled_removal,converged_only,attitude_y,gyro_bias_z,35,-0.37188795838904387
baseline,flat_still,bias1_profiled_removal,converged_only,attitude_y,gyro_gain_x,35,0.26813322217994795
baseline,flat_still,bias1_profiled_removal,converged_only,attitude_y,gyro_gain_y,35,0.17534280150384188
baseline,flat_still,bias1_profiled_removal,converged_only,attitude_y,gyro_gain_z,35,
baseline,flat_still,bias1_profiled_removal,converged_only,attitude_y,lever_x,35,-0.26296449721851356
baseline,flat_still,bias1_profiled_removal,converged_only,attitude_y,lever_y,35,0.1845612871875843
baseline,flat_still,bias1_profiled_removal,converged_only,attitude_y,lever_z,35,-0.08986163866529732
baseline,flat_still,bias1_profiled_removal,converged_only,attitude_y,position_x,35,-0.37815126050420167
baseline,flat_still,bias1_profiled_removal,converged_only,attitude_y,position_y,35,-0.3291732703354383
baseline,flat_still,bias1_profiled_removal,converged_only,attitude_y,position_z,35,0.17142857142857143
baseline,flat_still,bias1_profiled_removal,converged_only,attitude_y,time_offset,35,-0.2010935404060025
baseline,flat_still,bias1_profiled_removal,converged_only,attitude_y,velocity_x,35,0.09635854341736695
baseline,flat_still,bias1_profiled_removal,converged_only,attitude_y,velocity_y,35,0.2979200231411236
baseline,flat_still,bias1_profiled_removal,converged_only,attitude_y,velocity_z,35,0.20364145658263305
baseline,flat_still,bias1_profiled_removal,converged_only,attitude_z,earth_removal,35,0.5681150576119017
baseline,flat_still,bias1_profiled_removal,converged_only,attitude_z,gravity_delta,35,0.3054554902383068
baseline,flat_still,bias1_profiled_removal,converged_only,attitude_z,gyro_bias_x,35,-0.36495683295382625
baseline,flat_still,bias1_profiled_removal,converged_only,attitude_z,gyro_bias_y,35,0.7166606019189996
baseline,flat_still,bias1_profiled_removal,converged_only,attitude_z,gyro_bias_z,35,-0.024253562503633294
baseline,flat_still,bias1_profiled_removal,converged_only,attitude_z,gyro_gain_x,35,0.07312724241271307
baseline,flat_still,bias1_profiled_removal,converged_only,attitude_z,gyro_gain_y,35,-0.6763222343719615
baseline,flat_still,bias1_profiled_removal,converged_only,attitude_z,gyro_gain_z,35,
baseline,flat_still,bias1_profiled_removal,converged_only,attitude_z,lever_x,35,0.12576562910450648
baseline,flat_still,bias1_profiled_removal,converged_only,attitude_z,lever_y,35,-0.030864134174950753
baseline,flat_still,bias1_profiled_removal,converged_only,attitude_z,lever_z,35,0.15535401938746318
baseline,flat_still,bias1_profiled_removal,converged_only,attitude_z,position_x,35,0.27170868347338933
baseline,flat_still,bias1_profiled_removal,converged_only,attitude_z,position_y,35,0.5238148562729148
baseline,flat_still,bias1_profiled_removal,converged_only,attitude_z,position_z,35,-0.13893557422969188
baseline,flat_still,bias1_profiled_removal,converged_only,attitude_z,time_offset,35,0.07218333898884242
baseline,flat_still,bias1_profiled_removal,converged_only,attitude_z,velocity_x,35,-0.30364145658263303
baseline,flat_still,bias1_profiled_removal,converged_only,attitude_z,velocity_y,35,-0.3564675406178465
baseline,flat_still,bias1_profiled_removal,converged_only,attitude_z,velocity_z,35,-0.14789915966386555
baseline,flat_still,bias1_profiled_removal,converged_only,earth_removal,gravity_delta,35,0.5483033769912101
baseline,flat_still,bias1_profiled_removal,converged_only,earth_removal,gyro_bias_x,35,0.1949847120746593
baseline,flat_still,bias1_profiled_removal,converged_only,earth_removal,gyro_bias_y,35,0.7078510682063492
baseline,flat_still,bias1_profiled_removal,converged_only,earth_removal,gyro_bias_z,35,0.2852835460770428
baseline,flat_still,bias1_profiled_removal,converged_only,earth_removal,gyro_gain_x,35,-0.274969901391841
baseline,flat_still,bias1_profiled_removal,converged_only,earth_removal,gyro_gain_y,35,-0.6375807292819522
baseline,flat_still,bias1_profiled_removal,converged_only,earth_removal,gyro_gain_z,35,
baseline,flat_still,bias1_profiled_removal,converged_only,earth_removal,lever_x,35,0.27447954408750513
baseline,flat_still,bias1_profiled_removal,converged_only,earth_removal,lever_y,35,-0.21100724636390422
baseline,flat_still,bias1_profiled_removal,converged_only,earth_removal,lever_z,35,0.32599928747444706
baseline,flat_still,bias1_profiled_removal,converged_only,earth_removal,position_x,35,0.5415403658126
baseline,flat_still,bias1_profiled_removal,converged_only,earth_removal,position_y,35,0.8453517571456408
baseline,flat_still,bias1_profiled_removal,converged_only,earth_removal,position_z,35,-0.016690202776390724
baseline,flat_still,bias1_profiled_removal,converged_only,earth_removal,time_offset,35,0.3131316141829497
baseline,flat_still,bias1_profiled_removal,converged_only,earth_removal,velocity_x,35,-0.32780854579260615
baseline,flat_still,bias1_profiled_removal,converged_only,earth_removal,velocity_y,35,-0.6760815791518933
baseline,flat_still,bias1_profiled_removal,converged_only,earth_removal,velocity_z,35,-0.2707701829063
baseline,flat_still,bias1_profiled_removal,converged_only,gravity_delta,gyro_bias_x,35,0.09438189304399754
baseline,flat_still,bias1_profiled_removal,converged_only,gravity_delta,gyro_bias_y,35,0.343084460493632
baseline,flat_still,bias1_profiled_removal,converged_only,gravity_delta,gyro_bias_z,35,0.11715583722580121
baseline,flat_still,bias1_profiled_removal,converged_only,gravity_delta,gyro_gain_x,35,-0.26492860505313703
baseline,flat_still,bias1_profiled_removal,converged_only,gravity_delta,gyro_gain_y,35,-0.3856812155135378
baseline,flat_still,bias1_profiled_removal,converged_only,gravity_delta,gyro_gain_z,35,
baseline,flat_still,bias1_profiled_removal,converged_only,gravity_delta,lever_x,35,0.06213126521846356
baseline,flat_still,bias1_profiled_removal,converged_only,gravity_delta,lever_y,35,-0.12085158131650069
baseline,flat_still,bias1_profiled_removal,converged_only,gravity_delta,lever_z,35,0.2014024933216102
baseline,flat_still,bias1_profiled_removal,converged_only,gravity_delta,position_x,35,0.12989469352326669
baseline,flat_still,bias1_profiled_removal,converged_only,gravity_delta,position_y,35,0.33292975559218774
baseline,flat_still,bias1_profiled_removal,converged_only,gravity_delta,position_z,35,-0.10148022931505209
baseline,flat_still,bias1_profiled_removal,converged_only,gravity_delta,time_offset,35,0.1194974855064242
baseline,flat_still,bias1_profiled_removal,converged_only,gravity_delta,velocity_x,35,0.17150158754243802
baseline,flat_still,bias1_profiled_removal,converged_only,gravity_delta,velocity_y,35,-0.34099745070804494
baseline,flat_still,bias1_profiled_removal,converged_only,gravity_delta,velocity_z,35,-0.1410575187479224
baseline,flat_still,bias1_profiled_removal,converged_only,gyro_bias_x,gyro_bias_y,35,-0.09288761623505269
baseline,flat_still,bias1_profiled_removal,converged_only,gyro_bias_x,gyro_bias_z,35,0.3127382077565281
baseline,flat_still,bias1_profiled_removal,converged_only,gyro_bias_x,gyro_gain_x,35,-0.5717834785878845
baseline,flat_still,bias1_profiled_removal,converged_only,gyro_bias_x,gyro_gain_y,35,0.25770848305612526
baseline,flat_still,bias1_profiled_removal,converged_only,gyro_bias_x,gyro_gain_z,35,
baseline,flat_still,bias1_profiled_removal,converged_only,gyro_bias_x,lever_x,35,0.301125865451259
baseline,flat_still,bias1_profiled_removal,converged_only,gyro_bias_x,lever_y,35,-0.21476977499589167
baseline,flat_still,bias1_profiled_removal,converged_only,gyro_bias_x,lever_z,35,0.17142669712957273
baseline,flat_still,bias1_profiled_removal,converged_only,gyro_bias_x,position_x,35,0.07723344222333026
baseline,flat_still,bias1_profiled_removal,converged_only,gyro_bias_x,position_y,35,0.11010698915375118
baseline,flat_still,bias1_profiled_removal,converged_only,gyro_bias_x,position_z,35,0.0009221903549054358
baseline,flat_still,bias1_profiled_removal,converged_only,gyro_bias_x,time_offset,35,0.10832971813018791
baseline,flat_still,bias1_profiled_removal,converged_only,gyro_bias_x,velocity_x,35,0.021210378162825023
baseline,flat_still,bias1_profiled_removal,converged_only,gyro_bias_x,velocity_y,35,0.05026289427612109
baseline,flat_still,bias1_profiled_removal,converged_only,gyro_bias_x,velocity_z,35,-0.040576375615839176
baseline,flat_still,bias1_profiled_removal,converged_only,gyro_bias_y,gyro_bias_z,35,0.11302771320226973
baseline,flat_still,bias1_profiled_removal,converged_only,gyro_bias_y,gyro_gain_x,35,-0.12392413738969524
baseline,flat_still,bias1_profiled_removal,converged_only,gyro_bias_y,gyro_gain_y,35,-0.8516313862813814
baseline,flat_still,bias1_profiled_removal,converged_only,gyro_bias_y,gyro_gain_z,35,
baseline,flat_still,bias1_profiled_removal,converged_only,gyro_bias_y,lever_x,35,0.3342220430452115
baseline,flat_still,bias1_profiled_removal,converged_only,gyro_bias_y,lever_y,35,-0.1513631781013708
baseline,flat_still,bias1_profiled_removal,converged_only,gyro_bias_y,lever_z,35,0.41038941849581934
baseline,flat_still,bias1_profiled_removal,converged_only,gyro_bias_y,position_x,35,0.48382600993935443
baseline,flat_still,bias1_profiled_removal,converged_only,gyro_bias_y,position_y,35,0.7471337536101249
baseline,flat_still,bias1_profiled_removal,converged_only,gyro_bias_y,position_z,35,-0.06301486663669296
baseline,flat_still,bias1_profiled_removal,converged_only,gyro_bias_y,time_offset,35,0.31897547637088863
baseline,flat_still,bias1_profiled_removal,converged_only,gyro_bias_y,velocity_x,35,-0.3766651350374076
baseline,flat_still,bias1_profiled_removal,converged_only,gyro_bias_y,velocity_y,35,-0.5874678635311048
baseline,flat_still,bias1_profiled_removal,converged_only,gyro_bias_y,velocity_z,35,-0.29228929665946285
baseline,flat_still,bias1_profiled_removal,converged_only,gyro_bias_z,gyro_gain_x,35,0.10050378152592121
baseline,flat_still,bias1_profiled_removal,converged_only,gyro_bias_z,gyro_gain_y,35,-0.10327955589886445
baseline,flat_still,bias1_profiled_removal,converged_only,gyro_bias_z,gyro_gain_z,35,
baseline,flat_still,bias1_profiled_removal,converged_only,gyro_bias_z,lever_x,35,0.30641293851417056
baseline,flat_still,bias1_profiled_removal,converged_only,gyro_bias_z,lever_y,35,-0.27893505554043463
baseline,flat_still,bias1_profiled_removal,converged_only,gyro_bias_z,lever_z,35,-0.21979349113192903
baseline,flat_still,bias1_profiled_removal,converged_only,gyro_bias_z,position_x,35,0.12126781251816647
baseline,flat_still,bias1_profiled_removal,converged_only,gyro_bias_z,position_y,35,0.1304418279962617
baseline,flat_still,bias1_profiled_removal,converged_only,gyro_bias_z,position_z,35,0.31529631254723284
baseline,flat_still,bias1_profiled_removal,converged_only,gyro_bias_z,time_offset,35,0.1747611374440682
baseline,flat_still,bias1_profiled_removal,converged_only,gyro_bias_z,velocity_x,35,0.04850712500726659
baseline,flat_still,bias1_profiled_removal,converged_only,gyro_bias_z,velocity_y,35,-0.14553156666484354
baseline,flat_still,bias1_profiled_removal,converged_only,gyro_bias_z,velocity_z,35,0.008084520834544431
baseline,flat_still,bias1_profiled_removal,converged_only,gyro_gain_x,gyro_gain_y,35,-0.1556997888323046
baseline,flat_still,bias1_profiled_removal,converged_only,gyro_gain_x,gyro_gain_z,35,
baseline,flat_still,bias1_profiled_removal,converged_only,gyro_gain_x,lever_x,35,-0.035533452725935076
baseline,flat_still,bias1_profiled_removal,converged_only,gyro_gain_x,lever_y,35,-0.10851881760757372
baseline,flat_still,bias1_profiled_removal,converged_only,gyro_gain_x,lever_z,35,-0.4804591750445579
baseline,flat_still,bias1_profiled_removal,converged_only,gyro_gain_x,position_x,35,-0.14625448482542613
baseline,flat_still,bias1_profiled_removal,converged_only,gyro_gain_x,position_y,35,-0.28841773362111767
baseline,flat_still,bias1_profiled_removal,converged_only,gyro_gain_x,position_z,35,0.3046968433863045
baseline,flat_still,bias1_profiled_removal,converged_only,gyro_gain_x,time_offset,35,-0.09013184893409272
baseline,flat_still,bias1_profiled_removal,converged_only,gyro_gain_x,velocity_x,35,0.024375747470904357
baseline,flat_still,bias1_profiled_removal,converged_only,gyro_gain_x,velocity_y,35,-0.09750981854138982
baseline,flat_still,bias1_profiled_removal,converged_only,gyro_gain_x,velocity_z,35,0.048751494941808714
baseline,flat_still,bias1_profiled_removal,converged_only,gyro_gain_y,gyro_gain_z,35,
baseline,flat_still,bias1_profiled_removal,converged_only,gyro_gain_y,lever_x,35,-0.21908902300206645
baseline,flat_still,bias1_profiled_removal,converged_only,gyro_gain_y,lever_y,35,0.2996991320361703
baseline,flat_still,bias1_profiled_removal,converged_only,gyro_gain_y,lever_z,35,-0.40860313476419935
baseline,flat_still,bias1_profiled_removal,converged_only,gyro_gain_y,position_x,35,-0.5197661616006741
baseline,flat_still,bias1_profiled_removal,converged_only,gyro_gain_y,position_y,35,-0.6163428135236162
baseline,flat_still,bias1_profiled_removal,converged_only,gyro_gain_y,position_z,35,0.08140915784106945
baseline,flat_still,bias1_profiled_removal,converged_only,gyro_gain_y,time_offset,35,-0.43816935742564433
baseline,flat_still,bias1_profiled_removal,converged_only,gyro_gain_y,velocity_x,35,0.4320947608487532
baseline,flat_still,bias1_profiled_removal,converged_only,gyro_gain_y,velocity_y,35,0.7828351861672409
baseline,flat_still,bias1_profiled_removal,converged_only,gyro_gain_y,velocity_z,35,0.16908055859299037
baseline,flat_still,bias1_profiled_removal,converged_only,gyro_gain_z,lever_x,35,
baseline,flat_still,bias1_profiled_removal,converged_only,gyro_gain_z,lever_y,35,
baseline,flat_still,bias1_profiled_removal,converged_only,gyro_gain_z,lever_z,35,
baseline,flat_still,bias1_profiled_removal,converged_only,gyro_gain_z,position_x,35,
baseline,flat_still,bias1_profiled_removal,converged_only,gyro_gain_z,position_y,35,
baseline,flat_still,bias1_profiled_removal,converged_only,gyro_gain_z,position_z,35,
baseline,flat_still,bias1_profiled_removal,converged_only,gyro_gain_z,time_offset,35,
baseline,flat_still,bias1_profiled_removal,converged_only,gyro_gain_z,velocity_x,35,
baseline,flat_still,bias1_profiled_removal,converged_only,gyro_gain_z,velocity_y,35,
baseline,flat_still,bias1_profiled_removal,converged_only,gyro_gain_z,velocity_z,35,
baseline,flat_still,bias1_profiled_removal,converged_only,lever_x,lever_y,35,-0.7825849974788508
baseline,flat_still,bias1_profiled_removal,converged_only,lever_x,lever_z,35,0.06993786061802354
baseline,flat_still,bias1_profiled_removal,converged_only,lever_x,position_x,35,0.21151492167576091
baseline,flat_still,bias1_profiled_removal,converged_only,lever_x,position_y,35,0.470405135745282
baseline,flat_still,bias1_profiled_removal,converged_only,lever_x,position_z,35,-0.0057166195047502946
baseline,flat_still,bias1_profiled_removal,converged_only,lever_x,time_offset,35,0.1886141460980354
baseline,flat_still,bias1_profiled_removal,converged_only,lever_x,velocity_x,35,-0.06859943405700354
baseline,flat_still,bias1_profiled_removal,converged_only,lever_x,velocity_y,35,-0.2972850332556375
baseline,flat_still,bias1_profiled_removal,converged_only,lever_x,velocity_z,35,0.045732956038002356
baseline,flat_still,bias1_profiled_removal,converged_only,lever_y,lever_z,35,-0.12247495638714592
baseline,flat_still,bias1_profiled_removal,converged_only,lever_y,position_x,35,-0.13810920645962813
baseline,flat_still,bias1_profiled_removal,converged_only,lever_y,position_y,35,-0.29443182594863815
baseline,flat_still,bias1_profiled_removal,converged_only,lever_y,position_z,35,0.13810920645962813
baseline,flat_still,bias1_profiled_removal,converged_only,lever_y,time_offset,35,-0.28801288009484216
baseline,flat_still,bias1_profiled_removal,converged_only,lever_y,velocity_x,35,0.062351786212021726
baseline,flat_still,bias1_profiled_removal,converged_only,lever_y,velocity_y,35,0.39642924296649357
baseline,flat_still,bias1_profiled_removal,converged_only,lever_y,velocity_z,35,-0.24130141264052407
baseline,flat_still,bias1_profiled_removal,converged_only,lever_z,position_x,35,0.46796590643919667
baseline,flat_still,bias1_profiled_removal,converged_only,lever_z,position_y,35,0.49046631508574884
baseline,flat_still,bias1_profiled_removal,converged_only,lever_z,position_z,35,-0.6019968251264198
baseline,flat_still,bias1_profiled_removal,converged_only,lever_z,time_offset,35,0.31386124840242857
baseline,flat_still,bias1_profiled_removal,converged_only,lever_z,velocity_x,35,-0.3004272580801678
baseline,flat_still,bias1_profiled_removal,converged_only,lever_z,velocity_y,35,-0.3952665829671106
baseline,flat_still,bias1_profiled_removal,converged_only,lever_z,velocity_z,35,0.022846179321685763
baseline,flat_still,bias1_profiled_removal,converged_only,position_x,position_y,35,0.6474996411449491
baseline,flat_still,bias1_profiled_removal,converged_only,position_x,position_z,35,-0.33053221288515405
baseline,flat_still,bias1_profiled_removal,converged_only,position_x,time_offset,35,0.6859807380727739
baseline,flat_still,bias1_profiled_removal,converged_only,position_x,velocity_x,35,-0.5624649859943978
baseline,flat_still,bias1_profiled_removal,converged_only,position_x,velocity_y,35,-0.5850549772733772
baseline,flat_still,bias1_profiled_removal,converged_only,position_x,velocity_z,35,-0.008123249299719889
baseline,flat_still,bias1_profiled_removal,converged_only,position_y,position_z,35,-0.19343637487904017
baseline,flat_still,bias1_profiled_removal,converged_only,position_y,time_offset,35,0.3829069655928825
baseline,flat_still,bias1_profiled_removal,converged_only,position_y,velocity_x,35,-0.3437864544189795
baseline,flat_still,bias1_profiled_removal,converged_only,position_y,velocity_y,35,-0.7093163816446733
baseline,flat_still,bias1_profiled_removal,converged_only,position_y,velocity_z,35,-0.2371252757473592
baseline,flat_still,bias1_profiled_removal,converged_only,position_z,time_offset,35,-0.09401362031659388
baseline,flat_still,bias1_profiled_removal,converged_only,position_z,velocity_x,35,0.21400560224089635
baseline,flat_still,bias1_profiled_removal,converged_only,position_z,velocity_y,35,-0.08249877462629139
baseline,flat_still,bias1_profiled_removal,converged_only,position_z,velocity_z,35,-0.3963585434173669
baseline,flat_still,bias1_profiled_removal,converged_only,time_offset,velocity_x,35,-0.21909953887341793
baseline,flat_still,bias1_profiled_removal,converged_only,time_offset,velocity_y,35,-0.5037251978390896
baseline,flat_still,bias1_profiled_removal,converged_only,time_offset,velocity_z,35,-0.01322564489199541
baseline,flat_still,bias1_profiled_removal,converged_only,velocity_x,velocity_y,35,0.37425590119091784
baseline,flat_still,bias1_profiled_removal,converged_only,velocity_x,velocity_z,35,0.04257703081232493
baseline,flat_still,bias1_profiled_removal,converged_only,velocity_y,velocity_z,35,0.31921002949629557
baseline,flat_still,bias1_unsubtracted,all_saved,accel_bias_x,accel_bias_y,53,0.10690996425115687
baseline,flat_still,bias1_unsubtracted,all_saved,accel_bias_x,accel_bias_z,53,0.1175857615790929
baseline,flat_still,bias1_unsubtracted,all_saved,accel_bias_x,accel_gain_x,53,-0.19099302857202052
baseline,flat_still,bias1_unsubtracted,all_saved,accel_bias_x,accel_gain_y,53,-0.28427753359826935
baseline,flat_still,bias1_unsubtracted,all_saved,accel_bias_x,accel_gain_z,53,0.010639194276001308
baseline,flat_still,bias1_unsubtracted,all_saved,accel_bias_x,attitude_x,53,0.28170222177456794
baseline,flat_still,bias1_unsubtracted,all_saved,accel_bias_x,attitude_y,53,-0.5174194816228636
baseline,flat_still,bias1_unsubtracted,all_saved,accel_bias_x,attitude_z,53,-0.32957859601657385
baseline,flat_still,bias1_unsubtracted,all_saved,accel_bias_x,gravity_delta,53,0.4555029350568973
baseline,flat_still,bias1_unsubtracted,all_saved,accel_bias_x,gyro_bias_x,53,0.40090622338800525
baseline,flat_still,bias1_unsubtracted,all_saved,accel_bias_x,gyro_bias_y,53,-0.11862404816027353
baseline,flat_still,bias1_unsubtracted,all_saved,accel_bias_x,gyro_bias_z,53,0.3588164961008081
baseline,flat_still,bias1_unsubtracted,all_saved,accel_bias_x,gyro_gain_x,53,-0.4555029350568973
baseline,flat_still,bias1_unsubtracted,all_saved,accel_bias_x,gyro_gain_y,53,0.15954902567990295
baseline,flat_still,bias1_unsubtracted,all_saved,accel_bias_x,gyro_gain_z,53,
baseline,flat_still,bias1_unsubtracted,all_saved,accel_bias_x,lever_x,53,0.37966485134892786
baseline,flat_still,bias1_unsubtracted,all_saved,accel_bias_x,lever_y,53,-0.14560820902339205
baseline,flat_still,bias1_unsubtracted,all_saved,accel_bias_x,lever_z,53,0.186594169597205
baseline,flat_still,bias1_unsubtracted,all_saved,accel_bias_x,position_x,53,0.2811111554259012
baseline,flat_still,bias1_unsubtracted,all_saved,accel_bias_x,position_y,53,-0.06194602150989023
baseline,flat_still,bias1_unsubtracted,all_saved,accel_bias_x,position_z,53,-0.07518363955040924
baseline,flat_still,bias1_unsubtracted,all_saved,accel_bias_x,time_offset,53,0.23860929278449042
baseline,flat_still,bias1_unsubtracted,all_saved,accel_bias_x,velocity_x,53,0.07884825091214302
baseline,flat_still,bias1_unsubtracted,all_saved,accel_bias_x,velocity_y,53,0.1354751380550621
baseline,flat_still,bias1_unsubtracted,all_saved,accel_bias_x,velocity_z,53,-0.11443044510188073
baseline,flat_still,bias1_unsubtracted,all_saved,accel_bias_y,accel_bias_z,53,0.14648695070737386
baseline,flat_still,bias1_unsubtracted,all_saved,accel_bias_y,accel_gain_x,53,0.49345531631350625
baseline,flat_still,bias1_unsubtracted,all_saved,accel_bias_y,accel_gain_y,53,0.30878076125587683
baseline,flat_still,bias1_unsubtracted,all_saved,accel_bias_y,accel_gain_z,53,0.1448735537604523
baseline,flat_still,bias1_unsubtracted,all_saved,accel_bias_y,attitude_x,53,0.5273513877164989
baseline,flat_still,bias1_unsubtracted,all_saved,accel_bias_y,attitude_y,53,0.02126495192596451
baseline,flat_still,bias1_unsubtracted,all_saved,accel_bias_y,attitude_z,53,0.20643510408493404
baseline,flat_still,bias1_unsubtracted,all_saved,accel_bias_y,gravity_delta,53,0.0779478252451278
baseline,flat_still,bias1_unsubtracted,all_saved,accel_bias_y,gyro_bias_x,53,0.20514418699417325
baseline,flat_still,bias1_unsubtracted,all_saved,accel_bias_y,gyro_bias_y,53,0.6771551864820866
baseline,flat_still,bias1_unsubtracted,all_saved,accel_bias_y,gyro_bias_z,53,0.48274976732743524
baseline,flat_still,bias1_unsubtracted,all_saved,accel_bias_y,gyro_gain_x,53,-0.0779478252451278
baseline,flat_still,bias1_unsubtracted,all_saved,accel_bias_y,gyro_gain_y,53,-0.471712002795725
baseline,flat_still,bias1_unsubtracted,all_saved,accel_bias_y,gyro_gain_z,53,
baseline,flat_still,bias1_unsubtracted,all_saved,accel_bias_y,lever_x,53,0.10819502576577784
baseline,flat_still,bias1_unsubtracted,all_saved,accel_bias_y,lever_y,53,0.1376993766452364
baseline,flat_still,bias1_unsubtracted,all_saved,accel_bias_y,lever_z,53,0.19312538661524903
baseline,flat_still,bias1_unsubtracted,all_saved,accel_bias_y,position_x,53,0.45248710490865124
baseline,flat_still,bias1_unsubtracted,all_saved,accel_bias_y,position_y,53,0.5219079155996845
baseline,flat_still,bias1_unsubtracted,all_saved,accel_bias_y,position_z,53,0.01835194481281869
baseline,flat_still,bias1_unsubtracted,all_saved,accel_bias_y,time_offset,53,0.14648062052945757
baseline,flat_still,bias1_unsubtracted,all_saved,accel_bias_y,velocity_x,53,-0.20507570076546597
baseline,flat_still,bias1_unsubtracted,all_saved,accel_bias_y,velocity_y,53,-0.36141436798265747
baseline,flat_still,bias1_unsubtracted,all_saved,accel_bias_y,velocity_z,53,0.015438937699672865
baseline,flat_still,bias1_unsubtracted,all_saved,accel_bias_z,accel_gain_x,53,0.3696379230535826
baseline,flat_still,bias1_unsubtracted,all_saved,accel_bias_z,accel_gain_y,53,0.11886731975679272
baseline,flat_still,bias1_unsubtracted,all_saved,accel_bias_z,accel_gain_z,53,0.9616142047600195
baseline,flat_still,bias1_unsubtracted,all_saved,accel_bias_z,attitude_x,53,0.0708469891951778
baseline,flat_still,bias1_unsubtracted,all_saved,accel_bias_z,attitude_y,53,-0.34262205505828325
baseline,flat_still,bias1_unsubtracted,all_saved,accel_bias_z,attitude_z,53,0.18772781217165627
baseline,flat_still,bias1_unsubtracted,all_saved,accel_bias_z,gravity_delta,53,0.2548548221873717
baseline,flat_still,bias1_unsubtracted,all_saved,accel_bias_z,gyro_bias_x,53,0.02514440366471161
baseline,flat_still,bias1_unsubtracted,all_saved,accel_bias_z,gyro_bias_y,53,0.2023142628070445
baseline,flat_still,bias1_unsubtracted,all_saved,accel_bias_z,gyro_bias_z,53,-0.00874447457779688
baseline,flat_still,bias1_unsubtracted,all_saved,accel_bias_z,gyro_gain_x,53,-0.2548548221873717
baseline,flat_still,bias1_unsubtracted,all_saved,accel_bias_z,gyro_gain_y,53,-0.35310647131685674
baseline,flat_still,bias1_unsubtracted,all_saved,accel_bias_z,gyro_gain_z,53,
baseline,flat_still,bias1_unsubtracted,all_saved,accel_bias_z,lever_x,53,0.1916600837687537
baseline,flat_still,bias1_unsubtracted,all_saved,accel_bias_z,lever_y,53,-0.14467874436737724
baseline,flat_still,bias1_unsubtracted,all_saved,accel_bias_z,lever_z,53,0.17913077115357556
baseline,flat_still,bias1_unsubtracted,all_saved,accel_bias_z,position_x,53,0.22674378381569876
baseline,flat_still,bias1_unsubtracted,all_saved,accel_bias_z,position_y,53,0.3188770057730235
baseline,flat_still,bias1_unsubtracted,all_saved,accel_bias_z,position_z,53,0.025314431280824144
baseline,flat_still,bias1_unsubtracted,all_saved,accel_bias_z,time_offset,53,0.3446275861862469
baseline,flat_still,bias1_unsubtracted,all_saved,accel_bias_z,velocity_x,53,-0.10660466770406471
baseline,flat_still,bias1_unsubtracted,all_saved,accel_bias_z,velocity_y,53,-0.3588372082835927
baseline,flat_still,bias1_unsubtracted,all_saved,accel_bias_z,velocity_z,53,-0.08814100660484975
baseline,flat_still,bias1_unsubtracted,all_saved,accel_gain_x,accel_gain_y,53,0.23340604058347397
baseline,flat_still,bias1_unsubtracted,all_saved,accel_gain_x,accel_gain_z,53,0.41310865426903404
baseline,flat_still,bias1_unsubtracted,all_saved,accel_gain_x,attitude_x,53,-0.02265644226604727
baseline,flat_still,bias1_unsubtracted,all_saved,accel_gain_x,attitude_y,53,-0.1581308245044201
baseline,flat_still,bias1_unsubtracted,all_saved,accel_gain_x,attitude_z,53,0.5364191269301437
baseline,flat_still,bias1_unsubtracted,all_saved,accel_gain_x,gravity_delta,53,-0.16398656945414106
baseline,flat_still,bias1_unsubtracted,all_saved,accel_gain_x,gyro_bias_x,53,-0.14580798713757678
baseline,flat_still,bias1_unsubtracted,all_saved,accel_gain_x,gyro_bias_y,53,0.5810079514906872
baseline,flat_still,bias1_unsubtracted,all_saved,accel_gain_x,gyro_bias_z,53,0.004859371081847125
baseline,flat_still,bias1_unsubtracted,all_saved,accel_gain_x,gyro_gain_x,53,0.16398656945414106
baseline,flat_still,bias1_unsubtracted,all_saved,accel_gain_x,gyro_gain_y,53,-0.5189203778139844
baseline,flat_still,bias1_unsubtracted,all_saved,accel_gain_x,gyro_gain_z,53,
baseline,flat_still,bias1_unsubtracted,all_saved,accel_gain_x,lever_x,53,-0.006086112421698784
baseline,flat_still,bias1_unsubtracted,all_saved,accel_gain_x,lever_y,53,0.15663815138597406
baseline,flat_still,bias1_unsubtracted,all_saved,accel_gain_x,lever_z,53,0.10298668604025185
baseline,flat_still,bias1_unsubtracted,all_saved,accel_gain_x,position_x,53,0.19304403061931258
baseline,flat_still,bias1_unsubtracted,all_saved,accel_gain_x,position_y,53,0.7418767023890261
baseline,flat_still,bias1_unsubtracted,all_saved,accel_gain_x,position_z,53,0.004271296492779403
baseline,flat_still,bias1_unsubtracted,all_saved,accel_gain_x,time_offset,53,0.1133269977383415
baseline,flat_still,bias1_unsubtracted,all_saved,accel_gain_x,velocity_x,53,-0.09285427158216093
baseline,flat_still,bias1_unsubtracted,all_saved,accel_gain_x,velocity_y,53,-0.7291992941106951
baseline,flat_still,bias1_unsubtracted,all_saved,accel_gain_x,velocity_z,53,-0.10808237212163534
baseline,flat_still,bias1_unsubtracted,all_saved,accel_gain_y,accel_gain_z,53,0.15966947115953742
baseline,flat_still,bias1_unsubtracted,all_saved,accel_gain_y,attitude_x,53,0.01803141327333565
baseline,flat_still,bias1_unsubtracted,all_saved,accel_gain_y,attitude_y,53,0.2227010201671977
baseline,flat_still,bias1_unsubtracted,all_saved,accel_gain_y,attitude_z,53,0.3209068912993649
baseline,flat_still,bias1_unsubtracted,all_saved,accel_gain_y,gravity_delta,53,-0.11747688330751459
baseline,flat_still,bias1_unsubtracted,all_saved,accel_gain_y,gyro_bias_x,53,-0.08895846433393473
baseline,flat_still,bias1_unsubtracted,all_saved,accel_gain_y,gyro_bias_y,53,0.23645589313112655
baseline,flat_still,bias1_unsubtracted,all_saved,accel_gain_y,gyro_bias_z,53,-0.0355575805099385
baseline,flat_still,bias1_unsubtracted,all_saved,accel_gain_y,gyro_gain_x,53,0.11747688330751459
baseline,flat_still,bias1_unsubtracted,all_saved,accel_gain_y,gyro_gain_y,53,-0.2118372519485817
baseline,flat_still,bias1_unsubtracted,all_saved,accel_gain_y,gyro_gain_z,53,
baseline,flat_still,bias1_unsubtracted,all_saved,accel_gain_y,lever_x,53,-0.21239312002268315
baseline,flat_still,bias1_unsubtracted,all_saved,accel_gain_y,lever_y,53,0.03793306362382575
baseline,flat_still,bias1_unsubtracted,all_saved,accel_gain_y,lever_z,53,-0.034517250817212575
baseline,flat_still,bias1_unsubtracted,all_saved,accel_gain_y,position_x,53,-0.024041884364447534
baseline,flat_still,bias1_unsubtracted,all_saved,accel_gain_y,position_y,53,0.2291356542573821
baseline,flat_still,bias1_unsubtracted,all_saved,accel_gain_y,position_z,53,-0.007630685037411608
baseline,flat_still,bias1_unsubtracted,all_saved,accel_gain_y,time_offset,53,0.05676239104449698
baseline,flat_still,bias1_unsubtracted,all_saved,accel_gain_y,velocity_x,53,0.04892000818504976
baseline,flat_still,bias1_unsubtracted,all_saved,accel_gain_y,velocity_y,53,-0.3007386767827193
baseline,flat_still,bias1_unsubtracted,all_saved,accel_gain_y,velocity_z,53,0.16113289020780813
baseline,flat_still,bias1_unsubtracted,all_saved,accel_gain_z,attitude_x,53,0.07764876632801161
baseline,flat_still,bias1_unsubtracted,all_saved,accel_gain_z,attitude_y,53,-0.308095468472827
baseline,flat_still,bias1_unsubtracted,all_saved,accel_gain_z,attitude_z,53,0.21262699564586357
baseline,flat_still,bias1_unsubtracted,all_saved,accel_gain_z,gravity_delta,53,0.14887433049795165
baseline,flat_still,bias1_unsubtracted,all_saved,accel_gain_z,gyro_bias_x,53,-0.0064438980143000455
baseline,flat_still,bias1_unsubtracted,all_saved,accel_gain_z,gyro_bias_y,53,0.19079670543707514
baseline,flat_still,bias1_unsubtracted,all_saved,accel_gain_z,gyro_bias_z,53,-0.004219747362848611
baseline,flat_still,bias1_unsubtracted,all_saved,accel_gain_z,gyro_gain_x,53,-0.14887433049795165
baseline,flat_still,bias1_unsubtracted,all_saved,accel_gain_z,gyro_gain_y,53,-0.35809702926708564
baseline,flat_still,bias1_unsubtracted,all_saved,accel_gain_z,gyro_gain_z,53,
baseline,flat_still,bias1_unsubtracted,all_saved,accel_gain_z,lever_x,53,0.19290310596265595
baseline,flat_still,bias1_unsubtracted,all_saved,accel_gain_z,lever_y,53,-0.16578686080730887
baseline,flat_still,bias1_unsubtracted,all_saved,accel_gain_z,lever_z,53,0.15211260780653282
baseline,flat_still,bias1_unsubtracted,all_saved,accel_gain_z,position_x,53,0.23149492017416545
baseline,flat_still,bias1_unsubtracted,all_saved,accel_gain_z,position_y,53,0.38057697775176885
baseline,flat_still,bias1_unsubtracted,all_saved,accel_gain_z,position_z,53,0.070795033059184
baseline,flat_still,bias1_unsubtracted,all_saved,accel_gain_z,time_offset,53,0.33057898199764624
baseline,flat_still,bias1_unsubtracted,all_saved,accel_gain_z,velocity_x,53,-0.1378809869375907
baseline,flat_still,bias1_unsubtracted,all_saved,accel_gain_z,velocity_y,53,-0.4619912513285728
baseline,flat_still,bias1_unsubtracted,all_saved,accel_gain_z,velocity_z,53,-0.08764715368488954
baseline,flat_still,bias1_unsubtracted,all_saved,attitude_x,attitude_y,53,0.21681986776326398
baseline,flat_still,bias1_unsubtracted,all_saved,attitude_x,attitude_z,53,-0.5838574423480084
baseline,flat_still,bias1_unsubtracted,all_saved,attitude_x,gravity_delta,53,0.20712950330149796
baseline,flat_still,bias1_unsubtracted,all_saved,attitude_x,gyro_bias_x,53,0.42461174787845196
baseline,flat_still,bias1_unsubtracted,all_saved,attitude_x,gyro_bias_y,53,0.24637230468245874
baseline,flat_still,bias1_unsubtracted,all_saved,attitude_x,gyro_bias_z,53,0.4852709467275903
baseline,flat_still,bias1_unsubtracted,all_saved,attitude_x,gyro_gain_x,53,-0.20712950330149796
baseline,flat_still,bias1_unsubtracted,all_saved,attitude_x,gyro_gain_y,53,-0.1304591407738825
baseline,flat_still,bias1_unsubtracted,all_saved,attitude_x,gyro_gain_z,53,
baseline,flat_still,bias1_unsubtracted,all_saved,attitude_x,lever_x,53,0.07399023242403242
baseline,flat_still,bias1_unsubtracted,all_saved,attitude_x,lever_y,53,-0.11473105823445953
baseline,flat_still,bias1_unsubtracted,all_saved,attitude_x,lever_z,53,0.3285089949792625
baseline,flat_still,bias1_unsubtracted,all_saved,attitude_x,position_x,53,0.34937913239800034
baseline,flat_still,bias1_unsubtracted,all_saved,attitude_x,position_y,53,-0.09088662842423573
baseline,flat_still,bias1_unsubtracted,all_saved,attitude_x,position_z,53,0.1681986776326399
baseline,flat_still,bias1_unsubtracted,all_saved,attitude_x,time_offset,53,0.4051207779706254
baseline,flat_still,bias1_unsubtracted,all_saved,attitude_x,velocity_x,53,-0.036042573778422834
baseline,flat_still,bias1_unsubtracted,all_saved,attitude_x,velocity_y,53,0.0944221581823473
baseline,flat_still,bias1_unsubtracted,all_saved,attitude_x,velocity_z,53,-0.057893888082567325
baseline,flat_still,bias1_unsubtracted,all_saved,attitude_y,attitude_z,53,-0.15739396871472344
baseline,flat_still,bias1_unsubtracted,all_saved,attitude_y,gravity_delta,53,-0.2330206912141852
baseline,flat_still,bias1_unsubtracted,all_saved,attitude_y,gyro_bias_x,53,-0.28839871219319463
baseline,flat_still,bias1_unsubtracted,all_saved,attitude_y,gyro_bias_y,53,0.19255926160739453
baseline,flat_still,bias1_unsubtracted,all_saved,attitude_y,gyro_bias_z,53,-0.31226130485079723
baseline,flat_still,bias1_unsubtracted,all_saved,attitude_y,gyro_gain_x,53,0.2330206912141852
baseline,flat_still,bias1_unsubtracted,all_saved,attitude_y,gyro_gain_y,53,-0.045926942415295366
baseline,flat_still,bias1_unsubtracted,all_saved,attitude_y,gyro_gain_z,53,
baseline,flat_still,bias1_unsubtracted,all_saved,attitude_y,lever_x,53,-0.3752361787218787
baseline,flat_still,bias1_unsubtracted,all_saved,attitude_y,lever_y,53,0.08790267895797173
baseline,flat_still,bias1_unsubtracted,all_saved,attitude_y,lever_z,53,-0.0151619536144275
baseline,flat_still,bias1_unsubtracted,all_saved,attitude_y,position_x,53,-0.17989034026769876
baseline,flat_still,bias1_unsubtracted,all_saved,attitude_y,position_y,53,-0.24222062546838533
baseline,flat_still,bias1_unsubtracted,all_saved,attitude_y,position_z,53,0.0020158039025963553
baseline,flat_still,bias1_unsubtracted,all_saved,attitude_y,time_offset,53,-0.08511434296628138
baseline,flat_still,bias1_unsubtracted,all_saved,attitude_y,velocity_x,53,0.054426705370101594
baseline,flat_still,bias1_unsubtracted,all_saved,attitude_y,velocity_y,53,0.257383030672974
baseline,flat_still,bias1_unsubtracted,all_saved,attitude_y,velocity_z,53,0.08168037413320432
baseline,flat_still,bias1_unsubtracted,all_saved,attitude_z,gravity_delta,53,-0.10356475165074898
baseline,flat_still,bias1_unsubtracted,all_saved,attitude_z,gyro_bias_x,53,-0.44668552618275637
baseline,flat_still,bias1_unsubtracted,all_saved,attitude_z,gyro_bias_y,53,0.40737079486507155
baseline,flat_still,bias1_unsubtracted,all_saved,attitude_z,gyro_bias_z,53,-0.31226130485079723
baseline,flat_still,bias1_unsubtracted,all_saved,attitude_z,gyro_gain_x,53,0.10356475165074898
baseline,flat_still,bias1_unsubtracted,all_saved,attitude_z,gyro_gain_y,53,-0.3897134026689194
baseline,flat_still,bias1_unsubtracted,all_saved,attitude_z,gyro_gain_z,53,
baseline,flat_still,bias1_unsubtracted,all_saved,attitude_z,lever_x,53,-0.04228013281373281
baseline,flat_still,bias1_unsubtracted,all_saved,attitude_z,lever_y,53,0.2941006891602057
baseline,flat_still,bias1_unsubtracted,all_saved,attitude_z,lever_z,53,-0.03439174844248189
baseline,flat_still,bias1_unsubtracted,all_saved,attitude_z,position_x,53,-0.01241735203999355
baseline,flat_still,bias1_unsubtracted,all_saved,attitude_z,position_y,53,0.7098469878446949
baseline,flat_still,bias1_unsubtracted,all_saved,attitude_z,position_z,53,-0.17956781164328334
baseline,flat_still,bias1_unsubtracted,all_saved,attitude_z,time_offset,53,-0.28834219072642375
baseline,flat_still,bias1_unsubtracted,all_saved,attitude_z,velocity_x,53,-0.16965005644250927
baseline,flat_still,bias1_unsubtracted,all_saved,attitude_z,velocity_y,53,-0.6084221986036733
baseline,flat_still,bias1_unsubtracted,all_saved,attitude_z,velocity_z,53,-0.03692952749556523
baseline,flat_still,bias1_unsubtracted,all_saved,gravity_delta,gyro_bias_x,53,0.5007787704264962
baseline,flat_still,bias1_unsubtracted,all_saved,gravity_delta,gyro_bias_y,53,0.15475501964449273
baseline,flat_still,bias1_unsubtracted,all_saved,gravity_delta,gyro_bias_z,53,-0.0639137490706142
baseline,flat_still,bias1_unsubtracted,all_saved,gravity_delta,gyro_gain_x,53,-1.0
baseline,flat_still,bias1_unsubtracted,all_saved,gravity_delta,gyro_gain_y,53,-0.08014813369934476
baseline,flat_still,bias1_unsubtracted,all_saved,gravity_delta,gyro_gain_z,53,
baseline,flat_still,bias1_unsubtracted,all_saved,gravity_delta,lever_x,53,0.07604625018444508
baseline,flat_still,bias1_unsubtracted,all_saved,gravity_delta,lever_y,53,-0.023199263891739638
baseline,flat_still,bias1_unsubtracted,all_saved,gravity_delta,lever_z,53,0.4700319440957687
baseline,flat_still,bias1_unsubtracted,all_saved,gravity_delta,position_x,53,0.22654789423601338
baseline,flat_still,bias1_unsubtracted,all_saved,gravity_delta,position_y,53,0.11767711588327895
baseline,flat_still,bias1_unsubtracted,all_saved,gravity_delta,position_z,53,-0.26538467610504424
baseline,flat_still,bias1_unsubtracted,all_saved,gravity_delta,time_offset,53,0.15859879029172305
baseline,flat_still,bias1_unsubtracted,all_saved,gravity_delta,velocity_x,53,-0.0582551728035463
baseline,flat_still,bias1_unsubtracted,all_saved,gravity_delta,velocity_y,53,0.1294585492202267
baseline,flat_still,bias1_unsubtracted,all_saved,gravity_delta,velocity_z,53,-0.07120076675988993
baseline,flat_still,bias1_unsubtracted,all_saved,gyro_bias_x,gyro_bias_y,53,-0.07309849285652477
baseline,flat_still,bias1_unsubtracted,all_saved,gyro_bias_x,gyro_bias_z,53,0.4448572444123254
baseline,flat_still,bias1_unsubtracted,all_saved,gyro_bias_x,gyro_gain_x,53,-0.5007787704264962
baseline,flat_still,bias1_unsubtracted,all_saved,gyro_bias_x,gyro_gain_y,53,0.11289478329960019
baseline,flat_still,bias1_unsubtracted,all_saved,gyro_bias_x,gyro_gain_z,53,
baseline,flat_still,bias1_unsubtracted,all_saved,gyro_bias_x,lever_x,53,0.3257593533455582
baseline,flat_still,bias1_unsubtracted,all_saved,gyro_bias_x,lever_y,53,-0.35196352207279813
baseline,flat_still,bias1_unsubtracted,all_saved,gyro_bias_x,lever_z,53,0.2627867874157618
baseline,flat_still,bias1_unsubtracted,all_saved,gyro_bias_x,position_x,53,0.1387494636270563
baseline,flat_still,bias1_unsubtracted,all_saved,gyro_bias_x,position_y,53,-0.0710021564030082
baseline,flat_still,bias1_unsubtracted,all_saved,gyro_bias_x,position_z,53,0.03982877389689709
baseline,flat_still,bias1_unsubtracted,all_saved,gyro_bias_x,time_offset,53,0.2885432068656366
baseline,flat_still,bias1_unsubtracted,all_saved,gyro_bias_x,velocity_x,53,0.010419920193336244
baseline,flat_still,bias1_unsubtracted,all_saved,gyro_bias_x,velocity_y,53,0.09871702337222062
baseline,flat_still,bias1_unsubtracted,all_saved,gyro_bias_x,velocity_z,53,-0.0858957894884889
baseline,flat_still,bias1_unsubtracted,all_saved,gyro_bias_y,gyro_bias_z,53,-0.17295073650575316
baseline,flat_still,bias1_unsubtracted,all_saved,gyro_bias_y,gyro_gain_x,53,-0.15475501964449273
baseline,flat_still,bias1_unsubtracted,all_saved,gyro_bias_y,gyro_gain_y,53,-0.7888649067833197
baseline,flat_still,bias1_unsubtracted,all_saved,gyro_bias_y,gyro_gain_z,53,
baseline,flat_still,bias1_unsubtracted,all_saved,gyro_bias_y,lever_x,53,0.037907083326339415
baseline,flat_still,bias1_unsubtracted,all_saved,gyro_bias_y,lever_y,53,0.05442011590304482
baseline,flat_still,bias1_unsubtracted,all_saved,gyro_bias_y,lever_z,53,0.37761461575235516
baseline,flat_still,bias1_unsubtracted,all_saved,gyro_bias_y,position_x,53,0.36782344079352997
baseline,flat_still,bias1_unsubtracted,all_saved,gyro_bias_y,position_y,53,0.6062979080721719
baseline,flat_still,bias1_unsubtracted,all_saved,gyro_bias_y,position_z,53,-0.18600475584901927
baseline,flat_still,bias1_unsubtracted,all_saved,gyro_bias_y,time_offset,53,0.14174310599490164
baseline,flat_still,bias1_unsubtracted,all_saved,gyro_bias_y,velocity_x,53,-0.28129294880691186
baseline,flat_still,bias1_unsubtracted,all_saved,gyro_bias_y,velocity_y,53,-0.40109977397470015
baseline,flat_still,bias1_unsubtracted,all_saved,gyro_bias_y,velocity_z,53,-0.09214863977951118
baseline,flat_still,bias1_unsubtracted,all_saved,gyro_bias_z,gyro_gain_x,53,0.0639137490706142
baseline,flat_still,bias1_unsubtracted,all_saved,gyro_bias_z,gyro_gain_y,53,0.17416730199509056
baseline,flat_still,bias1_unsubtracted,all_saved,gyro_bias_z,gyro_gain_z,53,
baseline,flat_still,bias1_unsubtracted,all_saved,gyro_bias_z,lever_x,53,0.331377020699225
baseline,flat_still,bias1_unsubtracted,all_saved,gyro_bias_z,lever_y,53,-0.07057899191558133
baseline,flat_still,bias1_unsubtracted,all_saved,gyro_bias_z,lever_z,53,-0.145147896969689
baseline,flat_still,bias1_unsubtracted,all_saved,gyro_bias_z,position_x,53,0.17722938923964165
baseline,flat_still,bias1_unsubtracted,all_saved,gyro_bias_z,position_y,53,-0.07220338229680781
baseline,flat_still,bias1_unsubtracted,all_saved,gyro_bias_z,position_z,53,0.3333600416650403
baseline,flat_still,bias1_unsubtracted,all_saved,gyro_bias_z,time_offset,53,0.12574916940794978
baseline,flat_still,bias1_unsubtracted,all_saved,gyro_bias_z,velocity_x,53,0.09705418934551806
baseline,flat_still,bias1_unsubtracted,all_saved,gyro_bias_z,velocity_y,53,0.04219832427252737
baseline,flat_still,bias1_unsubtracted,all_saved,gyro_bias_z,velocity_z,53,0.12659242088545833
baseline,flat_still,bias1_unsubtracted,all_saved,gyro_gain_x,gyro_gain_y,53,0.08014813369934476
baseline,flat_still,bias1_unsubtracted,all_saved,gyro_gain_x,gyro_gain_z,53,
baseline,flat_still,bias1_unsubtracted,all_saved,gyro_gain_x,lever_x,53,-0.07604625018444508
baseline,flat_still,bias1_unsubtracted,all_saved,gyro_gain_x,lever_y,53,0.023199263891739638
baseline,flat_still,bias1_unsubtracted,all_saved,gyro_gain_x,lever_z,53,-0.4700319440957687
baseline,flat_still,bias1_unsubtracted,all_saved,gyro_gain_x,position_x,53,-0.22654789423601338
baseline,flat_still,bias1_unsubtracted,all_saved,gyro_gain_x,position_y,53,-0.11767711588327895
baseline,flat_still,bias1_unsubtracted,all_saved,gyro_gain_x,position_z,53,0.26538467610504424
baseline,flat_still,bias1_unsubtracted,all_saved,gyro_gain_x,time_offset,53,-0.15859879029172305
baseline,flat_still,bias1_unsubtracted,all_saved,gyro_gain_x,velocity_x,53,0.0582551728035463
baseline,flat_still,bias1_unsubtracted,all_saved,gyro_gain_x,velocity_y,53,-0.1294585492202267
baseline,flat_still,bias1_unsubtracted,all_saved,gyro_gain_x,velocity_z,53,0.07120076675988993
baseline,flat_still,bias1_unsubtracted,all_saved,gyro_gain_y,gyro_gain_z,53,
baseline,flat_still,bias1_unsubtracted,all_saved,gyro_gain_y,lever_x,53,-0.09816101569987987
baseline,flat_still,bias1_unsubtracted,all_saved,gyro_gain_y,lever_y,53,0.14850463814238554
baseline,flat_still,bias1_unsubtracted,all_saved,gyro_gain_y,lever_z,53,-0.4607004969409812
baseline,flat_still,bias1_unsubtracted,all_saved,gyro_gain_y,position_x,53,-0.3524393624478101
baseline,flat_still,bias1_unsubtracted,all_saved,gyro_gain_y,position_y,53,-0.47567301987708666
baseline,flat_still,bias1_unsubtracted,all_saved,gyro_gain_y,position_z,53,0.19901675046627992
baseline,flat_still,bias1_unsubtracted,all_saved,gyro_gain_y,time_offset,53,-0.2060659419597715
baseline,flat_still,bias1_unsubtracted,all_saved,gyro_gain_y,velocity_x,53,0.33713038164271164
baseline,flat_still,bias1_unsubtracted,all_saved,gyro_gain_y,velocity_y,53,0.3860603417307913
baseline,flat_still,bias1_unsubtracted,all_saved,gyro_gain_y,velocity_z,53,0.05291582495675336
baseline,flat_still,bias1_unsubtracted,all_saved,gyro_gain_z,lever_x,53,
baseline,flat_still,bias1_unsubtracted,all_saved,gyro_gain_z,lever_y,53,
baseline,flat_still,bias1_unsubtracted,all_saved,gyro_gain_z,lever_z,53,
baseline,flat_still,bias1_unsubtracted,all_saved,gyro_gain_z,position_x,53,
baseline,flat_still,bias1_unsubtracted,all_saved,gyro_gain_z,position_y,53,
baseline,flat_still,bias1_unsubtracted,all_saved,gyro_gain_z,position_z,53,
baseline,flat_still,bias1_unsubtracted,all_saved,gyro_gain_z,time_offset,53,
baseline,flat_still,bias1_unsubtracted,all_saved,gyro_gain_z,velocity_x,53,
baseline,flat_still,bias1_unsubtracted,all_saved,gyro_gain_z,velocity_y,53,
baseline,flat_still,bias1_unsubtracted,all_saved,gyro_gain_z,velocity_z,53,
baseline,flat_still,bias1_unsubtracted,all_saved,lever_x,lever_y,53,-0.5572140196349041
baseline,flat_still,bias1_unsubtracted,all_saved,lever_x,lever_z,53,0.12119351850979174
baseline,flat_still,bias1_unsubtracted,all_saved,lever_x,position_x,53,0.026425083008583008
baseline,flat_still,bias1_unsubtracted,all_saved,lever_x,position_y,53,0.17379712383782894
baseline,flat_still,bias1_unsubtracted,all_saved,lever_x,position_z,53,0.05813518261888261
baseline,flat_still,bias1_unsubtracted,all_saved,lever_x,time_offset,53,0.024499124056412355
baseline,flat_still,bias1_unsubtracted,all_saved,lever_x,velocity_x,53,0.07927524902574902
baseline,flat_still,bias1_unsubtracted,all_saved,lever_x,velocity_y,53,-0.10305990123992435
baseline,flat_still,bias1_unsubtracted,all_saved,lever_x,velocity_z,53,0.09777280713175712
baseline,flat_still,bias1_unsubtracted,all_saved,lever_y,lever_z,53,-0.2766814294145792
baseline,flat_still,bias1_unsubtracted,all_saved,lever_y,position_x,53,-0.012860282346179974
baseline,flat_still,bias1_unsubtracted,all_saved,lever_y,position_y,53,0.12331459966331441
baseline,flat_still,bias1_unsubtracted,all_saved,lever_y,position_z,53,0.12792850154102625
baseline,flat_still,bias1_unsubtracted,all_saved,lever_y,time_offset,53,-0.36508933350549433
baseline,flat_still,bias1_unsubtracted,all_saved,lever_y,velocity_x,53,-0.01859201867275457
baseline,flat_still,bias1_unsubtracted,all_saved,lever_y,velocity_y,53,-0.034222527345249235
baseline,flat_still,bias1_unsubtracted,all_saved,lever_y,velocity_z,53,-0.18563119161864275
baseline,flat_still,bias1_unsubtracted,all_saved,lever_z,position_x,53,0.3336862474329695
baseline,flat_still,bias1_unsubtracted,all_saved,lever_z,position_y,53,0.2082851216261459
baseline,flat_still,bias1_unsubtracted,all_saved,lever_z,position_z,53,-0.5240119090644821
baseline,flat_still,bias1_unsubtracted,all_saved,lever_z,time_offset,53,0.314810746261302
baseline,flat_still,bias1_unsubtracted,all_saved,lever_z,velocity_x,53,-0.2548564154295029
baseline,flat_still,bias1_unsubtracted,all_saved,lever_z,velocity_y,53,-0.12086662766969929
baseline,flat_still,bias1_unsubtracted,all_saved,lever_z,velocity_z,53,-0.08055558282136888
baseline,flat_still,bias1_unsubtracted,all_saved,position_x,position_y,53,0.29520908198327417
baseline,flat_still,bias1_unsubtracted,all_saved,position_x,position_z,53,-0.23165618448637318
baseline,flat_still,bias1_unsubtracted,all_saved,position_x,time_offset,53,0.48879340998327464
baseline,flat_still,bias1_unsubtracted,all_saved,position_x,velocity_x,53,-0.5927269795194323
baseline,flat_still,bias1_unsubtracted,all_saved,position_x,velocity_y,53,-0.20138286939403277
baseline,flat_still,bias1_unsubtracted,all_saved,position_x,velocity_z,53,0.12852765682954362
baseline,flat_still,bias1_unsubtracted,all_saved,position_y,position_z,53,-0.12098096743757374
baseline,flat_still,bias1_unsubtracted,all_saved,position_y,time_offset,53,-0.06512696389472916
baseline,flat_still,bias1_unsubtracted,all_saved,position_y,velocity_x,53,-0.23144185075014106
baseline,flat_still,bias1_unsubtracted,all_saved,position_y,velocity_y,53,-0.8658979856473171
baseline,flat_still,bias1_unsubtracted,all_saved,position_y,velocity_z,53,-0.07553765322545587
baseline,flat_still,bias1_unsubtracted,all_saved,position_z,time_offset,53,-0.09937126239664346
baseline,flat_still,bias1_unsubtracted,all_saved,position_z,velocity_x,53,0.20504757297210127
baseline,flat_still,bias1_unsubtracted,all_saved,position_z,velocity_y,53,-0.11325014617173934
baseline,flat_still,bias1_unsubtracted,all_saved,position_z,velocity_z,53,-0.33454281567489114
baseline,flat_still,bias1_unsubtracted,all_saved,time_offset,velocity_x,53,-0.1043371556813763
baseline,flat_still,bias1_unsubtracted,all_saved,time_offset,velocity_y,53,-0.020397951345638838
baseline,flat_still,bias1_unsubtracted,all_saved,time_offset,velocity_z,53,0.09008023625101425
baseline,flat_still,bias1_unsubtracted,all_saved,velocity_x,velocity_y,53,0.2691958796684598
baseline,flat_still,bias1_unsubtracted,all_saved,velocity_x,velocity_z,53,0.020964360587002098
baseline,flat_still,bias1_unsubtracted,all_saved,velocity_y,velocity_z,53,0.2161388514156976
baseline,flat_still,bias1_unsubtracted,converged_only,accel_bias_x,accel_bias_y,37,-0.014489109584901981
baseline,flat_still,bias1_unsubtracted,converged_only,accel_bias_x,accel_bias_z,37,0.1771351117315128
baseline,flat_still,bias1_unsubtracted,converged_only,accel_bias_x,accel_gain_x,37,-0.25162325028368876
baseline,flat_still,bias1_unsubtracted,converged_only,accel_bias_x,accel_gain_y,37,-0.2952406987830737
baseline,flat_still,bias1_unsubtracted,converged_only,accel_bias_x,accel_gain_z,37,-0.0065909776675628015
baseline,flat_still,bias1_unsubtracted,converged_only,accel_bias_x,attitude_x,37,0.18767808908385078
baseline,flat_still,bias1_unsubtracted,converged_only,accel_bias_x,attitude_y,37,-0.5188747168788815
baseline,flat_still,bias1_unsubtracted,converged_only,accel_bias_x,attitude_z,37,-0.34240128982988755
baseline,flat_still,bias1_unsubtracted,converged_only,accel_bias_x,gravity_delta,37,0.5134981863738186
baseline,flat_still,bias1_unsubtracted,converged_only,accel_bias_x,gyro_bias_x,37,0.4150265010952956
baseline,flat_still,bias1_unsubtracted,converged_only,accel_bias_x,gyro_bias_y,37,-0.083467149562767
baseline,flat_still,bias1_unsubtracted,converged_only,accel_bias_x,gyro_bias_z,37,0.10957029578090097
baseline,flat_still,bias1_unsubtracted,converged_only,accel_bias_x,gyro_gain_x,37,-0.5134981863738186
baseline,flat_still,bias1_unsubtracted,converged_only,accel_bias_x,gyro_gain_y,37,0.16284095952074792
baseline,flat_still,bias1_unsubtracted,converged_only,accel_bias_x,gyro_gain_z,37,
baseline,flat_still,bias1_unsubtracted,converged_only,accel_bias_x,lever_x,37,0.2800788366073759
baseline,flat_still,bias1_unsubtracted,converged_only,accel_bias_x,lever_y,37,-0.189908625277541
baseline,flat_still,bias1_unsubtracted,converged_only,accel_bias_x,lever_z,37,0.2241163526377871
baseline,flat_still,bias1_unsubtracted,converged_only,accel_bias_x,position_x,37,0.21882045856308502
baseline,flat_still,bias1_unsubtracted,converged_only,accel_bias_x,position_y,37,-0.12105375151743626
baseline,flat_still,bias1_unsubtracted,converged_only,accel_bias_x,position_z,37,-0.15703004292968376
baseline,flat_still,bias1_unsubtracted,converged_only,accel_bias_x,time_offset,37,0.32436521150440273
baseline,flat_still,bias1_unsubtracted,converged_only,accel_bias_x,velocity_x,37,0.1632914717138684
baseline,flat_still,bias1_unsubtracted,converged_only,accel_bias_x,velocity_y,37,0.19658756098503583
baseline,flat_still,bias1_unsubtracted,converged_only,accel_bias_x,velocity_z,37,-0.1766382014906831
baseline,flat_still,bias1_unsubtracted,converged_only,accel_bias_y,accel_bias_z,37,0.07144912206534668
baseline,flat_still,bias1_unsubtracted,converged_only,accel_bias_y,accel_gain_x,37,0.47800130681681474
baseline,flat_still,bias1_unsubtracted,converged_only,accel_bias_y,accel_gain_y,37,0.3372193670677049
baseline,flat_still,bias1_unsubtracted,converged_only,accel_bias_y,accel_gain_z,37,0.08323941994100435
baseline,flat_still,bias1_unsubtracted,converged_only,accel_bias_y,attitude_x,37,0.5481293466955939
baseline,flat_still,bias1_unsubtracted,converged_only,accel_bias_y,attitude_y,37,0.10095943957066358
baseline,flat_still,bias1_unsubtracted,converged_only,accel_bias_y,attitude_z,37,0.16632993215402836
baseline,flat_still,bias1_unsubtracted,converged_only,accel_bias_y,gravity_delta,37,0.11249736485847811
baseline,flat_still,bias1_unsubtracted,converged_only,accel_bias_y,gyro_bias_x,37,0.2643880599658842
baseline,flat_still,bias1_unsubtracted,converged_only,accel_bias_y,gyro_bias_y,37,0.7824805891211454
baseline,flat_still,bias1_unsubtracted,converged_only,accel_bias_y,gyro_bias_z,37,0.4717982438370246
baseline,flat_still,bias1_unsubtracted,converged_only,accel_bias_y,gyro_gain_x,37,-0.11249736485847811
baseline,flat_still,bias1_unsubtracted,converged_only,accel_bias_y,gyro_gain_y,37,-0.5671912075776723
baseline,flat_still,bias1_unsubtracted,converged_only,accel_bias_y,gyro_gain_z,37,
baseline,flat_still,bias1_unsubtracted,converged_only,accel_bias_y,lever_x,37,0.11989376286744184
baseline,flat_still,bias1_unsubtracted,converged_only,accel_bias_y,lever_y,37,0.05717943340041908
baseline,flat_still,bias1_unsubtracted,converged_only,accel_bias_y,lever_z,37,0.3302185075569684
baseline,flat_still,bias1_unsubtracted,converged_only,accel_bias_y,position_x,37,0.4589336176353764
baseline,flat_still,bias1_unsubtracted,converged_only,accel_bias_y,position_y,37,0.44229949087581627
baseline,flat_still,bias1_unsubtracted,converged_only,accel_bias_y,position_z,37,0.062392338023758175
baseline,flat_still,bias1_unsubtracted,converged_only,accel_bias_y,time_offset,37,0.19388478275324952
baseline,flat_still,bias1_unsubtracted,converged_only,accel_bias_y,velocity_x,37,-0.14920554343629044
baseline,flat_still,bias1_unsubtracted,converged_only,accel_bias_y,velocity_y,37,-0.25196681020678036
baseline,flat_still,bias1_unsubtracted,converged_only,accel_bias_y,velocity_z,37,-0.12284887558377207
baseline,flat_still,bias1_unsubtracted,converged_only,accel_bias_z,accel_gain_x,37,0.3188154692096366
baseline,flat_still,bias1_unsubtracted,converged_only,accel_bias_z,accel_gain_y,37,0.08270091312575414
baseline,flat_still,bias1_unsubtracted,converged_only,accel_bias_z,accel_gain_z,37,0.9238494855970222
baseline,flat_still,bias1_unsubtracted,converged_only,accel_bias_z,attitude_x,37,0.0948390036404248
baseline,flat_still,bias1_unsubtracted,converged_only,accel_bias_z,attitude_y,37,-0.42409139363737125
baseline,flat_still,bias1_unsubtracted,converged_only,accel_bias_z,attitude_z,37,0.10838743273191406
baseline,flat_still,bias1_unsubtracted,converged_only,accel_bias_z,gravity_delta,37,0.2896872923665088
baseline,flat_still,bias1_unsubtracted,converged_only,accel_bias_z,gyro_bias_x,37,0.09348950661562945
baseline,flat_still,bias1_unsubtracted,converged_only,accel_bias_z,gyro_bias_y,37,0.06723559109251036
baseline,flat_still,bias1_unsubtracted,converged_only,accel_bias_z,gyro_bias_z,37,0.019998486658269057
baseline,flat_still,bias1_unsubtracted,converged_only,accel_bias_z,gyro_gain_x,37,-0.2896872923665088
baseline,flat_still,bias1_unsubtracted,converged_only,accel_bias_z,gyro_gain_y,37,-0.26787464313360987
baseline,flat_still,bias1_unsubtracted,converged_only,accel_bias_z,gyro_gain_z,37,
baseline,flat_still,bias1_unsubtracted,converged_only,accel_bias_z,lever_x,37,0.16580129706962754
baseline,flat_still,bias1_unsubtracted,converged_only,accel_bias_z,lever_y,37,-0.121770230405345
baseline,flat_still,bias1_unsubtracted,converged_only,accel_bias_z,lever_z,37,0.21937180317809982
baseline,flat_still,bias1_unsubtracted,converged_only,accel_bias_z,position_x,37,0.2630440289649518
baseline,flat_still,bias1_unsubtracted,converged_only,accel_bias_z,position_y,37,0.2289271920099541
baseline,flat_still,bias1_unsubtracted,converged_only,accel_bias_z,position_z,37,0.012270275403612913
baseline,flat_still,bias1_unsubtracted,converged_only,accel_bias_z,time_offset,37,0.3619510533534713
baseline,flat_still,bias1_unsubtracted,converged_only,accel_bias_z,velocity_x,37,-0.10813180199433879
baseline,flat_still,bias1_unsubtracted,converged_only,accel_bias_z,velocity_y,37,-0.29169196060878866
baseline,flat_still,bias1_unsubtracted,converged_only,accel_bias_z,velocity_z,37,-0.20987283554929584
baseline,flat_still,bias1_unsubtracted,converged_only,accel_gain_x,accel_gain_y,37,0.35536927340971536
baseline,flat_still,bias1_unsubtracted,converged_only,accel_gain_x,accel_gain_z,37,0.38359804580309315
baseline,flat_still,bias1_unsubtracted,converged_only,accel_gain_x,attitude_x,37,-0.06327967762883142
baseline,flat_still,bias1_unsubtracted,converged_only,accel_gain_x,attitude_y,37,-0.06187968476093692
baseline,flat_still,bias1_unsubtracted,converged_only,accel_gain_x,attitude_z,37,0.6078769032397922
baseline,flat_still,bias1_unsubtracted,converged_only,accel_gain_x,gravity_delta,37,-0.18509256943286312
baseline,flat_still,bias1_unsubtracted,converged_only,accel_gain_x,gyro_bias_x,37,-0.3055523670887616
baseline,flat_still,bias1_unsubtracted,converged_only,accel_gain_x,gyro_bias_y,37,0.5439582741087887
baseline,flat_still,bias1_unsubtracted,converged_only,accel_gain_x,gyro_bias_z,37,-0.02190482956457162
baseline,flat_still,bias1_unsubtracted,converged_only,accel_gain_x,gyro_gain_x,37,0.18509256943286312
baseline,flat_still,bias1_unsubtracted,converged_only,accel_gain_x,gyro_gain_y,37,-0.5108404089218224
baseline,flat_still,bias1_unsubtracted,converged_only,accel_gain_x,gyro_gain_z,37,
baseline,flat_still,bias1_unsubtracted,converged_only,accel_gain_x,lever_x,37,-0.09393424102073554
baseline,flat_still,bias1_unsubtracted,converged_only,accel_gain_x,lever_y,37,0.29512407133120205
baseline,flat_still,bias1_unsubtracted,converged_only,accel_gain_x,lever_z,37,0.12539054635675792
baseline,flat_still,bias1_unsubtracted,converged_only,accel_gain_x,position_x,37,0.2497587276323789
baseline,flat_still,bias1_unsubtracted,converged_only,accel_gain_x,position_y,37,0.7142607860122706
baseline,flat_still,bias1_unsubtracted,converged_only,accel_gain_x,position_z,37,0.03639981456525702
baseline,flat_still,bias1_unsubtracted,converged_only,accel_gain_x,time_offset,37,0.08715745805441294
baseline,flat_still,bias1_unsubtracted,converged_only,accel_gain_x,velocity_x,37,-0.11983938949176925
baseline,flat_still,bias1_unsubtracted,converged_only,accel_gain_x,velocity_y,37,-0.6961177138948896
baseline,flat_still,bias1_unsubtracted,converged_only,accel_gain_x,velocity_z,37,-0.20971893161059618
baseline,flat_still,bias1_unsubtracted,converged_only,accel_gain_y,accel_gain_z,37,0.15929827321607745
baseline,flat_still,bias1_unsubtracted,converged_only,accel_gain_y,attitude_x,37,0.0
baseline,flat_still,bias1_unsubtracted,converged_only,accel_gain_y,attitude_y,37,0.06489929649543896
baseline,flat_still,bias1_unsubtracted,converged_only,accel_gain_y,attitude_z,37,0.33629635456727464
baseline,flat_still,bias1_unsubtracted,converged_only,accel_gain_y,gravity_delta,37,-0.1355261854357877
baseline,flat_still,bias1_unsubtracted,converged_only,accel_gain_y,gyro_bias_x,37,-0.034802096681208095
baseline,flat_still,bias1_unsubtracted,converged_only,accel_gain_y,gyro_bias_y,37,0.26273723928983644
baseline,flat_still,bias1_unsubtracted,converged_only,accel_gain_y,gyro_bias_z,37,0.06237343238042665
baseline,flat_still,bias1_unsubtracted,converged_only,accel_gain_y,gyro_gain_x,37,0.1355261854357877
baseline,flat_still,bias1_unsubtracted,converged_only,accel_gain_y,gyro_gain_y,37,-0.2806644690906998
baseline,flat_still,bias1_unsubtracted,converged_only,accel_gain_y,gyro_gain_z,37,
baseline,flat_still,bias1_unsubtracted,converged_only,accel_gain_y,lever_x,37,-0.15335250981641046
baseline,flat_still,bias1_unsubtracted,converged_only,accel_gain_y,lever_y,37,-0.023117658213217533
baseline,flat_still,bias1_unsubtracted,converged_only,accel_gain_y,lever_z,37,-0.008192690730516787
baseline,flat_still,bias1_unsubtracted,converged_only,accel_gain_y,position_x,37,0.047199488360319244
baseline,flat_still,bias1_unsubtracted,converged_only,accel_gain_y,position_y,37,0.2847460120916188
baseline,flat_still,bias1_unsubtracted,converged_only,accel_gain_y,position_z,37,0.023599744180159622
baseline,flat_still,bias1_unsubtracted,converged_only,accel_gain_y,time_offset,37,0.135092046129157
baseline,flat_still,bias1_unsubtracted,converged_only,accel_gain_y,velocity_x,37,-0.0058999360450399056
baseline,flat_still,bias1_unsubtracted,converged_only,accel_gain_y,velocity_y,37,-0.3540171458483007
baseline,flat_still,bias1_unsubtracted,converged_only,accel_gain_y,velocity_z,37,0.16519820926111736
baseline,flat_still,bias1_unsubtracted,converged_only,accel_gain_z,attitude_x,37,0.11261261261261261
baseline,flat_still,bias1_unsubtracted,converged_only,accel_gain_z,attitude_y,37,-0.3380749170222854
baseline,flat_still,bias1_unsubtracted,converged_only,accel_gain_z,attitude_z,37,0.1375059269796112
baseline,flat_still,bias1_unsubtracted,converged_only,accel_gain_z,gravity_delta,37,0.12313775728090237
baseline,flat_still,bias1_unsubtracted,converged_only,accel_gain_z,gyro_bias_x,37,0.05573881007807945
baseline,flat_still,bias1_unsubtracted,converged_only,accel_gain_z,gyro_bias_y,37,0.055097798411863755
baseline,flat_still,bias1_unsubtracted,converged_only,accel_gain_z,gyro_bias_z,37,0.055641488407465724
baseline,flat_still,bias1_unsubtracted,converged_only,accel_gain_z,gyro_gain_x,37,-0.12313775728090237
baseline,flat_still,bias1_unsubtracted,converged_only,accel_gain_z,gyro_gain_y,37,-0.2765502015776111
baseline,flat_still,bias1_unsubtracted,converged_only,accel_gain_z,gyro_gain_z,37,
baseline,flat_still,bias1_unsubtracted,converged_only,accel_gain_z,lever_x,37,0.18028068284313703
baseline,flat_still,bias1_unsubtracted,converged_only,accel_gain_z,lever_y,37,-0.18711604606027685
baseline,flat_still,bias1_unsubtracted,converged_only,accel_gain_z,lever_z,37,0.17744405218212503
baseline,flat_still,bias1_unsubtracted,converged_only,accel_gain_z,position_x,37,0.2728781412991939
baseline,flat_still,bias1_unsubtracted,converged_only,accel_gain_z,position_y,37,0.323555694966432
baseline,flat_still,bias1_unsubtracted,converged_only,accel_gain_z,position_z,37,0.07823613086770982
baseline,flat_still,bias1_unsubtracted,converged_only,accel_gain_z,time_offset,37,0.33773766424194096
baseline,flat_still,bias1_unsubtracted,converged_only,accel_gain_z,velocity_x,37,-0.14698909435751542
baseline,flat_still,bias1_unsubtracted,converged_only,accel_gain_z,velocity_y,37,-0.4524924434479499
baseline,flat_still,bias1_unsubtracted,converged_only,accel_gain_z,velocity_z,37,-0.22143195827406353
baseline,flat_still,bias1_unsubtracted,converged_only,attitude_x,attitude_y,37,0.30915125651967756
baseline,flat_still,bias1_unsubtracted,converged_only,attitude_x,attitude_z,37,-0.5960170697012802
baseline,flat_still,bias1_unsubtracted,converged_only,attitude_x,gravity_delta,37,0.26866419770378697
baseline,flat_still,bias1_unsubtracted,converged_only,attitude_x,gyro_bias_x,37,0.37978307511981735
baseline,flat_still,bias1_unsubtracted,converged_only,attitude_x,gyro_bias_y,37,0.32266854399283085
baseline,flat_still,bias1_unsubtracted,converged_only,attitude_x,gyro_bias_z,37,0.4358583258584815
baseline,flat_still,bias1_unsubtracted,converged_only,attitude_x,gyro_gain_x,37,-0.26866419770378697
baseline,flat_still,bias1_unsubtracted,converged_only,attitude_x,gyro_gain_y,37,-0.19585663328270794
baseline,flat_still,bias1_unsubtracted,converged_only,attitude_x,gyro_gain_z,37,
baseline,flat_still,bias1_unsubtracted,converged_only,attitude_x,lever_x,37,0.09014034142156852
baseline,flat_still,bias1_unsubtracted,converged_only,attitude_x,lever_y,37,-0.13721843377753637
baseline,flat_still,bias1_unsubtracted,converged_only,attitude_x,lever_z,37,0.37595752799997545
baseline,flat_still,bias1_unsubtracted,converged_only,attitude_x,position_x,37,0.4009009009009009
baseline,flat_still,bias1_unsubtracted,converged_only,attitude_x,position_y,37,-0.10386837044698426
baseline,flat_still,bias1_unsubtracted,converged_only,attitude_x,position_z,37,0.17804646752015174
baseline,flat_still,bias1_unsubtracted,converged_only,attitude_x,time_offset,37,0.4216585782064893
baseline,flat_still,bias1_unsubtracted,converged_only,attitude_x,velocity_x,37,0.02370791844476055
baseline,flat_still,bias1_unsubtracted,converged_only,attitude_x,velocity_y,37,0.1304012805325504
baseline,flat_still,bias1_unsubtracted,converged_only,attitude_x,velocity_z,37,-0.0903271692745377
baseline,flat_still,bias1_unsubtracted,converged_only,attitude_y,attitude_z,37,-0.18634423897581792
baseline,flat_still,bias1_unsubtracted,converged_only,attitude_y,gravity_delta,37,-0.29105288084576925
baseline,flat_still,bias1_unsubtracted,converged_only,attitude_y,gyro_bias_x,37,-0.3002703639690087
baseline,flat_still,bias1_unsubtracted,converged_only,attitude_y,gyro_bias_y,37,0.24051673677993218
baseline,flat_still,bias1_unsubtracted,converged_only,attitude_y,gyro_bias_z,37,-0.18547162802488576
baseline,flat_still,bias1_unsubtracted,converged_only,attitude_y,gyro_gain_x,37,0.29105288084576925
baseline,flat_still,bias1_unsubtracted,converged_only,attitude_y,gyro_gain_y,37,-0.03383411426538264
baseline,flat_still,bias1_unsubtracted,converged_only,attitude_y,gyro_gain_z,37,
baseline,flat_still,bias1_unsubtracted,converged_only,attitude_y,lever_x,37,-0.22800204006632036
baseline,flat_still,bias1_unsubtracted,converged_only,attitude_y,lever_y,37,0.08838247281996056
baseline,flat_still,bias1_unsubtracted,converged_only,attitude_y,lever_z,37,-0.010205502073554501
baseline,flat_still,bias1_unsubtracted,converged_only,attitude_y,position_x,37,-0.18278805120910385
baseline,flat_still,bias1_unsubtracted,converged_only,attitude_y,position_y,37,-0.18230996722273615
baseline,flat_still,bias1_unsubtracted,converged_only,attitude_y,position_z,37,0.08084400189663347
baseline,flat_still,bias1_unsubtracted,converged_only,attitude_y,time_offset,37,-0.11766533741183173
baseline,flat_still,bias1_unsubtracted,converged_only,attitude_y,velocity_x,37,0.02418207681365576
baseline,flat_still,bias1_unsubtracted,converged_only,attitude_y,velocity_y,37,0.2279651476946313
baseline,flat_still,bias1_unsubtracted,converged_only,attitude_y,velocity_z,37,0.13632053105737316
baseline,flat_still,bias1_unsubtracted,converged_only,attitude_z,gravity_delta,37,-0.10074907413892012
baseline,flat_still,bias1_unsubtracted,converged_only,attitude_z,gyro_bias_x,37,-0.37698614558184923
baseline,flat_still,bias1_unsubtracted,converged_only,attitude_z,gyro_bias_y,37,0.4097692552546993
baseline,flat_still,bias1_unsubtracted,converged_only,attitude_z,gyro_bias_z,37,-0.34312251184603865
baseline,flat_still,bias1_unsubtracted,converged_only,attitude_z,gyro_gain_x,37,0.10074907413892012
baseline,flat_still,bias1_unsubtracted,converged_only,attitude_z,gyro_gain_y,37,-0.4395257942362148
baseline,flat_still,bias1_unsubtracted,converged_only,attitude_z,gyro_gain_z,37,
baseline,flat_still,bias1_unsubtracted,converged_only,attitude_z,lever_x,37,-0.07423322234717407
baseline,flat_still,bias1_unsubtracted,converged_only,attitude_z,lever_y,37,0.31026759977938106
baseline,flat_still,bias1_unsubtracted,converged_only,attitude_z,lever_z,37,0.06485431962871731
baseline,flat_still,bias1_unsubtracted,converged_only,attitude_z,position_x,37,-0.032716927453769556
baseline,flat_still,bias1_unsubtracted,converged_only,attitude_z,position_y,37,0.6968207324601233
baseline,flat_still,bias1_unsubtracted,converged_only,attitude_z,position_z,37,-0.2460881934566145
baseline,flat_still,bias1_unsubtracted,converged_only,attitude_z,time_offset,37,-0.3122092743296483
baseline,flat_still,bias1_unsubtracted,converged_only,attitude_z,velocity_x,37,-0.1600284495021337
baseline,flat_still,bias1_unsubtracted,converged_only,attitude_z,velocity_y,37,-0.5460257255753883
baseline,flat_still,bias1_unsubtracted,converged_only,attitude_z,velocity_z,37,-0.07562825983878615
baseline,flat_still,bias1_unsubtracted,converged_only,gravity_delta,gyro_bias_x,37,0.5754246398213376
baseline,flat_still,bias1_unsubtracted,converged_only,gravity_delta,gyro_bias_y,37,0.18694082301762682
baseline,flat_still,bias1_unsubtracted,converged_only,gravity_delta,gyro_bias_z,37,-0.07100716024967263
baseline,flat_still,bias1_unsubtracted,converged_only,gravity_delta,gyro_gain_x,37,-1.0
baseline,flat_still,bias1_unsubtracted,converged_only,gravity_delta,gyro_gain_y,37,-0.08250362354952612
baseline,flat_still,bias1_unsubtracted,converged_only,gravity_delta,gyro_gain_z,37,
baseline,flat_still,bias1_unsubtracted,converged_only,gravity_delta,lever_x,37,0.07443314476960544
baseline,flat_still,bias1_unsubtracted,converged_only,gravity_delta,lever_y,37,0.025064384270765433
baseline,flat_still,bias1_unsubtracted,converged_only,gravity_delta,lever_z,37,0.489652938314476
baseline,flat_still,bias1_unsubtracted,converged_only,gravity_delta,position_x,37,0.24627551456180474
baseline,flat_still,bias1_unsubtracted,converged_only,gravity_delta,position_y,37,0.132065406419373
baseline,flat_still,bias1_unsubtracted,converged_only,gravity_delta,position_z,37,-0.29105288084576925
baseline,flat_still,bias1_unsubtracted,converged_only,gravity_delta,time_offset,37,0.15933351680165508
baseline,flat_still,bias1_unsubtracted,converged_only,gravity_delta,velocity_x,37,-0.05597170785495562
baseline,flat_still,bias1_unsubtracted,converged_only,gravity_delta,velocity_y,37,0.13434006139591828
baseline,flat_still,bias1_unsubtracted,converged_only,gravity_delta,velocity_z,37,-0.07836039099693787
baseline,flat_still,bias1_unsubtracted,converged_only,gyro_bias_x,gyro_bias_y,37,-0.022241692224774963
baseline,flat_still,bias1_unsubtracted,converged_only,gyro_bias_x,gyro_bias_z,37,0.4766914787997119
baseline,flat_still,bias1_unsubtracted,converged_only,gyro_bias_x,gyro_gain_x,37,-0.5754246398213376
baseline,flat_still,bias1_unsubtracted,converged_only,gyro_bias_x,gyro_gain_y,37,0.09476948730762842
baseline,flat_still,bias1_unsubtracted,converged_only,gyro_bias_x,gyro_gain_z,37,
baseline,flat_still,bias1_unsubtracted,converged_only,gyro_bias_x,lever_x,37,0.3663904919281147
baseline,flat_still,bias1_unsubtracted,converged_only,gyro_bias_x,lever_y,37,-0.3361560722403206
baseline,flat_still,bias1_unsubtracted,converged_only,gyro_bias_x,lever_z,37,0.18614666800827248
baseline,flat_still,bias1_unsubtracted,converged_only,gyro_bias_x,position_x,37,0.18080151656151222
baseline,flat_still,bias1_unsubtracted,converged_only,gyro_bias_x,position_y,37,-0.055280381114366485
baseline,flat_still,bias1_unsubtracted,converged_only,gyro_bias_x,position_z,37,0.10009012132300289
baseline,flat_still,bias1_unsubtracted,converged_only,gyro_bias_x,time_offset,37,0.26049463128144507
baseline,flat_still,bias1_unsubtracted,converged_only,gyro_bias_x,velocity_x,37,-0.02936776014866552
baseline,flat_still,bias1_unsubtracted,converged_only,gyro_bias_x,velocity_y,37,0.12167364668757254
baseline,flat_still,bias1_unsubtracted,converged_only,gyro_bias_x,velocity_z,37,-0.08210986000749339
baseline,flat_still,bias1_unsubtracted,converged_only,gyro_bias_y,gyro_bias_z,37,-0.15486493140088037
baseline,flat_still,bias1_unsubtracted,converged_only,gyro_bias_y,gyro_gain_x,37,-0.18694082301762682
baseline,flat_still,bias1_unsubtracted,converged_only,gyro_bias_y,gyro_gain_y,37,-0.7745753211118986
baseline,flat_still,bias1_unsubtracted,converged_only,gyro_bias_y,gyro_gain_z,37,
baseline,flat_still,bias1_unsubtracted,converged_only,gyro_bias_y,lever_x,37,0.059031608121903896
baseline,flat_still,bias1_unsubtracted,converged_only,gyro_bias_y,lever_y,37,0.15660734301861068
baseline,flat_still,bias1_unsubtracted,converged_only,gyro_bias_y,lever_z,37,0.5144898220477118
baseline,flat_still,bias1_unsubtracted,converged_only,gyro_bias_y,position_x,37,0.4510101223294476
baseline,flat_still,bias1_unsubtracted,converged_only,gyro_bias_y,position_y,37,0.6086169652929309
baseline,flat_still,bias1_unsubtracted,converged_only,gyro_bias_y,position_z,37,-0.2256700246330228
baseline,flat_still,bias1_unsubtracted,converged_only,gyro_bias_y,time_offset,37,0.08820277989223216
baseline,flat_still,bias1_unsubtracted,converged_only,gyro_bias_y,velocity_x,37,-0.33190649821757445
baseline,flat_still,bias1_unsubtracted,converged_only,gyro_bias_y,velocity_y,37,-0.3537026405377298
baseline,flat_still,bias1_unsubtracted,converged_only,gyro_bias_y,velocity_z,37,-0.20620433537374158
baseline,flat_still,bias1_unsubtracted,converged_only,gyro_bias_z,gyro_gain_x,37,0.07100716024967263
baseline,flat_still,bias1_unsubtracted,converged_only,gyro_bias_z,gyro_gain_y,37,0.16776178416785073
baseline,flat_still,bias1_unsubtracted,converged_only,gyro_bias_z,gyro_gain_z,37,
baseline,flat_still,bias1_unsubtracted,converged_only,gyro_bias_z,lever_x,37,0.1961962315822578
baseline,flat_still,bias1_unsubtracted,converged_only,gyro_bias_z,lever_y,37,-0.19725570817749236
baseline,flat_still,bias1_unsubtracted,converged_only,gyro_bias_z,lever_z,37,-0.15452828736719584
baseline,flat_still,bias1_unsubtracted,converged_only,gyro_bias_z,position_x,37,0.12055655821617574
baseline,flat_still,bias1_unsubtracted,converged_only,gyro_bias_z,position_y,37,-0.16908077996514684
baseline,flat_still,bias1_unsubtracted,converged_only,gyro_bias_z,position_z,37,0.38021683745101575
baseline,flat_still,bias1_unsubtracted,converged_only,gyro_bias_z,time_offset,37,0.25825025192854306
baseline,flat_still,bias1_unsubtracted,converged_only,gyro_bias_z,velocity_x,37,0.19474520942613002
baseline,flat_still,bias1_unsubtracted,converged_only,gyro_bias_z,velocity_y,37,0.1205637042141202
baseline,flat_still,bias1_unsubtracted,converged_only,gyro_bias_z,velocity_z,37,0.11128297681493145
baseline,flat_still,bias1_unsubtracted,converged_only,gyro_gain_x,gyro_gain_y,37,0.08250362354952612
baseline,flat_still,bias1_unsubtracted,converged_only,gyro_gain_x,gyro_gain_z,37,
baseline,flat_still,bias1_unsubtracted,converged_only,gyro_gain_x,lever_x,37,-0.07443314476960544
baseline,flat_still,bias1_unsubtracted,converged_only,gyro_gain_x,lever_y,37,-0.025064384270765433
baseline,flat_still,bias1_unsubtracted,converged_only,gyro_gain_x,lever_z,37,-0.489652938314476
baseline,flat_still,bias1_unsubtracted,converged_only,gyro_gain_x,position_x,37,-0.24627551456180474
baseline,flat_still,bias1_unsubtracted,converged_only,gyro_gain_x,position_y,37,-0.132065406419373
baseline,flat_still,bias1_unsubtracted,converged_only,gyro_gain_x,position_z,37,0.29105288084576925
baseline,flat_still,bias1_unsubtracted,converged_only,gyro_gain_x,time_offset,37,-0.15933351680165508
baseline,flat_still,bias1_unsubtracted,converged_only,gyro_gain_x,velocity_x,37,0.05597170785495562
baseline,flat_still,bias1_unsubtracted,converged_only,gyro_gain_x,velocity_y,37,-0.13434006139591828
baseline,flat_still,bias1_unsubtracted,converged_only,gyro_gain_x,velocity_z,37,0.07836039099693787
baseline,flat_still,bias1_unsubtracted,converged_only,gyro_gain_y,gyro_gain_z,37,
baseline,flat_still,bias1_unsubtracted,converged_only,gyro_gain_y,lever_x,37,-0.09236882283748436
baseline,flat_still,bias1_unsubtracted,converged_only,gyro_gain_y,lever_y,37,0.07362139454104846
baseline,flat_still,bias1_unsubtracted,converged_only,gyro_gain_y,lever_z,37,-0.588271055933438
baseline,flat_still,bias1_unsubtracted,converged_only,gyro_gain_y,position_x,37,-0.3975905540199659
baseline,flat_still,bias1_unsubtracted,converged_only,gyro_gain_y,position_y,37,-0.4763324931530553
baseline,flat_still,bias1_unsubtracted,converged_only,gyro_gain_y,position_z,37,0.25272336054565153
baseline,flat_still,bias1_unsubtracted,converged_only,gyro_gain_y,time_offset,37,-0.1554131738874576
baseline,flat_still,bias1_unsubtracted,converged_only,gyro_gain_y,velocity_x,37,0.34866610710100887
baseline,flat_still,bias1_unsubtracted,converged_only,gyro_gain_y,velocity_y,37,0.3775983883958859
baseline,flat_still,bias1_unsubtracted,converged_only,gyro_gain_y,velocity_z,37,0.18028976380849432
baseline,flat_still,bias1_unsubtracted,converged_only,gyro_gain_z,lever_x,37,
baseline,flat_still,bias1_unsubtracted,converged_only,gyro_gain_z,lever_y,37,
baseline,flat_still,bias1_unsubtracted,converged_only,gyro_gain_z,lever_z,37,
baseline,flat_still,bias1_unsubtracted,converged_only,gyro_gain_z,position_x,37,
baseline,flat_still,bias1_unsubtracted,converged_only,gyro_gain_z,position_y,37,
baseline,flat_still,bias1_unsubtracted,converged_only,gyro_gain_z,position_z,37,
baseline,flat_still,bias1_unsubtracted,converged_only,gyro_gain_z,time_offset,37,
baseline,flat_still,bias1_unsubtracted,converged_only,gyro_gain_z,velocity_x,37,
baseline,flat_still,bias1_unsubtracted,converged_only,gyro_gain_z,velocity_y,37,
baseline,flat_still,bias1_unsubtracted,converged_only,gyro_gain_z,velocity_z,37,
baseline,flat_still,bias1_unsubtracted,converged_only,lever_x,lever_y,37,-0.6589033966821932
baseline,flat_still,bias1_unsubtracted,converged_only,lever_x,lever_z,37,0.15093966967892794
baseline,flat_still,bias1_unsubtracted,converged_only,lever_x,position_x,37,0.02651186512399074
baseline,flat_still,bias1_unsubtracted,converged_only,lever_x,position_y,37,0.12795304575400993
baseline,flat_still,bias1_unsubtracted,converged_only,lever_x,position_z,37,-0.04241898419838518
baseline,flat_still,bias1_unsubtracted,converged_only,lever_x,time_offset,37,0.05906409229510838
baseline,flat_still,bias1_unsubtracted,converged_only,lever_x,velocity_x,37,0.07423322234717407
baseline,flat_still,bias1_unsubtracted,converged_only,lever_x,velocity_y,37,-0.010605374646618253
baseline,flat_still,bias1_unsubtracted,converged_only,lever_x,velocity_z,37,0.09544271444636666
baseline,flat_still,bias1_unsubtracted,converged_only,lever_y,lever_z,37,-0.15129143185718372
baseline,flat_still,bias1_unsubtracted,converged_only,lever_y,position_x,37,-0.044323942825625864
baseline,flat_still,bias1_unsubtracted,converged_only,lever_y,position_y,37,0.13592305385471928
baseline,flat_still,bias1_unsubtracted,converged_only,lever_y,position_z,37,0.13562595678978934
baseline,flat_still,bias1_unsubtracted,converged_only,lever_y,time_offset,37,-0.30246448639464646
baseline,flat_still,bias1_unsubtracted,converged_only,lever_y,velocity_x,37,-0.045518300566436146
baseline,flat_still,bias1_unsubtracted,converged_only,lever_y,velocity_y,37,-0.06111492678139422
baseline,flat_still,bias1_unsubtracted,converged_only,lever_y,velocity_z,37,-0.27722370228363
baseline,flat_still,bias1_unsubtracted,converged_only,lever_z,position_x,37,0.40476338062694384
baseline,flat_still,bias1_unsubtracted,converged_only,lever_z,position_y,37,0.3210360652740896
baseline,flat_still,bias1_unsubtracted,converged_only,lever_z,position_z,37,-0.5693682527810486
baseline,flat_still,bias1_unsubtracted,converged_only,lever_z,time_offset,37,0.2392800298459499
baseline,flat_still,bias1_unsubtracted,converged_only,lever_z,velocity_x,37,-0.31390149119787797
baseline,flat_still,bias1_unsubtracted,converged_only,lever_z,velocity_y,37,-0.16938845336320915
baseline,flat_still,bias1_unsubtracted,converged_only,lever_z,velocity_z,37,-0.003456702315236202
baseline,flat_still,bias1_unsubtracted,converged_only,position_x,position_y,37,0.3198688127841033
baseline,flat_still,bias1_unsubtracted,converged_only,position_x,position_z,37,-0.21384542437174017
baseline,flat_still,bias1_unsubtracted,converged_only,position_x,time_offset,37,0.533895464889845
baseline,flat_still,bias1_unsubtracted,converged_only,position_x,velocity_x,37,-0.5263157894736842
baseline,flat_still,bias1_unsubtracted,converged_only,position_x,velocity_y,37,-0.2694564642277155
baseline,flat_still,bias1_unsubtracted,converged_only,position_x,velocity_z,37,0.0649596965386439
baseline,flat_still,bias1_unsubtracted,converged_only,position_y,position_z,37,-0.17302919483273632
baseline,flat_still,bias1_unsubtracted,converged_only,position_y,time_offset,37,-0.11148382567488625
baseline,flat_still,bias1_unsubtracted,converged_only,position_y,velocity_x,37,-0.23939307411465283
baseline,flat_still,bias1_unsubtracted,converged_only,position_y,velocity_y,37,-0.8418032373710699
baseline,flat_still,bias1_unsubtracted,converged_only,position_y,velocity_z,37,-0.2134577649699958
baseline,flat_still,bias1_unsubtracted,converged_only,position_z,time_offset,37,-0.04152031232861394
baseline,flat_still,bias1_unsubtracted,converged_only,position_z,velocity_x,37,0.24419155998103367
baseline,flat_still,bias1_unsubtracted,converged_only,position_z,velocity_y,37,-0.10420247780737436
baseline,flat_still,bias1_unsubtracted,converged_only,position_z,velocity_z,37,-0.3843053579895685
baseline,flat_still,bias1_unsubtracted,converged_only,time_offset,velocity_x,37,-0.0035211572292817477
baseline,flat_still,bias1_unsubtracted,converged_only,time_offset,velocity_y,37,0.00014672358108787058
baseline,flat_still,bias1_unsubtracted,converged_only,time_offset,velocity_z,37,0.08744207119383006
baseline,flat_still,bias1_unsubtracted,converged_only,velocity_x,velocity_y,37,0.2975520128515468
baseline,flat_still,bias1_unsubtracted,converged_only,velocity_x,velocity_z,37,0.08036984352773827
baseline,flat_still,bias1_unsubtracted,converged_only,velocity_y,velocity_z,37,0.3597889876511732
baseline,sphere_rotating,bias1_profiled_removal,all_saved,accel_bias_x,accel_bias_y,53,-0.20262860828898566
baseline,sphere_rotating,bias1_profiled_removal,all_saved,accel_bias_x,accel_bias_z,53,0.22020641831962587
baseline,sphere_rotating,bias1_profiled_removal,all_saved,accel_bias_x,accel_gain_x,53,-0.02926947266569908
baseline,sphere_rotating,bias1_profiled_removal,all_saved,accel_bias_x,accel_gain_y,53,0.15368488953394613
baseline,sphere_rotating,bias1_profiled_removal,all_saved,accel_bias_x,accel_gain_z,53,0.0050798258345428155
baseline,sphere_rotating,bias1_profiled_removal,all_saved,accel_bias_x,attitude_x,53,-0.08466376390904692
baseline,sphere_rotating,bias1_profiled_removal,all_saved,accel_bias_x,attitude_y,53,-0.8387356877922916
baseline,sphere_rotating,bias1_profiled_removal,all_saved,accel_bias_x,attitude_z,53,0.2814868569585551
baseline,sphere_rotating,bias1_profiled_removal,all_saved,accel_bias_x,earth_removal,53,-0.02270321157569216
baseline,sphere_rotating,bias1_profiled_removal,all_saved,accel_bias_x,gravity_delta,53,0.3361379833103625
baseline,sphere_rotating,bias1_profiled_removal,all_saved,accel_bias_x,gyro_bias_x,53,-0.003065257972955205
baseline,sphere_rotating,bias1_profiled_removal,all_saved,accel_bias_x,gyro_bias_y,53,0.07031265750214076
baseline,sphere_rotating,bias1_profiled_removal,all_saved,accel_bias_x,gyro_bias_z,53,0.19973939326361045
baseline,sphere_rotating,bias1_profiled_removal,all_saved,accel_bias_x,gyro_gain_x,53,0.48523372756647665
baseline,sphere_rotating,bias1_profiled_removal,all_saved,accel_bias_x,gyro_gain_y,53,-0.1926326236461764
baseline,sphere_rotating,bias1_profiled_removal,all_saved,accel_bias_x,gyro_gain_z,53,-0.5538570704536601
baseline,sphere_rotating,bias1_profiled_removal,all_saved,accel_bias_x,lever_x,53,-0.6750524109014675
baseline,sphere_rotating,bias1_profiled_removal,all_saved,accel_bias_x,lever_y,53,0.06595710369295275
baseline,sphere_rotating,bias1_profiled_removal,all_saved,accel_bias_x,lever_z,53,0.34123528463151104
baseline,sphere_rotating,bias1_profiled_removal,all_saved,accel_bias_x,position_x,53,0.13933236574746008
baseline,sphere_rotating,bias1_profiled_removal,all_saved,accel_bias_x,position_y,53,-0.0037897113368811483
baseline,sphere_rotating,bias1_profiled_removal,all_saved,accel_bias_x,position_z,53,-0.26866634413804225
baseline,sphere_rotating,bias1_profiled_removal,all_saved,accel_bias_x,time_offset,53,0.3925979680696662
baseline,sphere_rotating,bias1_profiled_removal,all_saved,accel_bias_x,velocity_x,53,0.024995968392194808
baseline,sphere_rotating,bias1_profiled_removal,all_saved,accel_bias_x,velocity_y,53,-0.12256087727785842
baseline,sphere_rotating,bias1_profiled_removal,all_saved,accel_bias_x,velocity_z,53,0.021286889211417512
baseline,sphere_rotating,bias1_profiled_removal,all_saved,accel_bias_y,accel_bias_z,53,-0.02967263344621835
baseline,sphere_rotating,bias1_profiled_removal,all_saved,accel_bias_y,accel_gain_x,53,-0.40662796323173683
baseline,sphere_rotating,bias1_profiled_removal,all_saved,accel_bias_y,accel_gain_y,53,0.03193033381712627
baseline,sphere_rotating,bias1_profiled_removal,all_saved,accel_bias_y,accel_gain_z,53,-0.03217223028543783
baseline,sphere_rotating,bias1_profiled_removal,all_saved,accel_bias_y,attitude_x,53,0.46887598774391226
baseline,sphere_rotating,bias1_profiled_removal,all_saved,accel_bias_y,attitude_y,53,0.0966779551685212
baseline,sphere_rotating,bias1_profiled_removal,all_saved,accel_bias_y,attitude_z,53,-0.04765360425737784
baseline,sphere_rotating,bias1_profiled_removal,all_saved,accel_bias_y,earth_removal,53,-0.09421832803912247
baseline,sphere_rotating,bias1_profiled_removal,all_saved,accel_bias_y,gravity_delta,53,-0.03224180656242252
baseline,sphere_rotating,bias1_profiled_removal,all_saved,accel_bias_y,gyro_bias_x,53,0.14124386080643592
baseline,sphere_rotating,bias1_profiled_removal,all_saved,accel_bias_y,gyro_bias_y,53,-0.34934585851837713
baseline,sphere_rotating,bias1_profiled_removal,all_saved,accel_bias_y,gyro_bias_z,53,0.15580363216975662
baseline,sphere_rotating,bias1_profiled_removal,all_saved,accel_bias_y,gyro_gain_x,53,0.038328098543955504
baseline,sphere_rotating,bias1_profiled_removal,all_saved,accel_bias_y,gyro_gain_y,53,-0.15267052818179272
baseline,sphere_rotating,bias1_profiled_removal,all_saved,accel_bias_y,gyro_gain_z,53,0.07752235110330688
baseline,sphere_rotating,bias1_profiled_removal,all_saved,accel_bias_y,lever_x,53,0.15489437187550395
baseline,sphere_rotating,bias1_profiled_removal,all_saved,accel_bias_y,lever_y,53,-0.15118529269472666
baseline,sphere_rotating,bias1_profiled_removal,all_saved,accel_bias_y,lever_z,53,0.13505886147395582
baseline,sphere_rotating,bias1_profiled_removal,all_saved,accel_bias_y,position_x,53,-0.07434284792775359
baseline,sphere_rotating,bias1_profiled_removal,all_saved,accel_bias_y,position_y,53,-0.17231091759393646
baseline,sphere_rotating,bias1_profiled_removal,all_saved,accel_bias_y,position_z,53,-0.17634252539912917
baseline,sphere_rotating,bias1_profiled_removal,all_saved,accel_bias_y,time_offset,53,-0.00362844702467344
baseline,sphere_rotating,bias1_profiled_removal,all_saved,accel_bias_y,velocity_x,53,0.15634575068537332
baseline,sphere_rotating,bias1_profiled_removal,all_saved,accel_bias_y,velocity_y,53,0.11296565070149976
baseline,sphere_rotating,bias1_profiled_removal,all_saved,accel_bias_y,velocity_z,53,0.05152394775036284
baseline,sphere_rotating,bias1_profiled_removal,all_saved,accel_bias_z,accel_gain_x,53,-0.03563941299790356
baseline,sphere_rotating,bias1_profiled_removal,all_saved,accel_bias_z,accel_gain_y,53,-0.02217384292855991
baseline,sphere_rotating,bias1_profiled_removal,all_saved,accel_bias_z,accel_gain_z,53,0.8206740848250282
baseline,sphere_rotating,bias1_profiled_removal,all_saved,accel_bias_z,attitude_x,53,-0.025721657797129496
baseline,sphere_rotating,bias1_profiled_removal,all_saved,accel_bias_z,attitude_y,53,-0.09724238026124818
baseline,sphere_rotating,bias1_profiled_removal,all_saved,accel_bias_z,attitude_z,53,-0.0024189646831156266
baseline,sphere_rotating,bias1_profiled_removal,all_saved,accel_bias_z,earth_removal,53,0.13643756956545772
baseline,sphere_rotating,bias1_profiled_removal,all_saved,accel_bias_z,gravity_delta,53,0.001291286370459976
baseline,sphere_rotating,bias1_profiled_removal,all_saved,accel_bias_z,gyro_bias_x,53,-0.09300638007414083
baseline,sphere_rotating,bias1_profiled_removal,all_saved,accel_bias_z,gyro_bias_y,53,0.1754591086291953
baseline,sphere_rotating,bias1_profiled_removal,all_saved,accel_bias_z,gyro_bias_z,53,-0.01976677660214641
baseline,sphere_rotating,bias1_profiled_removal,all_saved,accel_bias_z,gyro_gain_x,53,0.1498426926234218
baseline,sphere_rotating,bias1_profiled_removal,all_saved,accel_bias_z,gyro_gain_y,53,0.13307256814577814
baseline,sphere_rotating,bias1_profiled_removal,all_saved,accel_bias_z,gyro_gain_z,53,-0.12638171687262656
baseline,sphere_rotating,bias1_profiled_removal,all_saved,accel_bias_z,lever_x,53,-0.0697468150298339
baseline,sphere_rotating,bias1_profiled_removal,all_saved,accel_bias_z,lever_y,53,0.12409288824383163
baseline,sphere_rotating,bias1_profiled_removal,all_saved,accel_bias_z,lever_z,53,-0.12256087727785842
baseline,sphere_rotating,bias1_profiled_removal,all_saved,accel_bias_z,position_x,53,-0.021690049991936786
baseline,sphere_rotating,bias1_profiled_removal,all_saved,accel_bias_z,position_y,53,0.0017739074342847927
baseline,sphere_rotating,bias1_profiled_removal,all_saved,accel_bias_z,position_z,53,0.10506369940332204
baseline,sphere_rotating,bias1_profiled_removal,all_saved,accel_bias_z,time_offset,53,0.0774875020158039
baseline,sphere_rotating,bias1_profiled_removal,all_saved,accel_bias_z,velocity_x,53,-0.14763747782615708
baseline,sphere_rotating,bias1_profiled_removal,all_saved,accel_bias_z,velocity_y,53,-0.06789227543944525
baseline,sphere_rotating,bias1_profiled_removal,all_saved,accel_bias_z,velocity_z,53,0.10272536687631027
baseline,sphere_rotating,bias1_profiled_removal,all_saved,accel_gain_x,accel_gain_y,53,0.09506531204644413
baseline,sphere_rotating,bias1_profiled_removal,all_saved,accel_gain_x,accel_gain_z,53,0.11925495887760039
baseline,sphere_rotating,bias1_profiled_removal,all_saved,accel_gain_x,attitude_x,53,-0.12586679567811643
baseline,sphere_rotating,bias1_profiled_removal,all_saved,accel_gain_x,attitude_y,53,0.05337848734075149
baseline,sphere_rotating,bias1_profiled_removal,all_saved,accel_gain_x,attitude_z,53,0.03668763102725367
baseline,sphere_rotating,bias1_profiled_removal,all_saved,accel_gain_x,earth_removal,53,-0.005894103005227773
baseline,sphere_rotating,bias1_profiled_removal,all_saved,accel_gain_x,gravity_delta,53,-0.32362864659653146
baseline,sphere_rotating,bias1_profiled_removal,all_saved,accel_gain_x,gyro_bias_x,53,-0.06299911781257934
baseline,sphere_rotating,bias1_profiled_removal,all_saved,accel_gain_x,gyro_bias_y,53,0.391114157355658
baseline,sphere_rotating,bias1_profiled_removal,all_saved,accel_gain_x,gyro_bias_z,53,-0.07967133102087832
baseline,sphere_rotating,bias1_profiled_removal,all_saved,accel_gain_x,gyro_gain_x,53,-0.010409104657200546
baseline,sphere_rotating,bias1_profiled_removal,all_saved,accel_gain_x,gyro_gain_y,53,0.373329041179883
baseline,sphere_rotating,bias1_profiled_removal,all_saved,accel_gain_x,gyro_gain_z,53,0.16152694658214625
baseline,sphere_rotating,bias1_profiled_removal,all_saved,accel_gain_x,lever_x,53,-0.039509756490888566
baseline,sphere_rotating,bias1_profiled_removal,all_saved,accel_gain_x,lever_y,53,-0.016690856313497822
baseline,sphere_rotating,bias1_profiled_removal,all_saved,accel_gain_x,lever_z,53,0.06797290759554911
baseline,sphere_rotating,bias1_profiled_removal,all_saved,accel_gain_x,position_x,53,0.11594904047734236
baseline,sphere_rotating,bias1_profiled_removal,all_saved,accel_gain_x,position_y,53,-0.017094017094017096
baseline,sphere_rotating,bias1_profiled_removal,all_saved,accel_gain_x,position_z,53,0.03217223028543783
baseline,sphere_rotating,bias1_profiled_removal,all_saved,accel_gain_x,time_offset,53,0.07023060796645703
baseline,sphere_rotating,bias1_profiled_removal,all_saved,accel_gain_x,velocity_x,53,-0.24649250120948235
baseline,sphere_rotating,bias1_profiled_removal,all_saved,accel_gain_x,velocity_y,53,-0.01588453475245928
baseline,sphere_rotating,bias1_profiled_removal,all_saved,accel_gain_x,velocity_z,53,-0.11103047895500726
baseline,sphere_rotating,bias1_profiled_removal,all_saved,accel_gain_y,accel_gain_z,53,0.031446540880503145
baseline,sphere_rotating,bias1_profiled_removal,all_saved,accel_gain_y,attitude_x,53,-0.12336719883889695
baseline,sphere_rotating,bias1_profiled_removal,all_saved,accel_gain_y,attitude_y,53,-0.10836961780358007
baseline,sphere_rotating,bias1_profiled_removal,all_saved,accel_gain_y,attitude_z,53,0.1490082244799226
baseline,sphere_rotating,bias1_profiled_removal,all_saved,accel_gain_y,earth_removal,53,0.029732475159704543
baseline,sphere_rotating,bias1_profiled_removal,all_saved,accel_gain_y,gravity_delta,53,-0.07606483775990797
baseline,sphere_rotating,bias1_profiled_removal,all_saved,accel_gain_y,gyro_bias_x,53,-0.04589820491082926
baseline,sphere_rotating,bias1_profiled_removal,all_saved,accel_gain_y,gyro_bias_y,53,0.03624488480184894
baseline,sphere_rotating,bias1_profiled_removal,all_saved,accel_gain_y,gyro_bias_z,53,0.15096983527141516
baseline,sphere_rotating,bias1_profiled_removal,all_saved,accel_gain_y,gyro_gain_x,53,0.49810389960386803
baseline,sphere_rotating,bias1_profiled_removal,all_saved,accel_gain_y,gyro_gain_y,53,-0.14831542595156727
baseline,sphere_rotating,bias1_profiled_removal,all_saved,accel_gain_y,gyro_gain_z,53,-0.05732597066797437
baseline,sphere_rotating,bias1_profiled_removal,all_saved,accel_gain_y,lever_x,53,-0.4732301241735204
baseline,sphere_rotating,bias1_profiled_removal,all_saved,accel_gain_y,lever_y,53,-0.030156426382841477
baseline,sphere_rotating,bias1_profiled_removal,all_saved,accel_gain_y,lever_z,53,0.22286727947105306
baseline,sphere_rotating,bias1_profiled_removal,all_saved,accel_gain_y,position_x,53,-0.2709240445089502
baseline,sphere_rotating,bias1_profiled_removal,all_saved,accel_gain_y,position_y,53,0.037332688276084505
baseline,sphere_rotating,bias1_profiled_removal,all_saved,accel_gain_y,position_z,53,-0.3956619900016126
baseline,sphere_rotating,bias1_profiled_removal,all_saved,accel_gain_y,time_offset,53,0.047089179164650864
baseline,sphere_rotating,bias1_profiled_removal,all_saved,accel_gain_y,velocity_x,53,-0.1512659248508305
baseline,sphere_rotating,bias1_profiled_removal,all_saved,accel_gain_y,velocity_y,53,0.16279632317368167
baseline,sphere_rotating,bias1_profiled_removal,all_saved,accel_gain_y,velocity_z,53,0.17150459603289792
baseline,sphere_rotating,bias1_profiled_removal,all_saved,accel_gain_z,attitude_x,53,0.06289308176100629
baseline,sphere_rotating,bias1_profiled_removal,all_saved,accel_gain_z,attitude_y,53,0.10070956297371392
baseline,sphere_rotating,bias1_profiled_removal,all_saved,accel_gain_z,attitude_z,53,-0.21665860345105628
baseline,sphere_rotating,bias1_profiled_removal,all_saved,accel_gain_z,earth_removal,53,-0.014145847212546655
baseline,sphere_rotating,bias1_profiled_removal,all_saved,accel_gain_z,gravity_delta,53,-0.4511431756794541
baseline,sphere_rotating,bias1_profiled_removal,all_saved,accel_gain_z,gyro_bias_x,53,-0.01677825416775481
baseline,sphere_rotating,bias1_profiled_removal,all_saved,accel_gain_z,gyro_bias_y,53,0.17824097409229606
baseline,sphere_rotating,bias1_profiled_removal,all_saved,accel_gain_z,gyro_bias_z,53,-0.009926547201951253
baseline,sphere_rotating,bias1_profiled_removal,all_saved,accel_gain_z,gyro_gain_x,53,-0.04998790957469565
baseline,sphere_rotating,bias1_profiled_removal,all_saved,accel_gain_z,gyro_gain_y,53,0.06645563403158859
baseline,sphere_rotating,bias1_profiled_removal,all_saved,accel_gain_z,gyro_gain_z,53,0.054768350438172436
baseline,sphere_rotating,bias1_profiled_removal,all_saved,accel_gain_z,lever_x,53,0.0792614094500887
baseline,sphere_rotating,bias1_profiled_removal,all_saved,accel_gain_z,lever_y,53,0.06998871149814546
baseline,sphere_rotating,bias1_profiled_removal,all_saved,accel_gain_z,lever_z,53,-0.2104499274310595
baseline,sphere_rotating,bias1_profiled_removal,all_saved,accel_gain_z,position_x,53,-0.06555394291243348
baseline,sphere_rotating,bias1_profiled_removal,all_saved,accel_gain_z,position_y,53,-0.025882922109337205
baseline,sphere_rotating,bias1_profiled_removal,all_saved,accel_gain_z,position_z,53,0.21867440735365265
baseline,sphere_rotating,bias1_profiled_removal,all_saved,accel_gain_z,time_offset,53,-0.009998387356877922
baseline,sphere_rotating,bias1_profiled_removal,all_saved,accel_gain_z,velocity_x,53,-0.27850346718271246
baseline,sphere_rotating,bias1_profiled_removal,all_saved,accel_gain_z,velocity_y,53,0.05821641670698274
baseline,sphere_rotating,bias1_profiled_removal,all_saved,accel_gain_z,velocity_z,53,0.02370585389453314
baseline,sphere_rotating,bias1_profiled_removal,all_saved,attitude_x,attitude_y,53,0.12441541686824706
baseline,sphere_rotating,bias1_profiled_removal,all_saved,attitude_x,attitude_z,53,-0.310836961780358
baseline,sphere_rotating,bias1_profiled_removal,all_saved,attitude_x,earth_removal,53,0.07740921946865809
baseline,sphere_rotating,bias1_profiled_removal,all_saved,attitude_x,gravity_delta,53,-0.22290830970065334
baseline,sphere_rotating,bias1_profiled_removal,all_saved,attitude_x,gyro_bias_x,53,0.0077438096158868345
baseline,sphere_rotating,bias1_profiled_removal,all_saved,attitude_x,gyro_bias_y,53,-0.023101578410967123
baseline,sphere_rotating,bias1_profiled_removal,all_saved,attitude_x,gyro_bias_z,53,0.09978337883004912
baseline,sphere_rotating,bias1_profiled_removal,all_saved,attitude_x,gyro_gain_x,53,-0.21427424354415545
baseline,sphere_rotating,bias1_profiled_removal,all_saved,attitude_x,gyro_gain_y,53,0.03141319108653369
baseline,sphere_rotating,bias1_profiled_removal,all_saved,attitude_x,gyro_gain_z,53,0.0675564515871821
baseline,sphere_rotating,bias1_profiled_removal,all_saved,attitude_x,lever_x,53,0.20609579100145137
baseline,sphere_rotating,bias1_profiled_removal,all_saved,attitude_x,lever_y,53,-0.1514271891630382
baseline,sphere_rotating,bias1_profiled_removal,all_saved,attitude_x,lever_z,53,0.0019351717464925011
baseline,sphere_rotating,bias1_profiled_removal,all_saved,attitude_x,position_x,53,0.03757458474439607
baseline,sphere_rotating,bias1_profiled_removal,all_saved,attitude_x,position_y,53,0.011933559103370425
baseline,sphere_rotating,bias1_profiled_removal,all_saved,attitude_x,position_z,53,-0.133849379132398
baseline,sphere_rotating,bias1_profiled_removal,all_saved,attitude_x,time_offset,53,-0.17884212223834867
baseline,sphere_rotating,bias1_profiled_removal,all_saved,attitude_x,velocity_x,53,-0.08409933881631995
baseline,sphere_rotating,bias1_profiled_removal,all_saved,attitude_x,velocity_y,53,0.26479600064505726
baseline,sphere_rotating,bias1_profiled_removal,all_saved,attitude_x,velocity_z,53,0.08950169327527818
baseline,sphere_rotating,bias1_profiled_removal,all_saved,attitude_y,attitude_z,53,-0.29213030156426384
baseline,sphere_rotating,bias1_profiled_removal,all_saved,attitude_y,earth_removal,53,0.1018588319347881
baseline,sphere_rotating,bias1_profiled_removal,all_saved,attitude_y,gravity_delta,53,-0.3350484604352869
baseline,sphere_rotating,bias1_profiled_removal,all_saved,attitude_y,gyro_bias_x,53,-0.0814713303338094
baseline,sphere_rotating,bias1_profiled_removal,all_saved,attitude_y,gyro_bias_y,53,0.07982744372376073
baseline,sphere_rotating,bias1_profiled_removal,all_saved,attitude_y,gyro_bias_z,53,-0.2494584470751228
baseline,sphere_rotating,bias1_profiled_removal,all_saved,attitude_y,gyro_gain_x,53,-0.3815461346633549
baseline,sphere_rotating,bias1_profiled_removal,all_saved,attitude_y,gyro_gain_y,53,0.19771357624810612
baseline,sphere_rotating,bias1_profiled_removal,all_saved,attitude_y,gyro_gain_z,53,0.5018227278473448
baseline,sphere_rotating,bias1_profiled_removal,all_saved,attitude_y,lever_x,53,0.6291727140783745
baseline,sphere_rotating,bias1_profiled_removal,all_saved,attitude_y,lever_y,53,0.028140622480245122
baseline,sphere_rotating,bias1_profiled_removal,all_saved,attitude_y,lever_z,53,-0.23270440251572327
baseline,sphere_rotating,bias1_profiled_removal,all_saved,attitude_y,position_x,53,-0.06748911465892599
baseline,sphere_rotating,bias1_profiled_removal,all_saved,attitude_y,position_y,53,0.030559587163360748
baseline,sphere_rotating,bias1_profiled_removal,all_saved,attitude_y,position_z,53,0.1699725850669247
baseline,sphere_rotating,bias1_profiled_removal,all_saved,attitude_y,time_offset,53,-0.2931785195936139
baseline,sphere_rotating,bias1_profiled_removal,all_saved,attitude_y,velocity_x,53,-0.3705047572972101
baseline,sphere_rotating,bias1_profiled_removal,all_saved,attitude_y,velocity_y,53,0.07031124012256088
baseline,sphere_rotating,bias1_profiled_removal,all_saved,attitude_y,velocity_z,53,0.03588130946621513
baseline,sphere_rotating,bias1_profiled_removal,all_saved,attitude_z,earth_removal,53,-0.007553183851143739
baseline,sphere_rotating,bias1_profiled_removal,all_saved,attitude_z,gravity_delta,53,0.30127325130794314
baseline,sphere_rotating,bias1_profiled_removal,all_saved,attitude_z,gyro_bias_x,53,-0.015326289864776027
baseline,sphere_rotating,bias1_profiled_removal,all_saved,attitude_z,gyro_bias_y,53,-0.06882093254366645
baseline,sphere_rotating,bias1_profiled_removal,all_saved,attitude_z,gyro_bias_z,53,0.3767772046653671
baseline,sphere_rotating,bias1_profiled_removal,all_saved,attitude_z,gyro_gain_x,53,0.2900024971936338
baseline,sphere_rotating,bias1_profiled_removal,all_saved,attitude_z,gyro_gain_y,53,-0.23985322282760252
baseline,sphere_rotating,bias1_profiled_removal,all_saved,attitude_z,gyro_gain_z,53,-0.05194614880528754
baseline,sphere_rotating,bias1_profiled_removal,all_saved,attitude_z,lever_x,53,-0.34317045637800353
baseline,sphere_rotating,bias1_profiled_removal,all_saved,attitude_z,lever_y,53,-0.12465731333655862
baseline,sphere_rotating,bias1_profiled_removal,all_saved,attitude_z,lever_z,53,0.5876471536848895
baseline,sphere_rotating,bias1_profiled_removal,all_saved,attitude_z,position_x,53,0.11506208676019997
baseline,sphere_rotating,bias1_profiled_removal,all_saved,attitude_z,position_y,53,-0.017335913562328657
baseline,sphere_rotating,bias1_profiled_removal,all_saved,attitude_z,position_z,53,-0.13554265441057894
baseline,sphere_rotating,bias1_profiled_removal,all_saved,attitude_z,time_offset,53,0.10667634252539913
baseline,sphere_rotating,bias1_profiled_removal,all_saved,attitude_z,velocity_x,53,0.07966457023060797
baseline,sphere_rotating,bias1_profiled_removal,all_saved,attitude_z,velocity_y,53,-0.18658280922431866
baseline,sphere_rotating,bias1_profiled_removal,all_saved,attitude_z,velocity_z,53,-0.25366876310272535
baseline,sphere_rotating,bias1_profiled_removal,all_saved,earth_removal,gravity_delta,53,0.14444929472111792
baseline,sphere_rotating,bias1_profiled_removal,all_saved,earth_removal,gyro_bias_x,53,-0.8293509318878387
baseline,sphere_rotating,bias1_profiled_removal,all_saved,earth_removal,gyro_bias_y,53,0.20607945927132043
baseline,sphere_rotating,bias1_profiled_removal,all_saved,earth_removal,gyro_bias_z,53,-0.4207879568967835
baseline,sphere_rotating,bias1_profiled_removal,all_saved,earth_removal,gyro_gain_x,53,0.1066078465930389
baseline,sphere_rotating,bias1_profiled_removal,all_saved,earth_removal,gyro_gain_y,53,-0.22920045502137135
baseline,sphere_rotating,bias1_profiled_removal,all_saved,earth_removal,gyro_gain_z,53,0.040758413009527615
baseline,sphere_rotating,bias1_profiled_removal,all_saved,earth_removal,lever_x,53,0.06955041546168772
baseline,sphere_rotating,bias1_profiled_removal,all_saved,earth_removal,lever_y,53,0.05300326702478901
baseline,sphere_rotating,bias1_profiled_removal,all_saved,earth_removal,lever_z,53,-0.09090016634729055
baseline,sphere_rotating,bias1_profiled_removal,all_saved,earth_removal,position_x,53,-0.10906273560784427
baseline,sphere_rotating,bias1_profiled_removal,all_saved,earth_removal,position_y,53,0.21921697177221222
baseline,sphere_rotating,bias1_profiled_removal,all_saved,earth_removal,position_z,53,0.0314788760501424
baseline,sphere_rotating,bias1_profiled_removal,all_saved,earth_removal,time_offset,53,-0.1847255541860645
baseline,sphere_rotating,bias1_profiled_removal,all_saved,earth_removal,velocity_x,53,-0.10600653404957802
baseline,sphere_rotating,bias1_profiled_removal,all_saved,earth_removal,velocity_y,53,-0.13067444662701277
baseline,sphere_rotating,bias1_profiled_removal,all_saved,earth_removal,velocity_z,53,-0.11137671678767444
baseline,sphere_rotating,bias1_profiled_removal,all_saved,gravity_delta,gyro_bias_x,53,-0.006741619250424691
baseline,sphere_rotating,bias1_profiled_removal,all_saved,gravity_delta,gyro_bias_y,53,-0.08326947311133713
baseline,sphere_rotating,bias1_profiled_removal,all_saved,gravity_delta,gyro_bias_z,53,-0.0485978671970417
baseline,sphere_rotating,bias1_profiled_removal,all_saved,gravity_delta,gyro_gain_x,53,0.36147960295585857
baseline,sphere_rotating,bias1_profiled_removal,all_saved,gravity_delta,gyro_gain_y,53,0.03420649820395193
baseline,sphere_rotating,bias1_profiled_removal,all_saved,gravity_delta,gyro_gain_z,53,-0.35764175317903685
baseline,sphere_rotating,bias1_profiled_removal,all_saved,gravity_delta,lever_x,53,-0.2549483527676915
baseline,sphere_rotating,bias1_profiled_removal,all_saved,gravity_delta,lever_y,53,-0.009644295079372946
baseline,sphere_rotating,bias1_profiled_removal,all_saved,gravity_delta,lever_z,53,0.04406514739194668
baseline,sphere_rotating,bias1_profiled_removal,all_saved,gravity_delta,position_x,53,0.10455384330818118
baseline,sphere_rotating,bias1_profiled_removal,all_saved,gravity_delta,position_y,53,-0.04737406871625037
baseline,sphere_rotating,bias1_profiled_removal,all_saved,gravity_delta,position_z,53,-0.04378267849840856
baseline,sphere_rotating,bias1_profiled_removal,all_saved,gravity_delta,time_offset,53,0.17860104611424543
baseline,sphere_rotating,bias1_profiled_removal,all_saved,gravity_delta,velocity_x,53,0.3120070692623917
baseline,sphere_rotating,bias1_profiled_removal,all_saved,gravity_delta,velocity_y,53,-0.1441398411025948
baseline,sphere_rotating,bias1_profiled_removal,all_saved,gravity_delta,velocity_z,53,0.014970851357520347
baseline,sphere_rotating,bias1_profiled_removal,all_saved,gyro_bias_x,gyro_bias_y,53,-0.32020491591682043
baseline,sphere_rotating,bias1_profiled_removal,all_saved,gyro_bias_x,gyro_bias_z,53,0.3084515685256575
baseline,sphere_rotating,bias1_profiled_removal,all_saved,gyro_bias_x,gyro_gain_x,53,-0.0005650629936155892
baseline,sphere_rotating,bias1_profiled_removal,all_saved,gyro_bias_x,gyro_gain_y,53,0.2902959081256619
baseline,sphere_rotating,bias1_profiled_removal,all_saved,gyro_bias_x,gyro_gain_z,53,-0.18448763112541255
baseline,sphere_rotating,bias1_profiled_removal,all_saved,gyro_bias_x,lever_x,53,-0.055416637563690155
baseline,sphere_rotating,bias1_profiled_removal,all_saved,gyro_bias_x,lever_y,53,-0.010486408854846755
baseline,sphere_rotating,bias1_profiled_removal,all_saved,gyro_bias_x,lever_z,53,0.0517867268062432
baseline,sphere_rotating,bias1_profiled_removal,all_saved,gyro_bias_x,position_x,53,0.1325320749885632
baseline,sphere_rotating,bias1_profiled_removal,all_saved,gyro_bias_x,position_y,53,-0.3658950043506529
baseline,sphere_rotating,bias1_profiled_removal,all_saved,gyro_bias_x,position_z,53,0.03323384960151433
baseline,sphere_rotating,bias1_profiled_removal,all_saved,gyro_bias_x,time_offset,53,0.14285715447641234
baseline,sphere_rotating,bias1_profiled_removal,all_saved,gyro_bias_x,velocity_x,53,0.07808341362685892
baseline,sphere_rotating,bias1_profiled_removal,all_saved,gyro_bias_x,velocity_y,53,0.1287408348641186
baseline,sphere_rotating,bias1_profiled_removal,all_saved,gyro_bias_x,velocity_z,53,0.18294750217532646
baseline,sphere_rotating,bias1_profiled_removal,all_saved,gyro_bias_y,gyro_bias_z,53,-0.1297382713349117
baseline,sphere_rotating,bias1_profiled_removal,all_saved,gyro_bias_y,gyro_gain_x,53,0.037481601402498885
baseline,sphere_rotating,bias1_profiled_removal,all_saved,gyro_bias_y,gyro_gain_y,53,0.3548068464734463
baseline,sphere_rotating,bias1_profiled_removal,all_saved,gyro_bias_y,gyro_gain_z,53,0.09926412404687796
baseline,sphere_rotating,bias1_profiled_removal,all_saved,gyro_bias_y,lever_x,53,0.08990666641615476
baseline,sphere_rotating,bias1_profiled_removal,all_saved,gyro_bias_y,lever_y,53,0.15272038223515438
baseline,sphere_rotating,bias1_profiled_removal,all_saved,gyro_bias_y,lever_z,53,-0.10558993692551988
baseline,sphere_rotating,bias1_profiled_removal,all_saved,gyro_bias_y,position_x,53,0.03705122261724046
baseline,sphere_rotating,bias1_profiled_removal,all_saved,gyro_bias_y,position_y,53,0.032092245052582596
baseline,sphere_rotating,bias1_profiled_removal,all_saved,gyro_bias_y,position_z,53,0.1822323462784841
baseline,sphere_rotating,bias1_profiled_removal,all_saved,gyro_bias_y,time_offset,53,0.07039329128367992
baseline,sphere_rotating,bias1_profiled_removal,all_saved,gyro_bias_y,velocity_x,53,0.039228334718797574
baseline,sphere_rotating,bias1_profiled_removal,all_saved,gyro_bias_y,velocity_y,53,0.19311790678626964
baseline,sphere_rotating,bias1_profiled_removal,all_saved,gyro_bias_y,velocity_z,53,-0.20259237611712005
baseline,sphere_rotating,bias1_profiled_removal,all_saved,gyro_bias_z,gyro_gain_x,53,0.1338897904047476
baseline,sphere_rotating,bias1_profiled_removal,all_saved,gyro_bias_z,gyro_gain_y,53,-0.15955068008572088
baseline,sphere_rotating,bias1_profiled_removal,all_saved,gyro_bias_z,gyro_gain_z,53,0.129817385227771
baseline,sphere_rotating,bias1_profiled_removal,all_saved,gyro_bias_z,lever_x,53,-0.4271004830891722
baseline,sphere_rotating,bias1_profiled_removal,all_saved,gyro_bias_z,lever_y,53,-0.0927053190860491
baseline,sphere_rotating,bias1_profiled_removal,all_saved,gyro_bias_z,lever_z,53,0.33681206245229384
baseline,sphere_rotating,bias1_profiled_removal,all_saved,gyro_bias_z,position_x,53,0.15511308975570784
baseline,sphere_rotating,bias1_profiled_removal,all_saved,gyro_bias_z,position_y,53,-0.15071088186614687
baseline,sphere_rotating,bias1_profiled_removal,all_saved,gyro_bias_z,position_z,53,-0.053862308295805066
baseline,sphere_rotating,bias1_profiled_removal,all_saved,gyro_bias_z,time_offset,53,0.32887082469073287
baseline,sphere_rotating,bias1_profiled_removal,all_saved,gyro_bias_z,velocity_x,53,0.15191933109073222
baseline,sphere_rotating,bias1_profiled_removal,all_saved,gyro_bias_z,velocity_y,53,0.1613279714821469
baseline,sphere_rotating,bias1_profiled_removal,all_saved,gyro_bias_z,velocity_z,53,-0.17893680304039086
baseline,sphere_rotating,bias1_profiled_removal,all_saved,gyro_gain_x,gyro_gain_y,53,-0.08183855281414132
baseline,sphere_rotating,bias1_profiled_removal,all_saved,gyro_gain_x,gyro_gain_z,53,-0.3440512498616431
baseline,sphere_rotating,bias1_profiled_removal,all_saved,gyro_gain_x,lever_x,53,-0.6304770483646238
baseline,sphere_rotating,bias1_profiled_removal,all_saved,gyro_gain_x,lever_y,53,0.0508351622793515
baseline,sphere_rotating,bias1_profiled_removal,all_saved,gyro_gain_x,lever_z,53,0.468127292005806
baseline,sphere_rotating,bias1_profiled_removal,all_saved,gyro_gain_x,position_x,53,-0.01617849212223806
baseline,sphere_rotating,bias1_profiled_removal,all_saved,gyro_gain_x,position_y,53,0.00048414440266049055
baseline,sphere_rotating,bias1_profiled_removal,all_saved,gyro_gain_x,position_z,53,-0.4339951116182414
baseline,sphere_rotating,bias1_profiled_removal,all_saved,gyro_gain_x,time_offset,53,0.41555727895025435
baseline,sphere_rotating,bias1_profiled_removal,all_saved,gyro_gain_x,velocity_x,53,-0.01226499153406576
baseline,sphere_rotating,bias1_profiled_removal,all_saved,gyro_gain_x,velocity_y,53,-0.14778507891211473
baseline,sphere_rotating,bias1_profiled_removal,all_saved,gyro_gain_x,velocity_z,53,0.12220611630488548
baseline,sphere_rotating,bias1_profiled_removal,all_saved,gyro_gain_y,gyro_gain_z,53,-0.010960510413561716
baseline,sphere_rotating,bias1_profiled_removal,all_saved,gyro_gain_y,lever_x,53,0.2524346292704761
baseline,sphere_rotating,bias1_profiled_removal,all_saved,gyro_gain_y,lever_y,53,0.021049660779423086
baseline,sphere_rotating,bias1_profiled_removal,all_saved,gyro_gain_y,lever_z,53,-0.19864105172306154
baseline,sphere_rotating,bias1_profiled_removal,all_saved,gyro_gain_y,position_x,53,0.07016553593141028
baseline,sphere_rotating,bias1_profiled_removal,all_saved,gyro_gain_y,position_y,53,-0.06996391082815911
baseline,sphere_rotating,bias1_profiled_removal,all_saved,gyro_gain_y,position_z,53,0.24102264842645937
baseline,sphere_rotating,bias1_profiled_removal,all_saved,gyro_gain_y,time_offset,53,-0.01822690933390658
baseline,sphere_rotating,bias1_profiled_removal,all_saved,gyro_gain_y,velocity_x,53,0.0005645502891033011
baseline,sphere_rotating,bias1_profiled_removal,all_saved,gyro_gain_y,velocity_y,53,0.11222453246960623
baseline,sphere_rotating,bias1_profiled_removal,all_saved,gyro_gain_y,velocity_z,53,0.023227211894535818
baseline,sphere_rotating,bias1_profiled_removal,all_saved,gyro_gain_z,lever_x,53,0.3280809398228687
baseline,sphere_rotating,bias1_profiled_removal,all_saved,gyro_gain_z,lever_y,53,-0.1382437831108459
baseline,sphere_rotating,bias1_profiled_removal,all_saved,gyro_gain_z,lever_z,53,0.011465194133594874
baseline,sphere_rotating,bias1_profiled_removal,all_saved,gyro_gain_z,position_x,53,-0.03364593509204957
baseline,sphere_rotating,bias1_profiled_removal,all_saved,gyro_gain_z,position_y,53,0.007981538993002585
baseline,sphere_rotating,bias1_profiled_removal,all_saved,gyro_gain_z,position_z,53,0.18895521870174628
baseline,sphere_rotating,bias1_profiled_removal,all_saved,gyro_gain_z,time_offset,53,-0.13105598832709217
baseline,sphere_rotating,bias1_profiled_removal,all_saved,gyro_gain_z,velocity_x,53,0.042906284199953126
baseline,sphere_rotating,bias1_profiled_removal,all_saved,gyro_gain_z,velocity_y,53,0.11438735993286578
baseline,sphere_rotating,bias1_profiled_removal,all_saved,gyro_gain_z,velocity_z,53,-0.2498530383113406
baseline,sphere_rotating,bias1_profiled_removal,all_saved,lever_x,lever_y,53,-0.038703434929850025
baseline,sphere_rotating,bias1_profiled_removal,all_saved,lever_x,lever_z,53,-0.30358006773101115
baseline,sphere_rotating,bias1_profiled_removal,all_saved,lever_x,position_x,53,-0.009998387356877922
baseline,sphere_rotating,bias1_profiled_removal,all_saved,lever_x,position_y,53,-0.05668440574100952
baseline,sphere_rotating,bias1_profiled_removal,all_saved,lever_x,position_z,53,0.3447830995000806
baseline,sphere_rotating,bias1_profiled_removal,all_saved,lever_x,time_offset,53,-0.5319303338171263
baseline,sphere_rotating,bias1_profiled_removal,all_saved,lever_x,velocity_x,53,-0.014110627318174487
baseline,sphere_rotating,bias1_profiled_removal,all_saved,lever_x,velocity_y,53,0.15739396871472344
baseline,sphere_rotating,bias1_profiled_removal,all_saved,lever_x,velocity_z,53,-0.035236252217384294
baseline,sphere_rotating,bias1_profiled_removal,all_saved,lever_y,lever_z,53,-0.15682954362199644
baseline,sphere_rotating,bias1_profiled_removal,all_saved,lever_y,position_x,53,0.35776487663280115
baseline,sphere_rotating,bias1_profiled_removal,all_saved,lever_y,position_y,53,0.4388808256732785
baseline,sphere_rotating,bias1_profiled_removal,all_saved,lever_y,position_z,53,0.22181906144170296
baseline,sphere_rotating,bias1_profiled_removal,all_saved,lever_y,time_offset,53,0.36994033220448314
baseline,sphere_rotating,bias1_profiled_removal,all_saved,lever_y,velocity_x,53,-0.06789227543944525
baseline,sphere_rotating,bias1_profiled_removal,all_saved,lever_y,velocity_y,53,-0.29011449766166747
baseline,sphere_rotating,bias1_profiled_removal,all_saved,lever_y,velocity_z,53,-0.0010482180293501049
baseline,sphere_rotating,bias1_profiled_removal,all_saved,lever_z,position_x,53,0.052491533623609095
baseline,sphere_rotating,bias1_profiled_removal,all_saved,lever_z,position_y,53,0.10280599903241412
baseline,sphere_rotating,bias1_profiled_removal,all_saved,lever_z,position_z,53,-0.5531365908724399
baseline,sphere_rotating,bias1_profiled_removal,all_saved,lever_z,time_offset,53,0.1295758748588937
baseline,sphere_rotating,bias1_profiled_removal,all_saved,lever_z,velocity_x,53,-0.11312691501370746
baseline,sphere_rotating,bias1_profiled_removal,all_saved,lever_z,velocity_y,53,-0.14997581035316884
baseline,sphere_rotating,bias1_profiled_removal,all_saved,lever_z,velocity_z,53,-0.060312852765682955
baseline,sphere_rotating,bias1_profiled_removal,all_saved,position_x,position_y,53,0.2147234317045638
baseline,sphere_rotating,bias1_profiled_removal,all_saved,position_x,position_z,53,0.3352685050798258
baseline,sphere_rotating,bias1_profiled_removal,all_saved,position_x,time_offset,53,0.6390098371230447
baseline,sphere_rotating,bias1_profiled_removal,all_saved,position_x,velocity_x,53,-0.0382196419932269
baseline,sphere_rotating,bias1_profiled_removal,all_saved,position_x,velocity_y,53,-0.086276407031124
baseline,sphere_rotating,bias1_profiled_removal,all_saved,position_x,velocity_z,53,-0.3659893565553943
baseline,sphere_rotating,bias1_profiled_removal,all_saved,position_y,position_z,53,-0.09893565553942912
baseline,sphere_rotating,bias1_profiled_removal,all_saved,position_y,time_offset,53,0.033059184002580226
baseline,sphere_rotating,bias1_profiled_removal,all_saved,position_y,velocity_x,53,-0.05966779551685212
baseline,sphere_rotating,bias1_profiled_removal,all_saved,position_y,velocity_y,53,-0.4213030156426383
baseline,sphere_rotating,bias1_profiled_removal,all_saved,position_y,velocity_z,53,-0.06490888566360264
baseline,sphere_rotating,bias1_profiled_removal,all_saved,position_z,time_offset,53,0.11981938397032736
baseline,sphere_rotating,bias1_profiled_removal,all_saved,position_z,velocity_x,53,0.24891146589259797
baseline,sphere_rotating,bias1_profiled_removal,all_saved,position_z,velocity_y,53,0.0639412997903564
baseline,sphere_rotating,bias1_profiled_removal,all_saved,position_z,velocity_z,53,-0.5782131914207386
baseline,sphere_rotating,bias1_profiled_removal,all_saved,time_offset,velocity_x,53,0.05208837284308982
baseline,sphere_rotating,bias1_profiled_removal,all_saved,time_offset,velocity_y,53,-0.08619577487502016
baseline,sphere_rotating,bias1_profiled_removal,all_saved,time_offset,velocity_z,53,-0.2559264634736333
baseline,sphere_rotating,bias1_profiled_removal,all_saved,velocity_x,velocity_y,53,-0.07877761651346557
baseline,sphere_rotating,bias1_profiled_removal,all_saved,velocity_x,velocity_z,53,-0.30559587163360746
baseline,sphere_rotating,bias1_profiled_removal,all_saved,velocity_y,velocity_z,53,0.098451862602806
baseline,sphere_rotating,bias1_profiled_removal,converged_only,accel_bias_x,accel_bias_y,18,-0.30856553147574817
baseline,sphere_rotating,bias1_profiled_removal,converged_only,accel_bias_x,accel_bias_z,18,0.33746130030959753
baseline,sphere_rotating,bias1_profiled_removal,converged_only,accel_bias_x,accel_gain_x,18,-0.1826625386996904
baseline,sphere_rotating,bias1_profiled_removal,converged_only,accel_bias_x,accel_gain_y,18,-0.038183694530443756
baseline,sphere_rotating,bias1_profiled_removal,converged_only,accel_bias_x,accel_gain_z,18,0.07327141382868937
baseline,sphere_rotating,bias1_profiled_removal,converged_only,accel_bias_x,attitude_x,18,0.16202270381836945
baseline,sphere_rotating,bias1_profiled_removal,converged_only,accel_bias_x,attitude_y,18,-0.7089783281733746
baseline,sphere_rotating,bias1_profiled_removal,converged_only,accel_bias_x,attitude_z,18,0.6078431372549019
baseline,sphere_rotating,bias1_profiled_removal,converged_only,accel_bias_x,earth_removal,18,-0.1631593636706293
baseline,sphere_rotating,bias1_profiled_removal,converged_only,accel_bias_x,gravity_delta,18,0.473391449381104
baseline,sphere_rotating,bias1_profiled_removal,converged_only,accel_bias_x,gyro_bias_x,18,0.1961796854104736
baseline,sphere_rotating,bias1_profiled_removal,converged_only,accel_bias_x,gyro_bias_y,18,-0.023735810113519093
baseline,sphere_rotating,bias1_profiled_removal,converged_only,accel_bias_x,gyro_bias_z,18,0.19873994930066738
baseline,sphere_rotating,bias1_profiled_removal,converged_only,accel_bias_x,gyro_gain_x,18,0.12287043454655978
baseline,sphere_rotating,bias1_profiled_removal,converged_only,accel_bias_x,gyro_gain_y,18,0.011351909184726523
baseline,sphere_rotating,bias1_profiled_removal,converged_only,accel_bias_x,gyro_gain_z,18,-0.6973831226717504
baseline,sphere_rotating,bias1_profiled_removal,converged_only,accel_bias_x,lever_x,18,-0.628482972136223
baseline,sphere_rotating,bias1_profiled_removal,converged_only,accel_bias_x,lever_y,18,-0.32714138286893707
baseline,sphere_rotating,bias1_profiled_removal,converged_only,accel_bias_x,lever_z,18,0.35190918472652216
baseline,sphere_rotating,bias1_profiled_removal,converged_only,accel_bias_x,position_x,18,0.3746130030959752
baseline,sphere_rotating,bias1_profiled_removal,converged_only,accel_bias_x,position_y,18,-0.1475748194014448
baseline,sphere_rotating,bias1_profiled_removal,converged_only,accel_bias_x,position_z,18,-0.17647058823529413
baseline,sphere_rotating,bias1_profiled_removal,converged_only,accel_bias_x,time_offset,18,0.1867905056759546
baseline,sphere_rotating,bias1_profiled_removal,converged_only,accel_bias_x,velocity_x,18,0.12280701754385964
baseline,sphere_rotating,bias1_profiled_removal,converged_only,accel_bias_x,velocity_y,18,-0.19504643962848298
baseline,sphere_rotating,bias1_profiled_removal,converged_only,accel_bias_x,velocity_z,18,-0.013415892672858616
baseline,sphere_rotating,bias1_profiled_removal,converged_only,accel_bias_y,accel_bias_z,18,-0.21568627450980393
baseline,sphere_rotating,bias1_profiled_removal,converged_only,accel_bias_y,accel_gain_x,18,-0.3188854489164087
baseline,sphere_rotating,bias1_profiled_removal,converged_only,accel_bias_y,accel_gain_y,18,0.13106295149638802
baseline,sphere_rotating,bias1_profiled_removal,converged_only,accel_bias_y,accel_gain_z,18,-0.19917440660474717
baseline,sphere_rotating,bias1_profiled_removal,converged_only,accel_bias_y,attitude_x,18,0.4633642930856553
baseline,sphere_rotating,bias1_profiled_removal,converged_only,accel_bias_y,attitude_y,18,0.23219814241486067
baseline,sphere_rotating,bias1_profiled_removal,converged_only,accel_bias_y,attitude_z,18,-0.25696594427244585
baseline,sphere_rotating,bias1_profiled_removal,converged_only,accel_bias_y,earth_removal,18,0.0762975441625245
baseline,sphere_rotating,bias1_profiled_removal,converged_only,accel_bias_y,gravity_delta,18,-0.23303817486089667
baseline,sphere_rotating,bias1_profiled_removal,converged_only,accel_bias_y,gyro_bias_x,18,0.06917915222369332
baseline,sphere_rotating,bias1_profiled_removal,converged_only,accel_bias_y,gyro_bias_y,18,-0.3973168214654283
baseline,sphere_rotating,bias1_profiled_removal,converged_only,accel_bias_y,gyro_bias_z,18,0.07493473498221885
baseline,sphere_rotating,bias1_profiled_removal,converged_only,accel_bias_y,gyro_gain_x,18,-0.0072276726203858695
baseline,sphere_rotating,bias1_profiled_removal,converged_only,accel_bias_y,gyro_gain_y,18,-0.20743034055727555
baseline,sphere_rotating,bias1_profiled_removal,converged_only,accel_bias_y,gyro_gain_z,18,0.2664420568347219
baseline,sphere_rotating,bias1_profiled_removal,converged_only,accel_bias_y,lever_x,18,0.22807017543859648
baseline,sphere_rotating,bias1_profiled_removal,converged_only,accel_bias_y,lever_y,18,0.48813209494324045
baseline,sphere_rotating,bias1_profiled_removal,converged_only,accel_bias_y,lever_z,18,0.2961816305469556
baseline,sphere_rotating,bias1_profiled_removal,converged_only,accel_bias_y,position_x,18,0.05263157894736842
baseline,sphere_rotating,bias1_profiled_removal,converged_only,accel_bias_y,position_y,18,0.391124871001032
baseline,sphere_rotating,bias1_profiled_removal,converged_only,accel_bias_y,position_z,18,-0.3023735810113519
baseline,sphere_rotating,bias1_profiled_removal,converged_only,accel_bias_y,time_offset,18,0.0608875128998968
baseline,sphere_rotating,bias1_profiled_removal,converged_only,accel_bias_y,velocity_x,18,-0.09803921568627451
baseline,sphere_rotating,bias1_profiled_removal,converged_only,accel_bias_y,velocity_y,18,-0.09803921568627451
baseline,sphere_rotating,bias1_profiled_removal,converged_only,accel_bias_y,velocity_z,18,0.21155830753353974
baseline,sphere_rotating,bias1_profiled_removal,converged_only,accel_bias_z,accel_gain_x,18,0.12693498452012383
baseline,sphere_rotating,bias1_profiled_removal,converged_only,accel_bias_z,accel_gain_y,18,0.11661506707946337
baseline,sphere_rotating,bias1_profiled_removal,converged_only,accel_bias_z,accel_gain_z,18,0.5727554179566563
baseline,sphere_rotating,bias1_profiled_removal,converged_only,accel_bias_z,attitude_x,18,-0.19917440660474717
baseline,sphere_rotating,bias1_profiled_removal,converged_only,accel_bias_z,attitude_y,18,-0.015479876160990712
baseline,sphere_rotating,bias1_profiled_removal,converged_only,accel_bias_z,attitude_z,18,0.2260061919504644
baseline,sphere_rotating,bias1_profiled_removal,converged_only,accel_bias_z,earth_removal,18,-0.059864226958288455
baseline,sphere_rotating,bias1_profiled_removal,converged_only,accel_bias_z,gravity_delta,18,0.34589971246168966
baseline,sphere_rotating,bias1_profiled_removal,converged_only,accel_bias_z,gyro_bias_x,18,0.2684564116143323
baseline,sphere_rotating,bias1_profiled_removal,converged_only,accel_bias_z,gyro_bias_y,18,0.12899896800825594
baseline,sphere_rotating,bias1_profiled_removal,converged_only,accel_bias_z,gyro_bias_z,18,0.11620313975503503
baseline,sphere_rotating,bias1_profiled_removal,converged_only,accel_bias_z,gyro_gain_x,18,0.2085699813311351
baseline,sphere_rotating,bias1_profiled_removal,converged_only,accel_bias_z,gyro_gain_y,18,0.3993808049535604
baseline,sphere_rotating,bias1_profiled_removal,converged_only,accel_bias_z,gyro_gain_z,18,-0.31741358075092957
baseline,sphere_rotating,bias1_profiled_removal,converged_only,accel_bias_z,lever_x,18,-0.2899896800825593
baseline,sphere_rotating,bias1_profiled_removal,converged_only,accel_bias_z,lever_y,18,-0.038183694530443756
baseline,sphere_rotating,bias1_profiled_removal,converged_only,accel_bias_z,lever_z,18,0.13725490196078433
baseline,sphere_rotating,bias1_profiled_removal,converged_only,accel_bias_z,position_x,18,-0.048503611971104234
baseline,sphere_rotating,bias1_profiled_removal,converged_only,accel_bias_z,position_y,18,-0.2528379772961816
baseline,sphere_rotating,bias1_profiled_removal,converged_only,accel_bias_z,position_z,18,-0.23632610939112486
baseline,sphere_rotating,bias1_profiled_removal,converged_only,accel_bias_z,time_offset,18,0.015479876160990712
baseline,sphere_rotating,bias1_profiled_removal,converged_only,accel_bias_z,velocity_x,18,-0.45923632610939114
baseline,sphere_rotating,bias1_profiled_removal,converged_only,accel_bias_z,velocity_y,18,0.1021671826625387
baseline,sphere_rotating,bias1_profiled_removal,converged_only,accel_bias_z,velocity_z,18,0.40970072239422084
baseline,sphere_rotating,bias1_profiled_removal,converged_only,accel_gain_x,accel_gain_y,18,0.27966976264189886
baseline,sphere_rotating,bias1_profiled_removal,converged_only,accel_gain_x,accel_gain_z,18,0.2218782249742002
baseline,sphere_rotating,bias1_profiled_removal,converged_only,accel_gain_x,attitude_x,18,-0.04437564499484004
baseline,sphere_rotating,bias1_profiled_removal,converged_only,accel_gain_x,attitude_y,18,0.1475748194014448
baseline,sphere_rotating,bias1_profiled_removal,converged_only,accel_gain_x,attitude_z,18,-0.3023735810113519
baseline,sphere_rotating,bias1_profiled_removal,converged_only,accel_gain_x,earth_removal,18,0.2265450157441112
baseline,sphere_rotating,bias1_profiled_removal,converged_only,accel_gain_x,gravity_delta,18,-0.21840797554227537
baseline,sphere_rotating,bias1_profiled_removal,converged_only,accel_gain_x,gyro_bias_x,18,-0.2870418554953245
baseline,sphere_rotating,bias1_profiled_removal,converged_only,accel_gain_x,gyro_bias_y,18,0.24458204334365324
baseline,sphere_rotating,bias1_profiled_removal,converged_only,accel_gain_x,gyro_bias_z,18,-0.09448292671671073
baseline,sphere_rotating,bias1_profiled_removal,converged_only,accel_gain_x,gyro_gain_x,18,-0.3675787789796242
baseline,sphere_rotating,bias1_profiled_removal,converged_only,accel_gain_x,gyro_gain_y,18,0.08771929824561403
baseline,sphere_rotating,bias1_profiled_removal,converged_only,accel_gain_x,gyro_gain_z,18,0.2826602689898789
baseline,sphere_rotating,bias1_profiled_removal,converged_only,accel_gain_x,lever_x,18,-0.013415892672858616
baseline,sphere_rotating,bias1_profiled_removal,converged_only,accel_gain_x,lever_y,18,-0.16821465428276575
baseline,sphere_rotating,bias1_profiled_removal,converged_only,accel_gain_x,lever_z,18,-0.6078431372549019
baseline,sphere_rotating,bias1_profiled_removal,converged_only,accel_gain_x,position_x,18,0.011351909184726523
baseline,sphere_rotating,bias1_profiled_removal,converged_only,accel_gain_x,position_y,18,-0.24251805985552116
baseline,sphere_rotating,bias1_profiled_removal,converged_only,accel_gain_x,position_z,18,0.4840041279669763
baseline,sphere_rotating,bias1_profiled_removal,converged_only,accel_gain_x,time_offset,18,-0.11661506707946337
baseline,sphere_rotating,bias1_profiled_removal,converged_only,accel_gain_x,velocity_x,18,-0.30030959752321984
baseline,sphere_rotating,bias1_profiled_removal,converged_only,accel_gain_x,velocity_y,18,0.33539731682146545
baseline,sphere_rotating,bias1_profiled_removal,converged_only,accel_gain_x,velocity_z,18,-0.1867905056759546
baseline,sphere_rotating,bias1_profiled_removal,converged_only,accel_gain_y,accel_gain_z,18,0.2260061919504644
baseline,sphere_rotating,bias1_profiled_removal,converged_only,accel_gain_y,attitude_x,18,0.3065015479876161
baseline,sphere_rotating,bias1_profiled_removal,converged_only,accel_gain_y,attitude_y,18,0.23839009287925697
baseline,sphere_rotating,bias1_profiled_removal,converged_only,accel_gain_y,attitude_z,18,-0.4262125902992776
baseline,sphere_rotating,bias1_profiled_removal,converged_only,accel_gain_y,earth_removal,18,-0.21245931528333745
baseline,sphere_rotating,bias1_profiled_removal,converged_only,accel_gain_y,gravity_delta,18,-0.2622985734981393
baseline,sphere_rotating,bias1_profiled_removal,converged_only,accel_gain_y,gyro_bias_x,18,0.15694374832837887
baseline,sphere_rotating,bias1_profiled_removal,converged_only,accel_gain_y,gyro_bias_y,18,-0.054695562435500514
baseline,sphere_rotating,bias1_profiled_removal,converged_only,accel_gain_y,gyro_bias_z,18,0.023892234342156735
baseline,sphere_rotating,bias1_profiled_removal,converged_only,accel_gain_y,gyro_gain_x,18,0.15487869900826864
baseline,sphere_rotating,bias1_profiled_removal,converged_only,accel_gain_y,gyro_gain_y,18,0.19504643962848298
baseline,sphere_rotating,bias1_profiled_removal,converged_only,accel_gain_y,gyro_gain_z,18,-0.19693543331262053
baseline,sphere_rotating,bias1_profiled_removal,converged_only,accel_gain_y,lever_x,18,-0.19504643962848298
baseline,sphere_rotating,bias1_profiled_removal,converged_only,accel_gain_y,lever_y,18,0.017543859649122806
baseline,sphere_rotating,bias1_profiled_removal,converged_only,accel_gain_y,lever_z,18,0.05263157894736842
baseline,sphere_rotating,bias1_profiled_removal,converged_only,accel_gain_y,position_x,18,-0.11867905056759546
baseline,sphere_rotating,bias1_profiled_removal,converged_only,accel_gain_y,position_y,18,0.16408668730650156
baseline,sphere_rotating,bias1_profiled_removal,converged_only,accel_gain_y,position_z,18,-0.2899896800825593
baseline,sphere_rotating,bias1_profiled_removal,converged_only,accel_gain_y,time_offset,18,-0.1434468524251806
baseline,sphere_rotating,bias1_profiled_removal,converged_only,accel_gain_y,velocity_x,18,-0.45304437564499483
baseline,sphere_rotating,bias1_profiled_removal,converged_only,accel_gain_y,velocity_y,18,0.4282765737874097
baseline,sphere_rotating,bias1_profiled_removal,converged_only,accel_gain_y,velocity_z,18,0.47781217750258
baseline,sphere_rotating,bias1_profiled_removal,converged_only,accel_gain_z,attitude_x,18,-0.06501547987616099
baseline,sphere_rotating,bias1_profiled_removal,converged_only,accel_gain_z,attitude_y,18,0.13106295149638802
baseline,sphere_rotating,bias1_profiled_removal,converged_only,accel_gain_z,attitude_z,18,-0.21775025799793601
baseline,sphere_rotating,bias1_profiled_removal,converged_only,accel_gain_z,earth_removal,18,-0.27819258410028164
baseline,sphere_rotating,bias1_profiled_removal,converged_only,accel_gain_z,gravity_delta,18,-0.45458119311430517
baseline,sphere_rotating,bias1_profiled_removal,converged_only,accel_gain_z,gyro_bias_x,18,0.12596800852672516
baseline,sphere_rotating,bias1_profiled_removal,converged_only,accel_gain_z,gyro_bias_y,18,0.1021671826625387
baseline,sphere_rotating,bias1_profiled_removal,converged_only,accel_gain_z,gyro_bias_z,18,-0.003258031955748646
baseline,sphere_rotating,bias1_profiled_removal,converged_only,accel_gain_z,gyro_gain_x,18,-0.299432151415986
baseline,sphere_rotating,bias1_profiled_removal,converged_only,accel_gain_z,gyro_gain_y,18,-0.12899896800825594
baseline,sphere_rotating,bias1_profiled_removal,converged_only,accel_gain_z,gyro_gain_z,18,-0.3452162301597701
baseline,sphere_rotating,bias1_profiled_removal,converged_only,accel_gain_z,lever_x,18,-0.023735810113519093
baseline,sphere_rotating,bias1_profiled_removal,converged_only,accel_gain_z,lever_y,18,0.02786377708978328
baseline,sphere_rotating,bias1_profiled_removal,converged_only,accel_gain_z,lever_z,18,-0.19917440660474717
baseline,sphere_rotating,bias1_profiled_removal,converged_only,accel_gain_z,position_x,18,-0.29411764705882354
baseline,sphere_rotating,bias1_profiled_removal,converged_only,accel_gain_z,position_y,18,-0.0608875128998968
baseline,sphere_rotating,bias1_profiled_removal,converged_only,accel_gain_z,position_z,18,0.005159958720330237
baseline,sphere_rotating,bias1_profiled_removal,converged_only,accel_gain_z,time_offset,18,-0.27966976264189886
baseline,sphere_rotating,bias1_profiled_removal,converged_only,accel_gain_z,velocity_x,18,-0.5232198142414861
baseline,sphere_rotating,bias1_profiled_removal,converged_only,accel_gain_z,velocity_y,18,0.29411764705882354
baseline,sphere_rotating,bias1_profiled_removal,converged_only,accel_gain_z,velocity_z,18,0.3126934984520124
baseline,sphere_rotating,bias1_profiled_removal,converged_only,attitude_x,attitude_y,18,-0.07120743034055728
baseline,sphere_rotating,bias1_profiled_removal,converged_only,attitude_x,attitude_z,18,-0.1785345717234262
baseline,sphere_rotating,bias1_profiled_removal,converged_only,attitude_x,earth_removal,18,-0.03404044278020324
baseline,sphere_rotating,bias1_profiled_removal,converged_only,attitude_x,gravity_delta,18,-0.17869743453458892
baseline,sphere_rotating,bias1_profiled_removal,converged_only,attitude_x,gyro_bias_x,18,-0.054723806982921584
baseline,sphere_rotating,bias1_profiled_removal,converged_only,attitude_x,gyro_bias_y,18,-0.009287925696594427
baseline,sphere_rotating,bias1_profiled_removal,converged_only,attitude_x,gyro_bias_z,18,0.20308399190833223
baseline,sphere_rotating,bias1_profiled_removal,converged_only,attitude_x,gyro_gain_x,18,-0.3107899226765924
baseline,sphere_rotating,bias1_profiled_removal,converged_only,attitude_x,gyro_gain_y,18,-0.1042311661506708
baseline,sphere_rotating,bias1_profiled_removal,converged_only,attitude_x,gyro_gain_z,18,-0.011584437253683562
baseline,sphere_rotating,bias1_profiled_removal,converged_only,attitude_x,lever_x,18,0.13312693498452013
baseline,sphere_rotating,bias1_profiled_removal,converged_only,attitude_x,lever_y,18,-0.10629514963880289
baseline,sphere_rotating,bias1_profiled_removal,converged_only,attitude_x,lever_z,18,0.13106295149638802
baseline,sphere_rotating,bias1_profiled_removal,converged_only,attitude_x,position_x,18,0.21775025799793601
baseline,sphere_rotating,bias1_profiled_removal,converged_only,attitude_x,position_y,18,0.21155830753353974
baseline,sphere_rotating,bias1_profiled_removal,converged_only,attitude_x,position_z,18,-0.28173374613003094
baseline,sphere_rotating,bias1_profiled_removal,converged_only,attitude_x,time_offset,18,-0.19504643962848298
baseline,sphere_rotating,bias1_profiled_removal,converged_only,attitude_x,velocity_x,18,-0.19298245614035087
baseline,sphere_rotating,bias1_profiled_removal,converged_only,attitude_x,velocity_y,18,0.07120743034055728
baseline,sphere_rotating,bias1_profiled_removal,converged_only,attitude_x,velocity_z,18,0.12487100103199174
baseline,sphere_rotating,bias1_profiled_removal,converged_only,attitude_y,attitude_z,18,-0.4716202270381837
baseline,sphere_rotating,bias1_profiled_removal,converged_only,attitude_y,earth_removal,18,0.2617592668960456
baseline,sphere_rotating,bias1_profiled_removal,converged_only,attitude_y,gravity_delta,18,-0.31872934229853583
baseline,sphere_rotating,bias1_profiled_removal,converged_only,attitude_y,gyro_bias_x,18,-0.3727414022798998
baseline,sphere_rotating,bias1_profiled_removal,converged_only,attitude_y,gyro_bias_y,18,0.21362229102167182
baseline,sphere_rotating,bias1_profiled_removal,converged_only,attitude_y,gyro_bias_z,18,-0.3073410144922889
baseline,sphere_rotating,bias1_profiled_removal,converged_only,attitude_y,gyro_gain_x,18,-0.08776459610468557
baseline,sphere_rotating,bias1_profiled_removal,converged_only,attitude_y,gyro_gain_y,18,0.17027863777089783
baseline,sphere_rotating,bias1_profiled_removal,converged_only,attitude_y,gyro_gain_z,18,0.5780634189588097
baseline,sphere_rotating,bias1_profiled_removal,converged_only,attitude_y,lever_x,18,0.37874097007223945
baseline,sphere_rotating,bias1_profiled_removal,converged_only,attitude_y,lever_y,18,0.33126934984520123
baseline,sphere_rotating,bias1_profiled_removal,converged_only,attitude_y,lever_z,18,-0.15170278637770898
baseline,sphere_rotating,bias1_profiled_removal,converged_only,attitude_y,position_x,18,-0.5562435500515995
baseline,sphere_rotating,bias1_profiled_removal,converged_only,attitude_y,position_y,18,0.37874097007223945
baseline,sphere_rotating,bias1_profiled_removal,converged_only,attitude_y,position_z,18,-0.19711042311661506
baseline,sphere_rotating,bias1_profiled_removal,converged_only,attitude_y,time_offset,18,-0.3415892672858617
baseline,sphere_rotating,bias1_profiled_removal,converged_only,attitude_y,velocity_x,18,-0.48194014447884415
baseline,sphere_rotating,bias1_profiled_removal,converged_only,attitude_y,velocity_y,18,0.03199174406604747
baseline,sphere_rotating,bias1_profiled_removal,converged_only,attitude_y,velocity_z,18,0.21775025799793601
baseline,sphere_rotating,bias1_profiled_removal,converged_only,attitude_z,earth_removal,18,0.19133076459217682
baseline,sphere_rotating,bias1_profiled_removal,converged_only,attitude_z,gravity_delta,18,0.6573139551009148
baseline,sphere_rotating,bias1_profiled_removal,converged_only,attitude_z,gyro_bias_x,18,-0.023748067181267856
baseline,sphere_rotating,bias1_profiled_removal,converged_only,attitude_z,gyro_bias_y,18,-0.18059855521155832
baseline,sphere_rotating,bias1_profiled_removal,converged_only,attitude_z,gyro_bias_z,18,0.35295346187276994
baseline,sphere_rotating,bias1_profiled_removal,converged_only,attitude_z,gyro_gain_x,18,0.12906558250689054
baseline,sphere_rotating,bias1_profiled_removal,converged_only,attitude_z,gyro_gain_y,18,-0.17440660474716202
baseline,sphere_rotating,bias1_profiled_removal,converged_only,attitude_z,gyro_gain_z,18,-0.18998477096041042
baseline,sphere_rotating,bias1_profiled_removal,converged_only,attitude_z,lever_x,18,-0.45717234262125905
baseline,sphere_rotating,bias1_profiled_removal,converged_only,attitude_z,lever_y,18,-0.3539731682146543
baseline,sphere_rotating,bias1_profiled_removal,converged_only,attitude_z,lever_z,18,0.35190918472652216
baseline,sphere_rotating,bias1_profiled_removal,converged_only,attitude_z,position_x,18,0.3766769865841073
baseline,sphere_rotating,bias1_profiled_removal,converged_only,attitude_z,position_y,18,0.0010319917440660474
baseline,sphere_rotating,bias1_profiled_removal,converged_only,attitude_z,position_z,18,-0.07946336429308566
baseline,sphere_rotating,bias1_profiled_removal,converged_only,attitude_z,time_offset,18,0.2260061919504644
baseline,sphere_rotating,bias1_profiled_removal,converged_only,attitude_z,velocity_x,18,0.391124871001032
baseline,sphere_rotating,bias1_profiled_removal,converged_only,attitude_z,velocity_y,18,-0.47987616099071206
baseline,sphere_rotating,bias1_profiled_removal,converged_only,attitude_z,velocity_z,18,-0.31682146542827655
baseline,sphere_rotating,bias1_profiled_removal,converged_only,earth_removal,gravity_delta,18,0.29834372535983045
baseline,sphere_rotating,bias1_profiled_removal,converged_only,earth_removal,gyro_bias_x,18,-0.8608458440409358
baseline,sphere_rotating,bias1_profiled_removal,converged_only,earth_removal,gyro_bias_y,18,0.1373355794925441
baseline,sphere_rotating,bias1_profiled_removal,converged_only,earth_removal,gyro_bias_z,18,-0.2112278482845057
baseline,sphere_rotating,bias1_profiled_removal,converged_only,earth_removal,gyro_gain_x,18,0.10452289238696219
baseline,sphere_rotating,bias1_profiled_removal,converged_only,earth_removal,gyro_gain_y,18,0.04343090975405241
baseline,sphere_rotating,bias1_profiled_removal,converged_only,earth_removal,gyro_gain_z,18,0.2569392976377382
baseline,sphere_rotating,bias1_profiled_removal,converged_only,earth_removal,lever_x,18,0.017607125575967192
baseline,sphere_rotating,bias1_profiled_removal,converged_only,earth_removal,lever_y,18,-0.026997592549816363
baseline,sphere_rotating,bias1_profiled_removal,converged_only,earth_removal,lever_z,18,0.0457785264975147
baseline,sphere_rotating,bias1_profiled_removal,converged_only,earth_removal,position_x,18,0.031692826036740944
baseline,sphere_rotating,bias1_profiled_removal,converged_only,earth_removal,position_y,18,0.20776408179641287
baseline,sphere_rotating,bias1_profiled_removal,converged_only,earth_removal,position_z,18,0.104468945084072
baseline,sphere_rotating,bias1_profiled_removal,converged_only,earth_removal,time_offset,18,-0.104468945084072
baseline,sphere_rotating,bias1_profiled_removal,converged_only,earth_removal,velocity_x,18,-0.17724506413140306
baseline,sphere_rotating,bias1_profiled_removal,converged_only,earth_removal,velocity_y,18,-0.14907366320985557
baseline,sphere_rotating,bias1_profiled_removal,converged_only,earth_removal,velocity_z,18,-0.24532594969180954
baseline,sphere_rotating,bias1_profiled_removal,converged_only,gravity_delta,gyro_bias_x,18,0.01986552367803747
baseline,sphere_rotating,bias1_profiled_removal,converged_only,gravity_delta,gyro_bias_y,18,0.05956581151152964
baseline,sphere_rotating,bias1_profiled_removal,converged_only,gravity_delta,gyro_bias_z,18,0.03519087355060576
baseline,sphere_rotating,bias1_profiled_removal,converged_only,gravity_delta,gyro_gain_x,18,0.6085123568746215
baseline,sphere_rotating,bias1_profiled_removal,converged_only,gravity_delta,gyro_gain_y,18,0.5381823320778556
baseline,sphere_rotating,bias1_profiled_removal,converged_only,gravity_delta,gyro_gain_z,18,-0.13724824113749937
baseline,sphere_rotating,bias1_profiled_removal,converged_only,gravity_delta,lever_x,18,-0.41905070905479624
baseline,sphere_rotating,bias1_profiled_removal,converged_only,gravity_delta,lever_y,18,-0.24348831723134048
baseline,sphere_rotating,bias1_profiled_removal,converged_only,gravity_delta,lever_z,18,0.42114073752888503
baseline,sphere_rotating,bias1_profiled_removal,converged_only,gravity_delta,position_x,18,0.2790188012908494
baseline,sphere_rotating,bias1_profiled_removal,converged_only,gravity_delta,position_y,18,-0.19959771927547654
baseline,sphere_rotating,bias1_profiled_removal,converged_only,gravity_delta,position_z,18,-0.2163179470681866
baseline,sphere_rotating,bias1_profiled_removal,converged_only,gravity_delta,time_offset,18,0.27483874434267186
baseline,sphere_rotating,bias1_profiled_removal,converged_only,gravity_delta,velocity_x,18,0.2518484311276955
baseline,sphere_rotating,bias1_profiled_removal,converged_only,gravity_delta,velocity_y,18,-0.36261994025439975
baseline,sphere_rotating,bias1_profiled_removal,converged_only,gravity_delta,velocity_z,18,-0.082556124726506
baseline,sphere_rotating,bias1_profiled_removal,converged_only,gyro_bias_x,gyro_bias_y,18,-0.3283428418975295
baseline,sphere_rotating,bias1_profiled_removal,converged_only,gyro_bias_x,gyro_bias_z,18,0.33955358219727094
baseline,sphere_rotating,bias1_profiled_removal,converged_only,gyro_bias_x,gyro_gain_x,18,0.22933884297520662
baseline,sphere_rotating,bias1_profiled_removal,converged_only,gyro_bias_x,gyro_gain_y,18,0.08569954678457531
baseline,sphere_rotating,bias1_profiled_removal,converged_only,gyro_bias_x,gyro_gain_z,18,-0.23934216073459302
baseline,sphere_rotating,bias1_profiled_removal,converged_only,gyro_bias_x,lever_x,18,-0.1703665689090955
baseline,sphere_rotating,bias1_profiled_removal,converged_only,gyro_bias_x,lever_y,18,0.0722767262038587
baseline,sphere_rotating,bias1_profiled_removal,converged_only,gyro_bias_x,lever_z,18,0.22302532657190682
baseline,sphere_rotating,bias1_profiled_removal,converged_only,gyro_bias_x,position_x,18,0.21063503065124534
baseline,sphere_rotating,bias1_profiled_removal,converged_only,gyro_bias_x,position_y,18,-0.23954572113278882
baseline,sphere_rotating,bias1_profiled_removal,converged_only,gyro_bias_x,position_z,18,-0.14352092774766226
baseline,sphere_rotating,bias1_profiled_removal,converged_only,gyro_bias_x,time_offset,18,0.3438307117983564
baseline,sphere_rotating,bias1_profiled_removal,converged_only,gyro_bias_x,velocity_x,18,0.23335057317245808
baseline,sphere_rotating,bias1_profiled_removal,converged_only,gyro_bias_x,velocity_y,18,0.02684564116143323
baseline,sphere_rotating,bias1_profiled_removal,converged_only,gyro_bias_x,velocity_z,18,0.25503359103361567
baseline,sphere_rotating,bias1_profiled_removal,converged_only,gyro_bias_y,gyro_bias_z,18,-0.2432663860292322
baseline,sphere_rotating,bias1_profiled_removal,converged_only,gyro_bias_y,gyro_gain_x,18,-0.20547240735096972
baseline,sphere_rotating,bias1_profiled_removal,converged_only,gyro_bias_y,gyro_gain_y,18,0.3849329205366357
baseline,sphere_rotating,bias1_profiled_removal,converged_only,gyro_bias_y,gyro_gain_z,18,0.046337749014734246
baseline,sphere_rotating,bias1_profiled_removal,converged_only,gyro_bias_y,lever_x,18,0.37048503611971106
baseline,sphere_rotating,bias1_profiled_removal,converged_only,gyro_bias_y,lever_y,18,-0.1393188854489164
baseline,sphere_rotating,bias1_profiled_removal,converged_only,gyro_bias_y,lever_z,18,-0.43653250773993807
baseline,sphere_rotating,bias1_profiled_removal,converged_only,gyro_bias_y,position_x,18,-0.21155830753353974
baseline,sphere_rotating,bias1_profiled_removal,converged_only,gyro_bias_y,position_y,18,-0.32301341589267285
baseline,sphere_rotating,bias1_profiled_removal,converged_only,gyro_bias_y,position_z,18,0.2672858617131063
baseline,sphere_rotating,bias1_profiled_removal,converged_only,gyro_bias_y,time_offset,18,-0.2672858617131063
baseline,sphere_rotating,bias1_profiled_removal,converged_only,gyro_bias_y,velocity_x,18,-0.025799793601651185
baseline,sphere_rotating,bias1_profiled_removal,converged_only,gyro_bias_y,velocity_y,18,0.4324045407636739
baseline,sphere_rotating,bias1_profiled_removal,converged_only,gyro_bias_y,velocity_z,18,-0.07327141382868937
baseline,sphere_rotating,bias1_profiled_removal,converged_only,gyro_bias_z,gyro_gain_x,18,-0.10050786033039219
baseline,sphere_rotating,bias1_profiled_removal,converged_only,gyro_bias_z,gyro_gain_y,18,-0.3866197920821726
baseline,sphere_rotating,bias1_profiled_removal,converged_only,gyro_bias_z,gyro_gain_z,18,-0.0006095408382041379
baseline,sphere_rotating,bias1_profiled_removal,converged_only,gyro_bias_z,lever_x,18,-0.1998259599525836
baseline,sphere_rotating,bias1_profiled_removal,converged_only,gyro_bias_z,lever_y,18,-0.15529952322401877
baseline,sphere_rotating,bias1_profiled_removal,converged_only,gyro_bias_z,lever_z,18,0.14661143800868906
baseline,sphere_rotating,bias1_profiled_removal,converged_only,gyro_bias_z,position_x,18,0.6277141568075724
baseline,sphere_rotating,bias1_profiled_removal,converged_only,gyro_bias_z,position_y,18,-0.1357513314895269
baseline,sphere_rotating,bias1_profiled_removal,converged_only,gyro_bias_z,position_z,18,0.1357513314895269
baseline,sphere_rotating,bias1_profiled_removal,converged_only,gyro_bias_z,time_offset,18,0.49847888922954275
baseline,sphere_rotating,bias1_profiled_removal,converged_only,gyro_bias_z,velocity_x,18,0.28670681210588084
baseline,sphere_rotating,bias1_profiled_removal,converged_only,gyro_bias_z,velocity_y,18,0.15964356583168363
baseline,sphere_rotating,bias1_profiled_removal,converged_only,gyro_bias_z,velocity_z,18,-0.1922238853891701
baseline,sphere_rotating,bias1_profiled_removal,converged_only,gyro_gain_x,gyro_gain_y,18,0.5348477739085543
baseline,sphere_rotating,bias1_profiled_removal,converged_only,gyro_gain_x,gyro_gain_z,18,-0.29671473679445914
baseline,sphere_rotating,bias1_profiled_removal,converged_only,gyro_gain_x,lever_x,18,-0.3448632364584115
baseline,sphere_rotating,bias1_profiled_removal,converged_only,gyro_gain_x,lever_y,18,0.056788856303031834
baseline,sphere_rotating,bias1_profiled_removal,converged_only,gyro_gain_x,lever_z,18,0.6391327645741219
baseline,sphere_rotating,bias1_profiled_removal,converged_only,gyro_gain_x,position_x,18,0.13629325512727639
baseline,sphere_rotating,bias1_profiled_removal,converged_only,gyro_gain_x,position_y,18,-0.02168301786115761
baseline,sphere_rotating,bias1_profiled_removal,converged_only,gyro_gain_x,position_z,18,-0.29013942947548993
baseline,sphere_rotating,bias1_profiled_removal,converged_only,gyro_gain_x,time_offset,18,0.3231802185972539
baseline,sphere_rotating,bias1_profiled_removal,converged_only,gyro_gain_x,velocity_x,18,0.059886430283197206
baseline,sphere_rotating,bias1_profiled_removal,converged_only,gyro_gain_x,velocity_y,18,-0.1404233537674969
baseline,sphere_rotating,bias1_profiled_removal,converged_only,gyro_gain_x,velocity_z,18,0.19927725939063898
baseline,sphere_rotating,bias1_profiled_removal,converged_only,gyro_gain_y,gyro_gain_z,18,-0.05676374254304945
baseline,sphere_rotating,bias1_profiled_removal,converged_only,gyro_gain_y,lever_x,18,-0.04024767801857585
baseline,sphere_rotating,bias1_profiled_removal,converged_only,gyro_gain_y,lever_y,18,0.07120743034055728
baseline,sphere_rotating,bias1_profiled_removal,converged_only,gyro_gain_y,lever_z,18,-0.0030959752321981426
baseline,sphere_rotating,bias1_profiled_removal,converged_only,gyro_gain_y,position_x,18,-0.21362229102167182
baseline,sphere_rotating,bias1_profiled_removal,converged_only,gyro_gain_y,position_y,18,-0.32714138286893707
baseline,sphere_rotating,bias1_profiled_removal,converged_only,gyro_gain_y,position_z,18,-0.24251805985552116
baseline,sphere_rotating,bias1_profiled_removal,converged_only,gyro_gain_y,time_offset,18,0.017543859649122806
baseline,sphere_rotating,bias1_profiled_removal,converged_only,gyro_gain_y,velocity_x,18,-0.2837977296181631
baseline,sphere_rotating,bias1_profiled_removal,converged_only,gyro_gain_y,velocity_y,18,0.14963880288957687
baseline,sphere_rotating,bias1_profiled_removal,converged_only,gyro_gain_y,velocity_z,18,0.37048503611971106
baseline,sphere_rotating,bias1_profiled_removal,converged_only,gyro_gain_z,lever_x,18,0.47032815249955257
baseline,sphere_rotating,bias1_profiled_removal,converged_only,gyro_gain_z,lever_y,18,0.04402086156399753
baseline,sphere_rotating,bias1_profiled_removal,converged_only,gyro_gain_z,lever_z,18,-0.32899801800461315
baseline,sphere_rotating,bias1_profiled_removal,converged_only,gyro_gain_z,position_x,18,-0.11005215390999383
baseline,sphere_rotating,bias1_profiled_removal,converged_only,gyro_gain_z,position_y,18,0.04170397411326082
baseline,sphere_rotating,bias1_profiled_removal,converged_only,gyro_gain_z,position_z,18,0.19114321468577877
baseline,sphere_rotating,bias1_profiled_removal,converged_only,gyro_gain_z,time_offset,18,-0.05097152391620767
baseline,sphere_rotating,bias1_profiled_removal,converged_only,gyro_gain_z,velocity_x,18,0.14943924057251795
baseline,sphere_rotating,bias1_profiled_removal,converged_only,gyro_gain_z,velocity_y,18,-0.12047814743830904
baseline,sphere_rotating,bias1_profiled_removal,converged_only,gyro_gain_z,velocity_z,18,-0.2849771564406156
baseline,sphere_rotating,bias1_profiled_removal,converged_only,lever_x,lever_y,18,-0.1021671826625387
baseline,sphere_rotating,bias1_profiled_removal,converged_only,lever_x,lever_z,18,-0.3106295149638803
baseline,sphere_rotating,bias1_profiled_removal,converged_only,lever_x,position_x,18,-0.4179566563467492
baseline,sphere_rotating,bias1_profiled_removal,converged_only,lever_x,position_y,18,-0.19917440660474717
baseline,sphere_rotating,bias1_profiled_removal,converged_only,lever_x,position_z,18,0.06707946336429309
baseline,sphere_rotating,bias1_profiled_removal,converged_only,lever_x,time_offset,18,-0.5190918472652218
baseline,sphere_rotating,bias1_profiled_removal,converged_only,lever_x,velocity_x,18,-0.0030959752321981426
baseline,sphere_rotating,bias1_profiled_removal,converged_only,lever_x,velocity_y,18,0.33539731682146545
baseline,sphere_rotating,bias1_profiled_removal,converged_only,lever_x,velocity_z,18,-0.029927760577915376
baseline,sphere_rotating,bias1_profiled_removal,converged_only,lever_y,lever_z,18,-0.0629514963880289
baseline,sphere_rotating,bias1_profiled_removal,converged_only,lever_y,position_x,18,-0.007223942208462332
baseline,sphere_rotating,bias1_profiled_removal,converged_only,lever_y,position_y,18,0.40350877192982454
baseline,sphere_rotating,bias1_profiled_removal,converged_only,lever_y,position_z,18,0.07739938080495357
baseline,sphere_rotating,bias1_profiled_removal,converged_only,lever_y,time_offset,18,0.40970072239422084
baseline,sphere_rotating,bias1_profiled_removal,converged_only,lever_y,velocity_x,18,-0.24251805985552116
baseline,sphere_rotating,bias1_profiled_removal,converged_only,lever_y,velocity_y,18,-0.06501547987616099
baseline,sphere_rotating,bias1_profiled_removal,converged_only,lever_y,velocity_z,18,0.19917440660474717
baseline,sphere_rotating,bias1_profiled_removal,converged_only,lever_z,position_x,18,0.2837977296181631
baseline,sphere_rotating,bias1_profiled_removal,converged_only,lever_z,position_y,18,0.41589267285861714
baseline,sphere_rotating,bias1_profiled_removal,converged_only,lever_z,position_z,18,-0.5521155830753354
baseline,sphere_rotating,bias1_profiled_removal,converged_only,lever_z,time_offset,18,0.08152734778121776
baseline,sphere_rotating,bias1_profiled_removal,converged_only,lever_z,velocity_x,18,0.025799793601651185
baseline,sphere_rotating,bias1_profiled_removal,converged_only,lever_z,velocity_y,18,-0.5252837977296182
baseline,sphere_rotating,bias1_profiled_removal,converged_only,lever_z,velocity_z,18,0.05675954592363261
baseline,sphere_rotating,bias1_profiled_removal,converged_only,position_x,position_y,18,0.013415892672858616
baseline,sphere_rotating,bias1_profiled_removal,converged_only,position_x,position_z,18,0.44478844169246645
baseline,sphere_rotating,bias1_profiled_removal,converged_only,position_x,time_offset,18,0.7007223942208463
baseline,sphere_rotating,bias1_profiled_removal,converged_only,position_x,velocity_x,18,0.4179566563467492
baseline,sphere_rotating,bias1_profiled_removal,converged_only,position_x,velocity_y,18,-0.15789473684210525
baseline,sphere_rotating,bias1_profiled_removal,converged_only,position_x,velocity_z,18,-0.5479876160990712
baseline,sphere_rotating,bias1_profiled_removal,converged_only,position_y,position_z,18,-0.2776057791537668
baseline,sphere_rotating,bias1_profiled_removal,converged_only,position_y,time_offset,18,-0.14551083591331268
baseline,sphere_rotating,bias1_profiled_removal,converged_only,position_y,velocity_x,18,-0.24251805985552116
baseline,sphere_rotating,bias1_profiled_removal,converged_only,position_y,velocity_y,18,-0.5706914344685242
baseline,sphere_rotating,bias1_profiled_removal,converged_only,position_y,velocity_z,18,-0.03611971104231166
baseline,sphere_rotating,bias1_profiled_removal,converged_only,position_z,time_offset,18,0.39525283797729616
baseline,sphere_rotating,bias1_profiled_removal,converged_only,position_z,velocity_x,18,0.3973168214654283
baseline,sphere_rotating,bias1_profiled_removal,converged_only,position_z,velocity_y,18,0.24664602683178535
baseline,sphere_rotating,bias1_profiled_removal,converged_only,position_z,velocity_z,18,-0.6821465428276574
baseline,sphere_rotating,bias1_profiled_removal,converged_only,time_offset,velocity_x,18,0.3849329205366357
baseline,sphere_rotating,bias1_profiled_removal,converged_only,time_offset,velocity_y,18,-0.03199174406604747
baseline,sphere_rotating,bias1_profiled_removal,converged_only,time_offset,velocity_z,18,-0.21775025799793601
baseline,sphere_rotating,bias1_profiled_removal,converged_only,velocity_x,velocity_y,18,-0.17440660474716202
baseline,sphere_rotating,bias1_profiled_removal,converged_only,velocity_x,velocity_z,18,-0.5830753353973168
baseline,sphere_rotating,bias1_profiled_removal,converged_only,velocity_y,velocity_z,18,0.32301341589267285
baseline,sphere_rotating,bias1_unsubtracted,all_saved,accel_bias_x,accel_bias_y,53,-0.1900499919367844
baseline,sphere_rotating,bias1_unsubtracted,all_saved,accel_bias_x,accel_bias_z,53,0.16771488469601678
baseline,sphere_rotating,bias1_unsubtracted,all_saved,accel_bias_x,accel_gain_x,53,-0.010804708917916465
baseline,sphere_rotating,bias1_unsubtracted,all_saved,accel_bias_x,accel_gain_y,53,0.14610546686018383
baseline,sphere_rotating,bias1_unsubtracted,all_saved,accel_bias_x,accel_gain_z,53,-0.10732139977422997
baseline,sphere_rotating,bias1_unsubtracted,all_saved,accel_bias_x,attitude_x,53,-0.10764392839864538
baseline,sphere_rotating,bias1_unsubtracted,all_saved,accel_bias_x,attitude_y,53,-0.8280922431865828
baseline,sphere_rotating,bias1_unsubtracted,all_saved,accel_bias_x,attitude_z,53,0.2696339300112885
baseline,sphere_rotating,bias1_unsubtracted,all_saved,accel_bias_x,gravity_delta,53,0.4791183075769812
baseline,sphere_rotating,bias1_unsubtracted,all_saved,accel_bias_x,gyro_bias_x,53,-0.02386711820674085
baseline,sphere_rotating,bias1_unsubtracted,all_saved,accel_bias_x,gyro_bias_y,53,0.05668440574100952
baseline,sphere_rotating,bias1_unsubtracted,all_saved,accel_bias_x,gyro_bias_z,53,0.11416030372098025
baseline,sphere_rotating,bias1_unsubtracted,all_saved,accel_bias_x,gyro_gain_x,53,0.5313377557330203
baseline,sphere_rotating,bias1_unsubtracted,all_saved,accel_bias_x,gyro_gain_y,53,-0.04209422838553682
baseline,sphere_rotating,bias1_unsubtracted,all_saved,accel_bias_x,gyro_gain_z,53,-0.4908205609638417
baseline,sphere_rotating,bias1_unsubtracted,all_saved,accel_bias_x,lever_x,53,-0.6472343170456378
baseline,sphere_rotating,bias1_unsubtracted,all_saved,accel_bias_x,lever_y,53,0.06894049346879536
baseline,sphere_rotating,bias1_unsubtracted,all_saved,accel_bias_x,lever_z,53,0.34446057087566523
baseline,sphere_rotating,bias1_unsubtracted,all_saved,accel_bias_x,position_x,53,0.11925495887760039
baseline,sphere_rotating,bias1_unsubtracted,all_saved,accel_bias_x,position_y,53,0.007982583454281567
baseline,sphere_rotating,bias1_unsubtracted,all_saved,accel_bias_x,position_z,53,-0.2524592807611675
baseline,sphere_rotating,bias1_unsubtracted,all_saved,accel_bias_x,time_offset,53,0.3601838413159168
baseline,sphere_rotating,bias1_unsubtracted,all_saved,accel_bias_x,velocity_x,53,0.03644573455894211
baseline,sphere_rotating,bias1_unsubtracted,all_saved,accel_bias_x,velocity_y,53,-0.10699887114981455
baseline,sphere_rotating,bias1_unsubtracted,all_saved,accel_bias_x,velocity_z,53,0.013062409288824383
baseline,sphere_rotating,bias1_unsubtracted,all_saved,accel_bias_y,accel_bias_z,53,-0.0899854862119013
baseline,sphere_rotating,bias1_unsubtracted,all_saved,accel_bias_y,accel_gain_x,53,-0.4101757781003064
baseline,sphere_rotating,bias1_unsubtracted,all_saved,accel_bias_y,accel_gain_y,53,0.015158845347524593
baseline,sphere_rotating,bias1_unsubtracted,all_saved,accel_bias_y,accel_gain_z,53,-0.05499113046282857
baseline,sphere_rotating,bias1_unsubtracted,all_saved,accel_bias_y,attitude_x,53,0.4105789388808257
baseline,sphere_rotating,bias1_unsubtracted,all_saved,accel_bias_y,attitude_y,53,0.06765037897113368
baseline,sphere_rotating,bias1_unsubtracted,all_saved,accel_bias_y,attitude_z,53,-0.042009353330108044
baseline,sphere_rotating,bias1_unsubtracted,all_saved,accel_bias_y,gravity_delta,53,-0.06883953669952901
baseline,sphere_rotating,bias1_unsubtracted,all_saved,accel_bias_y,gyro_bias_x,53,0.07982583454281568
baseline,sphere_rotating,bias1_unsubtracted,all_saved,accel_bias_y,gyro_bias_y,53,-0.4088050314465409
baseline,sphere_rotating,bias1_unsubtracted,all_saved,accel_bias_y,gyro_bias_z,53,0.10115033703277798
baseline,sphere_rotating,bias1_unsubtracted,all_saved,accel_bias_y,gyro_gain_x,53,0.00342928695803392
baseline,sphere_rotating,bias1_unsubtracted,all_saved,accel_bias_y,gyro_gain_y,53,-0.14491059082147445
baseline,sphere_rotating,bias1_unsubtracted,all_saved,accel_bias_y,gyro_gain_z,53,0.049786328898416936
baseline,sphere_rotating,bias1_unsubtracted,all_saved,accel_bias_y,lever_x,53,0.1322367360103209
baseline,sphere_rotating,bias1_unsubtracted,all_saved,accel_bias_y,lever_y,53,-0.11973875181422351
baseline,sphere_rotating,bias1_unsubtracted,all_saved,accel_bias_y,lever_z,53,0.12248024512175455
baseline,sphere_rotating,bias1_unsubtracted,all_saved,accel_bias_y,position_x,53,-0.033381712626995644
baseline,sphere_rotating,bias1_unsubtracted,all_saved,accel_bias_y,position_y,53,-0.17134333172069022
baseline,sphere_rotating,bias1_unsubtracted,all_saved,accel_bias_y,position_z,53,-0.15416868247056925
baseline,sphere_rotating,bias1_unsubtracted,all_saved,accel_bias_y,time_offset,53,0.051685212062570554
baseline,sphere_rotating,bias1_unsubtracted,all_saved,accel_bias_y,velocity_x,53,0.1673117239154975
baseline,sphere_rotating,bias1_unsubtracted,all_saved,accel_bias_y,velocity_y,53,0.10925657152072246
baseline,sphere_rotating,bias1_unsubtracted,all_saved,accel_bias_y,velocity_z,53,0.035397516529592
baseline,sphere_rotating,bias1_unsubtracted,all_saved,accel_bias_z,accel_gain_x,53,-0.0066924689566199
baseline,sphere_rotating,bias1_unsubtracted,all_saved,accel_bias_z,accel_gain_y,53,-0.06007095629737139
baseline,sphere_rotating,bias1_unsubtracted,all_saved,accel_bias_z,accel_gain_z,53,0.8350266086115142
baseline,sphere_rotating,bias1_unsubtracted,all_saved,accel_bias_z,attitude_x,53,-0.07248830833736494
baseline,sphere_rotating,bias1_unsubtracted,all_saved,accel_bias_z,attitude_y,53,-0.10240283825189486
baseline,sphere_rotating,bias1_unsubtracted,all_saved,accel_bias_z,attitude_z,53,-0.023786486050636994
baseline,sphere_rotating,bias1_unsubtracted,all_saved,accel_bias_z,gravity_delta,53,0.10680878027687678
baseline,sphere_rotating,bias1_unsubtracted,all_saved,accel_bias_z,gyro_bias_x,53,-0.043057571359458154
baseline,sphere_rotating,bias1_unsubtracted,all_saved,accel_bias_z,gyro_bias_y,53,0.10651507821319142
baseline,sphere_rotating,bias1_unsubtracted,all_saved,accel_bias_z,gyro_bias_z,53,0.14388506204832982
baseline,sphere_rotating,bias1_unsubtracted,all_saved,accel_bias_z,gyro_gain_x,53,0.0557561714823868
baseline,sphere_rotating,bias1_unsubtracted,all_saved,accel_bias_z,gyro_gain_y,53,0.2317198568311112
baseline,sphere_rotating,bias1_unsubtracted,all_saved,accel_bias_z,gyro_gain_z,53,0.01151641059927794
baseline,sphere_rotating,bias1_unsubtracted,all_saved,accel_bias_z,lever_x,53,-0.14062248024512175
baseline,sphere_rotating,bias1_unsubtracted,all_saved,accel_bias_z,lever_y,53,0.2620545073375262
baseline,sphere_rotating,bias1_unsubtracted,all_saved,accel_bias_z,lever_z,53,-0.15699080793420417
baseline,sphere_rotating,bias1_unsubtracted,all_saved,accel_bias_z,position_x,53,0.22270601515884536
baseline,sphere_rotating,bias1_unsubtracted,all_saved,accel_bias_z,position_y,53,0.15207224641186906
baseline,sphere_rotating,bias1_unsubtracted,all_saved,accel_bias_z,position_z,53,0.31220770843412354
baseline,sphere_rotating,bias1_unsubtracted,all_saved,accel_bias_z,time_offset,53,0.2437510079019513
baseline,sphere_rotating,bias1_unsubtracted,all_saved,accel_bias_z,velocity_x,53,-0.031124012256087727
baseline,sphere_rotating,bias1_unsubtracted,all_saved,accel_bias_z,velocity_y,53,-0.16408643767134334
baseline,sphere_rotating,bias1_unsubtracted,all_saved,accel_bias_z,velocity_z,53,-0.04620222544750847
baseline,sphere_rotating,bias1_unsubtracted,all_saved,accel_gain_x,accel_gain_y,53,0.12094823415578132
baseline,sphere_rotating,bias1_unsubtracted,all_saved,accel_gain_x,accel_gain_z,53,0.06668279309788744
baseline,sphere_rotating,bias1_unsubtracted,all_saved,accel_gain_x,attitude_x,53,-0.1519916142557652
baseline,sphere_rotating,bias1_unsubtracted,all_saved,accel_gain_x,attitude_y,53,0.028059990324141266
baseline,sphere_rotating,bias1_unsubtracted,all_saved,accel_gain_x,attitude_z,53,0.06644089662957588
baseline,sphere_rotating,bias1_unsubtracted,all_saved,accel_gain_x,gravity_delta,53,-0.17597284042578482
baseline,sphere_rotating,bias1_unsubtracted,all_saved,accel_gain_x,gyro_bias_x,53,-0.08071278825995808
baseline,sphere_rotating,bias1_unsubtracted,all_saved,accel_gain_x,gyro_bias_y,53,0.562489920980487
baseline,sphere_rotating,bias1_unsubtracted,all_saved,accel_gain_x,gyro_bias_z,53,-0.05031669235702073
baseline,sphere_rotating,bias1_unsubtracted,all_saved,accel_gain_x,gyro_gain_x,53,0.028362220370562893
baseline,sphere_rotating,bias1_unsubtracted,all_saved,accel_gain_x,gyro_gain_y,53,0.4429167613171666
baseline,sphere_rotating,bias1_unsubtracted,all_saved,accel_gain_x,gyro_gain_z,53,0.10493221811419014
baseline,sphere_rotating,bias1_unsubtracted,all_saved,accel_gain_x,lever_x,53,-0.05394291243347847
baseline,sphere_rotating,bias1_unsubtracted,all_saved,accel_gain_x,lever_y,53,-0.09280761167553621
baseline,sphere_rotating,bias1_unsubtracted,all_saved,accel_gain_x,lever_z,53,0.10861151427189163
baseline,sphere_rotating,bias1_unsubtracted,all_saved,accel_gain_x,position_x,53,0.07377842283502661
baseline,sphere_rotating,bias1_unsubtracted,all_saved,accel_gain_x,position_y,53,-0.06934365424931463
baseline,sphere_rotating,bias1_unsubtracted,all_saved,accel_gain_x,position_z,53,-0.006450572488308337
baseline,sphere_rotating,bias1_unsubtracted,all_saved,accel_gain_x,time_offset,53,0.04781486856958555
baseline,sphere_rotating,bias1_unsubtracted,all_saved,accel_gain_x,velocity_x,53,-0.23165618448637318
baseline,sphere_rotating,bias1_unsubtracted,all_saved,accel_gain_x,velocity_y,53,0.00024189646831156264
baseline,sphere_rotating,bias1_unsubtracted,all_saved,accel_gain_x,velocity_z,53,-0.07958393807450412
baseline,sphere_rotating,bias1_unsubtracted,all_saved,accel_gain_y,accel_gain_z,53,-0.0410417674568618
baseline,sphere_rotating,bias1_unsubtracted,all_saved,accel_gain_y,attitude_x,53,-0.08821157877761651
baseline,sphere_rotating,bias1_unsubtracted,all_saved,accel_gain_y,attitude_y,53,-0.08345428156748912
baseline,sphere_rotating,bias1_unsubtracted,all_saved,accel_gain_y,attitude_z,53,0.11667472988227705
baseline,sphere_rotating,bias1_unsubtracted,all_saved,accel_gain_y,gravity_delta,53,-0.07090837368932039
baseline,sphere_rotating,bias1_unsubtracted,all_saved,accel_gain_y,gyro_bias_x,53,0.24487985808740526
baseline,sphere_rotating,bias1_unsubtracted,all_saved,accel_gain_y,gyro_bias_y,53,0.06345750685373328
baseline,sphere_rotating,bias1_unsubtracted,all_saved,accel_gain_y,gyro_bias_z,53,0.1044243683847759
baseline,sphere_rotating,bias1_unsubtracted,all_saved,accel_gain_y,gyro_gain_x,53,0.453150013089847
baseline,sphere_rotating,bias1_unsubtracted,all_saved,accel_gain_y,gyro_gain_y,53,-0.11192871455771093
baseline,sphere_rotating,bias1_unsubtracted,all_saved,accel_gain_y,gyro_gain_z,53,-0.08061487419494556
baseline,sphere_rotating,bias1_unsubtracted,all_saved,accel_gain_y,lever_x,53,-0.44726656990807934
baseline,sphere_rotating,bias1_unsubtracted,all_saved,accel_gain_y,lever_y,53,-0.04539590388646993
baseline,sphere_rotating,bias1_unsubtracted,all_saved,accel_gain_y,lever_z,53,0.21101435252378647
baseline,sphere_rotating,bias1_unsubtracted,all_saved,accel_gain_y,position_x,53,-0.271569101757781
baseline,sphere_rotating,bias1_unsubtracted,all_saved,accel_gain_y,position_y,53,-0.009998387356877922
baseline,sphere_rotating,bias1_unsubtracted,all_saved,accel_gain_y,position_z,53,-0.38122883405902275
baseline,sphere_rotating,bias1_unsubtracted,all_saved,accel_gain_y,time_offset,53,0.009675858732462506
baseline,sphere_rotating,bias1_unsubtracted,all_saved,accel_gain_y,velocity_x,53,-0.13239800032252863
baseline,sphere_rotating,bias1_unsubtracted,all_saved,accel_gain_y,velocity_y,53,0.1870666021609418
baseline,sphere_rotating,bias1_unsubtracted,all_saved,accel_gain_y,velocity_z,53,0.16690856313497823
baseline,sphere_rotating,bias1_unsubtracted,all_saved,accel_gain_z,attitude_x,53,-0.0220125786163522
baseline,sphere_rotating,bias1_unsubtracted,all_saved,accel_gain_z,attitude_y,53,0.17779390420899854
baseline,sphere_rotating,bias1_unsubtracted,all_saved,accel_gain_z,attitude_z,53,-0.20859538784067086
baseline,sphere_rotating,bias1_unsubtracted,all_saved,accel_gain_z,gravity_delta,53,-0.3940120329773278
baseline,sphere_rotating,bias1_unsubtracted,all_saved,accel_gain_z,gyro_bias_x,53,-0.19166263505886147
baseline,sphere_rotating,bias1_unsubtracted,all_saved,accel_gain_z,gyro_bias_y,53,0.030962747943880018
baseline,sphere_rotating,bias1_unsubtracted,all_saved,accel_gain_z,gyro_bias_z,53,0.14302347485043565
baseline,sphere_rotating,bias1_unsubtracted,all_saved,accel_gain_z,gyro_gain_x,53,-0.2051117046428759
baseline,sphere_rotating,bias1_unsubtracted,all_saved,accel_gain_z,gyro_gain_y,53,0.08076124468987572
baseline,sphere_rotating,bias1_unsubtracted,all_saved,accel_gain_z,gyro_gain_z,53,0.14484101022938023
baseline,sphere_rotating,bias1_unsubtracted,all_saved,accel_gain_z,lever_x,53,0.07901951298177713
baseline,sphere_rotating,bias1_unsubtracted,all_saved,accel_gain_z,lever_y,53,0.21867440735365265
baseline,sphere_rotating,bias1_unsubtracted,all_saved,accel_gain_z,lever_z,53,-0.27705208837284306
baseline,sphere_rotating,bias1_unsubtracted,all_saved,accel_gain_z,position_x,53,0.13183357522980166
baseline,sphere_rotating,bias1_unsubtracted,all_saved,accel_gain_z,position_y,53,0.08014836316723109
baseline,sphere_rotating,bias1_unsubtracted,all_saved,accel_gain_z,position_z,53,0.4090469279148524
baseline,sphere_rotating,bias1_unsubtracted,all_saved,accel_gain_z,time_offset,53,0.1264312207708434
baseline,sphere_rotating,bias1_unsubtracted,all_saved,accel_gain_z,velocity_x,53,-0.16481212707627801
baseline,sphere_rotating,bias1_unsubtracted,all_saved,accel_gain_z,velocity_y,53,-0.0172552814062248
baseline,sphere_rotating,bias1_unsubtracted,all_saved,accel_gain_z,velocity_z,53,-0.059748427672955975
baseline,sphere_rotating,bias1_unsubtracted,all_saved,attitude_x,attitude_y,53,0.14255765199161424
baseline,sphere_rotating,bias1_unsubtracted,all_saved,attitude_x,attitude_z,53,-0.33365586195774877
baseline,sphere_rotating,bias1_unsubtracted,all_saved,attitude_x,gravity_delta,53,-0.07001593420352803
baseline,sphere_rotating,bias1_unsubtracted,all_saved,attitude_x,gyro_bias_x,53,0.06313497822931785
baseline,sphere_rotating,bias1_unsubtracted,all_saved,attitude_x,gyro_bias_y,53,-0.24036445734558942
baseline,sphere_rotating,bias1_unsubtracted,all_saved,attitude_x,gyro_bias_z,53,0.012665331809044602
baseline,sphere_rotating,bias1_unsubtracted,all_saved,attitude_x,gyro_gain_x,53,-0.19672003773380464
baseline,sphere_rotating,bias1_unsubtracted,all_saved,attitude_x,gyro_gain_y,53,0.04193294781700986
baseline,sphere_rotating,bias1_unsubtracted,all_saved,attitude_x,gyro_gain_z,53,0.008725895723299053
baseline,sphere_rotating,bias1_unsubtracted,all_saved,attitude_x,lever_x,53,0.2122238348653443
baseline,sphere_rotating,bias1_unsubtracted,all_saved,attitude_x,lever_y,53,-0.15545879696823092
baseline,sphere_rotating,bias1_unsubtracted,all_saved,attitude_x,lever_z,53,-0.041364296081277216
baseline,sphere_rotating,bias1_unsubtracted,all_saved,attitude_x,position_x,53,0.04055797452023867
baseline,sphere_rotating,bias1_unsubtracted,all_saved,attitude_x,position_y,53,0.0686985970004838
baseline,sphere_rotating,bias1_unsubtracted,all_saved,attitude_x,position_z,53,-0.09425899048540558
baseline,sphere_rotating,bias1_unsubtracted,all_saved,attitude_x,time_offset,53,-0.18238993710691823
baseline,sphere_rotating,bias1_unsubtracted,all_saved,attitude_x,velocity_x,53,-0.1186905337848734
baseline,sphere_rotating,bias1_unsubtracted,all_saved,attitude_x,velocity_y,53,0.290920819222706
baseline,sphere_rotating,bias1_unsubtracted,all_saved,attitude_x,velocity_z,53,0.07861635220125786
baseline,sphere_rotating,bias1_unsubtracted,all_saved,attitude_y,attitude_z,53,-0.2744718593775198
baseline,sphere_rotating,bias1_unsubtracted,all_saved,attitude_y,gravity_delta,53,-0.4948576948718647
baseline,sphere_rotating,bias1_unsubtracted,all_saved,attitude_y,gyro_bias_x,53,0.043138203515562
baseline,sphere_rotating,bias1_unsubtracted,all_saved,attitude_y,gyro_bias_y,53,0.03023705853894533
baseline,sphere_rotating,bias1_unsubtracted,all_saved,attitude_y,gyro_bias_z,53,-0.1586182031323205
baseline,sphere_rotating,bias1_unsubtracted,all_saved,attitude_y,gyro_gain_x,53,-0.4508100290478944
baseline,sphere_rotating,bias1_unsubtracted,all_saved,attitude_y,gyro_gain_y,53,0.0427796708017764
baseline,sphere_rotating,bias1_unsubtracted,all_saved,attitude_y,gyro_gain_z,53,0.4658388087407926
baseline,sphere_rotating,bias1_unsubtracted,all_saved,attitude_y,lever_x,53,0.5920012901144976
baseline,sphere_rotating,bias1_unsubtracted,all_saved,attitude_y,lever_y,53,0.0010482180293501049
baseline,sphere_rotating,bias1_unsubtracted,all_saved,attitude_y,lever_z,53,-0.22109337203676827
baseline,sphere_rotating,bias1_unsubtracted,all_saved,attitude_y,position_x,53,-0.06313497822931785
baseline,sphere_rotating,bias1_unsubtracted,all_saved,attitude_y,position_y,53,0.01717464925012095
baseline,sphere_rotating,bias1_unsubtracted,all_saved,attitude_y,position_z,53,0.13917110143525238
baseline,sphere_rotating,bias1_unsubtracted,all_saved,attitude_y,time_offset,53,-0.279874213836478
baseline,sphere_rotating,bias1_unsubtracted,all_saved,attitude_y,velocity_x,53,-0.3929204966940816
baseline,sphere_rotating,bias1_unsubtracted,all_saved,attitude_y,velocity_y,53,0.06555394291243348
baseline,sphere_rotating,bias1_unsubtracted,all_saved,attitude_y,velocity_z,53,0.05345911949685535
baseline,sphere_rotating,bias1_unsubtracted,all_saved,attitude_z,gravity_delta,53,0.2584829274304059
baseline,sphere_rotating,bias1_unsubtracted,all_saved,attitude_z,gyro_bias_x,53,-0.041928721174004195
baseline,sphere_rotating,bias1_unsubtracted,all_saved,attitude_z,gyro_bias_y,53,0.06789227543944525
baseline,sphere_rotating,bias1_unsubtracted,all_saved,attitude_z,gyro_bias_z,53,0.3160301841875891
baseline,sphere_rotating,bias1_unsubtracted,all_saved,attitude_z,gyro_gain_x,53,0.2920138706147002
baseline,sphere_rotating,bias1_unsubtracted,all_saved,attitude_z,gyro_gain_y,53,-0.14728947920724714
baseline,sphere_rotating,bias1_unsubtracted,all_saved,attitude_z,gyro_gain_z,53,0.026753507699861057
baseline,sphere_rotating,bias1_unsubtracted,all_saved,attitude_z,lever_x,53,-0.3330914368650218
baseline,sphere_rotating,bias1_unsubtracted,all_saved,attitude_z,lever_y,53,-0.1319142073859055
baseline,sphere_rotating,bias1_unsubtracted,all_saved,attitude_z,lever_z,53,0.592968875987744
baseline,sphere_rotating,bias1_unsubtracted,all_saved,attitude_z,position_x,53,0.13038219641993226
baseline,sphere_rotating,bias1_unsubtracted,all_saved,attitude_z,position_y,53,-0.030075794226737625
baseline,sphere_rotating,bias1_unsubtracted,all_saved,attitude_z,position_z,53,-0.1396548943718755
baseline,sphere_rotating,bias1_unsubtracted,all_saved,attitude_z,time_offset,53,0.11240122560877278
baseline,sphere_rotating,bias1_unsubtracted,all_saved,attitude_z,velocity_x,53,0.07998709885502338
baseline,sphere_rotating,bias1_unsubtracted,all_saved,attitude_z,velocity_y,53,-0.18956619900016125
baseline,sphere_rotating,bias1_unsubtracted,all_saved,attitude_z,velocity_z,53,-0.24786324786324787
baseline,sphere_rotating,bias1_unsubtracted,all_saved,gravity_delta,gyro_bias_x,53,0.32845829620276157
baseline,sphere_rotating,bias1_unsubtracted,all_saved,gravity_delta,gyro_bias_y,53,0.0733422995596632
baseline,sphere_rotating,bias1_unsubtracted,all_saved,gravity_delta,gyro_bias_z,53,-0.14416814340041462
baseline,sphere_rotating,bias1_unsubtracted,all_saved,gravity_delta,gyro_gain_x,53,0.49437502374913783
baseline,sphere_rotating,bias1_unsubtracted,all_saved,gravity_delta,gyro_gain_y,53,0.20883160619899654
baseline,sphere_rotating,bias1_unsubtracted,all_saved,gravity_delta,gyro_gain_z,53,-0.3722083375474395
baseline,sphere_rotating,bias1_unsubtracted,all_saved,gravity_delta,lever_x,53,-0.3157613162458066
baseline,sphere_rotating,bias1_unsubtracted,all_saved,gravity_delta,lever_y,53,-0.03391270046010975
baseline,sphere_rotating,bias1_unsubtracted,all_saved,gravity_delta,lever_z,53,0.1442101078178112
baseline,sphere_rotating,bias1_unsubtracted,all_saved,gravity_delta,position_x,53,0.06705465772794429
baseline,sphere_rotating,bias1_unsubtracted,all_saved,gravity_delta,position_y,53,0.029328806737630806
baseline,sphere_rotating,bias1_unsubtracted,all_saved,gravity_delta,position_z,53,-0.15796178898524807
baseline,sphere_rotating,bias1_unsubtracted,all_saved,gravity_delta,time_offset,53,0.14011299926940082
baseline,sphere_rotating,bias1_unsubtracted,all_saved,gravity_delta,velocity_x,53,0.27556097395397794
baseline,sphere_rotating,bias1_unsubtracted,all_saved,gravity_delta,velocity_y,53,-0.20359789905417566
baseline,sphere_rotating,bias1_unsubtracted,all_saved,gravity_delta,velocity_z,53,0.05050396180961321
baseline,sphere_rotating,bias1_unsubtracted,all_saved,gyro_bias_x,gyro_bias_y,53,-0.08039025963554265
baseline,sphere_rotating,bias1_unsubtracted,all_saved,gyro_bias_x,gyro_bias_z,53,-0.17524683605167837
baseline,sphere_rotating,bias1_unsubtracted,all_saved,gyro_bias_x,gyro_gain_x,53,0.5259719302575084
baseline,sphere_rotating,bias1_unsubtracted,all_saved,gyro_bias_x,gyro_gain_y,53,0.15821623772494872
baseline,sphere_rotating,bias1_unsubtracted,all_saved,gyro_bias_x,gyro_gain_z,53,-0.3105001473113013
baseline,sphere_rotating,bias1_unsubtracted,all_saved,gyro_bias_x,lever_x,53,-0.17940654733107564
baseline,sphere_rotating,bias1_unsubtracted,all_saved,gyro_bias_x,lever_y,53,0.10151588453475247
baseline,sphere_rotating,bias1_unsubtracted,all_saved,gyro_bias_x,lever_z,53,0.03991291727140784
baseline,sphere_rotating,bias1_unsubtracted,all_saved,gyro_bias_x,position_x,53,0.050072568940493466
baseline,sphere_rotating,bias1_unsubtracted,all_saved,gyro_bias_x,position_y,53,-0.1590066118368005
baseline,sphere_rotating,bias1_unsubtracted,all_saved,gyro_bias_x,position_z,53,-0.08240606353813901
baseline,sphere_rotating,bias1_unsubtracted,all_saved,gyro_bias_x,time_offset,53,0.11546524754071924
baseline,sphere_rotating,bias1_unsubtracted,all_saved,gyro_bias_x,velocity_x,53,-0.10925657152072246
baseline,sphere_rotating,bias1_unsubtracted,all_saved,gyro_bias_x,velocity_y,53,-0.06595710369295275
baseline,sphere_rotating,bias1_unsubtracted,all_saved,gyro_bias_x,velocity_z,53,0.15336236090953073
baseline,sphere_rotating,bias1_unsubtracted,all_saved,gyro_bias_y,gyro_bias_z,53,-0.04876583540081119
baseline,sphere_rotating,bias1_unsubtracted,all_saved,gyro_bias_y,gyro_gain_x,53,0.20168241768484196
baseline,sphere_rotating,bias1_unsubtracted,all_saved,gyro_bias_y,gyro_gain_y,53,0.6352035191434359
baseline,sphere_rotating,bias1_unsubtracted,all_saved,gyro_bias_y,gyro_gain_z,53,0.12043507853629505
baseline,sphere_rotating,bias1_unsubtracted,all_saved,gyro_bias_y,lever_x,53,-0.032817287534268665
baseline,sphere_rotating,bias1_unsubtracted,all_saved,gyro_bias_y,lever_y,53,0.0037897113368811483
baseline,sphere_rotating,bias1_unsubtracted,all_saved,gyro_bias_y,lever_z,53,0.05644250927269795
baseline,sphere_rotating,bias1_unsubtracted,all_saved,gyro_bias_y,position_x,53,-0.07232704402515723
baseline,sphere_rotating,bias1_unsubtracted,all_saved,gyro_bias_y,position_y,53,0.042573778422835024
baseline,sphere_rotating,bias1_unsubtracted,all_saved,gyro_bias_y,position_z,53,0.0440251572327044
baseline,sphere_rotating,bias1_unsubtracted,all_saved,gyro_bias_y,time_offset,53,0.07466537655216901
baseline,sphere_rotating,bias1_unsubtracted,all_saved,gyro_bias_y,velocity_x,53,0.013465570069343654
baseline,sphere_rotating,bias1_unsubtracted,all_saved,gyro_bias_y,velocity_y,53,-0.07224641186905338
baseline,sphere_rotating,bias1_unsubtracted,all_saved,gyro_bias_y,velocity_z,53,-0.11062731817448798
baseline,sphere_rotating,bias1_unsubtracted,all_saved,gyro_bias_z,gyro_gain_x,53,0.09505707799311196
baseline,sphere_rotating,bias1_unsubtracted,all_saved,gyro_bias_z,gyro_gain_y,53,-0.050235597148059315
baseline,sphere_rotating,bias1_unsubtracted,all_saved,gyro_bias_z,gyro_gain_z,53,0.17284846445617466
baseline,sphere_rotating,bias1_unsubtracted,all_saved,gyro_bias_z,lever_x,53,-0.34928745002630485
baseline,sphere_rotating,bias1_unsubtracted,all_saved,gyro_bias_z,lever_y,53,-0.1356138249485456
baseline,sphere_rotating,bias1_unsubtracted,all_saved,gyro_bias_z,lever_z,53,0.3380868164536804
baseline,sphere_rotating,bias1_unsubtracted,all_saved,gyro_bias_z,position_x,53,0.19187546897103624
baseline,sphere_rotating,bias1_unsubtracted,all_saved,gyro_bias_z,position_y,53,-0.1866197870638817
baseline,sphere_rotating,bias1_unsubtracted,all_saved,gyro_bias_z,position_z,53,-0.06797922991385164
baseline,sphere_rotating,bias1_unsubtracted,all_saved,gyro_bias_z,time_offset,53,0.31482396211053726
baseline,sphere_rotating,bias1_unsubtracted,all_saved,gyro_bias_z,velocity_x,53,0.11596963683655806
baseline,sphere_rotating,bias1_unsubtracted,all_saved,gyro_bias_z,velocity_y,53,0.18920454865756425
baseline,sphere_rotating,bias1_unsubtracted,all_saved,gyro_bias_z,velocity_z,53,-0.08805421162478629
baseline,sphere_rotating,bias1_unsubtracted,all_saved,gyro_gain_x,gyro_gain_y,53,0.03365074857763582
baseline,sphere_rotating,bias1_unsubtracted,all_saved,gyro_gain_x,gyro_gain_z,53,-0.31716875936122557
baseline,sphere_rotating,bias1_unsubtracted,all_saved,gyro_gain_x,lever_x,53,-0.654307951592872
baseline,sphere_rotating,bias1_unsubtracted,all_saved,gyro_gain_x,lever_y,53,0.031388061804122236
baseline,sphere_rotating,bias1_unsubtracted,all_saved,gyro_gain_x,lever_z,53,0.4859097896771828
baseline,sphere_rotating,bias1_unsubtracted,all_saved,gyro_gain_x,position_x,53,-0.01218405483913228
baseline,sphere_rotating,bias1_unsubtracted,all_saved,gyro_gain_x,position_y,53,0.0019365385174779785
baseline,sphere_rotating,bias1_unsubtracted,all_saved,gyro_gain_x,position_z,53,-0.4512941636772639
baseline,sphere_rotating,bias1_unsubtracted,all_saved,gyro_gain_x,time_offset,53,0.40679412232771783
baseline,sphere_rotating,bias1_unsubtracted,all_saved,gyro_gain_x,velocity_x,53,0.030984616279647655
baseline,sphere_rotating,bias1_unsubtracted,all_saved,gyro_gain_x,velocity_y,53,-0.19329075077577074
baseline,sphere_rotating,bias1_unsubtracted,all_saved,gyro_gain_x,velocity_z,53,0.08839491441238023
baseline,sphere_rotating,bias1_unsubtracted,all_saved,gyro_gain_y,gyro_gain_z,53,-0.01142897481209619
baseline,sphere_rotating,bias1_unsubtracted,all_saved,gyro_gain_y,lever_x,53,0.12926637567435922
baseline,sphere_rotating,bias1_unsubtracted,all_saved,gyro_gain_y,lever_y,53,-0.09725218282175747
baseline,sphere_rotating,bias1_unsubtracted,all_saved,gyro_gain_y,lever_z,53,-0.07237465512647374
baseline,sphere_rotating,bias1_unsubtracted,all_saved,gyro_gain_y,position_x,53,0.015200693583666073
baseline,sphere_rotating,bias1_unsubtracted,all_saved,gyro_gain_y,position_y,53,-0.12410539748149649
baseline,sphere_rotating,bias1_unsubtracted,all_saved,gyro_gain_y,position_z,53,0.11962986170487332
baseline,sphere_rotating,bias1_unsubtracted,all_saved,gyro_gain_y,time_offset,53,-0.026732254233343786
baseline,sphere_rotating,bias1_unsubtracted,all_saved,gyro_gain_y,velocity_x,53,0.014031409461845607
baseline,sphere_rotating,bias1_unsubtracted,all_saved,gyro_gain_y,velocity_y,53,0.03572364592872186
baseline,sphere_rotating,bias1_unsubtracted,all_saved,gyro_gain_y,velocity_z,53,0.06834264091329972
baseline,sphere_rotating,bias1_unsubtracted,all_saved,gyro_gain_z,lever_x,53,0.2765267360434314
baseline,sphere_rotating,bias1_unsubtracted,all_saved,gyro_gain_z,lever_y,53,-0.10391345871502325
baseline,sphere_rotating,bias1_unsubtracted,all_saved,gyro_gain_z,lever_z,53,0.10683685525176304
baseline,sphere_rotating,bias1_unsubtracted,all_saved,gyro_gain_z,position_x,53,-0.1117977705868366
baseline,sphere_rotating,bias1_unsubtracted,all_saved,gyro_gain_z,position_y,53,-0.028791026498194847
baseline,sphere_rotating,bias1_unsubtracted,all_saved,gyro_gain_z,position_z,53,0.12451011613296263
baseline,sphere_rotating,bias1_unsubtracted,all_saved,gyro_gain_z,time_offset,53,-0.16322297330130464
baseline,sphere_rotating,bias1_unsubtracted,all_saved,gyro_gain_z,velocity_x,53,0.003011984310580384
baseline,sphere_rotating,bias1_unsubtracted,all_saved,gyro_gain_z,velocity_y,53,0.08256380521943876
baseline,sphere_rotating,bias1_unsubtracted,all_saved,gyro_gain_z,velocity_z,53,-0.1863886761606214
baseline,sphere_rotating,bias1_unsubtracted,all_saved,lever_x,lever_y,53,-0.11473955813578456
baseline,sphere_rotating,bias1_unsubtracted,all_saved,lever_x,lever_z,53,-0.3112401225608773
baseline,sphere_rotating,bias1_unsubtracted,all_saved,lever_x,position_x,53,-0.06079664570230608
baseline,sphere_rotating,bias1_unsubtracted,all_saved,lever_x,position_y,53,-0.07410095145944202
baseline,sphere_rotating,bias1_unsubtracted,all_saved,lever_x,position_z,53,0.314707305273343
baseline,sphere_rotating,bias1_unsubtracted,all_saved,lever_x,time_offset,53,-0.545879696823093
baseline,sphere_rotating,bias1_unsubtracted,all_saved,lever_x,velocity_x,53,-0.016690856313497822
baseline,sphere_rotating,bias1_unsubtracted,all_saved,lever_x,velocity_y,53,0.17182712465731334
baseline,sphere_rotating,bias1_unsubtracted,all_saved,lever_x,velocity_z,53,-0.031527173036607
baseline,sphere_rotating,bias1_unsubtracted,all_saved,lever_y,lever_z,53,-0.17376229640380583
baseline,sphere_rotating,bias1_unsubtracted,all_saved,lever_y,position_x,53,0.3026931140138687
baseline,sphere_rotating,bias1_unsubtracted,all_saved,lever_y,position_y,53,0.4302531849701661
baseline,sphere_rotating,bias1_unsubtracted,all_saved,lever_y,position_z,53,0.21972262538300275
baseline,sphere_rotating,bias1_unsubtracted,all_saved,lever_y,time_offset,53,0.366715045960329
baseline,sphere_rotating,bias1_unsubtracted,all_saved,lever_y,velocity_x,53,-0.06611836800516045
baseline,sphere_rotating,bias1_unsubtracted,all_saved,lever_y,velocity_y,53,-0.2996290920819223
baseline,sphere_rotating,bias1_unsubtracted,all_saved,lever_y,velocity_z,53,-0.01032091598129334
baseline,sphere_rotating,bias1_unsubtracted,all_saved,lever_z,position_x,53,0.042493146266731174
baseline,sphere_rotating,bias1_unsubtracted,all_saved,lever_z,position_y,53,0.0832930172552814
baseline,sphere_rotating,bias1_unsubtracted,all_saved,lever_z,position_z,53,-0.5589421061119174
baseline,sphere_rotating,bias1_unsubtracted,all_saved,lever_z,time_offset,53,0.13900983712304468
baseline,sphere_rotating,bias1_unsubtracted,all_saved,lever_z,velocity_x,53,-0.11223996129656506
baseline,sphere_rotating,bias1_unsubtracted,all_saved,lever_z,velocity_y,53,-0.15537816481212707
baseline,sphere_rotating,bias1_unsubtracted,all_saved,lever_z,velocity_z,53,-0.059022738268021284
baseline,sphere_rotating,bias1_unsubtracted,all_saved,position_x,position_y,53,0.1859377519754878
baseline,sphere_rotating,bias1_unsubtracted,all_saved,position_x,position_z,53,0.3222867279471053
baseline,sphere_rotating,bias1_unsubtracted,all_saved,position_x,time_offset,53,0.6690049991936784
baseline,sphere_rotating,bias1_unsubtracted,all_saved,position_x,velocity_x,53,-0.06313497822931785
baseline,sphere_rotating,bias1_unsubtracted,all_saved,position_x,velocity_y,53,-0.0724076761812611
baseline,sphere_rotating,bias1_unsubtracted,all_saved,position_x,velocity_z,53,-0.3312368972746331
baseline,sphere_rotating,bias1_unsubtracted,all_saved,position_y,position_z,53,-0.08095468472826964
baseline,sphere_rotating,bias1_unsubtracted,all_saved,position_y,time_offset,53,0.0516045799064667
baseline,sphere_rotating,bias1_unsubtracted,all_saved,position_y,velocity_x,53,-0.05152394775036284
baseline,sphere_rotating,bias1_unsubtracted,all_saved,position_y,velocity_y,53,-0.40114497661667475
baseline,sphere_rotating,bias1_unsubtracted,all_saved,position_y,velocity_z,53,-0.08305112078696984
baseline,sphere_rotating,bias1_unsubtracted,all_saved,position_z,time_offset,53,0.11965811965811966
baseline,sphere_rotating,bias1_unsubtracted,all_saved,position_z,velocity_x,53,0.252217384292856
baseline,sphere_rotating,bias1_unsubtracted,all_saved,position_z,velocity_y,53,0.06128043863892921
baseline,sphere_rotating,bias1_unsubtracted,all_saved,position_z,velocity_z,53,-0.5749072730204806
baseline,sphere_rotating,bias1_unsubtracted,all_saved,time_offset,velocity_x,53,0.04047734236413482
baseline,sphere_rotating,bias1_unsubtracted,all_saved,time_offset,velocity_y,53,-0.08869537171423963
baseline,sphere_rotating,bias1_unsubtracted,all_saved,time_offset,velocity_z,53,-0.240041928721174
baseline,sphere_rotating,bias1_unsubtracted,all_saved,velocity_x,velocity_y,53,-0.07805192710853089
baseline,sphere_rotating,bias1_unsubtracted,all_saved,velocity_x,velocity_z,53,-0.3059184002580229
baseline,sphere_rotating,bias1_unsubtracted,all_saved,velocity_y,velocity_z,53,0.09893565553942912
baseline,sphere_rotating,bias1_unsubtracted,converged_only,accel_bias_x,accel_bias_y,25,0.09615384615384616
baseline,sphere_rotating,bias1_unsubtracted,converged_only,accel_bias_x,accel_bias_z,25,0.4107692307692308
baseline,sphere_rotating,bias1_unsubtracted,converged_only,accel_bias_x,accel_gain_x,25,-0.4
baseline,sphere_rotating,bias1_unsubtracted,converged_only,accel_bias_x,accel_gain_y,25,0.2946153846153846
baseline,sphere_rotating,bias1_unsubtracted,converged_only,accel_bias_x,accel_gain_z,25,-0.02
baseline,sphere_rotating,bias1_unsubtracted,converged_only,accel_bias_x,attitude_x,25,0.10076923076923076
baseline,sphere_rotating,bias1_unsubtracted,converged_only,accel_bias_x,attitude_y,25,-0.7838461538461539
baseline,sphere_rotating,bias1_unsubtracted,converged_only,accel_bias_x,attitude_z,25,0.34692307692307695
baseline,sphere_rotating,bias1_unsubtracted,converged_only,accel_bias_x,gravity_delta,25,0.6071458799760524
baseline,sphere_rotating,bias1_unsubtracted,converged_only,accel_bias_x,gyro_bias_x,25,0.07
baseline,sphere_rotating,bias1_unsubtracted,converged_only,accel_bias_x,gyro_bias_y,25,-0.17384615384615384
baseline,sphere_rotating,bias1_unsubtracted,converged_only,accel_bias_x,gyro_bias_z,25,0.23614247914742523
baseline,sphere_rotating,bias1_unsubtracted,converged_only,accel_bias_x,gyro_gain_x,25,0.5850656083129306
baseline,sphere_rotating,bias1_unsubtracted,converged_only,accel_bias_x,gyro_gain_y,25,0.016153846153846154
baseline,sphere_rotating,bias1_unsubtracted,converged_only,accel_bias_x,gyro_gain_z,25,-0.5612987259626737
baseline,sphere_rotating,bias1_unsubtracted,converged_only,accel_bias_x,lever_x,25,-0.8115384615384615
baseline,sphere_rotating,bias1_unsubtracted,converged_only,accel_bias_x,lever_y,25,-0.21615384615384614
baseline,sphere_rotating,bias1_unsubtracted,converged_only,accel_bias_x,lever_z,25,0.3946153846153846
baseline,sphere_rotating,bias1_unsubtracted,converged_only,accel_bias_x,position_x,25,0.14307692307692307
baseline,sphere_rotating,bias1_unsubtracted,converged_only,accel_bias_x,position_y,25,-0.01
baseline,sphere_rotating,bias1_unsubtracted,converged_only,accel_bias_x,position_z,25,-0.34923076923076923
baseline,sphere_rotating,bias1_unsubtracted,converged_only,accel_bias_x,time_offset,25,0.26
baseline,sphere_rotating,bias1_unsubtracted,converged_only,accel_bias_x,velocity_x,25,0.2792307692307692
baseline,sphere_rotating,bias1_unsubtracted,converged_only,accel_bias_x,velocity_y,25,-0.0038461538461538464
baseline,sphere_rotating,bias1_unsubtracted,converged_only,accel_bias_x,velocity_z,25,0.014615384615384615
baseline,sphere_rotating,bias1_unsubtracted,converged_only,accel_bias_y,accel_bias_z,25,-0.3507692307692308
baseline,sphere_rotating,bias1_unsubtracted,converged_only,accel_bias_y,accel_gain_x,25,-0.3176923076923077
baseline,sphere_rotating,bias1_unsubtracted,converged_only,accel_bias_y,accel_gain_y,25,0.016153846153846154
baseline,sphere_rotating,bias1_unsubtracted,converged_only,accel_bias_y,accel_gain_z,25,-0.35615384615384615
baseline,sphere_rotating,bias1_unsubtracted,converged_only,accel_bias_y,attitude_x,25,0.34615384615384615
baseline,sphere_rotating,bias1_unsubtracted,converged_only,accel_bias_y,attitude_y,25,-0.10538461538461538
baseline,sphere_rotating,bias1_unsubtracted,converged_only,accel_bias_y,attitude_z,25,0.03538461538461538
baseline,sphere_rotating,bias1_unsubtracted,converged_only,accel_bias_y,gravity_delta,25,0.03739375287269727
baseline,sphere_rotating,bias1_unsubtracted,converged_only,accel_bias_y,gyro_bias_x,25,-0.01
baseline,sphere_rotating,bias1_unsubtracted,converged_only,accel_bias_y,gyro_bias_y,25,-0.18615384615384614
baseline,sphere_rotating,bias1_unsubtracted,converged_only,accel_bias_y,gyro_bias_z,25,0.042706618569215204
baseline,sphere_rotating,bias1_unsubtracted,converged_only,accel_bias_y,gyro_gain_x,25,0.05234797548063064
baseline,sphere_rotating,bias1_unsubtracted,converged_only,accel_bias_y,gyro_gain_y,25,-0.2
baseline,sphere_rotating,bias1_unsubtracted,converged_only,accel_bias_y,gyro_gain_z,25,0.15251323957114968
baseline,sphere_rotating,bias1_unsubtracted,converged_only,accel_bias_y,lever_x,25,-0.033846153846153845
baseline,sphere_rotating,bias1_unsubtracted,converged_only,accel_bias_y,lever_y,25,0.23692307692307693
baseline,sphere_rotating,bias1_unsubtracted,converged_only,accel_bias_y,lever_z,25,0.2976923076923077
baseline,sphere_rotating,bias1_unsubtracted,converged_only,accel_bias_y,position_x,25,0.11384615384615385
baseline,sphere_rotating,bias1_unsubtracted,converged_only,accel_bias_y,position_y,25,0.0038461538461538464
baseline,sphere_rotating,bias1_unsubtracted,converged_only,accel_bias_y,position_z,25,-0.12076923076923077
baseline,sphere_rotating,bias1_unsubtracted,converged_only,accel_bias_y,time_offset,25,0.27615384615384614
baseline,sphere_rotating,bias1_unsubtracted,converged_only,accel_bias_y,velocity_x,25,0.18769230769230769
baseline,sphere_rotating,bias1_unsubtracted,converged_only,accel_bias_y,velocity_y,25,0.05
baseline,sphere_rotating,bias1_unsubtracted,converged_only,accel_bias_y,velocity_z,25,-0.16923076923076924
baseline,sphere_rotating,bias1_unsubtracted,converged_only,accel_bias_z,accel_gain_x,25,-0.05846153846153846
baseline,sphere_rotating,bias1_unsubtracted,converged_only,accel_bias_z,accel_gain_y,25,-0.013846153846153847
baseline,sphere_rotating,bias1_unsubtracted,converged_only,accel_bias_z,accel_gain_z,25,0.6069230769230769
baseline,sphere_rotating,bias1_unsubtracted,converged_only,accel_bias_z,attitude_x,25,-0.31076923076923074
baseline,sphere_rotating,bias1_unsubtracted,converged_only,accel_bias_z,attitude_y,25,-0.18769230769230769
baseline,sphere_rotating,bias1_unsubtracted,converged_only,accel_bias_z,attitude_z,25,0.3323076923076923
baseline,sphere_rotating,bias1_unsubtracted,converged_only,accel_bias_z,gravity_delta,25,0.32810002520560183
baseline,sphere_rotating,bias1_unsubtracted,converged_only,accel_bias_z,gyro_bias_x,25,-0.13923076923076924
baseline,sphere_rotating,bias1_unsubtracted,converged_only,accel_bias_z,gyro_bias_y,25,0.07846153846153846
baseline,sphere_rotating,bias1_unsubtracted,converged_only,accel_bias_z,gyro_bias_z,25,0.42162318528627163
baseline,sphere_rotating,bias1_unsubtracted,converged_only,accel_bias_z,gyro_gain_x,25,0.07313320103911633
baseline,sphere_rotating,bias1_unsubtracted,converged_only,accel_bias_z,gyro_gain_y,25,0.2953846153846154
baseline,sphere_rotating,bias1_unsubtracted,converged_only,accel_bias_z,gyro_gain_z,25,-0.06417223741518319
baseline,sphere_rotating,bias1_unsubtracted,converged_only,accel_bias_z,lever_x,25,-0.39076923076923076
baseline,sphere_rotating,bias1_unsubtracted,converged_only,accel_bias_z,lever_y,25,0.07307692307692308
baseline,sphere_rotating,bias1_unsubtracted,converged_only,accel_bias_z,lever_z,25,0.10615384615384615
baseline,sphere_rotating,bias1_unsubtracted,converged_only,accel_bias_z,position_x,25,0.4046153846153846
baseline,sphere_rotating,bias1_unsubtracted,converged_only,accel_bias_z,position_y,25,0.13692307692307693
baseline,sphere_rotating,bias1_unsubtracted,converged_only,accel_bias_z,position_z,25,0.16076923076923078
baseline,sphere_rotating,bias1_unsubtracted,converged_only,accel_bias_z,time_offset,25,0.3030769230769231
baseline,sphere_rotating,bias1_unsubtracted,converged_only,accel_bias_z,velocity_x,25,-0.18461538461538463
baseline,sphere_rotating,bias1_unsubtracted,converged_only,accel_bias_z,velocity_y,25,-0.1
baseline,sphere_rotating,bias1_unsubtracted,converged_only,accel_bias_z,velocity_z,25,0.09307692307692307
baseline,sphere_rotating,bias1_unsubtracted,converged_only,accel_gain_x,accel_gain_y,25,0.4323076923076923
baseline,sphere_rotating,bias1_unsubtracted,converged_only,accel_gain_x,accel_gain_z,25,0.2423076923076923
baseline,sphere_rotating,bias1_unsubtracted,converged_only,accel_gain_x,attitude_x,25,-0.2923076923076923
baseline,sphere_rotating,bias1_unsubtracted,converged_only,accel_gain_x,attitude_y,25,0.29
baseline,sphere_rotating,bias1_unsubtracted,converged_only,accel_gain_x,attitude_z,25,-0.07923076923076923
baseline,sphere_rotating,bias1_unsubtracted,converged_only,accel_gain_x,gravity_delta,25,-0.3518229436947324
baseline,sphere_rotating,bias1_unsubtracted,converged_only,accel_gain_x,gyro_bias_x,25,0.11153846153846154
baseline,sphere_rotating,bias1_unsubtracted,converged_only,accel_gain_x,gyro_bias_y,25,0.26615384615384613
baseline,sphere_rotating,bias1_unsubtracted,converged_only,accel_gain_x,gyro_bias_z,25,-0.20850878477910953
baseline,sphere_rotating,bias1_unsubtracted,converged_only,accel_gain_x,gyro_gain_x,25,-0.13702852405223903
baseline,sphere_rotating,bias1_unsubtracted,converged_only,accel_gain_x,gyro_gain_y,25,0.18615384615384614
baseline,sphere_rotating,bias1_unsubtracted,converged_only,accel_gain_x,gyro_gain_z,25,0.22751975083564951
baseline,sphere_rotating,bias1_unsubtracted,converged_only,accel_gain_x,lever_x,25,0.16538461538461538
baseline,sphere_rotating,bias1_unsubtracted,converged_only,accel_gain_x,lever_y,25,-0.2169230769230769
baseline,sphere_rotating,bias1_unsubtracted,converged_only,accel_gain_x,lever_z,25,-0.24461538461538462
baseline,sphere_rotating,bias1_unsubtracted,converged_only,accel_gain_x,position_x,25,-0.16384615384615384
baseline,sphere_rotating,bias1_unsubtracted,converged_only,accel_gain_x,position_y,25,-0.2846153846153846
baseline,sphere_rotating,bias1_unsubtracted,converged_only,accel_gain_x,position_z,25,0.12
baseline,sphere_rotating,bias1_unsubtracted,converged_only,accel_gain_x,time_offset,25,-0.28307692307692306
baseline,sphere_rotating,bias1_unsubtracted,converged_only,accel_gain_x,velocity_x,25,-0.37846153846153846
baseline,sphere_rotating,bias1_unsubtracted,converged_only,accel_gain_x,velocity_y,25,0.04923076923076923
baseline,sphere_rotating,bias1_unsubtracted,converged_only,accel_gain_x,velocity_z,25,0.06153846153846154
baseline,sphere_rotating,bias1_unsubtracted,converged_only,accel_gain_y,accel_gain_z,25,0.11538461538461539
baseline,sphere_rotating,bias1_unsubtracted,converged_only,accel_gain_y,attitude_x,25,0.040769230769230766
baseline,sphere_rotating,bias1_unsubtracted,converged_only,accel_gain_y,attitude_y,25,-0.17615384615384616
baseline,sphere_rotating,bias1_unsubtracted,converged_only,accel_gain_y,attitude_z,25,0.0
baseline,sphere_rotating,bias1_unsubtracted,converged_only,accel_gain_y,gravity_delta,25,-0.051868753984709116
baseline,sphere_rotating,bias1_unsubtracted,converged_only,accel_gain_y,gyro_bias_x,25,0.19923076923076924
baseline,sphere_rotating,bias1_unsubtracted,converged_only,accel_gain_y,gyro_bias_y,25,0.011538461538461539
baseline,sphere_rotating,bias1_unsubtracted,converged_only,accel_gain_y,gyro_bias_z,25,0.18841155251124353
baseline,sphere_rotating,bias1_unsubtracted,converged_only,accel_gain_y,gyro_gain_x,25,0.39107016976706416
baseline,sphere_rotating,bias1_unsubtracted,converged_only,accel_gain_y,gyro_gain_y,25,-0.06538461538461539
baseline,sphere_rotating,bias1_unsubtracted,converged_only,accel_gain_y,gyro_gain_z,25,-0.08459067659274148
baseline,sphere_rotating,bias1_unsubtracted,converged_only,accel_gain_y,lever_x,25,-0.36846153846153845
baseline,sphere_rotating,bias1_unsubtracted,converged_only,accel_gain_y,lever_y,25,-0.3853846153846154
baseline,sphere_rotating,bias1_unsubtracted,converged_only,accel_gain_y,lever_z,25,0.07769230769230769
baseline,sphere_rotating,bias1_unsubtracted,converged_only,accel_gain_y,position_x,25,-0.1346153846153846
baseline,sphere_rotating,bias1_unsubtracted,converged_only,accel_gain_y,position_y,25,-0.3392307692307692
baseline,sphere_rotating,bias1_unsubtracted,converged_only,accel_gain_y,position_z,25,-0.34307692307692306
baseline,sphere_rotating,bias1_unsubtracted,converged_only,accel_gain_y,time_offset,25,-0.006153846153846154
baseline,sphere_rotating,bias1_unsubtracted,converged_only,accel_gain_y,velocity_x,25,-0.10153846153846154
baseline,sphere_rotating,bias1_unsubtracted,converged_only,accel_gain_y,velocity_y,25,0.4576923076923077
baseline,sphere_rotating,bias1_unsubtracted,converged_only,accel_gain_y,velocity_z,25,0.3069230769230769
baseline,sphere_rotating,bias1_unsubtracted,converged_only,accel_gain_z,attitude_x,25,-0.2907692307692308
baseline,sphere_rotating,bias1_unsubtracted,converged_only,accel_gain_z,attitude_y,25,0.19538461538461538
baseline,sphere_rotating,bias1_unsubtracted,converged_only,accel_gain_z,attitude_z,25,0.047692307692307694
baseline,sphere_rotating,bias1_unsubtracted,converged_only,accel_gain_z,gravity_delta,25,-0.498181288271741
baseline,sphere_rotating,bias1_unsubtracted,converged_only,accel_gain_z,gyro_bias_x,25,-0.5330769230769231
baseline,sphere_rotating,bias1_unsubtracted,converged_only,accel_gain_z,gyro_bias_y,25,-0.0007692307692307692
baseline,sphere_rotating,bias1_unsubtracted,converged_only,accel_gain_z,gyro_bias_z,25,0.4559559570772094
baseline,sphere_rotating,bias1_unsubtracted,converged_only,accel_gain_z,gyro_gain_x,25,-0.37182459054624406
baseline,sphere_rotating,bias1_unsubtracted,converged_only,accel_gain_z,gyro_gain_y,25,-0.08307692307692308
baseline,sphere_rotating,bias1_unsubtracted,converged_only,accel_gain_z,gyro_gain_z,25,0.14917961684828301
baseline,sphere_rotating,bias1_unsubtracted,converged_only,accel_gain_z,lever_x,25,0.06076923076923077
baseline,sphere_rotating,bias1_unsubtracted,converged_only,accel_gain_z,lever_y,25,-0.06692307692307692
baseline,sphere_rotating,bias1_unsubtracted,converged_only,accel_gain_z,lever_z,25,-0.08615384615384615
baseline,sphere_rotating,bias1_unsubtracted,converged_only,accel_gain_z,position_x,25,0.19384615384615383
baseline,sphere_rotating,bias1_unsubtracted,converged_only,accel_gain_z,position_y,25,-0.09615384615384616
baseline,sphere_rotating,bias1_unsubtracted,converged_only,accel_gain_z,position_z,25,0.3569230769230769
baseline,sphere_rotating,bias1_unsubtracted,converged_only,accel_gain_z,time_offset,25,0.10538461538461538
baseline,sphere_rotating,bias1_unsubtracted,converged_only,accel_gain_z,velocity_x,25,-0.46923076923076923
baseline,sphere_rotating,bias1_unsubtracted,converged_only,accel_gain_z,velocity_y,25,0.24307692307692308
baseline,sphere_rotating,bias1_unsubtracted,converged_only,accel_gain_z,velocity_z,25,0.04461538461538461
baseline,sphere_rotating,bias1_unsubtracted,converged_only,attitude_x,attitude_y,25,0.038461538461538464
baseline,sphere_rotating,bias1_unsubtracted,converged_only,attitude_x,attitude_z,25,-0.2953846153846154
baseline,sphere_rotating,bias1_unsubtracted,converged_only,attitude_x,gravity_delta,25,0.0
baseline,sphere_rotating,bias1_unsubtracted,converged_only,attitude_x,gyro_bias_x,25,-0.13153846153846155
baseline,sphere_rotating,bias1_unsubtracted,converged_only,attitude_x,gyro_bias_y,25,-0.03461538461538462
baseline,sphere_rotating,bias1_unsubtracted,converged_only,attitude_x,gyro_bias_z,25,0.04228792623030133
baseline,sphere_rotating,bias1_unsubtracted,converged_only,attitude_x,gyro_gain_x,25,-0.09853736561059885
baseline,sphere_rotating,bias1_unsubtracted,converged_only,attitude_x,gyro_gain_y,25,-0.1753846153846154
baseline,sphere_rotating,bias1_unsubtracted,converged_only,attitude_x,gyro_gain_z,25,-0.0004167028403583324
baseline,sphere_rotating,bias1_unsubtracted,converged_only,attitude_x,lever_x,25,-0.057692307692307696
baseline,sphere_rotating,bias1_unsubtracted,converged_only,attitude_x,lever_y,25,-0.19846153846153847
baseline,sphere_rotating,bias1_unsubtracted,converged_only,attitude_x,lever_z,25,0.06307692307692307
baseline,sphere_rotating,bias1_unsubtracted,converged_only,attitude_x,position_x,25,-0.15615384615384614
baseline,sphere_rotating,bias1_unsubtracted,converged_only,attitude_x,position_y,25,0.3484615384615385
baseline,sphere_rotating,bias1_unsubtracted,converged_only,attitude_x,position_z,25,-0.38769230769230767
baseline,sphere_rotating,bias1_unsubtracted,converged_only,attitude_x,time_offset,25,-0.28846153846153844
baseline,sphere_rotating,bias1_unsubtracted,converged_only,attitude_x,velocity_x,25,0.002307692307692308
baseline,sphere_rotating,bias1_unsubtracted,converged_only,attitude_x,velocity_y,25,0.033846153846153845
baseline,sphere_rotating,bias1_unsubtracted,converged_only,attitude_x,velocity_z,25,-0.03230769230769231
baseline,sphere_rotating,bias1_unsubtracted,converged_only,attitude_y,attitude_z,25,-0.3030769230769231
baseline,sphere_rotating,bias1_unsubtracted,converged_only,attitude_y,gravity_delta,25,-0.5633187932757944
baseline,sphere_rotating,bias1_unsubtracted,converged_only,attitude_y,gyro_bias_x,25,-0.21846153846153846
baseline,sphere_rotating,bias1_unsubtracted,converged_only,attitude_y,gyro_bias_y,25,0.20615384615384616
baseline,sphere_rotating,bias1_unsubtracted,converged_only,attitude_y,gyro_bias_z,25,-0.1758507823438273
baseline,sphere_rotating,bias1_unsubtracted,converged_only,attitude_y,gyro_gain_x,25,-0.6397230533000597
baseline,sphere_rotating,bias1_unsubtracted,converged_only,attitude_y,gyro_gain_y,25,-0.047692307692307694
baseline,sphere_rotating,bias1_unsubtracted,converged_only,attitude_y,gyro_gain_z,25,0.606719335561732
baseline,sphere_rotating,bias1_unsubtracted,converged_only,attitude_y,lever_x,25,0.6984615384615385
baseline,sphere_rotating,bias1_unsubtracted,converged_only,attitude_y,lever_y,25,0.13692307692307693
baseline,sphere_rotating,bias1_unsubtracted,converged_only,attitude_y,lever_z,25,-0.24769230769230768
baseline,sphere_rotating,bias1_unsubtracted,converged_only,attitude_y,position_x,25,-0.18615384615384614
baseline,sphere_rotating,bias1_unsubtracted,converged_only,attitude_y,position_y,25,0.08076923076923077
baseline,sphere_rotating,bias1_unsubtracted,converged_only,attitude_y,position_z,25,0.16307692307692306
baseline,sphere_rotating,bias1_unsubtracted,converged_only,attitude_y,time_offset,25,-0.25
baseline,sphere_rotating,bias1_unsubtracted,converged_only,attitude_y,velocity_x,25,-0.5807692307692308
baseline,sphere_rotating,bias1_unsubtracted,converged_only,attitude_y,velocity_y,25,-0.08615384615384615
baseline,sphere_rotating,bias1_unsubtracted,converged_only,attitude_y,velocity_z,25,0.010769230769230769
baseline,sphere_rotating,bias1_unsubtracted,converged_only,attitude_z,gravity_delta,25,0.3691125283563021
baseline,sphere_rotating,bias1_unsubtracted,converged_only,attitude_z,gyro_bias_x,25,0.05615384615384615
baseline,sphere_rotating,bias1_unsubtracted,converged_only,attitude_z,gyro_bias_y,25,-0.3153846153846154
baseline,sphere_rotating,bias1_unsubtracted,converged_only,attitude_z,gyro_bias_z,25,0.22986209406371713
baseline,sphere_rotating,bias1_unsubtracted,converged_only,attitude_z,gyro_gain_x,25,0.21324101776668655
baseline,sphere_rotating,bias1_unsubtracted,converged_only,attitude_z,gyro_gain_y,25,-0.08461538461538462
baseline,sphere_rotating,bias1_unsubtracted,converged_only,attitude_z,gyro_gain_z,25,-0.17293167874870796
baseline,sphere_rotating,bias1_unsubtracted,converged_only,attitude_z,lever_x,25,-0.32461538461538464
baseline,sphere_rotating,bias1_unsubtracted,converged_only,attitude_z,lever_y,25,0.004615384615384616
baseline,sphere_rotating,bias1_unsubtracted,converged_only,attitude_z,lever_z,25,0.4807692307692308
baseline,sphere_rotating,bias1_unsubtracted,converged_only,attitude_z,position_x,25,0.4746153846153846
baseline,sphere_rotating,bias1_unsubtracted,converged_only,attitude_z,position_y,25,-0.024615384615384615
baseline,sphere_rotating,bias1_unsubtracted,converged_only,attitude_z,position_z,25,0.08923076923076922
baseline,sphere_rotating,bias1_unsubtracted,converged_only,attitude_z,time_offset,25,0.27692307692307694
baseline,sphere_rotating,bias1_unsubtracted,converged_only,attitude_z,velocity_x,25,0.05076923076923077
baseline,sphere_rotating,bias1_unsubtracted,converged_only,attitude_z,velocity_y,25,-0.30923076923076925
baseline,sphere_rotating,bias1_unsubtracted,converged_only,attitude_z,velocity_z,25,-0.1453846153846154
baseline,sphere_rotating,bias1_unsubtracted,converged_only,gravity_delta,gyro_bias_x,25,0.5046146220993019
baseline,sphere_rotating,bias1_unsubtracted,converged_only,gravity_delta,gyro_bias_y,25,0.012062500926676538
baseline,sphere_rotating,bias1_unsubtracted,converged_only,gravity_delta,gyro_bias_z,25,-0.09323180036456247
baseline,sphere_rotating,bias1_unsubtracted,converged_only,gravity_delta,gyro_gain_x,25,0.6410120752127932
baseline,sphere_rotating,bias1_unsubtracted,converged_only,gravity_delta,gyro_gain_y,25,0.3365437758542754
baseline,sphere_rotating,bias1_unsubtracted,converged_only,gravity_delta,gyro_gain_z,25,-0.3495915725788922
baseline,sphere_rotating,bias1_unsubtracted,converged_only,gravity_delta,lever_x,25,-0.6071458799760524
baseline,sphere_rotating,bias1_unsubtracted,converged_only,gravity_delta,lever_y,25,-0.012062500926676538
baseline,sphere_rotating,bias1_unsubtracted,converged_only,gravity_delta,lever_z,25,0.23160001779218953
baseline,sphere_rotating,bias1_unsubtracted,converged_only,gravity_delta,position_x,25,0.2070729325746139
baseline,sphere_rotating,bias1_unsubtracted,converged_only,gravity_delta,position_y,25,0.1427395942990057
baseline,sphere_rotating,bias1_unsubtracted,converged_only,gravity_delta,position_z,25,-0.26939585402910937
baseline,sphere_rotating,bias1_unsubtracted,converged_only,gravity_delta,time_offset,25,0.219537516865513
baseline,sphere_rotating,bias1_unsubtracted,converged_only,gravity_delta,velocity_x,25,0.45435420157148293
baseline,sphere_rotating,bias1_unsubtracted,converged_only,gravity_delta,velocity_y,25,-0.2895000222402369
baseline,sphere_rotating,bias1_unsubtracted,converged_only,gravity_delta,velocity_z,25,-0.008443750648673577
baseline,sphere_rotating,bias1_unsubtracted,converged_only,gyro_bias_x,gyro_bias_y,25,-0.022307692307692306
baseline,sphere_rotating,bias1_unsubtracted,converged_only,gyro_bias_x,gyro_bias_z,25,-0.15198531902573645
baseline,sphere_rotating,bias1_unsubtracted,converged_only,gyro_bias_x,gyro_gain_x,25,0.7251734250405009
baseline,sphere_rotating,bias1_unsubtracted,converged_only,gyro_bias_x,gyro_gain_y,25,0.1423076923076923
baseline,sphere_rotating,bias1_unsubtracted,converged_only,gyro_bias_x,gyro_gain_z,25,-0.05125444936407489
baseline,sphere_rotating,bias1_unsubtracted,converged_only,gyro_bias_x,lever_x,25,-0.29846153846153844
baseline,sphere_rotating,bias1_unsubtracted,converged_only,gyro_bias_x,lever_y,25,-0.19846153846153847
baseline,sphere_rotating,bias1_unsubtracted,converged_only,gyro_bias_x,lever_z,25,0.3192307692307692
baseline,sphere_rotating,bias1_unsubtracted,converged_only,gyro_bias_x,position_x,25,0.022307692307692306
baseline,sphere_rotating,bias1_unsubtracted,converged_only,gyro_bias_x,position_y,25,-0.2
baseline,sphere_rotating,bias1_unsubtracted,converged_only,gyro_bias_x,position_z,25,-0.29615384615384616
baseline,sphere_rotating,bias1_unsubtracted,converged_only,gyro_bias_x,time_offset,25,0.1453846153846154
baseline,sphere_rotating,bias1_unsubtracted,converged_only,gyro_bias_x,velocity_x,25,0.35846153846153844
baseline,sphere_rotating,bias1_unsubtracted,converged_only,gyro_bias_x,velocity_y,25,-0.17923076923076922
baseline,sphere_rotating,bias1_unsubtracted,converged_only,gyro_bias_x,velocity_z,25,0.06769230769230769
baseline,sphere_rotating,bias1_unsubtracted,converged_only,gyro_bias_y,gyro_bias_z,25,-0.05484869639771756
baseline,sphere_rotating,bias1_unsubtracted,converged_only,gyro_bias_y,gyro_gain_x,25,-0.021555048727318497
baseline,sphere_rotating,bias1_unsubtracted,converged_only,gyro_bias_y,gyro_gain_y,25,0.7723076923076924
baseline,sphere_rotating,bias1_unsubtracted,converged_only,gyro_bias_y,gyro_gain_z,25,0.29127528541047437
baseline,sphere_rotating,bias1_unsubtracted,converged_only,gyro_bias_y,lever_x,25,0.09076923076923077
baseline,sphere_rotating,bias1_unsubtracted,converged_only,gyro_bias_y,lever_y,25,-0.09923076923076923
baseline,sphere_rotating,bias1_unsubtracted,converged_only,gyro_bias_y,lever_z,25,-0.2815384615384615
baseline,sphere_rotating,bias1_unsubtracted,converged_only,gyro_bias_y,position_x,25,-0.25769230769230766
baseline,sphere_rotating,bias1_unsubtracted,converged_only,gyro_bias_y,position_y,25,0.03538461538461538
baseline,sphere_rotating,bias1_unsubtracted,converged_only,gyro_bias_y,position_z,25,-0.11615384615384615
baseline,sphere_rotating,bias1_unsubtracted,converged_only,gyro_bias_y,time_offset,25,-0.17307692307692307
baseline,sphere_rotating,bias1_unsubtracted,converged_only,gyro_bias_y,velocity_x,25,0.026153846153846153
baseline,sphere_rotating,bias1_unsubtracted,converged_only,gyro_bias_y,velocity_y,25,-0.025384615384615384
baseline,sphere_rotating,bias1_unsubtracted,converged_only,gyro_bias_y,velocity_z,25,0.14615384615384616
baseline,sphere_rotating,bias1_unsubtracted,converged_only,gyro_bias_z,gyro_gain_x,25,0.12193330157402008
baseline,sphere_rotating,bias1_unsubtracted,converged_only,gyro_bias_z,gyro_gain_y,25,-0.020515924606779853
baseline,sphere_rotating,bias1_unsubtracted,converged_only,gyro_bias_z,gyro_gain_z,25,0.11113757273089338
baseline,sphere_rotating,bias1_unsubtracted,converged_only,gyro_bias_z,lever_x,25,-0.26419486585465485
baseline,sphere_rotating,bias1_unsubtracted,converged_only,gyro_bias_z,lever_y,25,-0.10425439238955476
baseline,sphere_rotating,bias1_unsubtracted,converged_only,gyro_bias_z,lever_z,25,0.4358587248093434
baseline,sphere_rotating,bias1_unsubtracted,converged_only,gyro_bias_z,position_x,25,0.524202808320171
baseline,sphere_rotating,bias1_unsubtracted,converged_only,gyro_bias_z,position_y,25,-0.16077785814292783
baseline,sphere_rotating,bias1_unsubtracted,converged_only,gyro_bias_z,position_z,25,0.21939478559087025
baseline,sphere_rotating,bias1_unsubtracted,converged_only,gyro_bias_z,time_offset,25,0.5066177300857881
baseline,sphere_rotating,bias1_unsubtracted,converged_only,gyro_bias_z,velocity_x,25,0.04019446453573196
baseline,sphere_rotating,bias1_unsubtracted,converged_only,gyro_bias_z,velocity_y,25,0.3751483356668316
baseline,sphere_rotating,bias1_unsubtracted,converged_only,gyro_bias_z,velocity_z,25,-0.09001885286648302
baseline,sphere_rotating,bias1_unsubtracted,converged_only,gyro_gain_x,gyro_gain_y,25,0.10238648145476287
baseline,sphere_rotating,bias1_unsubtracted,converged_only,gyro_gain_x,gyro_gain_z,25,-0.28232507965323017
baseline,sphere_rotating,bias1_unsubtracted,converged_only,gyro_gain_x,lever_x,25,-0.6966899677936872
baseline,sphere_rotating,bias1_unsubtracted,converged_only,gyro_gain_x,lever_y,25,-0.29946121267596054
baseline,sphere_rotating,bias1_unsubtracted,converged_only,gyro_gain_x,lever_z,25,0.44187849891002917
baseline,sphere_rotating,bias1_unsubtracted,converged_only,gyro_gain_x,position_x,25,0.1539646337665607
baseline,sphere_rotating,bias1_unsubtracted,converged_only,gyro_gain_x,position_y,25,-0.23941500550700187
baseline,sphere_rotating,bias1_unsubtracted,converged_only,gyro_gain_x,position_z,25,-0.28483457246813726
baseline,sphere_rotating,bias1_unsubtracted,converged_only,gyro_gain_x,time_offset,25,0.38876070026056575
baseline,sphere_rotating,bias1_unsubtracted,converged_only,gyro_gain_x,velocity_x,25,0.5065436450919847
baseline,sphere_rotating,bias1_unsubtracted,converged_only,gyro_gain_x,velocity_y,25,0.01770593288315448
baseline,sphere_rotating,bias1_unsubtracted,converged_only,gyro_gain_x,velocity_z,25,-0.06158585350662428
baseline,sphere_rotating,bias1_unsubtracted,converged_only,gyro_gain_y,gyro_gain_z,25,0.11667679530033308
baseline,sphere_rotating,bias1_unsubtracted,converged_only,gyro_gain_y,lever_x,25,-0.026153846153846153
baseline,sphere_rotating,bias1_unsubtracted,converged_only,gyro_gain_y,lever_y,25,-0.12615384615384614
baseline,sphere_rotating,bias1_unsubtracted,converged_only,gyro_gain_y,lever_z,25,-0.10846153846153846
baseline,sphere_rotating,bias1_unsubtracted,converged_only,gyro_gain_y,position_x,25,0.006923076923076923
baseline,sphere_rotating,bias1_unsubtracted,converged_only,gyro_gain_y,position_y,25,0.08461538461538462
baseline,sphere_rotating,bias1_unsubtracted,converged_only,gyro_gain_y,position_z,25,-0.11153846153846154
baseline,sphere_rotating,bias1_unsubtracted,converged_only,gyro_gain_y,time_offset,25,-0.10461538461538461
baseline,sphere_rotating,bias1_unsubtracted,converged_only,gyro_gain_y,velocity_x,25,0.14
baseline,sphere_rotating,bias1_unsubtracted,converged_only,gyro_gain_y,velocity_y,25,-0.13615384615384615
baseline,sphere_rotating,bias1_unsubtracted,converged_only,gyro_gain_y,velocity_z,25,0.17
baseline,sphere_rotating,bias1_unsubtracted,converged_only,gyro_gain_z,lever_x,25,0.34753016885884924
baseline,sphere_rotating,bias1_unsubtracted,converged_only,gyro_gain_z,lever_y,25,-0.0733396999030665
baseline,sphere_rotating,bias1_unsubtracted,converged_only,gyro_gain_z,lever_z,25,0.05292126072550822
baseline,sphere_rotating,bias1_unsubtracted,converged_only,gyro_gain_z,position_x,25,0.0604219118519582
baseline,sphere_rotating,bias1_unsubtracted,converged_only,gyro_gain_z,position_y,25,-0.12542755494785807
baseline,sphere_rotating,bias1_unsubtracted,converged_only,gyro_gain_z,position_z,25,0.2671065206696911
baseline,sphere_rotating,bias1_unsubtracted,converged_only,gyro_gain_z,time_offset,25,0.13792864015860803
baseline,sphere_rotating,bias1_unsubtracted,converged_only,gyro_gain_z,velocity_x,25,-0.30919350754588265
baseline,sphere_rotating,bias1_unsubtracted,converged_only,gyro_gain_z,velocity_y,25,-0.029585901665441602
baseline,sphere_rotating,bias1_unsubtracted,converged_only,gyro_gain_z,velocity_z,25,-0.17168157022763295
baseline,sphere_rotating,bias1_unsubtracted,converged_only,lever_x,lever_y,25,0.12153846153846154
baseline,sphere_rotating,bias1_unsubtracted,converged_only,lever_x,lever_z,25,-0.33
baseline,sphere_rotating,bias1_unsubtracted,converged_only,lever_x,position_x,25,-0.28307692307692306
baseline,sphere_rotating,bias1_unsubtracted,converged_only,lever_x,position_y,25,0.033846153846153845
baseline,sphere_rotating,bias1_unsubtracted,converged_only,lever_x,position_z,25,0.16384615384615384
baseline,sphere_rotating,bias1_unsubtracted,converged_only,lever_x,time_offset,25,-0.5192307692307693
baseline,sphere_rotating,bias1_unsubtracted,converged_only,lever_x,velocity_x,25,-0.22538461538461538
baseline,sphere_rotating,bias1_unsubtracted,converged_only,lever_x,velocity_y,25,0.012307692307692308
baseline,sphere_rotating,bias1_unsubtracted,converged_only,lever_x,velocity_z,25,0.09230769230769231
baseline,sphere_rotating,bias1_unsubtracted,converged_only,lever_y,lever_z,25,-0.25384615384615383
baseline,sphere_rotating,bias1_unsubtracted,converged_only,lever_y,position_x,25,0.2230769230769231
baseline,sphere_rotating,bias1_unsubtracted,converged_only,lever_y,position_y,25,0.47384615384615386
baseline,sphere_rotating,bias1_unsubtracted,converged_only,lever_y,position_z,25,0.44
baseline,sphere_rotating,bias1_unsubtracted,converged_only,lever_y,time_offset,25,0.30923076923076925
baseline,sphere_rotating,bias1_unsubtracted,converged_only,lever_y,velocity_x,25,0.04846153846153846
baseline,sphere_rotating,bias1_unsubtracted,converged_only,lever_y,velocity_y,25,-0.2169230769230769
baseline,sphere_rotating,bias1_unsubtracted,converged_only,lever_y,velocity_z,25,-0.09923076923076923
baseline,sphere_rotating,bias1_unsubtracted,converged_only,lever_z,position_x,25,0.3707692307692308
baseline,sphere_rotating,bias1_unsubtracted,converged_only,lever_z,position_y,25,-0.1723076923076923
baseline,sphere_rotating,bias1_unsubtracted,converged_only,lever_z,position_z,25,-0.19615384615384615
baseline,sphere_rotating,bias1_unsubtracted,converged_only,lever_z,time_offset,25,0.32384615384615384
baseline,sphere_rotating,bias1_unsubtracted,converged_only,lever_z,velocity_x,25,0.016153846153846154
baseline,sphere_rotating,bias1_unsubtracted,converged_only,lever_z,velocity_y,25,-0.32153846153846155
baseline,sphere_rotating,bias1_unsubtracted,converged_only,lever_z,velocity_z,25,-0.23
baseline,sphere_rotating,bias1_unsubtracted,converged_only,position_x,position_y,25,0.25461538461538463
baseline,sphere_rotating,bias1_unsubtracted,converged_only,position_x,position_z,25,0.5684615384615385
baseline,sphere_rotating,bias1_unsubtracted,converged_only,position_x,time_offset,25,0.6992307692307692
baseline,sphere_rotating,bias1_unsubtracted,converged_only,position_x,velocity_x,25,0.13692307692307693
baseline,sphere_rotating,bias1_unsubtracted,converged_only,position_x,velocity_y,25,-0.20384615384615384
baseline,sphere_rotating,bias1_unsubtracted,converged_only,position_x,velocity_z,25,-0.56
baseline,sphere_rotating,bias1_unsubtracted,converged_only,position_y,position_z,25,0.18307692307692308
baseline,sphere_rotating,bias1_unsubtracted,converged_only,position_y,time_offset,25,-0.11923076923076924
baseline,sphere_rotating,bias1_unsubtracted,converged_only,position_y,velocity_x,25,0.06230769230769231
baseline,sphere_rotating,bias1_unsubtracted,converged_only,position_y,velocity_y,25,-0.44
baseline,sphere_rotating,bias1_unsubtracted,converged_only,position_y,velocity_z,25,-0.24461538461538462
baseline,sphere_rotating,bias1_unsubtracted,converged_only,position_z,time_offset,25,0.4469230769230769
baseline,sphere_rotating,bias1_unsubtracted,converged_only,position_z,velocity_x,25,0.11384615384615385
baseline,sphere_rotating,bias1_unsubtracted,converged_only,position_z,velocity_y,25,-0.018461538461538463
baseline,sphere_rotating,bias1_unsubtracted,converged_only,position_z,velocity_z,25,-0.6430769230769231
baseline,sphere_rotating,bias1_unsubtracted,converged_only,time_offset,velocity_x,25,0.19923076923076924
baseline,sphere_rotating,bias1_unsubtracted,converged_only,time_offset,velocity_y,25,0.05846153846153846
baseline,sphere_rotating,bias1_unsubtracted,converged_only,time_offset,velocity_z,25,-0.4015384615384615
baseline,sphere_rotating,bias1_unsubtracted,converged_only,velocity_x,velocity_y,25,0.054615384615384614
baseline,sphere_rotating,bias1_unsubtracted,converged_only,velocity_x,velocity_z,25,-0.20615384615384616
baseline,sphere_rotating,bias1_unsubtracted,converged_only,velocity_y,velocity_z,25,0.3192307692307692
baseline,sphere_still,bias1_profiled_removal,all_saved,accel_bias_x,accel_bias_y,53,0.029431816376097857
baseline,sphere_still,bias1_profiled_removal,all_saved,accel_bias_x,accel_bias_z,53,-0.011475269890299955
baseline,sphere_still,bias1_profiled_removal,all_saved,accel_bias_x,accel_gain_x,53,0.16957923388664936
baseline,sphere_still,bias1_profiled_removal,all_saved,accel_bias_x,accel_gain_y,53,-0.15005190937822224
baseline,sphere_still,bias1_profiled_removal,all_saved,accel_bias_x,accel_gain_z,53,-0.04065206048777491
baseline,sphere_still,bias1_profiled_removal,all_saved,accel_bias_x,attitude_x,53,0.21690267185831727
baseline,sphere_still,bias1_profiled_removal,all_saved,accel_bias_x,attitude_y,53,-0.5554314678552954
baseline,sphere_still,bias1_profiled_removal,all_saved,accel_bias_x,attitude_z,53,0.14907589163987822
baseline,sphere_still,bias1_profiled_removal,all_saved,accel_bias_x,earth_removal,53,-0.07421667563915083
baseline,sphere_still,bias1_profiled_removal,all_saved,accel_bias_x,gravity_delta,53,0.40586438283452886
baseline,sphere_still,bias1_profiled_removal,all_saved,accel_bias_x,gyro_bias_x,53,0.319128325453258
baseline,sphere_still,bias1_profiled_removal,all_saved,accel_bias_x,gyro_bias_y,53,0.3274156524035466
baseline,sphere_still,bias1_profiled_removal,all_saved,accel_bias_x,gyro_bias_z,53,0.5066744094503133
baseline,sphere_still,bias1_profiled_removal,all_saved,accel_bias_x,gyro_gain_x,53,-0.27362509839463434
baseline,sphere_still,bias1_profiled_removal,all_saved,accel_bias_x,gyro_gain_y,53,-0.24470137085687554
baseline,sphere_still,bias1_profiled_removal,all_saved,accel_bias_x,gyro_gain_z,53,0.19791113503773552
baseline,sphere_still,bias1_profiled_removal,all_saved,accel_bias_x,lever_x,53,0.25545954550468636
baseline,sphere_still,bias1_profiled_removal,all_saved,accel_bias_x,lever_y,53,-0.151380755770949
baseline,sphere_still,bias1_profiled_removal,all_saved,accel_bias_x,lever_z,53,-0.22012289716642464
baseline,sphere_still,bias1_profiled_removal,all_saved,accel_bias_x,position_x,53,-0.07640718780337086
baseline,sphere_still,bias1_profiled_removal,all_saved,accel_bias_x,position_y,53,0.4780165607274846
baseline,sphere_still,bias1_profiled_removal,all_saved,accel_bias_x,position_z,53,0.3817112959738432
baseline,sphere_still,bias1_profiled_removal,all_saved,accel_bias_x,time_offset,53,-0.0025910923966012056
baseline,sphere_still,bias1_profiled_removal,all_saved,accel_bias_x,velocity_x,53,0.4426618819284502
baseline,sphere_still,bias1_profiled_removal,all_saved,accel_bias_x,velocity_y,53,-0.3043678628942606
baseline,sphere_still,bias1_profiled_removal,all_saved,accel_bias_x,velocity_z,53,-0.07321771652128337
baseline,sphere_still,bias1_profiled_removal,all_saved,accel_bias_y,accel_bias_z,53,-0.11496646228564343
baseline,sphere_still,bias1_profiled_removal,all_saved,accel_bias_y,accel_gain_x,53,0.3080952436436568
baseline,sphere_still,bias1_profiled_removal,all_saved,accel_bias_y,accel_gain_y,53,0.1365441294279244
baseline,sphere_still,bias1_profiled_removal,all_saved,accel_bias_y,accel_gain_z,53,-0.056014025993035045
baseline,sphere_still,bias1_profiled_removal,all_saved,accel_bias_y,attitude_x,53,0.8345702381621762
baseline,sphere_still,bias1_profiled_removal,all_saved,accel_bias_y,attitude_y,53,0.23860855653604937
baseline,sphere_still,bias1_profiled_removal,all_saved,accel_bias_y,attitude_z,53,0.022173115592938546
baseline,sphere_still,bias1_profiled_removal,all_saved,accel_bias_y,earth_removal,53,0.18878445284340958
baseline,sphere_still,bias1_profiled_removal,all_saved,accel_bias_y,gravity_delta,53,0.2194476909554279
baseline,sphere_still,bias1_profiled_removal,all_saved,accel_bias_y,gyro_bias_x,53,0.27944600915531786
baseline,sphere_still,bias1_profiled_removal,all_saved,accel_bias_y,gyro_bias_y,53,0.6517118873151301
baseline,sphere_still,bias1_profiled_removal,all_saved,accel_bias_y,gyro_bias_z,53,0.08111481280113692
baseline,sphere_still,bias1_profiled_removal,all_saved,accel_bias_y,gyro_gain_x,53,-0.33333406584310593
baseline,sphere_still,bias1_profiled_removal,all_saved,accel_bias_y,gyro_gain_y,53,-0.5667129422823042
baseline,sphere_still,bias1_profiled_removal,all_saved,accel_bias_y,gyro_gain_z,53,0.029043761975909167
baseline,sphere_still,bias1_profiled_removal,all_saved,accel_bias_y,lever_x,53,-0.04827920531842399
baseline,sphere_still,bias1_profiled_removal,all_saved,accel_bias_y,lever_y,53,-0.10402491912555728
baseline,sphere_still,bias1_profiled_removal,all_saved,accel_bias_y,lever_z,53,-0.012213131719978116
baseline,sphere_still,bias1_profiled_removal,all_saved,accel_bias_y,position_x,53,-0.34002683527490724
baseline,sphere_still,bias1_profiled_removal,all_saved,accel_bias_y,position_y,53,0.255032921298928
baseline,sphere_still,bias1_profiled_removal,all_saved,accel_bias_y,position_z,53,0.1900429751985063
baseline,sphere_still,bias1_profiled_removal,all_saved,accel_bias_y,time_offset,53,0.32705831697378746
baseline,sphere_still,bias1_profiled_removal,all_saved,accel_bias_y,velocity_x,53,0.5912256763538487
baseline,sphere_still,bias1_profiled_removal,all_saved,accel_bias_y,velocity_y,53,-0.12520275756168017
baseline,sphere_still,bias1_profiled_removal,all_saved,accel_bias_y,velocity_z,53,-0.0520099488082908
baseline,sphere_still,bias1_profiled_removal,all_saved,accel_bias_z,accel_gain_x,53,0.21867184735720188
baseline,sphere_still,bias1_profiled_removal,all_saved,accel_bias_z,accel_gain_y,53,-0.10141117974158306
baseline,sphere_still,bias1_profiled_removal,all_saved,accel_bias_z,accel_gain_z,53,0.9373632296840867
baseline,sphere_still,bias1_profiled_removal,all_saved,accel_bias_z,attitude_x,53,-0.1762982796063103
baseline,sphere_still,bias1_profiled_removal,all_saved,accel_bias_z,attitude_y,53,-0.4775112098592045
baseline,sphere_still,bias1_profiled_removal,all_saved,accel_bias_z,attitude_z,53,0.18330323147265667
baseline,sphere_still,bias1_profiled_removal,all_saved,accel_bias_z,earth_removal,53,-0.1792067680004169
baseline,sphere_still,bias1_profiled_removal,all_saved,accel_bias_z,gravity_delta,53,-0.053218627632233825
baseline,sphere_still,bias1_profiled_removal,all_saved,accel_bias_z,gyro_bias_x,53,0.0966500229020849
baseline,sphere_still,bias1_profiled_removal,all_saved,accel_bias_z,gyro_bias_y,53,-0.010575806939593976
baseline,sphere_still,bias1_profiled_removal,all_saved,accel_bias_z,gyro_bias_z,53,0.09219686463568856
baseline,sphere_still,bias1_profiled_removal,all_saved,accel_bias_z,gyro_gain_x,53,-0.016968059201767412
baseline,sphere_still,bias1_profiled_removal,all_saved,accel_bias_z,gyro_gain_y,53,-0.032277255979835835
baseline,sphere_still,bias1_profiled_removal,all_saved,accel_bias_z,gyro_gain_z,53,0.1556269301056252
baseline,sphere_still,bias1_profiled_removal,all_saved,accel_bias_z,lever_x,53,-0.005221006471212436
baseline,sphere_still,bias1_profiled_removal,all_saved,accel_bias_z,lever_y,53,-0.18444333478770858
baseline,sphere_still,bias1_profiled_removal,all_saved,accel_bias_z,lever_z,53,0.02048813927188298
baseline,sphere_still,bias1_profiled_removal,all_saved,accel_bias_z,position_x,53,-0.0667199698378969
baseline,sphere_still,bias1_profiled_removal,all_saved,accel_bias_z,position_y,53,0.043249627416603424
baseline,sphere_still,bias1_profiled_removal,all_saved,accel_bias_z,position_z,53,0.12009088139730345
baseline,sphere_still,bias1_profiled_removal,all_saved,accel_bias_z,time_offset,53,0.20696051247845787
baseline,sphere_still,bias1_profiled_removal,all_saved,accel_bias_z,velocity_x,53,-0.006879114407669496
baseline,sphere_still,bias1_profiled_removal,all_saved,accel_bias_z,velocity_y,53,0.006795222768551575
baseline,sphere_still,bias1_profiled_removal,all_saved,accel_bias_z,velocity_z,53,0.06015030524754913
baseline,sphere_still,bias1_profiled_removal,all_saved,accel_gain_x,accel_gain_y,53,-0.24353983398619364
baseline,sphere_still,bias1_profiled_removal,all_saved,accel_gain_x,accel_gain_z,53,0.16534847763691796
baseline,sphere_still,bias1_profiled_removal,all_saved,accel_gain_x,attitude_x,53,0.09518415653441001
baseline,sphere_still,bias1_profiled_removal,all_saved,accel_gain_x,attitude_y,53,-0.42869131071545236
baseline,sphere_still,bias1_profiled_removal,all_saved,accel_gain_x,attitude_z,53,0.5789916264621684
baseline,sphere_still,bias1_profiled_removal,all_saved,accel_gain_x,earth_removal,53,0.11211150389972238
baseline,sphere_still,bias1_profiled_removal,all_saved,accel_gain_x,gravity_delta,53,0.3374715191675427
baseline,sphere_still,bias1_profiled_removal,all_saved,accel_gain_x,gyro_bias_x,53,0.00026813356722932107
baseline,sphere_still,bias1_profiled_removal,all_saved,accel_gain_x,gyro_bias_y,53,0.30442450277633587
baseline,sphere_still,bias1_profiled_removal,all_saved,accel_gain_x,gyro_bias_z,53,-0.09013783966772594
baseline,sphere_still,bias1_profiled_removal,all_saved,accel_gain_x,gyro_gain_x,53,-0.19795371313588703
baseline,sphere_still,bias1_profiled_removal,all_saved,accel_gain_x,gyro_gain_y,53,-0.21776810759149445
baseline,sphere_still,bias1_profiled_removal,all_saved,accel_gain_x,gyro_gain_z,53,0.11211150389972238
baseline,sphere_still,bias1_profiled_removal,all_saved,accel_gain_x,lever_x,53,0.0792875589613409
baseline,sphere_still,bias1_profiled_removal,all_saved,accel_gain_x,lever_y,53,-0.27292042062670924
baseline,sphere_still,bias1_profiled_removal,all_saved,accel_gain_x,lever_z,53,-0.16585276226799953
baseline,sphere_still,bias1_profiled_removal,all_saved,accel_gain_x,position_x,53,-0.13434980796743604
baseline,sphere_still,bias1_profiled_removal,all_saved,accel_gain_x,position_y,53,0.46444548306088923
baseline,sphere_still,bias1_profiled_removal,all_saved,accel_gain_x,position_z,53,0.49096894456225204
baseline,sphere_still,bias1_profiled_removal,all_saved,accel_gain_x,time_offset,53,0.2523136890476667
baseline,sphere_still,bias1_profiled_removal,all_saved,accel_gain_x,velocity_x,53,0.3194561596450104
baseline,sphere_still,bias1_profiled_removal,all_saved,accel_gain_x,velocity_y,53,-0.19290655724307096
baseline,sphere_still,bias1_profiled_removal,all_saved,accel_gain_x,velocity_z,53,-0.37837968511869274
baseline,sphere_still,bias1_profiled_removal,all_saved,accel_gain_y,accel_gain_z,53,-0.15508280446996414
baseline,sphere_still,bias1_profiled_removal,all_saved,accel_gain_y,attitude_x,53,0.23336483370169134
baseline,sphere_still,bias1_profiled_removal,all_saved,accel_gain_y,attitude_y,53,0.2524415896784597
baseline,sphere_still,bias1_profiled_removal,all_saved,accel_gain_y,attitude_z,53,-0.053818895096812445
baseline,sphere_still,bias1_profiled_removal,all_saved,accel_gain_y,earth_removal,53,-0.1261646622800008
baseline,sphere_still,bias1_profiled_removal,all_saved,accel_gain_y,gravity_delta,53,0.11001923733736882
baseline,sphere_still,bias1_profiled_removal,all_saved,accel_gain_y,gyro_bias_x,53,-0.06518878787091943
baseline,sphere_still,bias1_profiled_removal,all_saved,accel_gain_y,gyro_bias_y,53,-0.02048108916113898
baseline,sphere_still,bias1_profiled_removal,all_saved,accel_gain_y,gyro_bias_z,53,-0.07751891968123477
baseline,sphere_still,bias1_profiled_removal,all_saved,accel_gain_y,gyro_gain_x,53,0.22276717817646888
baseline,sphere_still,bias1_profiled_removal,all_saved,accel_gain_y,gyro_gain_y,53,0.003900515828266112
baseline,sphere_still,bias1_profiled_removal,all_saved,accel_gain_y,gyro_gain_z,53,-0.1261646622800008
baseline,sphere_still,bias1_profiled_removal,all_saved,accel_gain_y,lever_x,53,-0.1608213317648797
baseline,sphere_still,bias1_profiled_removal,all_saved,accel_gain_y,lever_y,53,0.027709298969312793
baseline,sphere_still,bias1_profiled_removal,all_saved,accel_gain_y,lever_z,53,0.21060566168492836
baseline,sphere_still,bias1_profiled_removal,all_saved,accel_gain_y,position_x,53,-0.14737657164059653
baseline,sphere_still,bias1_profiled_removal,all_saved,accel_gain_y,position_y,53,-0.01620532768228579
baseline,sphere_still,bias1_profiled_removal,all_saved,accel_gain_y,position_z,53,-0.07702520766149304
baseline,sphere_still,bias1_profiled_removal,all_saved,accel_gain_y,time_offset,53,0.2415072525526165
baseline,sphere_still,bias1_profiled_removal,all_saved,accel_gain_y,velocity_x,53,0.18331640331558133
baseline,sphere_still,bias1_profiled_removal,all_saved,accel_gain_y,velocity_y,53,-0.2298636878988962
baseline,sphere_still,bias1_profiled_removal,all_saved,accel_gain_y,velocity_z,53,0.07747407250800524
baseline,sphere_still,bias1_profiled_removal,all_saved,accel_gain_z,attitude_x,53,-0.14352523786486052
baseline,sphere_still,bias1_profiled_removal,all_saved,accel_gain_z,attitude_y,53,-0.4417029511369134
baseline,sphere_still,bias1_profiled_removal,all_saved,accel_gain_z,attitude_z,53,0.11602967263344621
baseline,sphere_still,bias1_profiled_removal,all_saved,accel_gain_z,earth_removal,53,-0.23570226039551584
baseline,sphere_still,bias1_profiled_removal,all_saved,accel_gain_z,gravity_delta,53,-0.22196890920259646
baseline,sphere_still,bias1_profiled_removal,all_saved,accel_gain_z,gyro_bias_x,53,0.09690954247550805
baseline,sphere_still,bias1_profiled_removal,all_saved,accel_gain_z,gyro_bias_y,53,0.07917017192239935
baseline,sphere_still,bias1_profiled_removal,all_saved,accel_gain_z,gyro_bias_z,53,0.0717357051684264
baseline,sphere_still,bias1_profiled_removal,all_saved,accel_gain_z,gyro_gain_x,53,-0.07218150034367908
baseline,sphere_still,bias1_profiled_removal,all_saved,accel_gain_z,gyro_gain_y,53,-0.10035281614223546
baseline,sphere_still,bias1_profiled_removal,all_saved,accel_gain_z,gyro_gain_z,53,0.05439282932204211
baseline,sphere_still,bias1_profiled_removal,all_saved,accel_gain_z,lever_x,53,-0.038164959813011566
baseline,sphere_still,bias1_profiled_removal,all_saved,accel_gain_z,lever_y,53,-0.16393645414436048
baseline,sphere_still,bias1_profiled_removal,all_saved,accel_gain_z,lever_z,53,0.03306829759059272
baseline,sphere_still,bias1_profiled_removal,all_saved,accel_gain_z,position_x,53,-0.1252294907969093
baseline,sphere_still,bias1_profiled_removal,all_saved,accel_gain_z,position_y,53,0.022256269728034666
baseline,sphere_still,bias1_profiled_removal,all_saved,accel_gain_z,position_z,53,0.12465731333655862
baseline,sphere_still,bias1_profiled_removal,all_saved,accel_gain_z,time_offset,53,0.13871270742204925
baseline,sphere_still,bias1_profiled_removal,all_saved,accel_gain_z,velocity_x,53,-0.04958877600387034
baseline,sphere_still,bias1_profiled_removal,all_saved,accel_gain_z,velocity_y,53,0.07579422673762297
baseline,sphere_still,bias1_profiled_removal,all_saved,accel_gain_z,velocity_z,53,0.03402676987582648
baseline,sphere_still,bias1_profiled_removal,all_saved,attitude_x,attitude_y,53,0.24737945492662475
baseline,sphere_still,bias1_profiled_removal,all_saved,attitude_x,attitude_z,53,-0.3057571359458152
baseline,sphere_still,bias1_profiled_removal,all_saved,attitude_x,earth_removal,53,0.07252377242938948
baseline,sphere_still,bias1_profiled_removal,all_saved,attitude_x,gravity_delta,53,0.2294111876910284
baseline,sphere_still,bias1_profiled_removal,all_saved,attitude_x,gyro_bias_x,53,0.40139153401053335
baseline,sphere_still,bias1_profiled_removal,all_saved,attitude_x,gyro_bias_y,53,0.6093352482865665
baseline,sphere_still,bias1_profiled_removal,all_saved,attitude_x,gyro_bias_z,53,0.2785033259480083
baseline,sphere_still,bias1_profiled_removal,all_saved,attitude_x,gyro_gain_x,53,-0.35698131132313254
baseline,sphere_still,bias1_profiled_removal,all_saved,attitude_x,gyro_gain_y,53,-0.5092317684535025
baseline,sphere_still,bias1_profiled_removal,all_saved,attitude_x,gyro_gain_z,53,-0.05439282932204211
baseline,sphere_still,bias1_profiled_removal,all_saved,attitude_x,lever_x,53,-0.0185424097204726
baseline,sphere_still,bias1_profiled_removal,all_saved,attitude_x,lever_y,53,-0.09229079995853805
baseline,sphere_still,bias1_profiled_removal,all_saved,attitude_x,lever_z,53,0.046331707538252005
baseline,sphere_still,bias1_profiled_removal,all_saved,attitude_x,position_x,53,-0.2569141099854118
baseline,sphere_still,bias1_profiled_removal,all_saved,attitude_x,position_y,53,0.09539553292849641
baseline,sphere_still,bias1_profiled_removal,all_saved,attitude_x,position_z,53,0.057813255926463476
baseline,sphere_still,bias1_profiled_removal,all_saved,attitude_x,time_offset,53,0.2687936346684887
baseline,sphere_still,bias1_profiled_removal,all_saved,attitude_x,velocity_x,53,0.6428801806160297
baseline,sphere_still,bias1_profiled_removal,all_saved,attitude_x,velocity_y,53,-0.010159651669085631
baseline,sphere_still,bias1_profiled_removal,all_saved,attitude_x,velocity_z,53,0.14521851314304143
baseline,sphere_still,bias1_profiled_removal,all_saved,attitude_y,attitude_z,53,-0.2895500725689405
baseline,sphere_still,bias1_profiled_removal,all_saved,attitude_y,earth_removal,53,0.1269166017514316
baseline,sphere_still,bias1_profiled_removal,all_saved,attitude_y,gravity_delta,53,-0.1397494516161105
baseline,sphere_still,bias1_profiled_removal,all_saved,attitude_y,gyro_bias_x,53,-0.17012831903001413
baseline,sphere_still,bias1_profiled_removal,all_saved,attitude_y,gyro_bias_y,53,0.014140600739668503
baseline,sphere_still,bias1_profiled_removal,all_saved,attitude_y,gyro_bias_z,53,-0.3544587784792833
baseline,sphere_still,bias1_profiled_removal,all_saved,attitude_y,gyro_gain_x,53,0.0942285694863091
baseline,sphere_still,bias1_profiled_removal,all_saved,attitude_y,gyro_gain_y,53,0.042362994044425534
baseline,sphere_still,bias1_profiled_removal,all_saved,attitude_y,gyro_gain_z,53,-0.04532735776836843
baseline,sphere_still,bias1_profiled_removal,all_saved,attitude_y,lever_x,53,-0.2665246368073756
baseline,sphere_still,bias1_profiled_removal,all_saved,attitude_y,lever_y,53,0.2342699168615781
baseline,sphere_still,bias1_profiled_removal,all_saved,attitude_y,lever_z,53,0.23653081073325732
baseline,sphere_still,bias1_profiled_removal,all_saved,attitude_y,position_x,53,0.18820733716739102
baseline,sphere_still,bias1_profiled_removal,all_saved,attitude_y,position_y,53,-0.3831949048826838
baseline,sphere_still,bias1_profiled_removal,all_saved,attitude_y,position_z,53,-0.4637155297532656
baseline,sphere_still,bias1_profiled_removal,all_saved,attitude_y,time_offset,53,0.03737560816039037
baseline,sphere_still,bias1_profiled_removal,all_saved,attitude_y,velocity_x,53,-0.21343331720690212
baseline,sphere_still,bias1_profiled_removal,all_saved,attitude_y,velocity_y,53,0.2437510079019513
baseline,sphere_still,bias1_profiled_removal,all_saved,attitude_y,velocity_z,53,0.21125624899209805
baseline,sphere_still,bias1_profiled_removal,all_saved,attitude_z,earth_removal,53,0.23570226039551584
baseline,sphere_still,bias1_profiled_removal,all_saved,attitude_z,gravity_delta,53,0.44086640188615756
baseline,sphere_still,bias1_profiled_removal,all_saved,attitude_z,gyro_bias_x,53,-0.2674353575780222
baseline,sphere_still,bias1_profiled_removal,all_saved,attitude_z,gyro_bias_y,53,0.15855524659160217
baseline,sphere_still,bias1_profiled_removal,all_saved,attitude_z,gyro_bias_z,53,-0.2616243364966139
baseline,sphere_still,bias1_profiled_removal,all_saved,attitude_z,gyro_gain_x,53,0.04771831403473345
baseline,sphere_still,bias1_profiled_removal,all_saved,attitude_z,gyro_gain_y,53,-0.08564792484716283
baseline,sphere_still,bias1_profiled_removal,all_saved,attitude_z,gyro_gain_z,53,0.19944037418082108
baseline,sphere_still,bias1_profiled_removal,all_saved,attitude_z,lever_x,53,0.13735785064777276
baseline,sphere_still,bias1_profiled_removal,all_saved,attitude_z,lever_y,53,-0.14429732183090854
baseline,sphere_still,bias1_profiled_removal,all_saved,attitude_z,lever_z,53,-0.1540630781335254
baseline,sphere_still,bias1_profiled_removal,all_saved,attitude_z,position_x,53,-0.003469631510481378
baseline,sphere_still,bias1_profiled_removal,all_saved,attitude_z,position_y,53,0.6241432162861895
baseline,sphere_still,bias1_profiled_removal,all_saved,attitude_z,position_z,53,0.4561361070795033
baseline,sphere_still,bias1_profiled_removal,all_saved,attitude_z,time_offset,53,0.29684692023922055
baseline,sphere_still,bias1_profiled_removal,all_saved,attitude_z,velocity_x,53,0.07442348008385745
baseline,sphere_still,bias1_profiled_removal,all_saved,attitude_z,velocity_y,53,-0.5414449282373811
baseline,sphere_still,bias1_profiled_removal,all_saved,attitude_z,velocity_z,53,-0.3990485405579745
baseline,sphere_still,bias1_profiled_removal,all_saved,earth_removal,gravity_delta,53,0.3320377810623761
baseline,sphere_still,bias1_profiled_removal,all_saved,earth_removal,gyro_bias_x,53,-0.04469047476920707
baseline,sphere_still,bias1_profiled_removal,all_saved,earth_removal,gyro_bias_y,53,0.17879518243670922
baseline,sphere_still,bias1_profiled_removal,all_saved,earth_removal,gyro_bias_z,53,-0.044757179627464554
baseline,sphere_still,bias1_profiled_removal,all_saved,earth_removal,gyro_gain_x,53,0.033955500044804604
baseline,sphere_still,bias1_profiled_removal,all_saved,earth_removal,gyro_gain_y,53,-0.16066266095247053
baseline,sphere_still,bias1_profiled_removal,all_saved,earth_removal,gyro_gain_z,53,-0.019230769230769232
baseline,sphere_still,bias1_profiled_removal,all_saved,earth_removal,lever_x,53,0.14168018490933587
baseline,sphere_still,bias1_profiled_removal,all_saved,earth_removal,lever_y,53,-0.05901186328833173
baseline,sphere_still,bias1_profiled_removal,all_saved,earth_removal,lever_z,53,-0.11158676058004485
baseline,sphere_still,bias1_profiled_removal,all_saved,earth_removal,position_x,53,0.009071874305011746
baseline,sphere_still,bias1_profiled_removal,all_saved,earth_removal,position_y,53,0.21758886265469737
baseline,sphere_still,bias1_profiled_removal,all_saved,earth_removal,position_z,53,0.027196414661021056
baseline,sphere_still,bias1_profiled_removal,all_saved,earth_removal,time_offset,53,0.13586591998640649
baseline,sphere_still,bias1_profiled_removal,all_saved,earth_removal,velocity_x,53,0.21757131728816845
baseline,sphere_still,bias1_profiled_removal,all_saved,earth_removal,velocity_y,53,-0.21757131728816845
baseline,sphere_still,bias1_profiled_removal,all_saved,earth_removal,velocity_z,53,0.11785113019775792
baseline,sphere_still,bias1_profiled_removal,all_saved,gravity_delta,gyro_bias_x,53,-0.005823578535875955
baseline,sphere_still,bias1_profiled_removal,all_saved,gravity_delta,gyro_bias_y,53,0.3165468106386751
baseline,sphere_still,bias1_profiled_removal,all_saved,gravity_delta,gyro_bias_z,53,-0.15455517594518053
baseline,sphere_still,bias1_profiled_removal,all_saved,gravity_delta,gyro_gain_x,53,-0.08185718907117132
baseline,sphere_still,bias1_profiled_removal,all_saved,gravity_delta,gyro_gain_y,53,-0.2935741892921876
baseline,sphere_still,bias1_profiled_removal,all_saved,gravity_delta,gyro_gain_z,53,0.3320377810623761
baseline,sphere_still,bias1_profiled_removal,all_saved,gravity_delta,lever_x,53,0.05446356924536591
baseline,sphere_still,bias1_profiled_removal,all_saved,gravity_delta,lever_y,53,-0.08503622506370652
baseline,sphere_still,bias1_profiled_removal,all_saved,gravity_delta,lever_z,53,-0.25367047832407114
baseline,sphere_still,bias1_profiled_removal,all_saved,gravity_delta,position_x,53,-0.1106490886465183
baseline,sphere_still,bias1_profiled_removal,all_saved,gravity_delta,position_y,53,0.4003796148890624
baseline,sphere_still,bias1_profiled_removal,all_saved,gravity_delta,position_z,53,0.42019340608495775
baseline,sphere_still,bias1_profiled_removal,all_saved,gravity_delta,time_offset,53,0.1979118545122853
baseline,sphere_still,bias1_profiled_removal,all_saved,gravity_delta,velocity_x,53,0.46000368942783965
baseline,sphere_still,bias1_profiled_removal,all_saved,gravity_delta,velocity_y,53,-0.4292895242374857
baseline,sphere_still,bias1_profiled_removal,all_saved,gravity_delta,velocity_z,53,-0.16975482837899475
baseline,sphere_still,bias1_profiled_removal,all_saved,gyro_bias_x,gyro_bias_y,53,0.11064540902554859
baseline,sphere_still,bias1_profiled_removal,all_saved,gyro_bias_x,gyro_bias_z,53,0.5824639495240598
baseline,sphere_still,bias1_profiled_removal,all_saved,gyro_bias_x,gyro_gain_x,53,-0.7253704385526859
baseline,sphere_still,bias1_profiled_removal,all_saved,gyro_bias_x,gyro_gain_y,53,-0.10089709779206844
baseline,sphere_still,bias1_profiled_removal,all_saved,gyro_bias_x,gyro_gain_z,53,-0.04469047476920707
baseline,sphere_still,bias1_profiled_removal,all_saved,gyro_bias_x,lever_x,53,0.07113069369130225
baseline,sphere_still,bias1_profiled_removal,all_saved,gyro_bias_x,lever_y,53,-0.11389349519120943
baseline,sphere_still,bias1_profiled_removal,all_saved,gyro_bias_x,lever_z,53,0.05462114427539118
baseline,sphere_still,bias1_profiled_removal,all_saved,gyro_bias_x,position_x,53,-0.24542829521998877
baseline,sphere_still,bias1_profiled_removal,all_saved,gyro_bias_x,position_y,53,-0.014072495707922029
baseline,sphere_still,bias1_profiled_removal,all_saved,gyro_bias_x,position_z,53,-0.04388356640400365
baseline,sphere_still,bias1_profiled_removal,all_saved,gyro_bias_x,time_offset,53,-0.13361480700302172
baseline,sphere_still,bias1_profiled_removal,all_saved,gyro_bias_x,velocity_x,53,0.25749795576552137
baseline,sphere_still,bias1_profiled_removal,all_saved,gyro_bias_x,velocity_y,53,-0.11106040265650922
baseline,sphere_still,bias1_profiled_removal,all_saved,gyro_bias_x,velocity_z,53,0.10748293800400893
baseline,sphere_still,bias1_profiled_removal,all_saved,gyro_bias_y,gyro_bias_z,53,-0.011246571379349857
baseline,sphere_still,bias1_profiled_removal,all_saved,gyro_bias_y,gyro_gain_x,53,-0.13506836849341852
baseline,sphere_still,bias1_profiled_removal,all_saved,gyro_bias_y,gyro_gain_y,53,-0.8432754348063257
baseline,sphere_still,bias1_profiled_removal,all_saved,gyro_bias_y,gyro_gain_z,53,0.17879518243670922
baseline,sphere_still,bias1_profiled_removal,all_saved,gyro_bias_y,lever_x,53,0.06508522942969287
baseline,sphere_still,bias1_profiled_removal,all_saved,gyro_bias_y,lever_y,53,-0.26127043142360973
baseline,sphere_still,bias1_profiled_removal,all_saved,gyro_bias_y,lever_z,53,-0.04217947218601331
baseline,sphere_still,bias1_profiled_removal,all_saved,gyro_bias_y,position_x,53,-0.13548435269074122
baseline,sphere_still,bias1_profiled_removal,all_saved,gyro_bias_y,position_y,53,0.3264206129041342
baseline,sphere_still,bias1_profiled_removal,all_saved,gyro_bias_y,position_z,53,0.29089235807318065
baseline,sphere_still,bias1_profiled_removal,all_saved,gyro_bias_y,time_offset,53,0.36036013394812044
baseline,sphere_still,bias1_profiled_removal,all_saved,gyro_bias_y,velocity_x,53,0.5180445614444513
baseline,sphere_still,bias1_profiled_removal,all_saved,gyro_bias_y,velocity_y,53,-0.15550362758699285
baseline,sphere_still,bias1_profiled_removal,all_saved,gyro_bias_y,velocity_z,53,-0.07702114445436462
baseline,sphere_still,bias1_profiled_removal,all_saved,gyro_bias_z,gyro_gain_x,53,-0.18966510137274342
baseline,sphere_still,bias1_profiled_removal,all_saved,gyro_bias_z,gyro_gain_y,53,0.024123999608720016
baseline,sphere_still,bias1_profiled_removal,all_saved,gyro_bias_z,gyro_gain_z,53,-0.044757179627464554
baseline,sphere_still,bias1_profiled_removal,all_saved,gyro_bias_z,lever_x,53,0.20255622094128584
baseline,sphere_still,bias1_profiled_removal,all_saved,gyro_bias_z,lever_y,53,-0.10529602200517682
baseline,sphere_still,bias1_profiled_removal,all_saved,gyro_bias_z,lever_z,53,-0.03305324294886133
baseline,sphere_still,bias1_profiled_removal,all_saved,gyro_bias_z,position_x,53,-0.12668183044208356
baseline,sphere_still,bias1_profiled_removal,all_saved,gyro_bias_z,position_y,53,0.2110043825667268
baseline,sphere_still,bias1_profiled_removal,all_saved,gyro_bias_z,position_z,53,-0.05485671571703194
baseline,sphere_still,bias1_profiled_removal,all_saved,gyro_bias_z,time_offset,53,-0.06324214401525616
baseline,sphere_still,bias1_profiled_removal,all_saved,gyro_bias_z,velocity_x,53,0.3839970100192236
baseline,sphere_still,bias1_profiled_removal,all_saved,gyro_bias_z,velocity_y,53,-0.227866357593825
baseline,sphere_still,bias1_profiled_removal,all_saved,gyro_bias_z,velocity_z,53,0.19410837869103612
baseline,sphere_still,bias1_profiled_removal,all_saved,gyro_gain_x,gyro_gain_y,53,0.12224303504011941
baseline,sphere_still,bias1_profiled_removal,all_saved,gyro_gain_x,gyro_gain_z,53,0.033955500044804604
baseline,sphere_still,bias1_profiled_removal,all_saved,gyro_gain_x,lever_x,53,-0.07720655353118483
baseline,sphere_still,bias1_profiled_removal,all_saved,gyro_gain_x,lever_y,53,-0.03407681692414901
baseline,sphere_still,bias1_profiled_removal,all_saved,gyro_gain_x,lever_z,53,-0.09090962563157443
baseline,sphere_still,bias1_profiled_removal,all_saved,gyro_gain_x,position_x,53,0.1973548528932359
baseline,sphere_still,bias1_profiled_removal,all_saved,gyro_gain_x,position_y,53,-0.053460903146424245
baseline,sphere_still,bias1_profiled_removal,all_saved,gyro_gain_x,position_z,53,-0.016610805518419872
baseline,sphere_still,bias1_profiled_removal,all_saved,gyro_gain_x,time_offset,53,0.13352732673307707
baseline,sphere_still,bias1_profiled_removal,all_saved,gyro_gain_x,velocity_x,53,-0.12926226839788554
baseline,sphere_still,bias1_profiled_removal,all_saved,gyro_gain_x,velocity_y,53,-0.03624175749473427
baseline,sphere_still,bias1_profiled_removal,all_saved,gyro_gain_x,velocity_z,53,0.06795329530262675
baseline,sphere_still,bias1_profiled_removal,all_saved,gyro_gain_y,gyro_gain_z,53,-0.16066266095247053
baseline,sphere_still,bias1_profiled_removal,all_saved,gyro_gain_y,lever_x,53,-0.004271101649804703
baseline,sphere_still,bias1_profiled_removal,all_saved,gyro_gain_y,lever_y,53,0.21222327859422602
baseline,sphere_still,bias1_profiled_removal,all_saved,gyro_gain_y,lever_z,53,-0.019111242928116112
baseline,sphere_still,bias1_profiled_removal,all_saved,gyro_gain_y,position_x,53,0.1988176930528639
baseline,sphere_still,bias1_profiled_removal,all_saved,gyro_gain_y,position_y,53,-0.19555855538165762
baseline,sphere_still,bias1_profiled_removal,all_saved,gyro_gain_y,position_z,53,-0.19711007892705504
baseline,sphere_still,bias1_profiled_removal,all_saved,gyro_gain_y,time_offset,53,-0.21110767087095472
baseline,sphere_still,bias1_profiled_removal,all_saved,gyro_gain_y,velocity_x,53,-0.39196141279624624
baseline,sphere_still,bias1_profiled_removal,all_saved,gyro_gain_y,velocity_y,53,0.057344466366991684
baseline,sphere_still,bias1_profiled_removal,all_saved,gyro_gain_y,velocity_z,53,0.1578355730229739
baseline,sphere_still,bias1_profiled_removal,all_saved,gyro_gain_z,lever_x,53,0.14168018490933587
baseline,sphere_still,bias1_profiled_removal,all_saved,gyro_gain_z,lever_y,53,-0.19178855568707814
baseline,sphere_still,bias1_profiled_removal,all_saved,gyro_gain_z,lever_z,53,-0.11158676058004485
baseline,sphere_still,bias1_profiled_removal,all_saved,gyro_gain_z,position_x,53,0.09071874305011746
baseline,sphere_still,bias1_profiled_removal,all_saved,gyro_gain_z,position_y,53,0.1994564574334726
baseline,sphere_still,bias1_profiled_removal,all_saved,gyro_gain_z,position_z,53,0.17224395951980004
baseline,sphere_still,bias1_profiled_removal,all_saved,gyro_gain_z,time_offset,53,-0.009704708570457606
baseline,sphere_still,bias1_profiled_removal,all_saved,gyro_gain_z,velocity_x,53,0.05439282932204211
baseline,sphere_still,bias1_profiled_removal,all_saved,gyro_gain_z,velocity_y,53,-0.09972018709041054
baseline,sphere_still,bias1_profiled_removal,all_saved,gyro_gain_z,velocity_z,53,-0.15411301641245265
baseline,sphere_still,bias1_profiled_removal,all_saved,lever_x,lever_y,53,-0.24306449618951878
baseline,sphere_still,bias1_profiled_removal,all_saved,lever_x,lever_z,53,0.15715301933810455
baseline,sphere_still,bias1_profiled_removal,all_saved,lever_x,position_x,53,0.18062343724418364
baseline,sphere_still,bias1_profiled_removal,all_saved,lever_x,position_y,53,0.42997554518439485
baseline,sphere_still,bias1_profiled_removal,all_saved,lever_x,position_z,53,0.04302559148731021
baseline,sphere_still,bias1_profiled_removal,all_saved,lever_x,time_offset,53,0.0769906224564753
baseline,sphere_still,bias1_profiled_removal,all_saved,lever_x,velocity_x,53,0.16341623712387382
baseline,sphere_still,bias1_profiled_removal,all_saved,lever_x,velocity_y,53,-0.09127186143960785
baseline,sphere_still,bias1_profiled_removal,all_saved,lever_x,velocity_z,53,0.09721263348597285
baseline,sphere_still,bias1_profiled_removal,all_saved,lever_y,lever_z,53,0.04962991088961199
baseline,sphere_still,bias1_profiled_removal,all_saved,lever_y,position_x,53,0.23747743402242139
baseline,sphere_still,bias1_profiled_removal,all_saved,lever_y,position_y,53,-0.008529932360499993
baseline,sphere_still,bias1_profiled_removal,all_saved,lever_y,position_z,53,-0.13673035102862083
baseline,sphere_still,bias1_profiled_removal,all_saved,lever_y,time_offset,53,0.0826910969258516
baseline,sphere_still,bias1_profiled_removal,all_saved,lever_y,velocity_x,53,-0.1826133127141689
baseline,sphere_still,bias1_profiled_removal,all_saved,lever_y,velocity_y,53,0.13791132335036516
baseline,sphere_still,bias1_profiled_removal,all_saved,lever_y,velocity_z,53,0.023750665581746995
baseline,sphere_still,bias1_profiled_removal,all_saved,lever_z,position_x,53,0.04004406035345842
baseline,sphere_still,bias1_profiled_removal,all_saved,lever_z,position_y,53,-0.0356426490889454
baseline,sphere_still,bias1_profiled_removal,all_saved,lever_z,position_z,53,-0.7598490263551885
baseline,sphere_still,bias1_profiled_removal,all_saved,lever_z,time_offset,53,0.023664429631054397
baseline,sphere_still,bias1_profiled_removal,all_saved,lever_z,velocity_x,53,-0.2115829682126601
baseline,sphere_still,bias1_profiled_removal,all_saved,lever_z,velocity_y,53,0.2591327440114114
baseline,sphere_still,bias1_profiled_removal,all_saved,lever_z,velocity_z,53,0.16498057883874157
baseline,sphere_still,bias1_profiled_removal,all_saved,position_x,position_y,53,0.01763199118232674
baseline,sphere_still,bias1_profiled_removal,all_saved,position_x,position_z,53,-0.2435197185728558
baseline,sphere_still,bias1_profiled_removal,all_saved,position_x,time_offset,53,0.2958040848476359
baseline,sphere_still,bias1_profiled_removal,all_saved,position_x,velocity_x,53,-0.4735240120758132
baseline,sphere_still,bias1_profiled_removal,all_saved,position_x,velocity_y,53,0.1552861823702654
baseline,sphere_still,bias1_profiled_removal,all_saved,position_x,velocity_z,53,0.13341943494374323
baseline,sphere_still,bias1_profiled_removal,all_saved,position_y,position_z,53,0.380372551837462
baseline,sphere_still,bias1_profiled_removal,all_saved,position_y,time_offset,53,0.5094887487971812
baseline,sphere_still,bias1_profiled_removal,all_saved,position_y,velocity_x,53,0.4530279830873143
baseline,sphere_still,bias1_profiled_removal,all_saved,position_y,velocity_y,53,-0.5469720201639824
baseline,sphere_still,bias1_profiled_removal,all_saved,position_y,velocity_z,53,-0.19030723390638338
baseline,sphere_still,bias1_profiled_removal,all_saved,position_z,time_offset,53,0.10668880297053696
baseline,sphere_still,bias1_profiled_removal,all_saved,position_z,velocity_x,53,0.4061441702951137
baseline,sphere_still,bias1_profiled_removal,all_saved,position_z,velocity_y,53,-0.3430898242218997
baseline,sphere_still,bias1_profiled_removal,all_saved,position_z,velocity_z,53,-0.4125141106273182
baseline,sphere_still,bias1_profiled_removal,all_saved,time_offset,velocity_x,53,0.34112795254009876
baseline,sphere_still,bias1_profiled_removal,all_saved,time_offset,velocity_y,53,-0.314887340806245
baseline,sphere_still,bias1_profiled_removal,all_saved,time_offset,velocity_z,53,0.09063369184390276
baseline,sphere_still,bias1_profiled_removal,all_saved,velocity_x,velocity_y,53,-0.42541525560393484
baseline,sphere_still,bias1_profiled_removal,all_saved,velocity_x,velocity_z,53,0.07805192710853089
baseline,sphere_still,bias1_profiled_removal,all_saved,velocity_y,velocity_z,53,0.05233026931140139
baseline,sphere_still,bias1_profiled_removal,converged_only,accel_bias_x,accel_bias_y,34,-0.11049507489806877
baseline,sphere_still,bias1_profiled_removal,converged_only,accel_bias_x,accel_bias_z,34,0.1383259862588742
baseline,sphere_still,bias1_profiled_removal,converged_only,accel_bias_x,accel_gain_x,34,0.1474716886636377
baseline,sphere_still,bias1_profiled_removal,converged_only,accel_bias_x,accel_gain_y,34,-0.07837884809023699
baseline,sphere_still,bias1_profiled_removal,converged_only,accel_bias_x,accel_gain_z,34,-0.03508399050197842
baseline,sphere_still,bias1_profiled_removal,converged_only,accel_bias_x,attitude_x,34,0.037567812838401674
baseline,sphere_still,bias1_profiled_removal,converged_only,accel_bias_x,attitude_y,34,-0.39151249577871494
baseline,sphere_still,bias1_profiled_removal,converged_only,accel_bias_x,attitude_z,34,0.38654485110586845
baseline,sphere_still,bias1_profiled_removal,converged_only,accel_bias_x,earth_removal,34,
baseline,sphere_still,bias1_profiled_removal,converged_only,accel_bias_x,gravity_delta,34,0.7756139486819568
baseline,sphere_still,bias1_profiled_removal,converged_only,accel_bias_x,gyro_bias_x,34,-0.07763751007415073
baseline,sphere_still,bias1_profiled_removal,converged_only,accel_bias_x,gyro_bias_y,34,0.2221640806531069
baseline,sphere_still,bias1_profiled_removal,converged_only,accel_bias_x,gyro_bias_z,34,0.3883659044120366
baseline,sphere_still,bias1_profiled_removal,converged_only,accel_bias_x,gyro_gain_x,34,0.05408466103452956
baseline,sphere_still,bias1_profiled_removal,converged_only,accel_bias_x,gyro_gain_y,34,0.02549575371712779
baseline,sphere_still,bias1_profiled_removal,converged_only,accel_bias_x,gyro_gain_z,34,0.5228183900004524
baseline,sphere_still,bias1_profiled_removal,converged_only,accel_bias_x,lever_x,34,0.28939882371779807
baseline,sphere_still,bias1_profiled_removal,converged_only,accel_bias_x,lever_y,34,-0.20429959988712512
baseline,sphere_still,bias1_profiled_removal,converged_only,accel_bias_x,lever_z,34,-0.26221628432441973
baseline,sphere_still,bias1_profiled_removal,converged_only,accel_bias_x,position_x,34,0.006530018376530378
baseline,sphere_still,bias1_profiled_removal,converged_only,accel_bias_x,position_y,34,0.49039430966655134
baseline,sphere_still,bias1_profiled_removal,converged_only,accel_bias_x,position_z,34,0.38219816201712775
baseline,sphere_still,bias1_profiled_removal,converged_only,accel_bias_x,time_offset,34,0.16390335263455946
baseline,sphere_still,bias1_profiled_removal,converged_only,accel_bias_x,velocity_x,34,0.3356264932091918
baseline,sphere_still,bias1_profiled_removal,converged_only,accel_bias_x,velocity_y,34,-0.2573860896118594
baseline,sphere_still,bias1_profiled_removal,converged_only,accel_bias_x,velocity_z,34,-0.17728281926220954
baseline,sphere_still,bias1_profiled_removal,converged_only,accel_bias_y,accel_bias_z,34,-0.11128808289325363
baseline,sphere_still,bias1_profiled_removal,converged_only,accel_bias_y,accel_gain_x,34,0.28275642252731253
baseline,sphere_still,bias1_profiled_removal,converged_only,accel_bias_y,accel_gain_y,34,0.2685276308385966
baseline,sphere_still,bias1_profiled_removal,converged_only,accel_bias_y,accel_gain_z,34,0.0173170168840798
baseline,sphere_still,bias1_profiled_removal,converged_only,accel_bias_y,attitude_x,34,0.7841145245111333
baseline,sphere_still,bias1_profiled_removal,converged_only,accel_bias_y,attitude_y,34,0.24953821329958992
baseline,sphere_still,bias1_profiled_removal,converged_only,accel_bias_y,attitude_z,34,-0.06338028179573206
baseline,sphere_still,bias1_profiled_removal,converged_only,accel_bias_y,earth_removal,34,
baseline,sphere_still,bias1_profiled_removal,converged_only,accel_bias_y,gravity_delta,34,-0.01634461501121367
baseline,sphere_still,bias1_profiled_removal,converged_only,accel_bias_y,gyro_bias_x,34,0.3608551366112109
baseline,sphere_still,bias1_profiled_removal,converged_only,accel_bias_y,gyro_bias_y,34,0.7498366103918426
baseline,sphere_still,bias1_profiled_removal,converged_only,accel_bias_y,gyro_bias_z,34,0.079424605190806
baseline,sphere_still,bias1_profiled_removal,converged_only,accel_bias_y,gyro_gain_x,34,-0.2513827108513138
baseline,sphere_still,bias1_profiled_removal,converged_only,accel_bias_y,gyro_gain_y,34,-0.6790218825512006
baseline,sphere_still,bias1_profiled_removal,converged_only,accel_bias_y,gyro_gain_z,34,0.11060839277457808
baseline,sphere_still,bias1_profiled_removal,converged_only,accel_bias_y,lever_x,34,-0.07467342957021747
baseline,sphere_still,bias1_profiled_removal,converged_only,accel_bias_y,lever_y,34,-0.18176620412774688
baseline,sphere_still,bias1_profiled_removal,converged_only,accel_bias_y,lever_z,34,0.04005205374657206
baseline,sphere_still,bias1_profiled_removal,converged_only,accel_bias_y,position_x,34,-0.3142648735501969
baseline,sphere_still,bias1_profiled_removal,converged_only,accel_bias_y,position_y,34,0.22137913443978988
baseline,sphere_still,bias1_profiled_removal,converged_only,accel_bias_y,position_z,34,0.15914338516469334
baseline,sphere_still,bias1_profiled_removal,converged_only,accel_bias_y,time_offset,34,0.4631831046988772
baseline,sphere_still,bias1_profiled_removal,converged_only,accel_bias_y,velocity_x,34,0.5518933280956232
baseline,sphere_still,bias1_profiled_removal,converged_only,accel_bias_y,velocity_y,34,-0.05489494352253296
baseline,sphere_still,bias1_profiled_removal,converged_only,accel_bias_y,velocity_z,34,-0.137150773721912
baseline,sphere_still,bias1_profiled_removal,converged_only,accel_bias_z,accel_gain_x,34,0.2566379061655331
baseline,sphere_still,bias1_profiled_removal,converged_only,accel_bias_z,accel_gain_y,34,-0.17997470342466165
baseline,sphere_still,bias1_profiled_removal,converged_only,accel_bias_z,accel_gain_z,34,0.8776139608756867
baseline,sphere_still,bias1_profiled_removal,converged_only,accel_bias_z,attitude_x,34,-0.2968323355074481
baseline,sphere_still,bias1_profiled_removal,converged_only,accel_bias_z,attitude_y,34,-0.643281806275672
baseline,sphere_still,bias1_profiled_removal,converged_only,accel_bias_z,attitude_z,34,0.2686289112539545
baseline,sphere_still,bias1_profiled_removal,converged_only,accel_bias_z,earth_removal,34,
baseline,sphere_still,bias1_profiled_removal,converged_only,accel_bias_z,gravity_delta,34,0.06274007682458387
baseline,sphere_still,bias1_profiled_removal,converged_only,accel_bias_z,gyro_bias_x,34,0.2176696542893726
baseline,sphere_still,bias1_profiled_removal,converged_only,accel_bias_z,gyro_bias_y,34,-0.0013561795630016484
baseline,sphere_still,bias1_profiled_removal,converged_only,accel_bias_z,gyro_bias_z,34,0.21776966332487643
baseline,sphere_still,bias1_profiled_removal,converged_only,accel_bias_z,gyro_gain_x,34,-0.15163533011942396
baseline,sphere_still,bias1_profiled_removal,converged_only,accel_bias_z,gyro_gain_y,34,-0.05718526410394956
baseline,sphere_still,bias1_profiled_removal,converged_only,accel_bias_z,gyro_gain_z,34,0.15163533011942396
baseline,sphere_still,bias1_profiled_removal,converged_only,accel_bias_z,lever_x,34,0.009943353780368046
baseline,sphere_still,bias1_profiled_removal,converged_only,accel_bias_z,lever_y,34,-0.2580518318982648
baseline,sphere_still,bias1_profiled_removal,converged_only,accel_bias_z,lever_z,34,-0.07707239966622148
baseline,sphere_still,bias1_profiled_removal,converged_only,accel_bias_z,position_x,34,-0.1166480575027678
baseline,sphere_still,bias1_profiled_removal,converged_only,accel_bias_z,position_y,34,0.12207805313967689
baseline,sphere_still,bias1_profiled_removal,converged_only,accel_bias_z,position_z,34,0.19307158948842224
baseline,sphere_still,bias1_profiled_removal,converged_only,accel_bias_z,time_offset,34,0.22516983317306283
baseline,sphere_still,bias1_profiled_removal,converged_only,accel_bias_z,velocity_x,34,0.060411038370137525
baseline,sphere_still,bias1_profiled_removal,converged_only,accel_bias_z,velocity_y,34,-0.15860073762304117
baseline,sphere_still,bias1_profiled_removal,converged_only,accel_bias_z,velocity_z,34,0.007486094091976697
baseline,sphere_still,bias1_profiled_removal,converged_only,accel_gain_x,accel_gain_y,34,-0.3688477354510344
baseline,sphere_still,bias1_profiled_removal,converged_only,accel_gain_x,accel_gain_z,34,0.2810666788285958
baseline,sphere_still,bias1_profiled_removal,converged_only,accel_gain_x,attitude_x,34,-0.02527209505870728
baseline,sphere_still,bias1_profiled_removal,converged_only,accel_gain_x,attitude_y,34,-0.4933181258419279
baseline,sphere_still,bias1_profiled_removal,converged_only,accel_gain_x,attitude_z,34,0.5515463989163818
baseline,sphere_still,bias1_profiled_removal,converged_only,accel_gain_x,earth_removal,34,
baseline,sphere_still,bias1_profiled_removal,converged_only,accel_gain_x,gravity_delta,34,0.0753516769084824
baseline,sphere_still,bias1_profiled_removal,converged_only,accel_gain_x,gyro_bias_x,34,-0.0722120237039623
baseline,sphere_still,bias1_profiled_removal,converged_only,accel_gain_x,gyro_bias_y,34,0.4266072246650739
baseline,sphere_still,bias1_profiled_removal,converged_only,accel_gain_x,gyro_bias_z,34,-0.06407835286072444
baseline,sphere_still,bias1_profiled_removal,converged_only,accel_gain_x,gyro_gain_x,34,-0.14872812617995992
baseline,sphere_still,bias1_profiled_removal,converged_only,accel_gain_x,gyro_gain_y,34,-0.3119944441725539
baseline,sphere_still,bias1_profiled_removal,converged_only,accel_gain_x,gyro_gain_z,34,0.14872812617995992
baseline,sphere_still,bias1_profiled_removal,converged_only,accel_gain_x,lever_x,34,0.017164780919984676
baseline,sphere_still,bias1_profiled_removal,converged_only,accel_gain_x,lever_y,34,-0.3743106555498203
baseline,sphere_still,bias1_profiled_removal,converged_only,accel_gain_x,lever_z,34,-0.15364018534162038
baseline,sphere_still,bias1_profiled_removal,converged_only,accel_gain_x,position_x,34,-0.06806552060048864
baseline,sphere_still,bias1_profiled_removal,converged_only,accel_gain_x,position_y,34,0.4324899134547402
baseline,sphere_still,bias1_profiled_removal,converged_only,accel_gain_x,position_z,34,0.4793160191202117
baseline,sphere_still,bias1_profiled_removal,converged_only,accel_gain_x,time_offset,34,0.31231140115905004
baseline,sphere_still,bias1_profiled_removal,converged_only,accel_gain_x,velocity_x,34,0.25664837076511515
baseline,sphere_still,bias1_profiled_removal,converged_only,accel_gain_x,velocity_y,34,-0.21925250037419017
baseline,sphere_still,bias1_profiled_removal,converged_only,accel_gain_x,velocity_z,34,-0.4740225397498068
baseline,sphere_still,bias1_profiled_removal,converged_only,accel_gain_y,accel_gain_z,34,-0.1579483123299443
baseline,sphere_still,bias1_profiled_removal,converged_only,accel_gain_y,attitude_x,34,0.35324572834895834
baseline,sphere_still,bias1_profiled_removal,converged_only,accel_gain_y,attitude_y,34,0.29844377246873455
baseline,sphere_still,bias1_profiled_removal,converged_only,accel_gain_y,attitude_z,34,-0.12286807942572464
baseline,sphere_still,bias1_profiled_removal,converged_only,accel_gain_y,earth_removal,34,
baseline,sphere_still,bias1_profiled_removal,converged_only,accel_gain_y,gravity_delta,34,0.014333495131275999
baseline,sphere_still,bias1_profiled_removal,converged_only,accel_gain_y,gyro_bias_x,34,0.02930878855201212
baseline,sphere_still,bias1_profiled_removal,converged_only,accel_gain_y,gyro_bias_y,34,0.03593109633539564
baseline,sphere_still,bias1_profiled_removal,converged_only,accel_gain_y,gyro_bias_z,34,0.02183116763672468
baseline,sphere_still,bias1_profiled_removal,converged_only,accel_gain_y,gyro_gain_x,34,0.16214692219634877
baseline,sphere_still,bias1_profiled_removal,converged_only,accel_gain_y,gyro_gain_y,34,-0.007165949264597858
baseline,sphere_still,bias1_profiled_removal,converged_only,accel_gain_y,gyro_gain_z,34,-0.16214692219634877
baseline,sphere_still,bias1_profiled_removal,converged_only,accel_gain_y,lever_x,34,0.0023923444976076554
baseline,sphere_still,bias1_profiled_removal,converged_only,accel_gain_y,lever_y,34,-0.011822042403703993
baseline,sphere_still,bias1_profiled_removal,converged_only,accel_gain_y,lever_z,34,0.20982729068008024
baseline,sphere_still,bias1_profiled_removal,converged_only,accel_gain_y,position_x,34,-0.24821002737212794
baseline,sphere_still,bias1_profiled_removal,converged_only,accel_gain_y,position_y,34,0.10020999810547798
baseline,sphere_still,bias1_profiled_removal,converged_only,accel_gain_y,position_z,34,-0.102971827927809
baseline,sphere_still,bias1_profiled_removal,converged_only,accel_gain_y,time_offset,34,0.2575935503707214
baseline,sphere_still,bias1_profiled_removal,converged_only,accel_gain_y,velocity_x,34,0.26388712513024953
baseline,sphere_still,bias1_profiled_removal,converged_only,accel_gain_y,velocity_y,34,-0.28587771889110364
baseline,sphere_still,bias1_profiled_removal,converged_only,accel_gain_y,velocity_z,34,0.13333979074041707
baseline,sphere_still,bias1_profiled_removal,converged_only,accel_gain_z,attitude_x,34,-0.23880825057295646
baseline,sphere_still,bias1_profiled_removal,converged_only,accel_gain_z,attitude_y,34,-0.5245225362872422
baseline,sphere_still,bias1_profiled_removal,converged_only,accel_gain_z,attitude_z,34,0.3017570664629488
baseline,sphere_still,bias1_profiled_removal,converged_only,accel_gain_z,earth_removal,34,
baseline,sphere_still,bias1_profiled_removal,converged_only,accel_gain_z,gravity_delta,34,-0.06292750551733477
baseline,sphere_still,bias1_profiled_removal,converged_only,accel_gain_z,gyro_bias_x,34,0.19739759171211563
baseline,sphere_still,bias1_profiled_removal,converged_only,accel_gain_z,gyro_bias_y,34,0.17359948034590997
baseline,sphere_still,bias1_profiled_removal,converged_only,accel_gain_z,gyro_bias_z,34,0.012741179785940639
baseline,sphere_still,bias1_profiled_removal,converged_only,accel_gain_z,gyro_gain_x,34,-0.29277002188455997
baseline,sphere_still,bias1_profiled_removal,converged_only,accel_gain_z,gyro_gain_y,34,-0.20701966780270625
baseline,sphere_still,bias1_profiled_removal,converged_only,accel_gain_z,gyro_gain_z,34,-0.02661545653496
baseline,sphere_still,bias1_profiled_removal,converged_only,accel_gain_z,lever_x,34,-0.08080670564504333
baseline,sphere_still,bias1_profiled_removal,converged_only,accel_gain_z,lever_y,34,-0.17376606790565252
baseline,sphere_still,bias1_profiled_removal,converged_only,accel_gain_z,lever_z,34,-0.08079668548574238
baseline,sphere_still,bias1_profiled_removal,converged_only,accel_gain_z,position_x,34,-0.2125480682830111
baseline,sphere_still,bias1_profiled_removal,converged_only,accel_gain_z,position_y,34,0.11783586061728714
baseline,sphere_still,bias1_profiled_removal,converged_only,accel_gain_z,position_z,34,0.25622612681436213
baseline,sphere_still,bias1_profiled_removal,converged_only,accel_gain_z,time_offset,34,0.1584594339953807
baseline,sphere_still,bias1_profiled_removal,converged_only,accel_gain_z,velocity_x,34,0.04110007639419404
baseline,sphere_still,bias1_profiled_removal,converged_only,accel_gain_z,velocity_y,34,-0.1440794499618029
baseline,sphere_still,bias1_profiled_removal,converged_only,accel_gain_z,velocity_z,34,-0.10618792971734148
baseline,sphere_still,bias1_profiled_removal,converged_only,attitude_x,attitude_y,34,0.43865546218487395
baseline,sphere_still,bias1_profiled_removal,converged_only,attitude_x,attitude_z,34,-0.42521008403361343
baseline,sphere_still,bias1_profiled_removal,converged_only,attitude_x,earth_removal,34,
baseline,sphere_still,bias1_profiled_removal,converged_only,attitude_x,gravity_delta,34,0.048319334593667766
baseline,sphere_still,bias1_profiled_removal,converged_only,attitude_x,gyro_bias_x,34,0.3577129033872304
baseline,sphere_still,bias1_profiled_removal,converged_only,attitude_x,gyro_bias_y,34,0.5660261215196222
baseline,sphere_still,bias1_profiled_removal,converged_only,attitude_x,gyro_bias_z,34,0.1911176967891096
baseline,sphere_still,bias1_profiled_removal,converged_only,attitude_x,gyro_gain_x,34,-0.22179547112466663
baseline,sphere_still,bias1_profiled_removal,converged_only,attitude_x,gyro_gain_y,34,-0.4203126588721612
baseline,sphere_still,bias1_profiled_removal,converged_only,attitude_x,gyro_gain_z,34,-0.02661545653496
baseline,sphere_still,bias1_profiled_removal,converged_only,attitude_x,lever_x,34,-0.07888689190401639
baseline,sphere_still,bias1_profiled_removal,converged_only,attitude_x,lever_y,34,-0.16489512750206065
baseline,sphere_still,bias1_profiled_removal,converged_only,attitude_x,lever_z,34,0.13848450685552086
baseline,sphere_still,bias1_profiled_removal,converged_only,attitude_x,position_x,34,-0.20459090517954343
baseline,sphere_still,bias1_profiled_removal,converged_only,attitude_x,position_y,34,-0.05609048099422099
baseline,sphere_still,bias1_profiled_removal,converged_only,attitude_x,position_z,34,-0.08785332314744079
baseline,sphere_still,bias1_profiled_removal,converged_only,attitude_x,time_offset,34,0.34279665466657117
baseline,sphere_still,bias1_profiled_removal,converged_only,attitude_x,velocity_x,34,0.47349121466768523
baseline,sphere_still,bias1_profiled_removal,converged_only,attitude_x,velocity_y,34,0.20366692131398015
baseline,sphere_still,bias1_profiled_removal,converged_only,attitude_x,velocity_z,34,0.05148968678380443
baseline,sphere_still,bias1_profiled_removal,converged_only,attitude_y,attitude_z,34,-0.4514896867838044
baseline,sphere_still,bias1_profiled_removal,converged_only,attitude_y,earth_removal,34,
baseline,sphere_still,bias1_profiled_removal,converged_only,attitude_y,gravity_delta,34,-0.2520845905545613
baseline,sphere_still,bias1_profiled_removal,converged_only,attitude_y,gyro_bias_x,34,0.04757019762322331
baseline,sphere_still,bias1_profiled_removal,converged_only,attitude_y,gyro_bias_y,34,0.04641788259983685
baseline,sphere_still,bias1_profiled_removal,converged_only,attitude_y,gyro_bias_z,34,-0.24208241593287214
baseline,sphere_still,bias1_profiled_removal,converged_only,attitude_y,gyro_gain_x,34,-0.11533364498482665
baseline,sphere_still,bias1_profiled_removal,converged_only,attitude_y,gyro_gain_y,34,-0.006273323266748674
baseline,sphere_still,bias1_profiled_removal,converged_only,attitude_y,gyro_gain_z,34,-0.11533364498482665
baseline,sphere_still,bias1_profiled_removal,converged_only,attitude_y,lever_x,34,-0.19634458715048325
baseline,sphere_still,bias1_profiled_removal,converged_only,attitude_y,lever_y,34,0.26647609212358325
baseline,sphere_still,bias1_profiled_removal,converged_only,attitude_y,lever_z,34,0.3314519561158325
baseline,sphere_still,bias1_profiled_removal,converged_only,attitude_y,position_x,34,0.1608265081104713
baseline,sphere_still,bias1_profiled_removal,converged_only,attitude_y,position_y,34,-0.3956900689210848
baseline,sphere_still,bias1_profiled_removal,converged_only,attitude_y,position_z,34,-0.5401069518716578
baseline,sphere_still,bias1_profiled_removal,converged_only,attitude_y,time_offset,34,-0.11174498791826953
baseline,sphere_still,bias1_profiled_removal,converged_only,attitude_y,velocity_x,34,-0.1572192513368984
baseline,sphere_still,bias1_profiled_removal,converged_only,attitude_y,velocity_y,34,0.32650878533231475
baseline,sphere_still,bias1_profiled_removal,converged_only,attitude_y,velocity_z,34,0.2608097784568373
baseline,sphere_still,bias1_profiled_removal,converged_only,attitude_z,earth_removal,34,
baseline,sphere_still,bias1_profiled_removal,converged_only,attitude_z,gravity_delta,34,0.258077686318117
baseline,sphere_still,bias1_profiled_removal,converged_only,attitude_z,gyro_bias_x,34,-0.160689880160337
baseline,sphere_still,bias1_profiled_removal,converged_only,attitude_z,gyro_bias_y,34,0.20318450442053126
baseline,sphere_still,bias1_profiled_removal,converged_only,attitude_z,gyro_bias_z,34,0.0
baseline,sphere_still,bias1_profiled_removal,converged_only,attitude_z,gyro_gain_x,34,-0.07984636960488
baseline,sphere_still,bias1_profiled_removal,converged_only,attitude_z,gyro_gain_y,34,-0.11291981880147614
baseline,sphere_still,bias1_profiled_removal,converged_only,attitude_z,gyro_gain_z,34,0.2572827465046133
baseline,sphere_still,bias1_profiled_removal,converged_only,attitude_z,lever_x,34,0.16161341129008666
baseline,sphere_still,bias1_profiled_removal,converged_only,attitude_z,lever_y,34,-0.07166328326038922
baseline,sphere_still,bias1_profiled_removal,converged_only,attitude_z,lever_z,34,-0.07236279347261687
baseline,sphere_still,bias1_profiled_removal,converged_only,attitude_z,position_x,34,0.027697048494762424
baseline,sphere_still,bias1_profiled_removal,converged_only,attitude_z,position_y,34,0.7600489427364059
baseline,sphere_still,bias1_profiled_removal,converged_only,attitude_z,position_z,34,0.4294881588999236
baseline,sphere_still,bias1_profiled_removal,converged_only,attitude_z,time_offset,34,0.289864818284233
baseline,sphere_still,bias1_profiled_removal,converged_only,attitude_z,velocity_x,34,0.07868601986249045
baseline,sphere_still,bias1_profiled_removal,converged_only,attitude_z,velocity_y,34,-0.6045836516424752
baseline,sphere_still,bias1_profiled_removal,converged_only,attitude_z,velocity_z,34,-0.43529411764705883
baseline,sphere_still,bias1_profiled_removal,converged_only,earth_removal,gravity_delta,34,
baseline,sphere_still,bias1_profiled_removal,converged_only,earth_removal,gyro_bias_x,34,
baseline,sphere_still,bias1_profiled_removal,converged_only,earth_removal,gyro_bias_y,34,
baseline,sphere_still,bias1_profiled_removal,converged_only,earth_removal,gyro_bias_z,34,
baseline,sphere_still,bias1_profiled_removal,converged_only,earth_removal,gyro_gain_x,34,
baseline,sphere_still,bias1_profiled_removal,converged_only,earth_removal,gyro_gain_y,34,
baseline,sphere_still,bias1_profiled_removal,converged_only,earth_removal,gyro_gain_z,34,
baseline,sphere_still,bias1_profiled_removal,converged_only,earth_removal,lever_x,34,
baseline,sphere_still,bias1_profiled_removal,converged_only,earth_removal,lever_y,34,
baseline,sphere_still,bias1_profiled_removal,converged_only,earth_removal,lever_z,34,
baseline,sphere_still,bias1_profiled_removal,converged_only,earth_removal,position_x,34,
baseline,sphere_still,bias1_profiled_removal,converged_only,earth_removal,position_y,34,
baseline,sphere_still,bias1_profiled_removal,converged_only,earth_removal,position_z,34,
baseline,sphere_still,bias1_profiled_removal,converged_only,earth_removal,time_offset,34,
baseline,sphere_still,bias1_profiled_removal,converged_only,earth_removal,velocity_x,34,
baseline,sphere_still,bias1_profiled_removal,converged_only,earth_removal,velocity_y,34,
baseline,sphere_still,bias1_profiled_removal,converged_only,earth_removal,velocity_z,34,
baseline,sphere_still,bias1_profiled_removal,converged_only,gravity_delta,gyro_bias_x,34,-0.06244260789715335
baseline,sphere_still,bias1_profiled_removal,converged_only,gravity_delta,gyro_bias_y,34,0.2442649649274744
baseline,sphere_still,bias1_profiled_removal,converged_only,gravity_delta,gyro_bias_z,34,-0.06247129735784335
baseline,sphere_still,bias1_profiled_removal,converged_only,gravity_delta,gyro_gain_x,34,0.04349942803425899
baseline,sphere_still,bias1_profiled_removal,converged_only,gravity_delta,gyro_gain_y,34,-0.08458653648709205
baseline,sphere_still,bias1_profiled_removal,converged_only,gravity_delta,gyro_gain_z,34,0.7177405625652734
baseline,sphere_still,bias1_profiled_removal,converged_only,gravity_delta,lever_x,34,0.23275884631086996
baseline,sphere_still,bias1_profiled_removal,converged_only,gravity_delta,lever_y,34,-0.08059390057819707
baseline,sphere_still,bias1_profiled_removal,converged_only,gravity_delta,lever_z,34,-0.21089636453667948
baseline,sphere_still,bias1_profiled_removal,converged_only,gravity_delta,position_x,34,-0.036013641343428236
baseline,sphere_still,bias1_profiled_removal,converged_only,gravity_delta,position_y,34,0.4072804178948188
baseline,sphere_still,bias1_profiled_removal,converged_only,gravity_delta,position_z,34,0.3678262524882306
baseline,sphere_still,bias1_profiled_removal,converged_only,gravity_delta,time_offset,34,0.07270964142466083
baseline,sphere_still,bias1_profiled_removal,converged_only,gravity_delta,velocity_x,34,0.24047296751267216
baseline,sphere_still,bias1_profiled_removal,converged_only,gravity_delta,velocity_y,34,-0.24047296751267216
baseline,sphere_still,bias1_profiled_removal,converged_only,gravity_delta,velocity_z,34,-0.24272037842400554
baseline,sphere_still,bias1_profiled_removal,converged_only,gyro_bias_x,gyro_bias_y,34,0.06252516167085521
baseline,sphere_still,bias1_profiled_removal,converged_only,gyro_bias_x,gyro_bias_z,34,0.4841525545232859
baseline,sphere_still,bias1_profiled_removal,converged_only,gyro_bias_x,gyro_gain_x,34,-0.6742411345310144
baseline,sphere_still,bias1_profiled_removal,converged_only,gyro_bias_x,gyro_gain_y,34,-0.06920716621671168
baseline,sphere_still,bias1_profiled_removal,converged_only,gyro_bias_x,gyro_gain_z,34,-0.04349942803425899
baseline,sphere_still,bias1_profiled_removal,converged_only,gyro_bias_x,lever_x,34,-0.15659878262826912
baseline,sphere_still,bias1_profiled_removal,converged_only,gyro_bias_x,lever_y,34,-0.08059390057819707
baseline,sphere_still,bias1_profiled_removal,converged_only,gyro_bias_x,lever_z,34,-0.060787775660572314
baseline,sphere_still,bias1_profiled_removal,converged_only,gyro_bias_x,position_x,34,-0.29711254108328294
baseline,sphere_still,bias1_profiled_removal,converged_only,gyro_bias_x,position_y,34,-0.027351858791464373
baseline,sphere_still,bias1_profiled_removal,converged_only,gyro_bias_x,position_z,34,-0.01498273940888923
baseline,sphere_still,bias1_profiled_removal,converged_only,gyro_bias_x,time_offset,34,0.22410223759215575
baseline,sphere_still,bias1_profiled_removal,converged_only,gyro_bias_x,velocity_x,34,0.21013292020967145
baseline,sphere_still,bias1_profiled_removal,converged_only,gyro_bias_x,velocity_y,34,-0.1483291201480034
baseline,sphere_still,bias1_profiled_removal,converged_only,gyro_bias_x,velocity_z,34,-0.002996547881777846
baseline,sphere_still,bias1_profiled_removal,converged_only,gyro_bias_y,gyro_bias_z,34,-0.07089440760263313
baseline,sphere_still,bias1_profiled_removal,converged_only,gyro_bias_y,gyro_gain_x,34,-0.2468226459166836
baseline,sphere_still,bias1_profiled_removal,converged_only,gyro_bias_y,gyro_gain_y,34,-0.8028378467192283
baseline,sphere_still,bias1_profiled_removal,converged_only,gyro_bias_y,gyro_gain_z,34,0.2468226459166836
baseline,sphere_still,bias1_profiled_removal,converged_only,gyro_bias_y,lever_x,34,0.09905329260027987
baseline,sphere_still,bias1_profiled_removal,converged_only,gyro_bias_y,lever_y,34,-0.23266779968539752
baseline,sphere_still,bias1_profiled_removal,converged_only,gyro_bias_y,lever_z,34,0.11544243458824924
baseline,sphere_still,bias1_profiled_removal,converged_only,gyro_bias_y,position_x,34,-0.20826375919355866
baseline,sphere_still,bias1_profiled_removal,converged_only,gyro_bias_y,position_y,34,0.36040133109786354
baseline,sphere_still,bias1_profiled_removal,converged_only,gyro_bias_y,position_z,34,0.18210092404551378
baseline,sphere_still,bias1_profiled_removal,converged_only,gyro_bias_y,time_offset,34,0.4300971583972455
baseline,sphere_still,bias1_profiled_removal,converged_only,gyro_bias_y,velocity_x,34,0.5207984410377299
baseline,sphere_still,bias1_profiled_removal,converged_only,gyro_bias_y,velocity_y,34,-0.07566284892647399
baseline,sphere_still,bias1_profiled_removal,converged_only,gyro_bias_y,velocity_z,34,-0.21916721857578644
baseline,sphere_still,bias1_profiled_removal,converged_only,gyro_bias_z,gyro_gain_x,34,0.04351941398892446
baseline,sphere_still,bias1_profiled_removal,converged_only,gyro_bias_z,gyro_gain_y,34,0.18463723646899913
baseline,sphere_still,bias1_profiled_removal,converged_only,gyro_bias_z,gyro_gain_z,34,-0.04351941398892446
baseline,sphere_still,bias1_profiled_removal,converged_only,gyro_bias_z,lever_x,34,0.09460172642580694
baseline,sphere_still,bias1_profiled_removal,converged_only,gyro_bias_z,lever_y,34,-0.3481208393817888
baseline,sphere_still,bias1_profiled_removal,converged_only,gyro_bias_z,lever_z,34,-0.21099326156202478
baseline,sphere_still,bias1_profiled_removal,converged_only,gyro_bias_z,position_x,34,-0.16588899025590156
baseline,sphere_still,bias1_profiled_removal,converged_only,gyro_bias_z,position_y,34,0.14019582478106077
baseline,sphere_still,bias1_profiled_removal,converged_only,gyro_bias_z,position_z,34,0.050964719143762556
baseline,sphere_still,bias1_profiled_removal,converged_only,gyro_bias_z,time_offset,34,0.22420520209912392
baseline,sphere_still,bias1_profiled_removal,converged_only,gyro_bias_z,velocity_x,34,0.36949421379227854
baseline,sphere_still,bias1_profiled_removal,converged_only,gyro_bias_z,velocity_y,34,-0.2803059552906941
baseline,sphere_still,bias1_profiled_removal,converged_only,gyro_bias_z,velocity_z,34,0.17837651700316895
baseline,sphere_still,bias1_profiled_removal,converged_only,gyro_gain_x,gyro_gain_y,34,0.23570226039551584
baseline,sphere_still,bias1_profiled_removal,converged_only,gyro_gain_x,gyro_gain_z,34,0.030303030303030304
baseline,sphere_still,bias1_profiled_removal,converged_only,gyro_gain_x,lever_x,34,0.19254947010816414
baseline,sphere_still,bias1_profiled_removal,converged_only,gyro_gain_x,lever_y,34,-0.14140013932079415
baseline,sphere_still,bias1_profiled_removal,converged_only,gyro_gain_x,lever_z,34,-0.06856119647097414
baseline,sphere_still,bias1_profiled_removal,converged_only,gyro_gain_x,position_x,34,0.11551026629041977
baseline,sphere_still,bias1_profiled_removal,converged_only,gyro_gain_x,position_y,34,-0.02662359333017759
baseline,sphere_still,bias1_profiled_removal,converged_only,gyro_gain_x,position_z,34,-0.04435909422493333
baseline,sphere_still,bias1_profiled_removal,converged_only,gyro_gain_x,time_offset,34,-0.156116464137956
baseline,sphere_still,bias1_profiled_removal,converged_only,gyro_gain_x,velocity_x,34,0.008871818844986666
baseline,sphere_still,bias1_profiled_removal,converged_only,gyro_gain_x,velocity_y,34,-0.09759000729485333
baseline,sphere_still,bias1_profiled_removal,converged_only,gyro_gain_x,velocity_z,34,0.23953910881463997
baseline,sphere_still,bias1_profiled_removal,converged_only,gyro_gain_y,gyro_gain_z,34,-0.23570226039551584
baseline,sphere_still,bias1_profiled_removal,converged_only,gyro_gain_y,lever_x,34,-0.060910568749081795
baseline,sphere_still,bias1_profiled_removal,converged_only,gyro_gain_y,lever_y,34,0.2035408875122857
baseline,sphere_still,bias1_profiled_removal,converged_only,gyro_gain_y,lever_z,34,-0.17660603103538136
baseline,sphere_still,bias1_profiled_removal,converged_only,gyro_gain_y,position_x,34,0.2764489287682513
baseline,sphere_still,bias1_profiled_removal,converged_only,gyro_gain_y,position_y,34,-0.17570675157766744
baseline,sphere_still,bias1_profiled_removal,converged_only,gyro_gain_y,position_z,34,-0.08155320246773277
baseline,sphere_still,bias1_profiled_removal,converged_only,gyro_gain_y,time_offset,34,-0.21388258274070432
baseline,sphere_still,bias1_profiled_removal,converged_only,gyro_gain_y,velocity_x,34,-0.30739284007068507
baseline,sphere_still,bias1_profiled_removal,converged_only,gyro_gain_y,velocity_y,34,-0.08782652573448145
baseline,sphere_still,bias1_profiled_removal,converged_only,gyro_gain_y,velocity_z,34,0.3199394866041824
baseline,sphere_still,bias1_profiled_removal,converged_only,gyro_gain_z,lever_x,34,0.16214692219634877
baseline,sphere_still,bias1_profiled_removal,converged_only,gyro_gain_z,lever_y,34,-0.2424002388356471
baseline,sphere_still,bias1_profiled_removal,converged_only,gyro_gain_z,lever_z,34,-0.14691684958065887
baseline,sphere_still,bias1_profiled_removal,converged_only,gyro_gain_z,position_x,34,0.02665621529778918
baseline,sphere_still,bias1_profiled_removal,converged_only,gyro_gain_z,position_y,34,0.2751104644118351
baseline,sphere_still,bias1_profiled_removal,converged_only,gyro_gain_z,position_z,34,0.22179547112466663
baseline,sphere_still,bias1_profiled_removal,converged_only,gyro_gain_z,time_offset,34,-0.04878639504311124
baseline,sphere_still,bias1_profiled_removal,converged_only,gyro_gain_z,velocity_x,34,0.13307728267479998
baseline,sphere_still,bias1_profiled_removal,converged_only,gyro_gain_z,velocity_y,34,-0.13307728267479998
baseline,sphere_still,bias1_profiled_removal,converged_only,gyro_gain_z,velocity_z,34,-0.18630819574472
baseline,sphere_still,bias1_profiled_removal,converged_only,lever_x,lever_y,34,-0.20852493281827464
baseline,sphere_still,bias1_profiled_removal,converged_only,lever_x,lever_z,34,0.2500008353144207
baseline,sphere_still,bias1_profiled_removal,converged_only,lever_x,position_x,34,0.22303943304706708
baseline,sphere_still,bias1_profiled_removal,converged_only,lever_x,position_y,34,0.42405938222683975
baseline,sphere_still,bias1_profiled_removal,converged_only,lever_x,position_z,34,-0.009773597227046278
baseline,sphere_still,bias1_profiled_removal,converged_only,lever_x,time_offset,34,0.21603691575428235
baseline,sphere_still,bias1_profiled_removal,converged_only,lever_x,velocity_x,34,0.1682454951227252
baseline,sphere_still,bias1_profiled_removal,converged_only,lever_x,velocity_y,34,-0.058292526318454586
baseline,sphere_still,bias1_profiled_removal,converged_only,lever_x,velocity_z,34,0.016580209581596363
baseline,sphere_still,bias1_profiled_removal,converged_only,lever_y,lever_z,34,0.0015362332301986589
baseline,sphere_still,bias1_profiled_removal,converged_only,lever_y,position_x,34,0.23395916656587
baseline,sphere_still,bias1_profiled_removal,converged_only,lever_y,position_y,34,-0.06402949182824477
baseline,sphere_still,bias1_profiled_removal,converged_only,lever_y,position_z,34,-0.07775118353736403
baseline,sphere_still,bias1_profiled_removal,converged_only,lever_y,time_offset,34,0.020277826798387563
baseline,sphere_still,bias1_profiled_removal,converged_only,lever_y,velocity_x,34,-0.26543245207610183
baseline,sphere_still,bias1_profiled_removal,converged_only,lever_y,velocity_y,34,0.14123928642581565
baseline,sphere_still,bias1_profiled_removal,converged_only,lever_y,velocity_z,34,0.09097062413879506
baseline,sphere_still,bias1_profiled_removal,converged_only,lever_z,position_x,34,0.03412510281984855
baseline,sphere_still,bias1_profiled_removal,converged_only,lever_z,position_y,34,-0.0008436470396558758
baseline,sphere_still,bias1_profiled_removal,converged_only,lever_z,position_z,34,-0.7688335959165215
baseline,sphere_still,bias1_profiled_removal,converged_only,lever_z,time_offset,34,0.10388721818053948
baseline,sphere_still,bias1_profiled_removal,converged_only,lever_z,velocity_x,34,-0.1523160897570467
baseline,sphere_still,bias1_profiled_removal,converged_only,lever_z,velocity_y,34,0.1953289390239868
baseline,sphere_still,bias1_profiled_removal,converged_only,lever_z,velocity_z,34,0.08855586613781785
baseline,sphere_still,bias1_profiled_removal,converged_only,position_x,position_y,34,-0.02923620743993736
baseline,sphere_still,bias1_profiled_removal,converged_only,position_x,position_z,34,-0.22815634975519763
baseline,sphere_still,bias1_profiled_removal,converged_only,position_x,time_offset,34,0.07590100334136266
baseline,sphere_still,bias1_profiled_removal,converged_only,position_x,velocity_x,34,-0.5975523445969462
baseline,sphere_still,bias1_profiled_removal,converged_only,position_x,velocity_y,34,0.26426962845555085
baseline,sphere_still,bias1_profiled_removal,converged_only,position_x,velocity_z,34,0.1678655370096927
baseline,sphere_still,bias1_profiled_removal,converged_only,position_y,position_z,34,0.4320648222633862
baseline,sphere_still,bias1_profiled_removal,converged_only,position_y,time_offset,34,0.607977723997071
baseline,sphere_still,bias1_profiled_removal,converged_only,position_y,velocity_x,34,0.4268684289287717
baseline,sphere_still,bias1_profiled_removal,converged_only,position_y,velocity_y,34,-0.6512303529056557
baseline,sphere_still,bias1_profiled_removal,converged_only,position_y,velocity_z,34,-0.29818127634802494
baseline,sphere_still,bias1_profiled_removal,converged_only,position_z,time_offset,34,0.15745120854047903
baseline,sphere_still,bias1_profiled_removal,converged_only,position_z,velocity_x,34,0.3964858670741024
baseline,sphere_still,bias1_profiled_removal,converged_only,position_z,velocity_y,34,-0.3549274255156608
baseline,sphere_still,bias1_profiled_removal,converged_only,position_z,velocity_z,34,-0.40412528647822765
baseline,sphere_still,bias1_profiled_removal,converged_only,time_offset,velocity_x,34,0.516715545637111
baseline,sphere_still,bias1_profiled_removal,converged_only,time_offset,velocity_y,34,-0.418917676511648
baseline,sphere_still,bias1_profiled_removal,converged_only,time_offset,velocity_z,34,0.07326438305618875
baseline,sphere_still,bias1_profiled_removal,converged_only,velocity_x,velocity_y,34,-0.42521008403361343
baseline,sphere_still,bias1_profiled_removal,converged_only,velocity_x,velocity_z,34,0.02796027501909855
baseline,sphere_still,bias1_profiled_removal,converged_only,velocity_y,velocity_z,34,0.08968678380443086
baseline,sphere_still,bias1_unsubtracted,all_saved,accel_bias_x,accel_bias_y,53,0.04175720247548994
baseline,sphere_still,bias1_unsubtracted,all_saved,accel_bias_x,accel_bias_z,53,0.0093337161625171
baseline,sphere_still,bias1_unsubtracted,all_saved,accel_bias_x,accel_gain_x,53,0.10872370918729708
baseline,sphere_still,bias1_unsubtracted,all_saved,accel_bias_x,accel_gain_y,53,-0.18068028097510902
baseline,sphere_still,bias1_unsubtracted,all_saved,accel_bias_x,accel_gain_z,53,-0.037710196341803115
baseline,sphere_still,bias1_unsubtracted,all_saved,accel_bias_x,attitude_x,53,0.22455483432494525
baseline,sphere_still,bias1_unsubtracted,all_saved,accel_bias_x,attitude_y,53,-0.5319242174789484
baseline,sphere_still,bias1_unsubtracted,all_saved,accel_bias_x,attitude_z,53,0.08992431435353052
baseline,sphere_still,bias1_unsubtracted,all_saved,accel_bias_x,gravity_delta,53,0.30837148625630756
baseline,sphere_still,bias1_unsubtracted,all_saved,accel_bias_x,gyro_bias_x,53,0.34180116587598186
baseline,sphere_still,bias1_unsubtracted,all_saved,accel_bias_x,gyro_bias_y,53,0.35102389067541573
baseline,sphere_still,bias1_unsubtracted,all_saved,accel_bias_x,gyro_bias_z,53,0.5328150378900004
baseline,sphere_still,bias1_unsubtracted,all_saved,accel_bias_x,gyro_gain_x,53,-0.29399780137150644
baseline,sphere_still,bias1_unsubtracted,all_saved,accel_bias_x,gyro_gain_y,53,-0.21973005231832868
baseline,sphere_still,bias1_unsubtracted,all_saved,accel_bias_x,gyro_gain_z,53,0.2046338004441993
baseline,sphere_still,bias1_unsubtracted,all_saved,accel_bias_x,lever_x,53,0.31199681966153153
baseline,sphere_still,bias1_unsubtracted,all_saved,accel_bias_x,lever_y,53,-0.22305070416400372
baseline,sphere_still,bias1_unsubtracted,all_saved,accel_bias_x,lever_z,53,-0.24542391857441986
baseline,sphere_still,bias1_unsubtracted,all_saved,accel_bias_x,position_x,53,-0.03341103976089669
baseline,sphere_still,bias1_unsubtracted,all_saved,accel_bias_x,position_y,53,0.45580116289314093
baseline,sphere_still,bias1_unsubtracted,all_saved,accel_bias_x,position_z,53,0.36680702293859474
baseline,sphere_still,bias1_unsubtracted,all_saved,accel_bias_x,time_offset,53,-0.00027686047067921915
baseline,sphere_still,bias1_unsubtracted,all_saved,accel_bias_x,velocity_x,53,0.41020503169997596
baseline,sphere_still,bias1_unsubtracted,all_saved,accel_bias_x,velocity_y,53,-0.25231135893248663
baseline,sphere_still,bias1_unsubtracted,all_saved,accel_bias_x,velocity_z,53,-0.04425118062431799
baseline,sphere_still,bias1_unsubtracted,all_saved,accel_bias_y,accel_bias_z,53,-0.17370387904397241
baseline,sphere_still,bias1_unsubtracted,all_saved,accel_bias_y,accel_gain_x,53,0.31919572489683334
baseline,sphere_still,bias1_unsubtracted,all_saved,accel_bias_y,accel_gain_y,53,0.2198876679678105
baseline,sphere_still,bias1_unsubtracted,all_saved,accel_bias_y,accel_gain_z,53,-0.07094783575704076
baseline,sphere_still,bias1_unsubtracted,all_saved,accel_bias_y,attitude_x,53,0.8433934937891979
baseline,sphere_still,bias1_unsubtracted,all_saved,accel_bias_y,attitude_y,53,0.2609898136130449
baseline,sphere_still,bias1_unsubtracted,all_saved,accel_bias_y,attitude_z,53,-0.037008636204537954
baseline,sphere_still,bias1_unsubtracted,all_saved,accel_bias_y,gravity_delta,53,0.14121574995652336
baseline,sphere_still,bias1_unsubtracted,all_saved,accel_bias_y,gyro_bias_x,53,0.28040912590850336
baseline,sphere_still,bias1_unsubtracted,all_saved,accel_bias_y,gyro_bias_y,53,0.6571745994042824
baseline,sphere_still,bias1_unsubtracted,all_saved,accel_bias_y,gyro_bias_z,53,0.09179072571191536
baseline,sphere_still,bias1_unsubtracted,all_saved,accel_bias_y,gyro_gain_x,53,-0.33078044864733414
baseline,sphere_still,bias1_unsubtracted,all_saved,accel_bias_y,gyro_gain_y,53,-0.5914894635385797
baseline,sphere_still,bias1_unsubtracted,all_saved,accel_bias_y,gyro_gain_z,53,0.039439622388705846
baseline,sphere_still,bias1_unsubtracted,all_saved,accel_bias_y,lever_x,53,-0.0835083572569744
baseline,sphere_still,bias1_unsubtracted,all_saved,accel_bias_y,lever_y,53,-0.08934786018058885
baseline,sphere_still,bias1_unsubtracted,all_saved,accel_bias_y,lever_z,53,0.024448368784903227
baseline,sphere_still,bias1_unsubtracted,all_saved,accel_bias_y,position_x,53,-0.3061950916159668
baseline,sphere_still,bias1_unsubtracted,all_saved,accel_bias_y,position_y,53,0.19023271372844291
baseline,sphere_still,bias1_unsubtracted,all_saved,accel_bias_y,position_z,53,0.17899200590867764
baseline,sphere_still,bias1_unsubtracted,all_saved,accel_bias_y,time_offset,53,0.3374253207986856
baseline,sphere_still,bias1_unsubtracted,all_saved,accel_bias_y,velocity_x,53,0.5336434865038233
baseline,sphere_still,bias1_unsubtracted,all_saved,accel_bias_y,velocity_y,53,-0.09085532490024009
baseline,sphere_still,bias1_unsubtracted,all_saved,accel_bias_y,velocity_z,53,-0.0644581696927379
baseline,sphere_still,bias1_unsubtracted,all_saved,accel_bias_z,accel_gain_x,53,0.21487802557980173
baseline,sphere_still,bias1_unsubtracted,all_saved,accel_bias_z,accel_gain_y,53,-0.22596467921495478
baseline,sphere_still,bias1_unsubtracted,all_saved,accel_bias_z,accel_gain_z,53,0.9298471482023607
baseline,sphere_still,bias1_unsubtracted,all_saved,accel_bias_z,attitude_x,53,-0.22291722169810968
baseline,sphere_still,bias1_unsubtracted,all_saved,accel_bias_z,attitude_y,53,-0.49412615153724654
baseline,sphere_still,bias1_unsubtracted,all_saved,accel_bias_z,attitude_z,53,0.19055419215857314
baseline,sphere_still,bias1_unsubtracted,all_saved,accel_bias_z,gravity_delta,53,-0.001074785345028604
baseline,sphere_still,bias1_unsubtracted,all_saved,accel_bias_z,gyro_bias_x,53,0.10960170378520824
baseline,sphere_still,bias1_unsubtracted,all_saved,accel_bias_z,gyro_bias_y,53,-0.016330091525731064
baseline,sphere_still,bias1_unsubtracted,all_saved,accel_bias_z,gyro_bias_z,53,0.10144343785047037
baseline,sphere_still,bias1_unsubtracted,all_saved,accel_bias_z,gyro_gain_x,53,-0.041984532072628464
baseline,sphere_still,bias1_unsubtracted,all_saved,accel_bias_z,gyro_gain_y,53,0.003923857822021332
baseline,sphere_still,bias1_unsubtracted,all_saved,accel_bias_z,gyro_gain_z,53,0.15160727941234775
baseline,sphere_still,bias1_unsubtracted,all_saved,accel_bias_z,lever_x,53,0.06285391184653509
baseline,sphere_still,bias1_unsubtracted,all_saved,accel_bias_z,lever_y,53,-0.21925246639357637
baseline,sphere_still,bias1_unsubtracted,all_saved,accel_bias_z,lever_z,53,-0.03104371971870607
baseline,sphere_still,bias1_unsubtracted,all_saved,accel_bias_z,position_x,53,-0.09272990262419849
baseline,sphere_still,bias1_unsubtracted,all_saved,accel_bias_z,position_y,53,0.06700698772930838
baseline,sphere_still,bias1_unsubtracted,all_saved,accel_bias_z,position_z,53,0.10669686301315949
baseline,sphere_still,bias1_unsubtracted,all_saved,accel_bias_z,time_offset,53,0.1289508089559603
baseline,sphere_still,bias1_unsubtracted,all_saved,accel_bias_z,velocity_x,53,-0.00016855744551841942
baseline,sphere_still,bias1_unsubtracted,all_saved,accel_bias_z,velocity_y,53,0.00286547657381313
baseline,sphere_still,bias1_unsubtracted,all_saved,accel_bias_z,velocity_z,53,0.09321226737168593
baseline,sphere_still,bias1_unsubtracted,all_saved,accel_gain_x,accel_gain_y,53,-0.24654184374708626
baseline,sphere_still,bias1_unsubtracted,all_saved,accel_gain_x,accel_gain_z,53,0.17881214519467087
baseline,sphere_still,bias1_unsubtracted,all_saved,accel_gain_x,attitude_x,53,0.10316768258004347
baseline,sphere_still,bias1_unsubtracted,all_saved,accel_gain_x,attitude_y,53,-0.3883881475442342
baseline,sphere_still,bias1_unsubtracted,all_saved,accel_gain_x,attitude_z,53,0.540786880030159
baseline,sphere_still,bias1_unsubtracted,all_saved,accel_gain_x,gravity_delta,53,0.21520249209761952
baseline,sphere_still,bias1_unsubtracted,all_saved,accel_gain_x,gyro_bias_x,53,0.011204747688868267
baseline,sphere_still,bias1_unsubtracted,all_saved,accel_gain_x,gyro_bias_y,53,0.2854679012827218
baseline,sphere_still,bias1_unsubtracted,all_saved,accel_gain_x,gyro_bias_z,53,-0.08131183710380159
baseline,sphere_still,bias1_unsubtracted,all_saved,accel_gain_x,gyro_gain_x,53,-0.2115019587716095
baseline,sphere_still,bias1_unsubtracted,all_saved,accel_gain_x,gyro_gain_y,53,-0.18654973392611476
baseline,sphere_still,bias1_unsubtracted,all_saved,accel_gain_x,gyro_gain_z,53,0.11978458145589344
baseline,sphere_still,bias1_unsubtracted,all_saved,accel_gain_x,lever_x,53,0.09045933332834065
baseline,sphere_still,bias1_unsubtracted,all_saved,accel_gain_x,lever_y,53,-0.21244198585822407
baseline,sphere_still,bias1_unsubtracted,all_saved,accel_gain_x,lever_z,53,-0.1498990219535322
baseline,sphere_still,bias1_unsubtracted,all_saved,accel_gain_x,position_x,53,-0.12198732533943346
baseline,sphere_still,bias1_unsubtracted,all_saved,accel_gain_x,position_y,53,0.40262614635284594
baseline,sphere_still,bias1_unsubtracted,all_saved,accel_gain_x,position_z,53,0.468383054605008
baseline,sphere_still,bias1_unsubtracted,all_saved,accel_gain_x,time_offset,53,0.21277101996212092
baseline,sphere_still,bias1_unsubtracted,all_saved,accel_gain_x,velocity_x,53,0.2746107075904255
baseline,sphere_still,bias1_unsubtracted,all_saved,accel_gain_x,velocity_y,53,-0.1513333175195216
baseline,sphere_still,bias1_unsubtracted,all_saved,accel_gain_x,velocity_z,53,-0.4004628504968038
baseline,sphere_still,bias1_unsubtracted,all_saved,accel_gain_y,accel_gain_z,53,-0.21162191607277323
baseline,sphere_still,bias1_unsubtracted,all_saved,accel_gain_y,attitude_x,53,0.3155380931993389
baseline,sphere_still,bias1_unsubtracted,all_saved,accel_gain_y,attitude_y,53,0.3419737111941902
baseline,sphere_still,bias1_unsubtracted,all_saved,accel_gain_y,attitude_z,53,-0.08127012095135627
baseline,sphere_still,bias1_unsubtracted,all_saved,accel_gain_y,gravity_delta,53,-0.022125764787442825
baseline,sphere_still,bias1_unsubtracted,all_saved,accel_gain_y,gyro_bias_x,53,-0.05001261089053101
baseline,sphere_still,bias1_unsubtracted,all_saved,accel_gain_y,gyro_bias_y,53,0.06099827981530268
baseline,sphere_still,bias1_unsubtracted,all_saved,accel_gain_y,gyro_bias_z,53,-0.06212443173952563
baseline,sphere_still,bias1_unsubtracted,all_saved,accel_gain_y,gyro_gain_x,53,0.2084655713867906
baseline,sphere_still,bias1_unsubtracted,all_saved,accel_gain_y,gyro_gain_y,53,-0.07597483584058938
baseline,sphere_still,bias1_unsubtracted,all_saved,accel_gain_y,gyro_gain_z,53,-0.11806491704171539
baseline,sphere_still,bias1_unsubtracted,all_saved,accel_gain_y,lever_x,53,-0.12760574192776883
baseline,sphere_still,bias1_unsubtracted,all_saved,accel_gain_y,lever_y,53,0.036794509776491374
baseline,sphere_still,bias1_unsubtracted,all_saved,accel_gain_y,lever_z,53,0.172522042619854
baseline,sphere_still,bias1_unsubtracted,all_saved,accel_gain_y,position_x,53,-0.13176885877138697
baseline,sphere_still,bias1_unsubtracted,all_saved,accel_gain_y,position_y,53,-0.005433665333013794
baseline,sphere_still,bias1_unsubtracted,all_saved,accel_gain_y,position_z,53,-0.05565633564028275
baseline,sphere_still,bias1_unsubtracted,all_saved,accel_gain_y,time_offset,53,0.28190192540810866
baseline,sphere_still,bias1_unsubtracted,all_saved,accel_gain_y,velocity_x,53,0.18952374835341568
baseline,sphere_still,bias1_unsubtracted,all_saved,accel_gain_y,velocity_y,53,-0.2247255816418964
baseline,sphere_still,bias1_unsubtracted,all_saved,accel_gain_y,velocity_z,53,0.09702191405709668
baseline,sphere_still,bias1_unsubtracted,all_saved,accel_gain_z,attitude_x,53,-0.15070149975810354
baseline,sphere_still,bias1_unsubtracted,all_saved,accel_gain_z,attitude_y,53,-0.40799870988550235
baseline,sphere_still,bias1_unsubtracted,all_saved,accel_gain_z,attitude_z,53,0.1345750685373327
baseline,sphere_still,bias1_unsubtracted,all_saved,accel_gain_z,gravity_delta,53,-0.17508208009066295
baseline,sphere_still,bias1_unsubtracted,all_saved,accel_gain_z,gyro_bias_x,53,0.08824412809500733
baseline,sphere_still,bias1_unsubtracted,all_saved,accel_gain_z,gyro_bias_y,53,0.104962446935415
baseline,sphere_still,bias1_unsubtracted,all_saved,accel_gain_z,gyro_bias_z,53,0.059076463079880556
baseline,sphere_still,bias1_unsubtracted,all_saved,accel_gain_z,gyro_gain_x,53,-0.0670472513652584
baseline,sphere_still,bias1_unsubtracted,all_saved,accel_gain_z,gyro_gain_y,53,-0.12573852609984265
baseline,sphere_still,bias1_unsubtracted,all_saved,accel_gain_z,gyro_gain_z,53,0.04532735776836843
baseline,sphere_still,bias1_unsubtracted,all_saved,accel_gain_z,lever_x,53,0.015227938721245922
baseline,sphere_still,bias1_unsubtracted,all_saved,accel_gain_z,lever_y,53,-0.20052805473683996
baseline,sphere_still,bias1_unsubtracted,all_saved,accel_gain_z,lever_z,53,-0.003159629993639641
baseline,sphere_still,bias1_unsubtracted,all_saved,accel_gain_z,position_x,53,-0.13136186276892287
baseline,sphere_still,bias1_unsubtracted,all_saved,accel_gain_z,position_y,53,0.050318522863382724
baseline,sphere_still,bias1_unsubtracted,all_saved,accel_gain_z,position_z,53,0.12280277374616998
baseline,sphere_still,bias1_unsubtracted,all_saved,accel_gain_z,time_offset,53,0.08887623137506741
baseline,sphere_still,bias1_unsubtracted,all_saved,accel_gain_z,velocity_x,53,-0.049750040316078055
baseline,sphere_still,bias1_unsubtracted,all_saved,accel_gain_z,velocity_y,53,0.07772939848411546
baseline,sphere_still,bias1_unsubtracted,all_saved,accel_gain_z,velocity_z,53,0.07135945815191098
baseline,sphere_still,bias1_unsubtracted,all_saved,attitude_x,attitude_y,53,0.276003870343493
baseline,sphere_still,bias1_unsubtracted,all_saved,attitude_x,attitude_z,53,-0.36486050636994033
baseline,sphere_still,bias1_unsubtracted,all_saved,attitude_x,gravity_delta,53,0.07170550343572178
baseline,sphere_still,bias1_unsubtracted,all_saved,attitude_x,gyro_bias_x,53,0.4058434900225337
baseline,sphere_still,bias1_unsubtracted,all_saved,attitude_x,gyro_bias_y,53,0.6169133291508314
baseline,sphere_still,bias1_unsubtracted,all_saved,attitude_x,gyro_bias_z,53,0.2869428206737056
baseline,sphere_still,bias1_unsubtracted,all_saved,attitude_x,gyro_gain_x,53,-0.35698131132313254
baseline,sphere_still,bias1_unsubtracted,all_saved,attitude_x,gyro_gain_y,53,-0.5294644018299308
baseline,sphere_still,bias1_unsubtracted,all_saved,attitude_x,gyro_gain_z,53,-0.04532735776836843
baseline,sphere_still,bias1_unsubtracted,all_saved,attitude_x,lever_x,53,-0.04550089798089998
baseline,sphere_still,bias1_unsubtracted,all_saved,attitude_x,lever_y,53,-0.113377210273683
baseline,sphere_still,bias1_unsubtracted,all_saved,attitude_x,lever_z,53,0.08413643297348987
baseline,sphere_still,bias1_unsubtracted,all_saved,attitude_x,position_x,53,-0.22181434935612346
baseline,sphere_still,bias1_unsubtracted,all_saved,attitude_x,position_y,53,0.029513748987176402
baseline,sphere_still,bias1_unsubtracted,all_saved,attitude_x,position_z,53,0.03612320593452669
baseline,sphere_still,bias1_unsubtracted,all_saved,attitude_x,time_offset,53,0.2583428825642293
baseline,sphere_still,bias1_unsubtracted,all_saved,attitude_x,velocity_x,53,0.558055152394775
baseline,sphere_still,bias1_unsubtracted,all_saved,attitude_x,velocity_y,53,0.057087566521528785
baseline,sphere_still,bias1_unsubtracted,all_saved,attitude_x,velocity_z,53,0.10312852765682955
baseline,sphere_still,bias1_unsubtracted,all_saved,attitude_y,attitude_z,53,-0.35268505079825835
baseline,sphere_still,bias1_unsubtracted,all_saved,attitude_y,gravity_delta,53,-0.26591362124967954
baseline,sphere_still,bias1_unsubtracted,all_saved,attitude_y,gyro_bias_x,53,-0.16543786537451374
baseline,sphere_still,bias1_unsubtracted,all_saved,attitude_y,gyro_bias_y,53,0.015623522117853712
baseline,sphere_still,bias1_unsubtracted,all_saved,attitude_y,gyro_bias_z,53,-0.3460192837535861
baseline,sphere_still,bias1_unsubtracted,all_saved,attitude_y,gyro_gain_x,53,0.09966483311051924
baseline,sphere_still,bias1_unsubtracted,all_saved,attitude_y,gyro_gain_y,53,-0.009918188199545274
baseline,sphere_still,bias1_unsubtracted,all_saved,attitude_y,gyro_gain_z,53,-0.04532735776836843
baseline,sphere_still,bias1_unsubtracted,all_saved,attitude_y,lever_x,53,-0.32710344045967593
baseline,sphere_still,bias1_unsubtracted,all_saved,attitude_y,lever_y,53,0.21859811090526082
baseline,sphere_still,bias1_unsubtracted,all_saved,attitude_y,lever_z,53,0.2951997165486179
baseline,sphere_still,bias1_unsubtracted,all_saved,attitude_y,position_x,53,0.1289411896220754
baseline,sphere_still,bias1_unsubtracted,all_saved,attitude_y,position_y,53,-0.4548826722313172
baseline,sphere_still,bias1_unsubtracted,all_saved,attitude_y,position_z,53,-0.47911627156910175
baseline,sphere_still,bias1_unsubtracted,all_saved,attitude_y,time_offset,53,-0.001482724174068838
baseline,sphere_still,bias1_unsubtracted,all_saved,attitude_y,velocity_x,53,-0.2867279471053056
baseline,sphere_still,bias1_unsubtracted,all_saved,attitude_y,velocity_y,53,0.3212385099177552
baseline,sphere_still,bias1_unsubtracted,all_saved,attitude_y,velocity_z,53,0.15965166908563136
baseline,sphere_still,bias1_unsubtracted,all_saved,attitude_z,gravity_delta,53,0.4353058764979286
baseline,sphere_still,bias1_unsubtracted,all_saved,attitude_z,gyro_bias_x,53,-0.2674353575780222
baseline,sphere_still,bias1_unsubtracted,all_saved,attitude_z,gyro_bias_y,53,0.0927916368878052
baseline,sphere_still,bias1_unsubtracted,all_saved,attitude_z,gyro_bias_z,53,-0.2616243364966139
baseline,sphere_still,bias1_unsubtracted,all_saved,attitude_z,gyro_gain_x,53,0.04771831403473345
baseline,sphere_still,bias1_unsubtracted,all_saved,attitude_z,gyro_gain_y,53,-0.008064321246359241
baseline,sphere_still,bias1_unsubtracted,all_saved,attitude_z,gyro_gain_z,53,0.19944037418082108
baseline,sphere_still,bias1_unsubtracted,all_saved,attitude_z,lever_x,53,0.12721959616368214
baseline,sphere_still,bias1_unsubtracted,all_saved,attitude_z,lever_y,53,-0.07070303772631503
baseline,sphere_still,bias1_unsubtracted,all_saved,attitude_z,lever_z,53,-0.14823178427303688
baseline,sphere_still,bias1_unsubtracted,all_saved,attitude_z,position_x,53,-0.017267468447511973
baseline,sphere_still,bias1_unsubtracted,all_saved,attitude_z,position_y,53,0.6158374344673939
baseline,sphere_still,bias1_unsubtracted,all_saved,attitude_z,position_z,53,0.45218513143041444
baseline,sphere_still,bias1_unsubtracted,all_saved,attitude_z,time_offset,53,0.29362299600016134
baseline,sphere_still,bias1_unsubtracted,all_saved,attitude_z,velocity_x,53,0.07490727302048057
baseline,sphere_still,bias1_unsubtracted,all_saved,attitude_z,velocity_y,53,-0.5489437187550396
baseline,sphere_still,bias1_unsubtracted,all_saved,attitude_z,velocity_z,53,-0.3988872762457668
baseline,sphere_still,bias1_unsubtracted,all_saved,gravity_delta,gyro_bias_x,53,0.04352725069088428
baseline,sphere_still,bias1_unsubtracted,all_saved,gravity_delta,gyro_bias_y,53,0.22881738303706806
baseline,sphere_still,bias1_unsubtracted,all_saved,gravity_delta,gyro_bias_z,53,-0.12556454479380152
baseline,sphere_still,bias1_unsubtracted,all_saved,gravity_delta,gyro_gain_x,53,-0.13120833845668892
baseline,sphere_still,bias1_unsubtracted,all_saved,gravity_delta,gyro_gain_y,53,-0.1873620478443128
baseline,sphere_still,bias1_unsubtracted,all_saved,gravity_delta,gyro_gain_z,53,0.37765828035109394
baseline,sphere_still,bias1_unsubtracted,all_saved,gravity_delta,lever_x,53,0.07456894892265056
baseline,sphere_still,bias1_unsubtracted,all_saved,gravity_delta,lever_y,53,-0.11133283588403112
baseline,sphere_still,bias1_unsubtracted,all_saved,gravity_delta,lever_z,53,-0.23155599288195092
baseline,sphere_still,bias1_unsubtracted,all_saved,gravity_delta,position_x,53,-0.026960005712692473
baseline,sphere_still,bias1_unsubtracted,all_saved,gravity_delta,position_y,53,0.3532774916497777
baseline,sphere_still,bias1_unsubtracted,all_saved,gravity_delta,position_z,53,0.34488564797812266
baseline,sphere_still,bias1_unsubtracted,all_saved,gravity_delta,time_offset,53,0.1907565073319195
baseline,sphere_still,bias1_unsubtracted,all_saved,gravity_delta,velocity_x,53,0.38142392076133463
baseline,sphere_still,bias1_unsubtracted,all_saved,gravity_delta,velocity_y,53,-0.41295788976748377
baseline,sphere_still,bias1_unsubtracted,all_saved,gravity_delta,velocity_z,53,-0.11221979839796994
baseline,sphere_still,bias1_unsubtracted,all_saved,gyro_bias_x,gyro_bias_y,53,0.12238095061805429
baseline,sphere_still,bias1_unsubtracted,all_saved,gyro_bias_x,gyro_bias_z,53,0.5824639495240598
baseline,sphere_still,bias1_unsubtracted,all_saved,gyro_bias_x,gyro_gain_x,53,-0.7253704385526859
baseline,sphere_still,bias1_unsubtracted,all_saved,gyro_bias_x,gyro_gain_y,53,-0.11355323967906762
baseline,sphere_still,bias1_unsubtracted,all_saved,gyro_bias_x,gyro_gain_z,53,-0.04469047476920707
baseline,sphere_still,bias1_unsubtracted,all_saved,gyro_bias_x,lever_x,53,0.07669300685302143
baseline,sphere_still,bias1_unsubtracted,all_saved,gyro_bias_x,lever_y,53,-0.13093321453127263
baseline,sphere_still,bias1_unsubtracted,all_saved,gyro_bias_x,lever_z,53,0.0453044153682928
baseline,sphere_still,bias1_unsubtracted,all_saved,gyro_bias_x,position_x,53,-0.2365976499138563
baseline,sphere_still,bias1_unsubtracted,all_saved,gyro_bias_x,position_y,53,-0.01447002383526446
baseline,sphere_still,bias1_unsubtracted,all_saved,gyro_bias_x,position_z,53,-0.047938026343503984
baseline,sphere_still,bias1_unsubtracted,all_saved,gyro_bias_x,time_offset,53,-0.13264509166790955
baseline,sphere_still,bias1_unsubtracted,all_saved,gyro_bias_x,velocity_x,53,0.25749795576552137
baseline,sphere_still,bias1_unsubtracted,all_saved,gyro_bias_x,velocity_y,53,-0.10660844664450886
baseline,sphere_still,bias1_unsubtracted,all_saved,gyro_bias_x,velocity_z,53,0.10748293800400893
baseline,sphere_still,bias1_unsubtracted,all_saved,gyro_bias_y,gyro_bias_z,53,0.0
baseline,sphere_still,bias1_unsubtracted,all_saved,gyro_bias_y,gyro_gain_x,53,-0.14419658044298397
baseline,sphere_still,bias1_unsubtracted,all_saved,gyro_bias_y,gyro_gain_y,53,-0.8318406358047494
baseline,sphere_still,bias1_unsubtracted,all_saved,gyro_bias_y,gyro_gain_z,53,0.1843894628386945
baseline,sphere_still,bias1_unsubtracted,all_saved,gyro_bias_y,lever_x,53,0.027316382456275858
baseline,sphere_still,bias1_unsubtracted,all_saved,gyro_bias_y,lever_y,53,-0.2777176348956524
baseline,sphere_still,bias1_unsubtracted,all_saved,gyro_bias_y,lever_z,53,-0.021164323785466944
baseline,sphere_still,bias1_unsubtracted,all_saved,gyro_bias_y,position_x,53,-0.1372558594898214
baseline,sphere_still,bias1_unsubtracted,all_saved,gyro_bias_y,position_y,53,0.25172300770799394
baseline,sphere_still,bias1_unsubtracted,all_saved,gyro_bias_y,position_z,53,0.28433083898458633
baseline,sphere_still,bias1_unsubtracted,all_saved,gyro_bias_y,time_offset,53,0.33472851099677775
baseline,sphere_still,bias1_unsubtracted,all_saved,gyro_bias_y,velocity_x,53,0.4588654341354162
baseline,sphere_still,bias1_unsubtracted,all_saved,gyro_bias_y,velocity_y,53,-0.09866124740721985
baseline,sphere_still,bias1_unsubtracted,all_saved,gyro_bias_y,velocity_z,53,-0.11497531193912235
baseline,sphere_still,bias1_unsubtracted,all_saved,gyro_bias_z,gyro_gain_x,53,-0.18966510137274342
baseline,sphere_still,bias1_unsubtracted,all_saved,gyro_bias_z,gyro_gain_y,53,0.012127373502054067
baseline,sphere_still,bias1_unsubtracted,all_saved,gyro_bias_z,gyro_gain_z,53,-0.044757179627464554
baseline,sphere_still,bias1_unsubtracted,all_saved,gyro_bias_z,lever_x,53,0.20581333768418691
baseline,sphere_still,bias1_unsubtracted,all_saved,gyro_bias_z,lever_y,53,-0.12262997817675349
baseline,sphere_still,bias1_unsubtracted,all_saved,gyro_bias_z,lever_z,53,-0.037795173900073316
baseline,sphere_still,bias1_unsubtracted,all_saved,gyro_bias_z,position_x,53,-0.06334091522104178
baseline,sphere_still,bias1_unsubtracted,all_saved,gyro_bias_z,position_y,53,0.20678429491539224
baseline,sphere_still,bias1_unsubtracted,all_saved,gyro_bias_z,position_z,53,-0.059076463079880556
baseline,sphere_still,bias1_unsubtracted,all_saved,gyro_bias_z,time_offset,53,-0.045644622995586255
baseline,sphere_still,bias1_unsubtracted,all_saved,gyro_bias_z,velocity_x,53,0.3839970100192236
baseline,sphere_still,bias1_unsubtracted,all_saved,gyro_bias_z,velocity_y,53,-0.21942686286812776
baseline,sphere_still,bias1_unsubtracted,all_saved,gyro_bias_z,velocity_z,53,0.19410837869103612
baseline,sphere_still,bias1_unsubtracted,all_saved,gyro_gain_x,gyro_gain_y,53,0.13210612666115695
baseline,sphere_still,bias1_unsubtracted,all_saved,gyro_gain_x,gyro_gain_z,53,0.033955500044804604
baseline,sphere_still,bias1_unsubtracted,all_saved,gyro_gain_x,lever_x,53,-0.0846142612221702
baseline,sphere_still,bias1_unsubtracted,all_saved,gyro_gain_x,lever_y,53,-0.017384895543902903
baseline,sphere_still,bias1_unsubtracted,all_saved,gyro_gain_x,lever_z,53,-0.08487145272540687
baseline,sphere_still,bias1_unsubtracted,all_saved,gyro_gain_x,position_x,53,0.19221697770305976
baseline,sphere_still,bias1_unsubtracted,all_saved,gyro_gain_x,position_y,53,-0.05889760516131484
baseline,sphere_still,bias1_unsubtracted,all_saved,gyro_gain_x,position_z,53,-0.011174541894209732
baseline,sphere_still,bias1_unsubtracted,all_saved,gyro_gain_x,time_offset,53,0.132144686160208
baseline,sphere_still,bias1_unsubtracted,all_saved,gyro_gain_x,velocity_x,53,-0.12926226839788554
baseline,sphere_still,bias1_unsubtracted,all_saved,gyro_gain_x,velocity_y,53,-0.03624175749473427
baseline,sphere_still,bias1_unsubtracted,all_saved,gyro_gain_x,velocity_z,53,0.06795329530262675
baseline,sphere_still,bias1_unsubtracted,all_saved,gyro_gain_y,gyro_gain_z,53,-0.16674417691877
baseline,sphere_still,bias1_unsubtracted,all_saved,gyro_gain_y,lever_x,53,0.02807232855755278
baseline,sphere_still,bias1_unsubtracted,all_saved,gyro_gain_y,lever_y,53,0.22257185233827834
baseline,sphere_still,bias1_unsubtracted,all_saved,gyro_gain_y,lever_z,53,-0.04737500398767665
baseline,sphere_still,bias1_unsubtracted,all_saved,gyro_gain_y,position_x,53,0.1835696949157715
baseline,sphere_still,bias1_unsubtracted,all_saved,gyro_gain_y,position_y,53,-0.1400245925794071
baseline,sphere_still,bias1_unsubtracted,all_saved,gyro_gain_y,position_z,53,-0.17894450765628178
baseline,sphere_still,bias1_unsubtracted,all_saved,gyro_gain_y,time_offset,53,-0.20963019896656748
baseline,sphere_still,bias1_unsubtracted,all_saved,gyro_gain_y,velocity_x,53,-0.32961754427647655
baseline,sphere_still,bias1_unsubtracted,all_saved,gyro_gain_y,velocity_y,53,-0.013857655475065593
baseline,sphere_still,bias1_unsubtracted,all_saved,gyro_gain_y,velocity_z,53,0.17403176023033878
baseline,sphere_still,bias1_unsubtracted,all_saved,gyro_gain_z,lever_x,53,0.14395841117294336
baseline,sphere_still,bias1_unsubtracted,all_saved,gyro_gain_z,lever_y,53,-0.1975885905948845
baseline,sphere_still,bias1_unsubtracted,all_saved,gyro_gain_z,lever_z,53,-0.11164595556159153
baseline,sphere_still,bias1_unsubtracted,all_saved,gyro_gain_z,position_x,53,0.09071874305011746
baseline,sphere_still,bias1_unsubtracted,all_saved,gyro_gain_z,position_y,53,0.1994564574334726
baseline,sphere_still,bias1_unsubtracted,all_saved,gyro_gain_z,position_z,53,0.17224395951980004
baseline,sphere_still,bias1_unsubtracted,all_saved,gyro_gain_z,time_offset,53,-0.019612076068236995
baseline,sphere_still,bias1_unsubtracted,all_saved,gyro_gain_z,velocity_x,53,0.05439282932204211
baseline,sphere_still,bias1_unsubtracted,all_saved,gyro_gain_z,velocity_y,53,-0.09972018709041054
baseline,sphere_still,bias1_unsubtracted,all_saved,gyro_gain_z,velocity_z,53,-0.15411301641245265
baseline,sphere_still,bias1_unsubtracted,all_saved,lever_x,lever_y,53,-0.21603027220826884
baseline,sphere_still,bias1_unsubtracted,all_saved,lever_x,lever_z,53,0.109155091453064
baseline,sphere_still,bias1_unsubtracted,all_saved,lever_x,position_x,53,0.23382013948075236
baseline,sphere_still,bias1_unsubtracted,all_saved,lever_x,position_y,53,0.4212945463326964
baseline,sphere_still,bias1_unsubtracted,all_saved,lever_x,position_z,53,0.07184111630954157
baseline,sphere_still,bias1_unsubtracted,all_saved,lever_x,time_offset,53,0.06494785119730137
baseline,sphere_still,bias1_unsubtracted,all_saved,lever_x,velocity_x,53,0.16092227135154474
baseline,sphere_still,bias1_unsubtracted,all_saved,lever_x,velocity_y,53,-0.07513364360062177
baseline,sphere_still,bias1_unsubtracted,all_saved,lever_x,velocity_z,53,0.07577385724055404
baseline,sphere_still,bias1_unsubtracted,all_saved,lever_y,lever_z,53,0.05923019156983396
baseline,sphere_still,bias1_unsubtracted,all_saved,lever_y,position_x,53,0.20094024933746693
baseline,sphere_still,bias1_unsubtracted,all_saved,lever_y,position_y,53,0.05912674699352648
baseline,sphere_still,bias1_unsubtracted,all_saved,lever_y,position_z,53,-0.12955464210526177
baseline,sphere_still,bias1_unsubtracted,all_saved,lever_y,time_offset,53,0.11917829480017089
baseline,sphere_still,bias1_unsubtracted,all_saved,lever_y,velocity_x,53,-0.13527757759999856
baseline,sphere_still,bias1_unsubtracted,all_saved,lever_y,velocity_y,53,0.10197640176841996
baseline,sphere_still,bias1_unsubtracted,all_saved,lever_y,velocity_z,53,0.02455905389473658
baseline,sphere_still,bias1_unsubtracted,all_saved,lever_z,position_x,53,0.020868286386137976
baseline,sphere_still,bias1_unsubtracted,all_saved,lever_z,position_y,53,-0.030786306118645808
baseline,sphere_still,bias1_unsubtracted,all_saved,lever_z,position_z,53,-0.7639082573193897
baseline,sphere_still,bias1_unsubtracted,all_saved,lever_z,time_offset,53,0.02182473026274046
baseline,sphere_still,bias1_unsubtracted,all_saved,lever_z,velocity_x,53,-0.20817447900951463
baseline,sphere_still,bias1_unsubtracted,all_saved,lever_z,velocity_y,53,0.2515968226363908
baseline,sphere_still,bias1_unsubtracted,all_saved,lever_z,velocity_z,53,0.16493268566798924
baseline,sphere_still,bias1_unsubtracted,all_saved,position_x,position_y,53,0.05555892873698838
baseline,sphere_still,bias1_unsubtracted,all_saved,position_x,position_z,53,-0.22851154506240146
baseline,sphere_still,bias1_unsubtracted,all_saved,position_x,time_offset,53,0.28662972044951324
baseline,sphere_still,bias1_unsubtracted,all_saved,position_x,velocity_x,53,-0.4540779377961385
baseline,sphere_still,bias1_unsubtracted,all_saved,position_x,velocity_y,53,0.14423177499966194
baseline,sphere_still,bias1_unsubtracted,all_saved,position_x,velocity_z,53,0.12075124547524145
baseline,sphere_still,bias1_unsubtracted,all_saved,position_y,position_z,53,0.3732763498951901
baseline,sphere_still,bias1_unsubtracted,all_saved,position_y,time_offset,53,0.5137181311164465
baseline,sphere_still,bias1_unsubtracted,all_saved,position_y,velocity_x,53,0.4502862687005274
baseline,sphere_still,bias1_unsubtracted,all_saved,position_y,velocity_y,53,-0.5592290962460884
baseline,sphere_still,bias1_unsubtracted,all_saved,position_y,velocity_z,53,-0.17184098112478938
baseline,sphere_still,bias1_unsubtracted,all_saved,position_z,time_offset,53,0.11901041973628997
baseline,sphere_still,bias1_unsubtracted,all_saved,position_z,velocity_x,53,0.4108208353491372
baseline,sphere_still,bias1_unsubtracted,all_saved,position_z,velocity_y,53,-0.3471214320270924
baseline,sphere_still,bias1_unsubtracted,all_saved,position_z,velocity_z,53,-0.4063054346073214
baseline,sphere_still,bias1_unsubtracted,all_saved,time_offset,velocity_x,53,0.35328083923916637
baseline,sphere_still,bias1_unsubtracted,all_saved,time_offset,velocity_y,53,-0.3403288074833298
baseline,sphere_still,bias1_unsubtracted,all_saved,time_offset,velocity_z,53,0.0962898522454116
baseline,sphere_still,bias1_unsubtracted,all_saved,velocity_x,velocity_y,53,-0.42364134816965004
baseline,sphere_still,bias1_unsubtracted,all_saved,velocity_x,velocity_z,53,0.07982583454281568
baseline,sphere_still,bias1_unsubtracted,all_saved,velocity_y,velocity_z,53,0.058377681019190455
baseline,sphere_still,bias1_unsubtracted,converged_only,accel_bias_x,accel_bias_y,39,-0.053986784594161646
baseline,sphere_still,bias1_unsubtracted,converged_only,accel_bias_x,accel_bias_z,39,0.10722786778251472
baseline,sphere_still,bias1_unsubtracted,converged_only,accel_bias_x,accel_gain_x,39,0.1776616895409463
baseline,sphere_still,bias1_unsubtracted,converged_only,accel_bias_x,accel_gain_y,39,-0.11658569971634847
baseline,sphere_still,bias1_unsubtracted,converged_only,accel_bias_x,accel_gain_z,39,-0.04343648617482152
baseline,sphere_still,bias1_unsubtracted,converged_only,accel_bias_x,attitude_x,39,0.06034980822519451
baseline,sphere_still,bias1_unsubtracted,converged_only,accel_bias_x,attitude_y,39,-0.4270613817719178
baseline,sphere_still,bias1_unsubtracted,converged_only,accel_bias_x,attitude_z,39,0.42667698808895477
baseline,sphere_still,bias1_unsubtracted,converged_only,accel_bias_x,gravity_delta,39,0.5032940962131877
baseline,sphere_still,bias1_unsubtracted,converged_only,accel_bias_x,gyro_bias_x,39,-0.07842702125298404
baseline,sphere_still,bias1_unsubtracted,converged_only,accel_bias_x,gyro_bias_y,39,0.28832719858203315
baseline,sphere_still,bias1_unsubtracted,converged_only,accel_bias_x,gyro_bias_z,39,0.3334303140304739
baseline,sphere_still,bias1_unsubtracted,converged_only,accel_bias_x,gyro_gain_x,39,0.05474068369154752
baseline,sphere_still,bias1_unsubtracted,converged_only,accel_bias_x,gyro_gain_y,39,-0.05188840138197257
baseline,sphere_still,bias1_unsubtracted,converged_only,accel_bias_x,gyro_gain_z,39,0.43792546953238015
baseline,sphere_still,bias1_unsubtracted,converged_only,accel_bias_x,lever_x,39,0.32516940319107074
baseline,sphere_still,bias1_unsubtracted,converged_only,accel_bias_x,lever_y,39,-0.2850817066995851
baseline,sphere_still,bias1_unsubtracted,converged_only,accel_bias_x,lever_z,39,-0.29432151341399515
baseline,sphere_still,bias1_unsubtracted,converged_only,accel_bias_x,position_x,39,0.060456987976657356
baseline,sphere_still,bias1_unsubtracted,converged_only,accel_bias_x,position_y,39,0.5240346805124455
baseline,sphere_still,bias1_unsubtracted,converged_only,accel_bias_x,position_z,39,0.4389775859437715
baseline,sphere_still,bias1_unsubtracted,converged_only,accel_bias_x,time_offset,39,0.2060691448689237
baseline,sphere_still,bias1_unsubtracted,converged_only,accel_bias_x,velocity_x,39,0.3632520304000561
baseline,sphere_still,bias1_unsubtracted,converged_only,accel_bias_x,velocity_y,39,-0.30597737163856575
baseline,sphere_still,bias1_unsubtracted,converged_only,accel_bias_x,velocity_z,39,-0.17297715733336005
baseline,sphere_still,bias1_unsubtracted,converged_only,accel_bias_y,accel_bias_z,39,-0.12282051083326782
baseline,sphere_still,bias1_unsubtracted,converged_only,accel_bias_y,accel_gain_x,39,0.2976296108505514
baseline,sphere_still,bias1_unsubtracted,converged_only,accel_bias_y,accel_gain_y,39,0.26412225351122925
baseline,sphere_still,bias1_unsubtracted,converged_only,accel_bias_y,accel_gain_z,39,0.0212945466666099
baseline,sphere_still,bias1_unsubtracted,converged_only,accel_bias_y,attitude_x,39,0.8182542825510103
baseline,sphere_still,bias1_unsubtracted,converged_only,accel_bias_y,attitude_y,39,0.2218937070206851
baseline,sphere_still,bias1_unsubtracted,converged_only,accel_bias_y,attitude_z,39,-0.020388395744626503
baseline,sphere_still,bias1_unsubtracted,converged_only,accel_bias_y,gravity_delta,39,0.24876987820772972
baseline,sphere_still,bias1_unsubtracted,converged_only,accel_bias_y,gyro_bias_x,39,0.3235400615086834
baseline,sphere_still,bias1_unsubtracted,converged_only,accel_bias_y,gyro_bias_y,39,0.7561534303338462
baseline,sphere_still,bias1_unsubtracted,converged_only,accel_bias_y,gyro_bias_z,39,0.06357452923570517
baseline,sphere_still,bias1_unsubtracted,converged_only,accel_bias_y,gyro_gain_x,39,-0.22582528171585753
baseline,sphere_still,bias1_unsubtracted,converged_only,accel_bias_y,gyro_gain_y,39,-0.7639676802989465
baseline,sphere_still,bias1_unsubtracted,converged_only,accel_bias_y,gyro_gain_z,39,0.08065188632709197
baseline,sphere_still,bias1_unsubtracted,converged_only,accel_bias_y,lever_x,39,-0.12594610193935468
baseline,sphere_still,bias1_unsubtracted,converged_only,accel_bias_y,lever_y,39,-0.11801889274826716
baseline,sphere_still,bias1_unsubtracted,converged_only,accel_bias_y,lever_z,39,0.1347239704668771
baseline,sphere_still,bias1_unsubtracted,converged_only,accel_bias_y,position_x,39,-0.3145389174008523
baseline,sphere_still,bias1_unsubtracted,converged_only,accel_bias_y,position_y,39,0.2655559818547866
baseline,sphere_still,bias1_unsubtracted,converged_only,accel_bias_y,position_z,39,0.1218772990067673
baseline,sphere_still,bias1_unsubtracted,converged_only,accel_bias_y,time_offset,39,0.5226354592013348
baseline,sphere_still,bias1_unsubtracted,converged_only,accel_bias_y,velocity_x,39,0.5841275380835492
baseline,sphere_still,bias1_unsubtracted,converged_only,accel_bias_y,velocity_y,39,-0.06535613524805273
baseline,sphere_still,bias1_unsubtracted,converged_only,accel_bias_y,velocity_z,39,-0.04417485744669075
baseline,sphere_still,bias1_unsubtracted,converged_only,accel_bias_z,accel_gain_x,39,0.2527111784287156
baseline,sphere_still,bias1_unsubtracted,converged_only,accel_bias_z,accel_gain_y,39,-0.21779908146513377
baseline,sphere_still,bias1_unsubtracted,converged_only,accel_bias_z,accel_gain_z,39,0.8767677261054845
baseline,sphere_still,bias1_unsubtracted,converged_only,accel_bias_z,attitude_x,39,-0.234706728363144
baseline,sphere_still,bias1_unsubtracted,converged_only,accel_bias_z,attitude_y,39,-0.5810081755954721
baseline,sphere_still,bias1_unsubtracted,converged_only,accel_bias_z,attitude_z,39,0.20898850657966464
baseline,sphere_still,bias1_unsubtracted,converged_only,accel_bias_z,gravity_delta,39,-0.04722772235204157
baseline,sphere_still,bias1_unsubtracted,converged_only,accel_bias_z,gyro_bias_x,39,0.21673357007004185
baseline,sphere_still,bias1_unsubtracted,converged_only,accel_bias_z,gyro_bias_y,39,0.017144639556982363
baseline,sphere_still,bias1_unsubtracted,converged_only,accel_bias_z,gyro_bias_z,39,0.21680865532088964
baseline,sphere_still,bias1_unsubtracted,converged_only,accel_bias_z,gyro_gain_x,39,-0.1512762261653868
baseline,sphere_still,bias1_unsubtracted,converged_only,accel_bias_z,gyro_gain_y,39,0.01040972239082298
baseline,sphere_still,bias1_unsubtracted,converged_only,accel_bias_z,gyro_gain_z,39,0.1512762261653868
baseline,sphere_still,bias1_unsubtracted,converged_only,accel_bias_z,lever_x,39,0.025594267346833552
baseline,sphere_still,bias1_unsubtracted,converged_only,accel_bias_z,lever_y,39,-0.24929564107709384
baseline,sphere_still,bias1_unsubtracted,converged_only,accel_bias_z,lever_z,39,-0.10073996656500855
baseline,sphere_still,bias1_unsubtracted,converged_only,accel_bias_z,position_x,39,-0.16466490501324244
baseline,sphere_still,bias1_unsubtracted,converged_only,accel_bias_z,position_y,39,0.08589388627229312
baseline,sphere_still,bias1_unsubtracted,converged_only,accel_bias_z,position_z,39,0.19076211462006842
baseline,sphere_still,bias1_unsubtracted,converged_only,accel_bias_z,time_offset,39,0.1760100766029772
baseline,sphere_still,bias1_unsubtracted,converged_only,accel_bias_z,velocity_x,39,0.07189920263816178
baseline,sphere_still,bias1_unsubtracted,converged_only,accel_bias_z,velocity_y,39,-0.08800104584173145
baseline,sphere_still,bias1_unsubtracted,converged_only,accel_bias_z,velocity_z,39,0.10399107068972077
baseline,sphere_still,bias1_unsubtracted,converged_only,accel_gain_x,accel_gain_y,39,-0.3114082355938529
baseline,sphere_still,bias1_unsubtracted,converged_only,accel_gain_x,accel_gain_z,39,0.2548549468078313
baseline,sphere_still,bias1_unsubtracted,converged_only,accel_gain_x,attitude_x,39,0.03658584347507978
baseline,sphere_still,bias1_unsubtracted,converged_only,accel_gain_x,attitude_y,39,-0.5254542658851241
baseline,sphere_still,bias1_unsubtracted,converged_only,accel_gain_x,attitude_z,39,0.5741598779417318
baseline,sphere_still,bias1_unsubtracted,converged_only,accel_gain_x,gravity_delta,39,0.2439858420883503
baseline,sphere_still,bias1_unsubtracted,converged_only,accel_gain_x,gyro_bias_x,39,-0.07021885950325822
baseline,sphere_still,bias1_unsubtracted,converged_only,accel_gain_x,gyro_bias_y,39,0.4084377996961902
baseline,sphere_still,bias1_unsubtracted,converged_only,accel_gain_x,gyro_bias_z,39,-0.06357452923570517
baseline,sphere_still,bias1_unsubtracted,converged_only,accel_gain_x,gyro_gain_x,39,-0.13710820675605634
baseline,sphere_still,bias1_unsubtracted,converged_only,accel_gain_x,gyro_gain_y,39,-0.35641280323125457
baseline,sphere_still,bias1_unsubtracted,converged_only,accel_gain_x,gyro_gain_z,39,0.13710820675605634
baseline,sphere_still,bias1_unsubtracted,converged_only,accel_gain_x,lever_x,39,0.08198134356216721
baseline,sphere_still,bias1_unsubtracted,converged_only,accel_gain_x,lever_y,39,-0.3983781838183865
baseline,sphere_still,bias1_unsubtracted,converged_only,accel_gain_x,lever_z,39,-0.12521113623858773
baseline,sphere_still,bias1_unsubtracted,converged_only,accel_gain_x,position_x,39,-0.10552712596781842
baseline,sphere_still,bias1_unsubtracted,converged_only,accel_gain_x,position_y,39,0.46494955184814174
baseline,sphere_still,bias1_unsubtracted,converged_only,accel_gain_x,position_z,39,0.4987228136866138
baseline,sphere_still,bias1_unsubtracted,converged_only,accel_gain_x,time_offset,39,0.3047353299048663
baseline,sphere_still,bias1_unsubtracted,converged_only,accel_gain_x,velocity_x,39,0.32496837439629683
baseline,sphere_still,bias1_unsubtracted,converged_only,accel_gain_x,velocity_y,39,-0.22064774950295793
baseline,sphere_still,bias1_unsubtracted,converged_only,accel_gain_x,velocity_z,39,-0.3777516656018299
baseline,sphere_still,bias1_unsubtracted,converged_only,accel_gain_y,accel_gain_z,39,-0.19679493600340614
baseline,sphere_still,bias1_unsubtracted,converged_only,accel_gain_y,attitude_x,39,0.34643379007005304
baseline,sphere_still,bias1_unsubtracted,converged_only,accel_gain_y,attitude_y,39,0.24616875446689415
baseline,sphere_still,bias1_unsubtracted,converged_only,accel_gain_y,attitude_z,39,-0.11357145476353153
baseline,sphere_still,bias1_unsubtracted,converged_only,accel_gain_y,gravity_delta,39,-0.05422916706474513
baseline,sphere_still,bias1_unsubtracted,converged_only,accel_gain_y,gyro_bias_x,39,0.04182845190260089
baseline,sphere_still,bias1_unsubtracted,converged_only,accel_gain_y,gyro_bias_y,39,0.020857959543064308
baseline,sphere_still,bias1_unsubtracted,converged_only,accel_gain_y,gyro_bias_z,39,0.035734484138449055
baseline,sphere_still,bias1_unsubtracted,converged_only,accel_gain_y,gyro_gain_x,39,0.14128929222454978
baseline,sphere_still,bias1_unsubtracted,converged_only,accel_gain_y,gyro_gain_y,39,-0.059221431021494346
baseline,sphere_still,bias1_unsubtracted,converged_only,accel_gain_y,gyro_gain_z,39,-0.14128929222454978
baseline,sphere_still,bias1_unsubtracted,converged_only,accel_gain_y,lever_x,39,-0.02418511751055795
baseline,sphere_still,bias1_unsubtracted,converged_only,accel_gain_y,lever_y,39,0.02974061050322982
baseline,sphere_still,bias1_unsubtracted,converged_only,accel_gain_y,lever_z,39,0.28173864162244017
baseline,sphere_still,bias1_unsubtracted,converged_only,accel_gain_y,position_x,39,-0.24871068892308015
baseline,sphere_still,bias1_unsubtracted,converged_only,accel_gain_y,position_y,39,0.0800881747347796
baseline,sphere_still,bias1_unsubtracted,converged_only,accel_gain_y,position_z,39,-0.14146824581027773
baseline,sphere_still,bias1_unsubtracted,converged_only,accel_gain_y,time_offset,39,0.25325682976054004
baseline,sphere_still,bias1_unsubtracted,converged_only,accel_gain_y,velocity_x,39,0.2723147008872755
baseline,sphere_still,bias1_unsubtracted,converged_only,accel_gain_y,velocity_y,39,-0.2592417276770848
baseline,sphere_still,bias1_unsubtracted,converged_only,accel_gain_y,velocity_z,39,0.1456702729135533
baseline,sphere_still,bias1_unsubtracted,converged_only,accel_gain_z,attitude_x,39,-0.15101214574898786
baseline,sphere_still,bias1_unsubtracted,converged_only,accel_gain_z,attitude_y,39,-0.4619433198380567
baseline,sphere_still,bias1_unsubtracted,converged_only,accel_gain_z,attitude_z,39,0.21680161943319837
baseline,sphere_still,bias1_unsubtracted,converged_only,accel_gain_z,gravity_delta,39,-0.1966458508163212
baseline,sphere_still,bias1_unsubtracted,converged_only,accel_gain_z,gyro_bias_x,39,0.1810898182317451
baseline,sphere_still,bias1_unsubtracted,converged_only,accel_gain_z,gyro_bias_y,39,0.1826530011385352
baseline,sphere_still,bias1_unsubtracted,converged_only,accel_gain_z,gyro_bias_z,39,0.020657747505613718
baseline,sphere_still,bias1_unsubtracted,converged_only,accel_gain_z,gyro_gain_x,39,-0.2594475272392892
baseline,sphere_still,bias1_unsubtracted,converged_only,accel_gain_z,gyro_gain_y,39,-0.16772164155134084
baseline,sphere_still,bias1_unsubtracted,converged_only,accel_gain_z,gyro_gain_z,39,-0.014413751513293846
baseline,sphere_still,bias1_unsubtracted,converged_only,accel_gain_z,lever_x,39,-0.01386562739570202
baseline,sphere_still,bias1_unsubtracted,converged_only,accel_gain_z,lever_y,39,-0.1839777667659897
baseline,sphere_still,bias1_unsubtracted,converged_only,accel_gain_z,lever_z,39,-0.07120515299919267
baseline,sphere_still,bias1_unsubtracted,converged_only,accel_gain_z,position_x,39,-0.2328013804281822
baseline,sphere_still,bias1_unsubtracted,converged_only,accel_gain_z,position_y,39,0.11115610675296539
baseline,sphere_still,bias1_unsubtracted,converged_only,accel_gain_z,position_z,39,0.22753036437246962
baseline,sphere_still,bias1_unsubtracted,converged_only,accel_gain_z,time_offset,39,0.12325728194189661
baseline,sphere_still,bias1_unsubtracted,converged_only,accel_gain_z,velocity_x,39,0.03461538461538462
baseline,sphere_still,bias1_unsubtracted,converged_only,accel_gain_z,velocity_y,39,-0.020850202429149797
baseline,sphere_still,bias1_unsubtracted,converged_only,accel_gain_z,velocity_z,39,0.02874493927125506
baseline,sphere_still,bias1_unsubtracted,converged_only,attitude_x,attitude_y,39,0.3793522267206478
baseline,sphere_still,bias1_unsubtracted,converged_only,attitude_x,attitude_z,39,-0.35121457489878544
baseline,sphere_still,bias1_unsubtracted,converged_only,attitude_x,gravity_delta,39,0.11114765480922502
baseline,sphere_still,bias1_unsubtracted,converged_only,attitude_x,gyro_bias_x,39,0.34152904315636134
baseline,sphere_still,bias1_unsubtracted,converged_only,attitude_x,gyro_bias_y,39,0.616732994064345
baseline,sphere_still,bias1_unsubtracted,converged_only,attitude_x,gyro_bias_z,39,0.1755908537977166
baseline,sphere_still,bias1_unsubtracted,converged_only,attitude_x,gyro_gain_x,39,-0.21620627269940768
baseline,sphere_still,bias1_unsubtracted,converged_only,attitude_x,gyro_gain_y,39,-0.5248368221578474
baseline,sphere_still,bias1_unsubtracted,converged_only,attitude_x,gyro_gain_z,39,-0.02882750302658769
baseline,sphere_still,bias1_unsubtracted,converged_only,attitude_x,lever_x,39,-0.0945173600807021
baseline,sphere_still,bias1_unsubtracted,converged_only,attitude_x,lever_y,39,-0.12664301842464873
baseline,sphere_still,bias1_unsubtracted,converged_only,attitude_x,lever_z,39,0.2210119632626104
baseline,sphere_still,bias1_unsubtracted,converged_only,attitude_x,position_x,39,-0.21029183928922032
baseline,sphere_still,bias1_unsubtracted,converged_only,attitude_x,position_y,39,0.021056894539723862
baseline,sphere_still,bias1_unsubtracted,converged_only,attitude_x,position_z,39,-0.1
baseline,sphere_still,bias1_unsubtracted,converged_only,attitude_x,time_offset,39,0.43274023986122395
baseline,sphere_still,bias1_unsubtracted,converged_only,attitude_x,velocity_x,39,0.5417004048582996
baseline,sphere_still,bias1_unsubtracted,converged_only,attitude_x,velocity_y,39,0.17591093117408907
baseline,sphere_still,bias1_unsubtracted,converged_only,attitude_x,velocity_z,39,0.15121457489878543
baseline,sphere_still,bias1_unsubtracted,converged_only,attitude_y,attitude_z,39,-0.5085020242914979
baseline,sphere_still,bias1_unsubtracted,converged_only,attitude_y,gravity_delta,39,-0.16244657241348273
baseline,sphere_still,bias1_unsubtracted,converged_only,attitude_y,gyro_bias_x,39,0.03865367465180524
baseline,sphere_still,bias1_unsubtracted,converged_only,attitude_y,gyro_bias_y,39,0.01875654290420166
baseline,sphere_still,bias1_unsubtracted,converged_only,attitude_y,gyro_bias_z,39,-0.2272352225617509
baseline,sphere_still,bias1_unsubtracted,converged_only,attitude_y,gyro_gain_x,39,-0.10089626059305691
baseline,sphere_still,bias1_unsubtracted,converged_only,attitude_y,gyro_gain_y,39,-0.057477641205796584
baseline,sphere_still,bias1_unsubtracted,converged_only,attitude_y,gyro_gain_z,39,-0.10089626059305691
baseline,sphere_still,bias1_unsubtracted,converged_only,attitude_y,lever_x,39,-0.27927684512843154
baseline,sphere_still,bias1_unsubtracted,converged_only,attitude_y,lever_y,39,0.34608083034954007
baseline,sphere_still,bias1_unsubtracted,converged_only,attitude_y,lever_z,39,0.3948850112838948
baseline,sphere_still,bias1_unsubtracted,converged_only,attitude_y,position_x,39,0.16476578536402267
baseline,sphere_still,bias1_unsubtracted,converged_only,attitude_y,position_y,39,-0.4097995629653952
baseline,sphere_still,bias1_unsubtracted,converged_only,attitude_y,position_z,39,-0.6374493927125506
baseline,sphere_still,bias1_unsubtracted,converged_only,attitude_y,time_offset,39,-0.09221966927899149
baseline,sphere_still,bias1_unsubtracted,converged_only,attitude_y,velocity_x,39,-0.2117408906882591
baseline,sphere_still,bias1_unsubtracted,converged_only,attitude_y,velocity_y,39,0.3465587044534413
baseline,sphere_still,bias1_unsubtracted,converged_only,attitude_y,velocity_z,39,0.2516194331983806
baseline,sphere_still,bias1_unsubtracted,converged_only,attitude_z,gravity_delta,39,0.4103913408340616
baseline,sphere_still,bias1_unsubtracted,converged_only,attitude_z,gyro_bias_x,39,-0.16096872731710676
baseline,sphere_still,bias1_unsubtracted,converged_only,attitude_z,gyro_bias_y,39,0.2170399964629049
baseline,sphere_still,bias1_unsubtracted,converged_only,attitude_z,gyro_bias_z,39,0.0
baseline,sphere_still,bias1_unsubtracted,converged_only,attitude_z,gyro_gain_x,39,-0.05765500605317538
baseline,sphere_still,bias1_unsubtracted,converged_only,attitude_z,gyro_gain_y,39,-0.188451282641956
baseline,sphere_still,bias1_unsubtracted,converged_only,attitude_z,gyro_gain_z,39,0.23062002421270153
baseline,sphere_still,bias1_unsubtracted,converged_only,attitude_z,lever_x,39,0.2032469882419988
baseline,sphere_still,bias1_unsubtracted,converged_only,attitude_z,lever_y,39,-0.16003072328205611
baseline,sphere_still,bias1_unsubtracted,converged_only,attitude_z,lever_z,39,-0.0760625587851841
baseline,sphere_still,bias1_unsubtracted,converged_only,attitude_z,position_x,39,-0.01814958497240619
baseline,sphere_still,bias1_unsubtracted,converged_only,attitude_z,position_y,39,0.7663494791620656
baseline,sphere_still,bias1_unsubtracted,converged_only,attitude_z,position_z,39,0.4591093117408907
baseline,sphere_still,bias1_unsubtracted,converged_only,attitude_z,time_offset,39,0.2742027938852338
baseline,sphere_still,bias1_unsubtracted,converged_only,attitude_z,velocity_x,39,0.14352226720647773
baseline,sphere_still,bias1_unsubtracted,converged_only,attitude_z,velocity_y,39,-0.6352226720647773
baseline,sphere_still,bias1_unsubtracted,converged_only,attitude_z,velocity_z,39,-0.41477732793522265
baseline,sphere_still,bias1_unsubtracted,converged_only,gravity_delta,gyro_bias_x,39,-0.0670923620209577
baseline,sphere_still,bias1_unsubtracted,converged_only,gravity_delta,gyro_bias_y,39,0.31122275930807186
baseline,sphere_still,bias1_unsubtracted,converged_only,gravity_delta,gyro_bias_z,39,-0.06711560552140243
baseline,sphere_still,bias1_unsubtracted,converged_only,gravity_delta,gyro_gain_x,39,0.0468292905790847
baseline,sphere_still,bias1_unsubtracted,converged_only,gravity_delta,gyro_gain_y,39,-0.27858071088220293
baseline,sphere_still,bias1_unsubtracted,converged_only,gravity_delta,gyro_gain_z,39,0.5619514869490164
baseline,sphere_still,bias1_unsubtracted,converged_only,gravity_delta,lever_x,39,0.08296427091658926
baseline,sphere_still,bias1_unsubtracted,converged_only,gravity_delta,lever_y,39,-0.19450575667008177
baseline,sphere_still,bias1_unsubtracted,converged_only,gravity_delta,lever_z,39,-0.13055503961594772
baseline,sphere_still,bias1_unsubtracted,converged_only,gravity_delta,position_x,39,-0.008565003866688339
baseline,sphere_still,bias1_unsubtracted,converged_only,gravity_delta,position_y,39,0.3591651360832838
baseline,sphere_still,bias1_unsubtracted,converged_only,gravity_delta,position_z,39,0.3163433252262558
baseline,sphere_still,bias1_unsubtracted,converged_only,gravity_delta,time_offset,39,0.14146489059457812
baseline,sphere_still,bias1_unsubtracted,converged_only,gravity_delta,velocity_x,39,0.2992436860248366
baseline,sphere_still,bias1_unsubtracted,converged_only,gravity_delta,velocity_y,39,-0.3163433252262558
baseline,sphere_still,bias1_unsubtracted,converged_only,gravity_delta,velocity_z,39,-0.17954621161490195
baseline,sphere_still,bias1_unsubtracted,converged_only,gyro_bias_x,gyro_bias_y,39,0.050230423025248515
baseline,sphere_still,bias1_unsubtracted,converged_only,gyro_bias_x,gyro_bias_z,39,0.48631800631295363
baseline,sphere_still,bias1_unsubtracted,converged_only,gyro_bias_x,gyro_gain_x,39,-0.6786477468107801
baseline,sphere_still,bias1_unsubtracted,converged_only,gyro_bias_x,gyro_gain_y,39,-0.04189989157075999
baseline,sphere_still,bias1_unsubtracted,converged_only,gyro_bias_x,gyro_gain_z,39,-0.03770265260059889
baseline,sphere_still,bias1_unsubtracted,converged_only,gyro_bias_x,lever_x,39,-0.1326837310437682
baseline,sphere_still,bias1_unsubtracted,converged_only,gyro_bias_x,lever_y,39,-0.07709450225232405
baseline,sphere_still,bias1_unsubtracted,converged_only,gyro_bias_x,lever_z,39,-0.07103652235605874
baseline,sphere_still,bias1_unsubtracted,converged_only,gyro_bias_x,position_x,39,-0.2519603183667779
baseline,sphere_still,bias1_unsubtracted,converged_only,gyro_bias_x,position_y,39,-0.05296096117671695
baseline,sphere_still,bias1_unsubtracted,converged_only,gyro_bias_x,position_z,39,-0.022768602877090757
baseline,sphere_still,bias1_unsubtracted,converged_only,gyro_bias_x,time_offset,39,0.20501021490537477
baseline,sphere_still,bias1_unsubtracted,converged_only,gyro_bias_x,velocity_x,39,0.1810898182317451
baseline,sphere_still,bias1_unsubtracted,converged_only,gyro_bias_x,velocity_y,39,-0.12072654548783007
baseline,sphere_still,bias1_unsubtracted,converged_only,gyro_bias_x,velocity_z,39,0.00794253588735724
baseline,sphere_still,bias1_unsubtracted,converged_only,gyro_bias_y,gyro_bias_z,39,-0.0797538150551021
baseline,sphere_still,bias1_unsubtracted,converged_only,gyro_bias_y,gyro_gain_x,39,-0.22258993573796867
baseline,sphere_still,bias1_unsubtracted,converged_only,gyro_bias_y,gyro_gain_y,39,-0.8418885026963239
baseline,sphere_still,bias1_unsubtracted,converged_only,gyro_bias_y,gyro_gain_z,39,0.22258993573796867
baseline,sphere_still,bias1_unsubtracted,converged_only,gyro_bias_y,lever_x,39,0.08016953830403942
baseline,sphere_still,bias1_unsubtracted,converged_only,gyro_bias_y,lever_y,39,-0.21182883212168177
baseline,sphere_still,bias1_unsubtracted,converged_only,gyro_bias_y,lever_z,39,0.15453035029662893
baseline,sphere_still,bias1_unsubtracted,converged_only,gyro_bias_y,position_x,39,-0.18566165316975874
baseline,sphere_still,bias1_unsubtracted,converged_only,gyro_bias_y,position_y,39,0.39664720820299565
baseline,sphere_still,bias1_unsubtracted,converged_only,gyro_bias_y,position_z,39,0.17908032629963963
baseline,sphere_still,bias1_unsubtracted,converged_only,gyro_bias_y,time_offset,39,0.4891625615763547
baseline,sphere_still,bias1_unsubtracted,converged_only,gyro_bias_y,velocity_x,39,0.5414835302701074
baseline,sphere_still,bias1_unsubtracted,converged_only,gyro_bias_y,velocity_y,39,-0.08440444306890746
baseline,sphere_still,bias1_unsubtracted,converged_only,gyro_bias_y,velocity_z,39,-0.14045077960408148
baseline,sphere_still,bias1_unsubtracted,converged_only,gyro_bias_z,gyro_gain_x,39,0.03771571432023571
baseline,sphere_still,bias1_unsubtracted,converged_only,gyro_bias_z,gyro_gain_y,39,0.1923131632879727
baseline,sphere_still,bias1_unsubtracted,converged_only,gyro_bias_z,gyro_gain_z,39,-0.03771571432023571
baseline,sphere_still,bias1_unsubtracted,converged_only,gyro_bias_z,lever_x,39,0.10022755102575417
baseline,sphere_still,bias1_unsubtracted,converged_only,gyro_bias_z,lever_y,39,-0.32897016523503964
baseline,sphere_still,bias1_unsubtracted,converged_only,gyro_bias_z,lever_z,39,-0.2027842067295132
baseline,sphere_still,bias1_unsubtracted,converged_only,gyro_bias_z,position_x,39,-0.14486104604309716
baseline,sphere_still,bias1_unsubtracted,converged_only,gyro_bias_z,position_y,39,0.11364061778334492
baseline,sphere_still,bias1_unsubtracted,converged_only,gyro_bias_z,position_z,39,0.041315495011227436
baseline,sphere_still,bias1_unsubtracted,converged_only,gyro_bias_z,time_offset,39,0.20508123871311967
baseline,sphere_still,bias1_unsubtracted,converged_only,gyro_bias_z,velocity_x,39,0.3408528338426264
baseline,sphere_still,bias1_unsubtracted,converged_only,gyro_bias_z,velocity_y,39,-0.2685507175729784
baseline,sphere_still,bias1_unsubtracted,converged_only,gyro_bias_z,velocity_z,39,0.1755908537977166
baseline,sphere_still,bias1_unsubtracted,converged_only,gyro_gain_x,gyro_gain_y,39,0.2012770860628731
baseline,sphere_still,bias1_unsubtracted,converged_only,gyro_gain_x,gyro_gain_z,39,0.02631578947368421
baseline,sphere_still,bias1_unsubtracted,converged_only,gyro_gain_x,lever_x,39,0.1727752594428681
baseline,sphere_still,bias1_unsubtracted,converged_only,gyro_gain_x,lever_y,39,-0.13116335901707524
baseline,sphere_still,bias1_unsubtracted,converged_only,gyro_gain_x,lever_z,39,-0.0471635991262733
baseline,sphere_still,bias1_unsubtracted,converged_only,gyro_gain_x,position_x,39,0.07219674987914382
baseline,sphere_still,bias1_unsubtracted,converged_only,gyro_gain_x,position_y,39,0.0
baseline,sphere_still,bias1_unsubtracted,converged_only,gyro_gain_x,position_z,39,-0.043241254539881535
baseline,sphere_still,bias1_unsubtracted,converged_only,gyro_gain_x,time_offset,39,-0.14309353011726558
baseline,sphere_still,bias1_unsubtracted,converged_only,gyro_gain_x,velocity_x,39,0.02882750302658769
baseline,sphere_still,bias1_unsubtracted,converged_only,gyro_gain_x,velocity_y,39,-0.11531001210635076
baseline,sphere_still,bias1_unsubtracted,converged_only,gyro_gain_x,velocity_z,39,0.21620627269940768
baseline,sphere_still,bias1_unsubtracted,converged_only,gyro_gain_y,gyro_gain_z,39,-0.2012770860628731
baseline,sphere_still,bias1_unsubtracted,converged_only,gyro_gain_y,lever_x,39,0.020437977982832194
baseline,sphere_still,bias1_unsubtracted,converged_only,gyro_gain_y,lever_y,39,0.14040607860518267
baseline,sphere_still,bias1_unsubtracted,converged_only,gyro_gain_y,lever_z,39,-0.1844769921092575
baseline,sphere_still,bias1_unsubtracted,converged_only,gyro_gain_y,position_x,39,0.28129109144260533
baseline,sphere_still,bias1_unsubtracted,converged_only,gyro_gain_y,position_y,39,-0.2620003247444576
baseline,sphere_still,bias1_unsubtracted,converged_only,gyro_gain_y,position_z,39,-0.13945394915504744
baseline,sphere_still,bias1_unsubtracted,converged_only,gyro_gain_y,time_offset,39,-0.3398735066440715
baseline,sphere_still,bias1_unsubtracted,converged_only,gyro_gain_y,velocity_x,39,-0.38538287300280005
baseline,sphere_still,bias1_unsubtracted,converged_only,gyro_gain_y,velocity_y,39,-0.0235564103302445
baseline,sphere_still,bias1_unsubtracted,converged_only,gyro_gain_y,velocity_z,39,0.2214302571042983
baseline,sphere_still,bias1_unsubtracted,converged_only,gyro_gain_z,lever_x,39,0.1563204728292616
baseline,sphere_still,bias1_unsubtracted,converged_only,gyro_gain_z,lever_y,39,-0.22953587827988164
baseline,sphere_still,bias1_unsubtracted,converged_only,gyro_gain_z,lever_z,39,-0.1414907973788199
baseline,sphere_still,bias1_unsubtracted,converged_only,gyro_gain_z,position_x,39,0.043318049927486287
baseline,sphere_still,bias1_unsubtracted,converged_only,gyro_gain_z,position_y,39,0.24508339277130012
baseline,sphere_still,bias1_unsubtracted,converged_only,gyro_gain_z,position_z,39,0.23062002421270153
baseline,sphere_still,bias1_unsubtracted,converged_only,gyro_gain_z,time_offset,39,-0.04769784337242186
baseline,sphere_still,bias1_unsubtracted,converged_only,gyro_gain_z,velocity_x,39,0.10089626059305691
baseline,sphere_still,bias1_unsubtracted,converged_only,gyro_gain_z,velocity_y,39,-0.1297237636196446
baseline,sphere_still,bias1_unsubtracted,converged_only,gyro_gain_z,velocity_z,39,-0.17296501815952614
baseline,sphere_still,bias1_unsubtracted,converged_only,lever_x,lever_y,39,-0.3030840589645534
baseline,sphere_still,bias1_unsubtracted,converged_only,lever_x,lever_z,39,0.137244456923939
baseline,sphere_still,bias1_unsubtracted,converged_only,lever_x,position_x,39,0.1781424870748866
baseline,sphere_still,bias1_unsubtracted,converged_only,lever_x,position_y,39,0.4328107440213626
baseline,sphere_still,bias1_unsubtracted,converged_only,lever_x,position_z,39,0.0953261883454514
baseline,sphere_still,bias1_unsubtracted,converged_only,lever_x,time_offset,39,0.13905400046058347
baseline,sphere_still,bias1_unsubtracted,converged_only,lever_x,velocity_x,39,0.17112495144195577
baseline,sphere_still,bias1_unsubtracted,converged_only,lever_x,velocity_y,39,-0.07406555967204163
baseline,sphere_still,bias1_unsubtracted,converged_only,lever_x,velocity_z,39,0.014443361870522939
baseline,sphere_still,bias1_unsubtracted,converged_only,lever_y,lever_z,39,0.09581240899618522
baseline,sphere_still,bias1_unsubtracted,converged_only,lever_y,position_x,39,0.2195968590262685
baseline,sphere_still,bias1_unsubtracted,converged_only,lever_y,position_y,39,-0.11354118288709535
baseline,sphere_still,bias1_unsubtracted,converged_only,lever_y,position_z,39,-0.18743166726848012
baseline,sphere_still,bias1_unsubtracted,converged_only,lever_y,time_offset,39,0.034034848326505225
baseline,sphere_still,bias1_unsubtracted,converged_only,lever_y,velocity_x,39,-0.2735489197972413
baseline,sphere_still,bias1_unsubtracted,converged_only,lever_y,velocity_y,39,0.16210306358355037
baseline,sphere_still,bias1_unsubtracted,converged_only,lever_y,velocity_z,39,0.08795933279675602
baseline,sphere_still,bias1_unsubtracted,converged_only,lever_z,position_x,39,-0.020459454481815298
baseline,sphere_still,bias1_unsubtracted,converged_only,lever_z,position_y,39,0.002981284383180259
baseline,sphere_still,bias1_unsubtracted,converged_only,lever_z,position_z,39,-0.7450598102194593
baseline,sphere_still,bias1_unsubtracted,converged_only,lever_z,time_offset,39,0.16999556265886048
baseline,sphere_still,bias1_unsubtracted,converged_only,lever_z,velocity_x,39,-0.09792088482214557
baseline,sphere_still,bias1_unsubtracted,converged_only,lever_z,velocity_y,39,0.1802759920119095
baseline,sphere_still,bias1_unsubtracted,converged_only,lever_z,velocity_z,39,0.1510211617099156
baseline,sphere_still,bias1_unsubtracted,converged_only,position_x,position_y,39,-0.051417334454565346
baseline,sphere_still,bias1_unsubtracted,converged_only,position_x,position_z,39,-0.2049179398281168
baseline,sphere_still,bias1_unsubtracted,converged_only,position_x,time_offset,39,0.10278497545964355
baseline,sphere_still,bias1_unsubtracted,converged_only,position_x,velocity_x,39,-0.5640566547569588
baseline,sphere_still,bias1_unsubtracted,converged_only,position_x,velocity_y,39,0.2056277001343003
baseline,sphere_still,bias1_unsubtracted,converged_only,position_x,velocity_z,39,0.04430932197174025
baseline,sphere_still,bias1_unsubtracted,converged_only,position_y,position_z,39,0.4545454638623084
baseline,sphere_still,bias1_unsubtracted,converged_only,position_y,time_offset,39,0.590950739248382
baseline,sphere_still,bias1_unsubtracted,converged_only,position_y,velocity_x,39,0.46061956805645954
baseline,sphere_still,bias1_unsubtracted,converged_only,position_y,velocity_y,39,-0.6351488285684015
baseline,sphere_still,bias1_unsubtracted,converged_only,position_y,velocity_z,39,-0.22636161630203153
baseline,sphere_still,bias1_unsubtracted,converged_only,position_z,time_offset,39,0.11789826968355328
baseline,sphere_still,bias1_unsubtracted,converged_only,position_z,velocity_x,39,0.4052631578947368
baseline,sphere_still,bias1_unsubtracted,converged_only,position_z,velocity_y,39,-0.3459514170040486
baseline,sphere_still,bias1_unsubtracted,converged_only,position_z,velocity_z,39,-0.4018218623481781
baseline,sphere_still,bias1_unsubtracted,converged_only,time_offset,velocity_x,39,0.5283092918016801
baseline,sphere_still,bias1_unsubtracted,converged_only,time_offset,velocity_y,39,-0.39500386187538966
baseline,sphere_still,bias1_unsubtracted,converged_only,time_offset,velocity_z,39,0.09556905194045606
baseline,sphere_still,bias1_unsubtracted,converged_only,velocity_x,velocity_y,39,-0.401417004048583
baseline,sphere_still,bias1_unsubtracted,converged_only,velocity_x,velocity_z,39,0.09838056680161944
baseline,sphere_still,bias1_unsubtracted,converged_only,velocity_y,velocity_z,39,0.1297570850202429
trial,flat_still,bias1_profiled_removal,all_saved,accel_bias_x,accel_bias_y,2,
trial,flat_still,bias1_profiled_removal,all_saved,accel_bias_x,accel_bias_z,2,
trial,flat_still,bias1_profiled_removal,all_saved,accel_bias_x,accel_gain_x,2,
trial,flat_still,bias1_profiled_removal,all_saved,accel_bias_x,accel_gain_y,2,
trial,flat_still,bias1_profiled_removal,all_saved,accel_bias_x,accel_gain_z,2,
trial,flat_still,bias1_profiled_removal,all_saved,accel_bias_x,attitude_x,2,
trial,flat_still,bias1_profiled_removal,all_saved,accel_bias_x,attitude_y,2,
trial,flat_still,bias1_profiled_removal,all_saved,accel_bias_x,attitude_z,2,
trial,flat_still,bias1_profiled_removal,all_saved,accel_bias_x,earth_removal,2,
trial,flat_still,bias1_profiled_removal,all_saved,accel_bias_x,gravity_delta,2,
trial,flat_still,bias1_profiled_removal,all_saved,accel_bias_x,gyro_bias_x,2,
trial,flat_still,bias1_profiled_removal,all_saved,accel_bias_x,gyro_bias_y,2,
trial,flat_still,bias1_profiled_removal,all_saved,accel_bias_x,gyro_bias_z,2,
trial,flat_still,bias1_profiled_removal,all_saved,accel_bias_x,gyro_gain_x,2,
trial,flat_still,bias1_profiled_removal,all_saved,accel_bias_x,gyro_gain_y,2,
trial,flat_still,bias1_profiled_removal,all_saved,accel_bias_x,gyro_gain_z,2,
trial,flat_still,bias1_profiled_removal,all_saved,accel_bias_x,lever_x,2,
trial,flat_still,bias1_profiled_removal,all_saved,accel_bias_x,lever_y,2,
trial,flat_still,bias1_profiled_removal,all_saved,accel_bias_x,lever_z,2,
trial,flat_still,bias1_profiled_removal,all_saved,accel_bias_x,position_x,2,
trial,flat_still,bias1_profiled_removal,all_saved,accel_bias_x,position_y,2,
trial,flat_still,bias1_profiled_removal,all_saved,accel_bias_x,position_z,2,
trial,flat_still,bias1_profiled_removal,all_saved,accel_bias_x,time_offset,2,
trial,flat_still,bias1_profiled_removal,all_saved,accel_bias_x,velocity_x,2,
trial,flat_still,bias1_profiled_removal,all_saved,accel_bias_x,velocity_y,2,
trial,flat_still,bias1_profiled_removal,all_saved,accel_bias_x,velocity_z,2,
trial,flat_still,bias1_profiled_removal,all_saved,accel_bias_y,accel_bias_z,2,
trial,flat_still,bias1_profiled_removal,all_saved,accel_bias_y,accel_gain_x,2,
trial,flat_still,bias1_profiled_removal,all_saved,accel_bias_y,accel_gain_y,2,
trial,flat_still,bias1_profiled_removal,all_saved,accel_bias_y,accel_gain_z,2,
trial,flat_still,bias1_profiled_removal,all_saved,accel_bias_y,attitude_x,2,
trial,flat_still,bias1_profiled_removal,all_saved,accel_bias_y,attitude_y,2,
trial,flat_still,bias1_profiled_removal,all_saved,accel_bias_y,attitude_z,2,
trial,flat_still,bias1_profiled_removal,all_saved,accel_bias_y,earth_removal,2,
trial,flat_still,bias1_profiled_removal,all_saved,accel_bias_y,gravity_delta,2,
trial,flat_still,bias1_profiled_removal,all_saved,accel_bias_y,gyro_bias_x,2,
trial,flat_still,bias1_profiled_removal,all_saved,accel_bias_y,gyro_bias_y,2,
trial,flat_still,bias1_profiled_removal,all_saved,accel_bias_y,gyro_bias_z,2,
trial,flat_still,bias1_profiled_removal,all_saved,accel_bias_y,gyro_gain_x,2,
trial,flat_still,bias1_profiled_removal,all_saved,accel_bias_y,gyro_gain_y,2,
trial,flat_still,bias1_profiled_removal,all_saved,accel_bias_y,gyro_gain_z,2,
trial,flat_still,bias1_profiled_removal,all_saved,accel_bias_y,lever_x,2,
trial,flat_still,bias1_profiled_removal,all_saved,accel_bias_y,lever_y,2,
trial,flat_still,bias1_profiled_removal,all_saved,accel_bias_y,lever_z,2,
trial,flat_still,bias1_profiled_removal,all_saved,accel_bias_y,position_x,2,
trial,flat_still,bias1_profiled_removal,all_saved,accel_bias_y,position_y,2,
trial,flat_still,bias1_profiled_removal,all_saved,accel_bias_y,position_z,2,
trial,flat_still,bias1_profiled_removal,all_saved,accel_bias_y,time_offset,2,
trial,flat_still,bias1_profiled_removal,all_saved,accel_bias_y,velocity_x,2,
trial,flat_still,bias1_profiled_removal,all_saved,accel_bias_y,velocity_y,2,
trial,flat_still,bias1_profiled_removal,all_saved,accel_bias_y,velocity_z,2,
trial,flat_still,bias1_profiled_removal,all_saved,accel_bias_z,accel_gain_x,2,
trial,flat_still,bias1_profiled_removal,all_saved,accel_bias_z,accel_gain_y,2,
trial,flat_still,bias1_profiled_removal,all_saved,accel_bias_z,accel_gain_z,2,
trial,flat_still,bias1_profiled_removal,all_saved,accel_bias_z,attitude_x,2,
trial,flat_still,bias1_profiled_removal,all_saved,accel_bias_z,attitude_y,2,
trial,flat_still,bias1_profiled_removal,all_saved,accel_bias_z,attitude_z,2,
trial,flat_still,bias1_profiled_removal,all_saved,accel_bias_z,earth_removal,2,
trial,flat_still,bias1_profiled_removal,all_saved,accel_bias_z,gravity_delta,2,
trial,flat_still,bias1_profiled_removal,all_saved,accel_bias_z,gyro_bias_x,2,
trial,flat_still,bias1_profiled_removal,all_saved,accel_bias_z,gyro_bias_y,2,
trial,flat_still,bias1_profiled_removal,all_saved,accel_bias_z,gyro_bias_z,2,
trial,flat_still,bias1_profiled_removal,all_saved,accel_bias_z,gyro_gain_x,2,
trial,flat_still,bias1_profiled_removal,all_saved,accel_bias_z,gyro_gain_y,2,
trial,flat_still,bias1_profiled_removal,all_saved,accel_bias_z,gyro_gain_z,2,
trial,flat_still,bias1_profiled_removal,all_saved,accel_bias_z,lever_x,2,
trial,flat_still,bias1_profiled_removal,all_saved,accel_bias_z,lever_y,2,
trial,flat_still,bias1_profiled_removal,all_saved,accel_bias_z,lever_z,2,
trial,flat_still,bias1_profiled_removal,all_saved,accel_bias_z,position_x,2,
trial,flat_still,bias1_profiled_removal,all_saved,accel_bias_z,position_y,2,
trial,flat_still,bias1_profiled_removal,all_saved,accel_bias_z,position_z,2,
trial,flat_still,bias1_profiled_removal,all_saved,accel_bias_z,time_offset,2,
trial,flat_still,bias1_profiled_removal,all_saved,accel_bias_z,velocity_x,2,
trial,flat_still,bias1_profiled_removal,all_saved,accel_bias_z,velocity_y,2,
trial,flat_still,bias1_profiled_removal,all_saved,accel_bias_z,velocity_z,2,
trial,flat_still,bias1_profiled_removal,all_saved,accel_gain_x,accel_gain_y,2,
trial,flat_still,bias1_profiled_removal,all_saved,accel_gain_x,accel_gain_z,2,
trial,flat_still,bias1_profiled_removal,all_saved,accel_gain_x,attitude_x,2,
trial,flat_still,bias1_profiled_removal,all_saved,accel_gain_x,attitude_y,2,
trial,flat_still,bias1_profiled_removal,all_saved,accel_gain_x,attitude_z,2,
trial,flat_still,bias1_profiled_removal,all_saved,accel_gain_x,earth_removal,2,
trial,flat_still,bias1_profiled_removal,all_saved,accel_gain_x,gravity_delta,2,
trial,flat_still,bias1_profiled_removal,all_saved,accel_gain_x,gyro_bias_x,2,
trial,flat_still,bias1_profiled_removal,all_saved,accel_gain_x,gyro_bias_y,2,
trial,flat_still,bias1_profiled_removal,all_saved,accel_gain_x,gyro_bias_z,2,
trial,flat_still,bias1_profiled_removal,all_saved,accel_gain_x,gyro_gain_x,2,
trial,flat_still,bias1_profiled_removal,all_saved,accel_gain_x,gyro_gain_y,2,
trial,flat_still,bias1_profiled_removal,all_saved,accel_gain_x,gyro_gain_z,2,
trial,flat_still,bias1_profiled_removal,all_saved,accel_gain_x,lever_x,2,
trial,flat_still,bias1_profiled_removal,all_saved,accel_gain_x,lever_y,2,
trial,flat_still,bias1_profiled_removal,all_saved,accel_gain_x,lever_z,2,
trial,flat_still,bias1_profiled_removal,all_saved,accel_gain_x,position_x,2,
trial,flat_still,bias1_profiled_removal,all_saved,accel_gain_x,position_y,2,
trial,flat_still,bias1_profiled_removal,all_saved,accel_gain_x,position_z,2,
trial,flat_still,bias1_profiled_removal,all_saved,accel_gain_x,time_offset,2,
trial,flat_still,bias1_profiled_removal,all_saved,accel_gain_x,velocity_x,2,
trial,flat_still,bias1_profiled_removal,all_saved,accel_gain_x,velocity_y,2,
trial,flat_still,bias1_profiled_removal,all_saved,accel_gain_x,velocity_z,2,
trial,flat_still,bias1_profiled_removal,all_saved,accel_gain_y,accel_gain_z,2,
trial,flat_still,bias1_profiled_removal,all_saved,accel_gain_y,attitude_x,2,
trial,flat_still,bias1_profiled_removal,all_saved,accel_gain_y,attitude_y,2,
trial,flat_still,bias1_profiled_removal,all_saved,accel_gain_y,attitude_z,2,
trial,flat_still,bias1_profiled_removal,all_saved,accel_gain_y,earth_removal,2,
trial,flat_still,bias1_profiled_removal,all_saved,accel_gain_y,gravity_delta,2,
trial,flat_still,bias1_profiled_removal,all_saved,accel_gain_y,gyro_bias_x,2,
trial,flat_still,bias1_profiled_removal,all_saved,accel_gain_y,gyro_bias_y,2,
trial,flat_still,bias1_profiled_removal,all_saved,accel_gain_y,gyro_bias_z,2,
trial,flat_still,bias1_profiled_removal,all_saved,accel_gain_y,gyro_gain_x,2,
trial,flat_still,bias1_profiled_removal,all_saved,accel_gain_y,gyro_gain_y,2,
trial,flat_still,bias1_profiled_removal,all_saved,accel_gain_y,gyro_gain_z,2,
trial,flat_still,bias1_profiled_removal,all_saved,accel_gain_y,lever_x,2,
trial,flat_still,bias1_profiled_removal,all_saved,accel_gain_y,lever_y,2,
trial,flat_still,bias1_profiled_removal,all_saved,accel_gain_y,lever_z,2,
trial,flat_still,bias1_profiled_removal,all_saved,accel_gain_y,position_x,2,
trial,flat_still,bias1_profiled_removal,all_saved,accel_gain_y,position_y,2,
trial,flat_still,bias1_profiled_removal,all_saved,accel_gain_y,position_z,2,
trial,flat_still,bias1_profiled_removal,all_saved,accel_gain_y,time_offset,2,
trial,flat_still,bias1_profiled_removal,all_saved,accel_gain_y,velocity_x,2,
trial,flat_still,bias1_profiled_removal,all_saved,accel_gain_y,velocity_y,2,
trial,flat_still,bias1_profiled_removal,all_saved,accel_gain_y,velocity_z,2,
trial,flat_still,bias1_profiled_removal,all_saved,accel_gain_z,attitude_x,2,
trial,flat_still,bias1_profiled_removal,all_saved,accel_gain_z,attitude_y,2,
trial,flat_still,bias1_profiled_removal,all_saved,accel_gain_z,attitude_z,2,
trial,flat_still,bias1_profiled_removal,all_saved,accel_gain_z,earth_removal,2,
trial,flat_still,bias1_profiled_removal,all_saved,accel_gain_z,gravity_delta,2,
trial,flat_still,bias1_profiled_removal,all_saved,accel_gain_z,gyro_bias_x,2,
trial,flat_still,bias1_profiled_removal,all_saved,accel_gain_z,gyro_bias_y,2,
trial,flat_still,bias1_profiled_removal,all_saved,accel_gain_z,gyro_bias_z,2,
trial,flat_still,bias1_profiled_removal,all_saved,accel_gain_z,gyro_gain_x,2,
trial,flat_still,bias1_profiled_removal,all_saved,accel_gain_z,gyro_gain_y,2,
trial,flat_still,bias1_profiled_removal,all_saved,accel_gain_z,gyro_gain_z,2,
trial,flat_still,bias1_profiled_removal,all_saved,accel_gain_z,lever_x,2,
trial,flat_still,bias1_profiled_removal,all_saved,accel_gain_z,lever_y,2,
trial,flat_still,bias1_profiled_removal,all_saved,accel_gain_z,lever_z,2,
trial,flat_still,bias1_profiled_removal,all_saved,accel_gain_z,position_x,2,
trial,flat_still,bias1_profiled_removal,all_saved,accel_gain_z,position_y,2,
trial,flat_still,bias1_profiled_removal,all_saved,accel_gain_z,position_z,2,
trial,flat_still,bias1_profiled_removal,all_saved,accel_gain_z,time_offset,2,
trial,flat_still,bias1_profiled_removal,all_saved,accel_gain_z,velocity_x,2,
trial,flat_still,bias1_profiled_removal,all_saved,accel_gain_z,velocity_y,2,
trial,flat_still,bias1_profiled_removal,all_saved,accel_gain_z,velocity_z,2,
trial,flat_still,bias1_profiled_removal,all_saved,attitude_x,attitude_y,2,
trial,flat_still,bias1_profiled_removal,all_saved,attitude_x,attitude_z,2,
trial,flat_still,bias1_profiled_removal,all_saved,attitude_x,earth_removal,2,
trial,flat_still,bias1_profiled_removal,all_saved,attitude_x,gravity_delta,2,
trial,flat_still,bias1_profiled_removal,all_saved,attitude_x,gyro_bias_x,2,
trial,flat_still,bias1_profiled_removal,all_saved,attitude_x,gyro_bias_y,2,
trial,flat_still,bias1_profiled_removal,all_saved,attitude_x,gyro_bias_z,2,
trial,flat_still,bias1_profiled_removal,all_saved,attitude_x,gyro_gain_x,2,
trial,flat_still,bias1_profiled_removal,all_saved,attitude_x,gyro_gain_y,2,
trial,flat_still,bias1_profiled_removal,all_saved,attitude_x,gyro_gain_z,2,
trial,flat_still,bias1_profiled_removal,all_saved,attitude_x,lever_x,2,
trial,flat_still,bias1_profiled_removal,all_saved,attitude_x,lever_y,2,
trial,flat_still,bias1_profiled_removal,all_saved,attitude_x,lever_z,2,
trial,flat_still,bias1_profiled_removal,all_saved,attitude_x,position_x,2,
trial,flat_still,bias1_profiled_removal,all_saved,attitude_x,position_y,2,
trial,flat_still,bias1_profiled_removal,all_saved,attitude_x,position_z,2,
trial,flat_still,bias1_profiled_removal,all_saved,attitude_x,time_offset,2,
trial,flat_still,bias1_profiled_removal,all_saved,attitude_x,velocity_x,2,
trial,flat_still,bias1_profiled_removal,all_saved,attitude_x,velocity_y,2,
trial,flat_still,bias1_profiled_removal,all_saved,attitude_x,velocity_z,2,
trial,flat_still,bias1_profiled_removal,all_saved,attitude_y,attitude_z,2,
trial,flat_still,bias1_profiled_removal,all_saved,attitude_y,earth_removal,2,
trial,flat_still,bias1_profiled_removal,all_saved,attitude_y,gravity_delta,2,
trial,flat_still,bias1_profiled_removal,all_saved,attitude_y,gyro_bias_x,2,
trial,flat_still,bias1_profiled_removal,all_saved,attitude_y,gyro_bias_y,2,
trial,flat_still,bias1_profiled_removal,all_saved,attitude_y,gyro_bias_z,2,
trial,flat_still,bias1_profiled_removal,all_saved,attitude_y,gyro_gain_x,2,
trial,flat_still,bias1_profiled_removal,all_saved,attitude_y,gyro_gain_y,2,
trial,flat_still,bias1_profiled_removal,all_saved,attitude_y,gyro_gain_z,2,
trial,flat_still,bias1_profiled_removal,all_saved,attitude_y,lever_x,2,
trial,flat_still,bias1_profiled_removal,all_saved,attitude_y,lever_y,2,
trial,flat_still,bias1_profiled_removal,all_saved,attitude_y,lever_z,2,
trial,flat_still,bias1_profiled_removal,all_saved,attitude_y,position_x,2,
trial,flat_still,bias1_profiled_removal,all_saved,attitude_y,position_y,2,
trial,flat_still,bias1_profiled_removal,all_saved,attitude_y,position_z,2,
trial,flat_still,bias1_profiled_removal,all_saved,attitude_y,time_offset,2,
trial,flat_still,bias1_profiled_removal,all_saved,attitude_y,velocity_x,2,
trial,flat_still,bias1_profiled_removal,all_saved,attitude_y,velocity_y,2,
trial,flat_still,bias1_profiled_removal,all_saved,attitude_y,velocity_z,2,
trial,flat_still,bias1_profiled_removal,all_saved,attitude_z,earth_removal,2,
trial,flat_still,bias1_profiled_removal,all_saved,attitude_z,gravity_delta,2,
trial,flat_still,bias1_profiled_removal,all_saved,attitude_z,gyro_bias_x,2,
trial,flat_still,bias1_profiled_removal,all_saved,attitude_z,gyro_bias_y,2,
trial,flat_still,bias1_profiled_removal,all_saved,attitude_z,gyro_bias_z,2,
trial,flat_still,bias1_profiled_removal,all_saved,attitude_z,gyro_gain_x,2,
trial,flat_still,bias1_profiled_removal,all_saved,attitude_z,gyro_gain_y,2,
trial,flat_still,bias1_profiled_removal,all_saved,attitude_z,gyro_gain_z,2,
trial,flat_still,bias1_profiled_removal,all_saved,attitude_z,lever_x,2,
trial,flat_still,bias1_profiled_removal,all_saved,attitude_z,lever_y,2,
trial,flat_still,bias1_profiled_removal,all_saved,attitude_z,lever_z,2,
trial,flat_still,bias1_profiled_removal,all_saved,attitude_z,position_x,2,
trial,flat_still,bias1_profiled_removal,all_saved,attitude_z,position_y,2,
trial,flat_still,bias1_profiled_removal,all_saved,attitude_z,position_z,2,
trial,flat_still,bias1_profiled_removal,all_saved,attitude_z,time_offset,2,
trial,flat_still,bias1_profiled_removal,all_saved,attitude_z,velocity_x,2,
trial,flat_still,bias1_profiled_removal,all_saved,attitude_z,velocity_y,2,
trial,flat_still,bias1_profiled_removal,all_saved,attitude_z,velocity_z,2,
trial,flat_still,bias1_profiled_removal,all_saved,earth_removal,gravity_delta,2,
trial,flat_still,bias1_profiled_removal,all_saved,earth_removal,gyro_bias_x,2,
trial,flat_still,bias1_profiled_removal,all_saved,earth_removal,gyro_bias_y,2,
trial,flat_still,bias1_profiled_removal,all_saved,earth_removal,gyro_bias_z,2,
trial,flat_still,bias1_profiled_removal,all_saved,earth_removal,gyro_gain_x,2,
trial,flat_still,bias1_profiled_removal,all_saved,earth_removal,gyro_gain_y,2,
trial,flat_still,bias1_profiled_removal,all_saved,earth_removal,gyro_gain_z,2,
trial,flat_still,bias1_profiled_removal,all_saved,earth_removal,lever_x,2,
trial,flat_still,bias1_profiled_removal,all_saved,earth_removal,lever_y,2,
trial,flat_still,bias1_profiled_removal,all_saved,earth_removal,lever_z,2,
trial,flat_still,bias1_profiled_removal,all_saved,earth_removal,position_x,2,
trial,flat_still,bias1_profiled_removal,all_saved,earth_removal,position_y,2,
trial,flat_still,bias1_profiled_removal,all_saved,earth_removal,position_z,2,
trial,flat_still,bias1_profiled_removal,all_saved,earth_removal,time_offset,2,
trial,flat_still,bias1_profiled_removal,all_saved,earth_removal,velocity_x,2,
trial,flat_still,bias1_profiled_removal,all_saved,earth_removal,velocity_y,2,
trial,flat_still,bias1_profiled_removal,all_saved,earth_removal,velocity_z,2,
trial,flat_still,bias1_profiled_removal,all_saved,gravity_delta,gyro_bias_x,2,
trial,flat_still,bias1_profiled_removal,all_saved,gravity_delta,gyro_bias_y,2,
trial,flat_still,bias1_profiled_removal,all_saved,gravity_delta,gyro_bias_z,2,
trial,flat_still,bias1_profiled_removal,all_saved,gravity_delta,gyro_gain_x,2,
trial,flat_still,bias1_profiled_removal,all_saved,gravity_delta,gyro_gain_y,2,
trial,flat_still,bias1_profiled_removal,all_saved,gravity_delta,gyro_gain_z,2,
trial,flat_still,bias1_profiled_removal,all_saved,gravity_delta,lever_x,2,
trial,flat_still,bias1_profiled_removal,all_saved,gravity_delta,lever_y,2,
trial,flat_still,bias1_profiled_removal,all_saved,gravity_delta,lever_z,2,
trial,flat_still,bias1_profiled_removal,all_saved,gravity_delta,position_x,2,
trial,flat_still,bias1_profiled_removal,all_saved,gravity_delta,position_y,2,
trial,flat_still,bias1_profiled_removal,all_saved,gravity_delta,position_z,2,
trial,flat_still,bias1_profiled_removal,all_saved,gravity_delta,time_offset,2,
trial,flat_still,bias1_profiled_removal,all_saved,gravity_delta,velocity_x,2,
trial,flat_still,bias1_profiled_removal,all_saved,gravity_delta,velocity_y,2,
trial,flat_still,bias1_profiled_removal,all_saved,gravity_delta,velocity_z,2,
trial,flat_still,bias1_profiled_removal,all_saved,gyro_bias_x,gyro_bias_y,2,
trial,flat_still,bias1_profiled_removal,all_saved,gyro_bias_x,gyro_bias_z,2,
trial,flat_still,bias1_profiled_removal,all_saved,gyro_bias_x,gyro_gain_x,2,
trial,flat_still,bias1_profiled_removal,all_saved,gyro_bias_x,gyro_gain_y,2,
trial,flat_still,bias1_profiled_removal,all_saved,gyro_bias_x,gyro_gain_z,2,
trial,flat_still,bias1_profiled_removal,all_saved,gyro_bias_x,lever_x,2,
trial,flat_still,bias1_profiled_removal,all_saved,gyro_bias_x,lever_y,2,
trial,flat_still,bias1_profiled_removal,all_saved,gyro_bias_x,lever_z,2,
trial,flat_still,bias1_profiled_removal,all_saved,gyro_bias_x,position_x,2,
trial,flat_still,bias1_profiled_removal,all_saved,gyro_bias_x,position_y,2,
trial,flat_still,bias1_profiled_removal,all_saved,gyro_bias_x,position_z,2,
trial,flat_still,bias1_profiled_removal,all_saved,gyro_bias_x,time_offset,2,
trial,flat_still,bias1_profiled_removal,all_saved,gyro_bias_x,velocity_x,2,
trial,flat_still,bias1_profiled_removal,all_saved,gyro_bias_x,velocity_y,2,
trial,flat_still,bias1_profiled_removal,all_saved,gyro_bias_x,velocity_z,2,
trial,flat_still,bias1_profiled_removal,all_saved,gyro_bias_y,gyro_bias_z,2,
trial,flat_still,bias1_profiled_removal,all_saved,gyro_bias_y,gyro_gain_x,2,
trial,flat_still,bias1_profiled_removal,all_saved,gyro_bias_y,gyro_gain_y,2,
trial,flat_still,bias1_profiled_removal,all_saved,gyro_bias_y,gyro_gain_z,2,
trial,flat_still,bias1_profiled_removal,all_saved,gyro_bias_y,lever_x,2,
trial,flat_still,bias1_profiled_removal,all_saved,gyro_bias_y,lever_y,2,
trial,flat_still,bias1_profiled_removal,all_saved,gyro_bias_y,lever_z,2,
trial,flat_still,bias1_profiled_removal,all_saved,gyro_bias_y,position_x,2,
trial,flat_still,bias1_profiled_removal,all_saved,gyro_bias_y,position_y,2,
trial,flat_still,bias1_profiled_removal,all_saved,gyro_bias_y,position_z,2,
trial,flat_still,bias1_profiled_removal,all_saved,gyro_bias_y,time_offset,2,
trial,flat_still,bias1_profiled_removal,all_saved,gyro_bias_y,velocity_x,2,
trial,flat_still,bias1_profiled_removal,all_saved,gyro_bias_y,velocity_y,2,
trial,flat_still,bias1_profiled_removal,all_saved,gyro_bias_y,velocity_z,2,
trial,flat_still,bias1_profiled_removal,all_saved,gyro_bias_z,gyro_gain_x,2,
trial,flat_still,bias1_profiled_removal,all_saved,gyro_bias_z,gyro_gain_y,2,
trial,flat_still,bias1_profiled_removal,all_saved,gyro_bias_z,gyro_gain_z,2,
trial,flat_still,bias1_profiled_removal,all_saved,gyro_bias_z,lever_x,2,
trial,flat_still,bias1_profiled_removal,all_saved,gyro_bias_z,lever_y,2,
trial,flat_still,bias1_profiled_removal,all_saved,gyro_bias_z,lever_z,2,
trial,flat_still,bias1_profiled_removal,all_saved,gyro_bias_z,position_x,2,
trial,flat_still,bias1_profiled_removal,all_saved,gyro_bias_z,position_y,2,
trial,flat_still,bias1_profiled_removal,all_saved,gyro_bias_z,position_z,2,
trial,flat_still,bias1_profiled_removal,all_saved,gyro_bias_z,time_offset,2,
trial,flat_still,bias1_profiled_removal,all_saved,gyro_bias_z,velocity_x,2,
trial,flat_still,bias1_profiled_removal,all_saved,gyro_bias_z,velocity_y,2,
trial,flat_still,bias1_profiled_removal,all_saved,gyro_bias_z,velocity_z,2,
trial,flat_still,bias1_profiled_removal,all_saved,gyro_gain_x,gyro_gain_y,2,
trial,flat_still,bias1_profiled_removal,all_saved,gyro_gain_x,gyro_gain_z,2,
trial,flat_still,bias1_profiled_removal,all_saved,gyro_gain_x,lever_x,2,
trial,flat_still,bias1_profiled_removal,all_saved,gyro_gain_x,lever_y,2,
trial,flat_still,bias1_profiled_removal,all_saved,gyro_gain_x,lever_z,2,
trial,flat_still,bias1_profiled_removal,all_saved,gyro_gain_x,position_x,2,
trial,flat_still,bias1_profiled_removal,all_saved,gyro_gain_x,position_y,2,
trial,flat_still,bias1_profiled_removal,all_saved,gyro_gain_x,position_z,2,
trial,flat_still,bias1_profiled_removal,all_saved,gyro_gain_x,time_offset,2,
trial,flat_still,bias1_profiled_removal,all_saved,gyro_gain_x,velocity_x,2,
trial,flat_still,bias1_profiled_removal,all_saved,gyro_gain_x,velocity_y,2,
trial,flat_still,bias1_profiled_removal,all_saved,gyro_gain_x,velocity_z,2,
trial,flat_still,bias1_profiled_removal,all_saved,gyro_gain_y,gyro_gain_z,2,
trial,flat_still,bias1_profiled_removal,all_saved,gyro_gain_y,lever_x,2,
trial,flat_still,bias1_profiled_removal,all_saved,gyro_gain_y,lever_y,2,
trial,flat_still,bias1_profiled_removal,all_saved,gyro_gain_y,lever_z,2,
trial,flat_still,bias1_profiled_removal,all_saved,gyro_gain_y,position_x,2,
trial,flat_still,bias1_profiled_removal,all_saved,gyro_gain_y,position_y,2,
trial,flat_still,bias1_profiled_removal,all_saved,gyro_gain_y,position_z,2,
trial,flat_still,bias1_profiled_removal,all_saved,gyro_gain_y,time_offset,2,
trial,flat_still,bias1_profiled_removal,all_saved,gyro_gain_y,velocity_x,2,
trial,flat_still,bias1_profiled_removal,all_saved,gyro_gain_y,velocity_y,2,
trial,flat_still,bias1_profiled_removal,all_saved,gyro_gain_y,velocity_z,2,
trial,flat_still,bias1_profiled_removal,all_saved,gyro_gain_z,lever_x,2,
trial,flat_still,bias1_profiled_removal,all_saved,gyro_gain_z,lever_y,2,
trial,flat_still,bias1_profiled_removal,all_saved,gyro_gain_z,lever_z,2,
trial,flat_still,bias1_profiled_removal,all_saved,gyro_gain_z,position_x,2,
trial,flat_still,bias1_profiled_removal,all_saved,gyro_gain_z,position_y,2,
trial,flat_still,bias1_profiled_removal,all_saved,gyro_gain_z,position_z,2,
trial,flat_still,bias1_profiled_removal,all_saved,gyro_gain_z,time_offset,2,
trial,flat_still,bias1_profiled_removal,all_saved,gyro_gain_z,velocity_x,2,
trial,flat_still,bias1_profiled_removal,all_saved,gyro_gain_z,velocity_y,2,
trial,flat_still,bias1_profiled_removal,all_saved,gyro_gain_z,velocity_z,2,
trial,flat_still,bias1_profiled_removal,all_saved,lever_x,lever_y,2,
trial,flat_still,bias1_profiled_removal,all_saved,lever_x,lever_z,2,
trial,flat_still,bias1_profiled_removal,all_saved,lever_x,position_x,2,
trial,flat_still,bias1_profiled_removal,all_saved,lever_x,position_y,2,
trial,flat_still,bias1_profiled_removal,all_saved,lever_x,position_z,2,
trial,flat_still,bias1_profiled_removal,all_saved,lever_x,time_offset,2,
trial,flat_still,bias1_profiled_removal,all_saved,lever_x,velocity_x,2,
trial,flat_still,bias1_profiled_removal,all_saved,lever_x,velocity_y,2,
trial,flat_still,bias1_profiled_removal,all_saved,lever_x,velocity_z,2,
trial,flat_still,bias1_profiled_removal,all_saved,lever_y,lever_z,2,
trial,flat_still,bias1_profiled_removal,all_saved,lever_y,position_x,2,
trial,flat_still,bias1_profiled_removal,all_saved,lever_y,position_y,2,
trial,flat_still,bias1_profiled_removal,all_saved,lever_y,position_z,2,
trial,flat_still,bias1_profiled_removal,all_saved,lever_y,time_offset,2,
trial,flat_still,bias1_profiled_removal,all_saved,lever_y,velocity_x,2,
trial,flat_still,bias1_profiled_removal,all_saved,lever_y,velocity_y,2,
trial,flat_still,bias1_profiled_removal,all_saved,lever_y,velocity_z,2,
trial,flat_still,bias1_profiled_removal,all_saved,lever_z,position_x,2,
trial,flat_still,bias1_profiled_removal,all_saved,lever_z,position_y,2,
trial,flat_still,bias1_profiled_removal,all_saved,lever_z,position_z,2,
trial,flat_still,bias1_profiled_removal,all_saved,lever_z,time_offset,2,
trial,flat_still,bias1_profiled_removal,all_saved,lever_z,velocity_x,2,
trial,flat_still,bias1_profiled_removal,all_saved,lever_z,velocity_y,2,
trial,flat_still,bias1_profiled_removal,all_saved,lever_z,velocity_z,2,
trial,flat_still,bias1_profiled_removal,all_saved,position_x,position_y,2,
trial,flat_still,bias1_profiled_removal,all_saved,position_x,position_z,2,
trial,flat_still,bias1_profiled_removal,all_saved,position_x,time_offset,2,
trial,flat_still,bias1_profiled_removal,all_saved,position_x,velocity_x,2,
trial,flat_still,bias1_profiled_removal,all_saved,position_x,velocity_y,2,
trial,flat_still,bias1_profiled_removal,all_saved,position_x,velocity_z,2,
trial,flat_still,bias1_profiled_removal,all_saved,position_y,position_z,2,
trial,flat_still,bias1_profiled_removal,all_saved,position_y,time_offset,2,
trial,flat_still,bias1_profiled_removal,all_saved,position_y,velocity_x,2,
trial,flat_still,bias1_profiled_removal,all_saved,position_y,velocity_y,2,
trial,flat_still,bias1_profiled_removal,all_saved,position_y,velocity_z,2,
trial,flat_still,bias1_profiled_removal,all_saved,position_z,time_offset,2,
trial,flat_still,bias1_profiled_removal,all_saved,position_z,velocity_x,2,
trial,flat_still,bias1_profiled_removal,all_saved,position_z,velocity_y,2,
trial,flat_still,bias1_profiled_removal,all_saved,position_z,velocity_z,2,
trial,flat_still,bias1_profiled_removal,all_saved,time_offset,velocity_x,2,
trial,flat_still,bias1_profiled_removal,all_saved,time_offset,velocity_y,2,
trial,flat_still,bias1_profiled_removal,all_saved,time_offset,velocity_z,2,
trial,flat_still,bias1_profiled_removal,all_saved,velocity_x,velocity_y,2,
trial,flat_still,bias1_profiled_removal,all_saved,velocity_x,velocity_z,2,
trial,flat_still,bias1_profiled_removal,all_saved,velocity_y,velocity_z,2,
trial,flat_still,bias1_profiled_removal,converged_only,accel_bias_x,accel_bias_y,2,
trial,flat_still,bias1_profiled_removal,converged_only,accel_bias_x,accel_bias_z,2,
trial,flat_still,bias1_profiled_removal,converged_only,accel_bias_x,accel_gain_x,2,
trial,flat_still,bias1_profiled_removal,converged_only,accel_bias_x,accel_gain_y,2,
trial,flat_still,bias1_profiled_removal,converged_only,accel_bias_x,accel_gain_z,2,
trial,flat_still,bias1_profiled_removal,converged_only,accel_bias_x,attitude_x,2,
trial,flat_still,bias1_profiled_removal,converged_only,accel_bias_x,attitude_y,2,
trial,flat_still,bias1_profiled_removal,converged_only,accel_bias_x,attitude_z,2,
trial,flat_still,bias1_profiled_removal,converged_only,accel_bias_x,earth_removal,2,
trial,flat_still,bias1_profiled_removal,converged_only,accel_bias_x,gravity_delta,2,
trial,flat_still,bias1_profiled_removal,converged_only,accel_bias_x,gyro_bias_x,2,
trial,flat_still,bias1_profiled_removal,converged_only,accel_bias_x,gyro_bias_y,2,
trial,flat_still,bias1_profiled_removal,converged_only,accel_bias_x,gyro_bias_z,2,
trial,flat_still,bias1_profiled_removal,converged_only,accel_bias_x,gyro_gain_x,2,
trial,flat_still,bias1_profiled_removal,converged_only,accel_bias_x,gyro_gain_y,2,
trial,flat_still,bias1_profiled_removal,converged_only,accel_bias_x,gyro_gain_z,2,
trial,flat_still,bias1_profiled_removal,converged_only,accel_bias_x,lever_x,2,
trial,flat_still,bias1_profiled_removal,converged_only,accel_bias_x,lever_y,2,
trial,flat_still,bias1_profiled_removal,converged_only,accel_bias_x,lever_z,2,
trial,flat_still,bias1_profiled_removal,converged_only,accel_bias_x,position_x,2,
trial,flat_still,bias1_profiled_removal,converged_only,accel_bias_x,position_y,2,
trial,flat_still,bias1_profiled_removal,converged_only,accel_bias_x,position_z,2,
trial,flat_still,bias1_profiled_removal,converged_only,accel_bias_x,time_offset,2,
trial,flat_still,bias1_profiled_removal,converged_only,accel_bias_x,velocity_x,2,
trial,flat_still,bias1_profiled_removal,converged_only,accel_bias_x,velocity_y,2,
trial,flat_still,bias1_profiled_removal,converged_only,accel_bias_x,velocity_z,2,
trial,flat_still,bias1_profiled_removal,converged_only,accel_bias_y,accel_bias_z,2,
trial,flat_still,bias1_profiled_removal,converged_only,accel_bias_y,accel_gain_x,2,
trial,flat_still,bias1_profiled_removal,converged_only,accel_bias_y,accel_gain_y,2,
trial,flat_still,bias1_profiled_removal,converged_only,accel_bias_y,accel_gain_z,2,
trial,flat_still,bias1_profiled_removal,converged_only,accel_bias_y,attitude_x,2,
trial,flat_still,bias1_profiled_removal,converged_only,accel_bias_y,attitude_y,2,
trial,flat_still,bias1_profiled_removal,converged_only,accel_bias_y,attitude_z,2,
trial,flat_still,bias1_profiled_removal,converged_only,accel_bias_y,earth_removal,2,
trial,flat_still,bias1_profiled_removal,converged_only,accel_bias_y,gravity_delta,2,
trial,flat_still,bias1_profiled_removal,converged_only,accel_bias_y,gyro_bias_x,2,
trial,flat_still,bias1_profiled_removal,converged_only,accel_bias_y,gyro_bias_y,2,
trial,flat_still,bias1_profiled_removal,converged_only,accel_bias_y,gyro_bias_z,2,
trial,flat_still,bias1_profiled_removal,converged_only,accel_bias_y,gyro_gain_x,2,
trial,flat_still,bias1_profiled_removal,converged_only,accel_bias_y,gyro_gain_y,2,
trial,flat_still,bias1_profiled_removal,converged_only,accel_bias_y,gyro_gain_z,2,
trial,flat_still,bias1_profiled_removal,converged_only,accel_bias_y,lever_x,2,
trial,flat_still,bias1_profiled_removal,converged_only,accel_bias_y,lever_y,2,
trial,flat_still,bias1_profiled_removal,converged_only,accel_bias_y,lever_z,2,
trial,flat_still,bias1_profiled_removal,converged_only,accel_bias_y,position_x,2,
trial,flat_still,bias1_profiled_removal,converged_only,accel_bias_y,position_y,2,
trial,flat_still,bias1_profiled_removal,converged_only,accel_bias_y,position_z,2,
trial,flat_still,bias1_profiled_removal,converged_only,accel_bias_y,time_offset,2,
trial,flat_still,bias1_profiled_removal,converged_only,accel_bias_y,velocity_x,2,
trial,flat_still,bias1_profiled_removal,converged_only,accel_bias_y,velocity_y,2,
trial,flat_still,bias1_profiled_removal,converged_only,accel_bias_y,velocity_z,2,
trial,flat_still,bias1_profiled_removal,converged_only,accel_bias_z,accel_gain_x,2,
trial,flat_still,bias1_profiled_removal,converged_only,accel_bias_z,accel_gain_y,2,
trial,flat_still,bias1_profiled_removal,converged_only,accel_bias_z,accel_gain_z,2,
trial,flat_still,bias1_profiled_removal,converged_only,accel_bias_z,attitude_x,2,
trial,flat_still,bias1_profiled_removal,converged_only,accel_bias_z,attitude_y,2,
trial,flat_still,bias1_profiled_removal,converged_only,accel_bias_z,attitude_z,2,
trial,flat_still,bias1_profiled_removal,converged_only,accel_bias_z,earth_removal,2,
trial,flat_still,bias1_profiled_removal,converged_only,accel_bias_z,gravity_delta,2,
trial,flat_still,bias1_profiled_removal,converged_only,accel_bias_z,gyro_bias_x,2,
trial,flat_still,bias1_profiled_removal,converged_only,accel_bias_z,gyro_bias_y,2,
trial,flat_still,bias1_profiled_removal,converged_only,accel_bias_z,gyro_bias_z,2,
trial,flat_still,bias1_profiled_removal,converged_only,accel_bias_z,gyro_gain_x,2,
trial,flat_still,bias1_profiled_removal,converged_only,accel_bias_z,gyro_gain_y,2,
trial,flat_still,bias1_profiled_removal,converged_only,accel_bias_z,gyro_gain_z,2,
trial,flat_still,bias1_profiled_removal,converged_only,accel_bias_z,lever_x,2,
trial,flat_still,bias1_profiled_removal,converged_only,accel_bias_z,lever_y,2,
trial,flat_still,bias1_profiled_removal,converged_only,accel_bias_z,lever_z,2,
trial,flat_still,bias1_profiled_removal,converged_only,accel_bias_z,position_x,2,
trial,flat_still,bias1_profiled_removal,converged_only,accel_bias_z,position_y,2,
trial,flat_still,bias1_profiled_removal,converged_only,accel_bias_z,position_z,2,
trial,flat_still,bias1_profiled_removal,converged_only,accel_bias_z,time_offset,2,
trial,flat_still,bias1_profiled_removal,converged_only,accel_bias_z,velocity_x,2,
trial,flat_still,bias1_profiled_removal,converged_only,accel_bias_z,velocity_y,2,
trial,flat_still,bias1_profiled_removal,converged_only,accel_bias_z,velocity_z,2,
trial,flat_still,bias1_profiled_removal,converged_only,accel_gain_x,accel_gain_y,2,
trial,flat_still,bias1_profiled_removal,converged_only,accel_gain_x,accel_gain_z,2,
trial,flat_still,bias1_profiled_removal,converged_only,accel_gain_x,attitude_x,2,
trial,flat_still,bias1_profiled_removal,converged_only,accel_gain_x,attitude_y,2,
trial,flat_still,bias1_profiled_removal,converged_only,accel_gain_x,attitude_z,2,
trial,flat_still,bias1_profiled_removal,converged_only,accel_gain_x,earth_removal,2,
trial,flat_still,bias1_profiled_removal,converged_only,accel_gain_x,gravity_delta,2,
trial,flat_still,bias1_profiled_removal,converged_only,accel_gain_x,gyro_bias_x,2,
trial,flat_still,bias1_profiled_removal,converged_only,accel_gain_x,gyro_bias_y,2,
trial,flat_still,bias1_profiled_removal,converged_only,accel_gain_x,gyro_bias_z,2,
trial,flat_still,bias1_profiled_removal,converged_only,accel_gain_x,gyro_gain_x,2,
trial,flat_still,bias1_profiled_removal,converged_only,accel_gain_x,gyro_gain_y,2,
trial,flat_still,bias1_profiled_removal,converged_only,accel_gain_x,gyro_gain_z,2,
trial,flat_still,bias1_profiled_removal,converged_only,accel_gain_x,lever_x,2,
trial,flat_still,bias1_profiled_removal,converged_only,accel_gain_x,lever_y,2,
trial,flat_still,bias1_profiled_removal,converged_only,accel_gain_x,lever_z,2,
trial,flat_still,bias1_profiled_removal,converged_only,accel_gain_x,position_x,2,
trial,flat_still,bias1_profiled_removal,converged_only,accel_gain_x,position_y,2,
trial,flat_still,bias1_profiled_removal,converged_only,accel_gain_x,position_z,2,
trial,flat_still,bias1_profiled_removal,converged_only,accel_gain_x,time_offset,2,
trial,flat_still,bias1_profiled_removal,converged_only,accel_gain_x,velocity_x,2,
trial,flat_still,bias1_profiled_removal,converged_only,accel_gain_x,velocity_y,2,
trial,flat_still,bias1_profiled_removal,converged_only,accel_gain_x,velocity_z,2,
trial,flat_still,bias1_profiled_removal,converged_only,accel_gain_y,accel_gain_z,2,
trial,flat_still,bias1_profiled_removal,converged_only,accel_gain_y,attitude_x,2,
trial,flat_still,bias1_profiled_removal,converged_only,accel_gain_y,attitude_y,2,
trial,flat_still,bias1_profiled_removal,converged_only,accel_gain_y,attitude_z,2,
trial,flat_still,bias1_profiled_removal,converged_only,accel_gain_y,earth_removal,2,
trial,flat_still,bias1_profiled_removal,converged_only,accel_gain_y,gravity_delta,2,
trial,flat_still,bias1_profiled_removal,converged_only,accel_gain_y,gyro_bias_x,2,
trial,flat_still,bias1_profiled_removal,converged_only,accel_gain_y,gyro_bias_y,2,
trial,flat_still,bias1_profiled_removal,converged_only,accel_gain_y,gyro_bias_z,2,
trial,flat_still,bias1_profiled_removal,converged_only,accel_gain_y,gyro_gain_x,2,
trial,flat_still,bias1_profiled_removal,converged_only,accel_gain_y,gyro_gain_y,2,
trial,flat_still,bias1_profiled_removal,converged_only,accel_gain_y,gyro_gain_z,2,
trial,flat_still,bias1_profiled_removal,converged_only,accel_gain_y,lever_x,2,
trial,flat_still,bias1_profiled_removal,converged_only,accel_gain_y,lever_y,2,
trial,flat_still,bias1_profiled_removal,converged_only,accel_gain_y,lever_z,2,
trial,flat_still,bias1_profiled_removal,converged_only,accel_gain_y,position_x,2,
trial,flat_still,bias1_profiled_removal,converged_only,accel_gain_y,position_y,2,
trial,flat_still,bias1_profiled_removal,converged_only,accel_gain_y,position_z,2,
trial,flat_still,bias1_profiled_removal,converged_only,accel_gain_y,time_offset,2,
trial,flat_still,bias1_profiled_removal,converged_only,accel_gain_y,velocity_x,2,
trial,flat_still,bias1_profiled_removal,converged_only,accel_gain_y,velocity_y,2,
trial,flat_still,bias1_profiled_removal,converged_only,accel_gain_y,velocity_z,2,
trial,flat_still,bias1_profiled_removal,converged_only,accel_gain_z,attitude_x,2,
trial,flat_still,bias1_profiled_removal,converged_only,accel_gain_z,attitude_y,2,
trial,flat_still,bias1_profiled_removal,converged_only,accel_gain_z,attitude_z,2,
trial,flat_still,bias1_profiled_removal,converged_only,accel_gain_z,earth_removal,2,
trial,flat_still,bias1_profiled_removal,converged_only,accel_gain_z,gravity_delta,2,
trial,flat_still,bias1_profiled_removal,converged_only,accel_gain_z,gyro_bias_x,2,
trial,flat_still,bias1_profiled_removal,converged_only,accel_gain_z,gyro_bias_y,2,
trial,flat_still,bias1_profiled_removal,converged_only,accel_gain_z,gyro_bias_z,2,
trial,flat_still,bias1_profiled_removal,converged_only,accel_gain_z,gyro_gain_x,2,
trial,flat_still,bias1_profiled_removal,converged_only,accel_gain_z,gyro_gain_y,2,
trial,flat_still,bias1_profiled_removal,converged_only,accel_gain_z,gyro_gain_z,2,
trial,flat_still,bias1_profiled_removal,converged_only,accel_gain_z,lever_x,2,
trial,flat_still,bias1_profiled_removal,converged_only,accel_gain_z,lever_y,2,
trial,flat_still,bias1_profiled_removal,converged_only,accel_gain_z,lever_z,2,
trial,flat_still,bias1_profiled_removal,converged_only,accel_gain_z,position_x,2,
trial,flat_still,bias1_profiled_removal,converged_only,accel_gain_z,position_y,2,
trial,flat_still,bias1_profiled_removal,converged_only,accel_gain_z,position_z,2,
trial,flat_still,bias1_profiled_removal,converged_only,accel_gain_z,time_offset,2,
trial,flat_still,bias1_profiled_removal,converged_only,accel_gain_z,velocity_x,2,
trial,flat_still,bias1_profiled_removal,converged_only,accel_gain_z,velocity_y,2,
trial,flat_still,bias1_profiled_removal,converged_only,accel_gain_z,velocity_z,2,
trial,flat_still,bias1_profiled_removal,converged_only,attitude_x,attitude_y,2,
trial,flat_still,bias1_profiled_removal,converged_only,attitude_x,attitude_z,2,
trial,flat_still,bias1_profiled_removal,converged_only,attitude_x,earth_removal,2,
trial,flat_still,bias1_profiled_removal,converged_only,attitude_x,gravity_delta,2,
trial,flat_still,bias1_profiled_removal,converged_only,attitude_x,gyro_bias_x,2,
trial,flat_still,bias1_profiled_removal,converged_only,attitude_x,gyro_bias_y,2,
trial,flat_still,bias1_profiled_removal,converged_only,attitude_x,gyro_bias_z,2,
trial,flat_still,bias1_profiled_removal,converged_only,attitude_x,gyro_gain_x,2,
trial,flat_still,bias1_profiled_removal,converged_only,attitude_x,gyro_gain_y,2,
trial,flat_still,bias1_profiled_removal,converged_only,attitude_x,gyro_gain_z,2,
trial,flat_still,bias1_profiled_removal,converged_only,attitude_x,lever_x,2,
trial,flat_still,bias1_profiled_removal,converged_only,attitude_x,lever_y,2,
trial,flat_still,bias1_profiled_removal,converged_only,attitude_x,lever_z,2,
trial,flat_still,bias1_profiled_removal,converged_only,attitude_x,position_x,2,
trial,flat_still,bias1_profiled_removal,converged_only,attitude_x,position_y,2,
trial,flat_still,bias1_profiled_removal,converged_only,attitude_x,position_z,2,
trial,flat_still,bias1_profiled_removal,converged_only,attitude_x,time_offset,2,
trial,flat_still,bias1_profiled_removal,converged_only,attitude_x,velocity_x,2,
trial,flat_still,bias1_profiled_removal,converged_only,attitude_x,velocity_y,2,
trial,flat_still,bias1_profiled_removal,converged_only,attitude_x,velocity_z,2,
trial,flat_still,bias1_profiled_removal,converged_only,attitude_y,attitude_z,2,
trial,flat_still,bias1_profiled_removal,converged_only,attitude_y,earth_removal,2,
trial,flat_still,bias1_profiled_removal,converged_only,attitude_y,gravity_delta,2,
trial,flat_still,bias1_profiled_removal,converged_only,attitude_y,gyro_bias_x,2,
trial,flat_still,bias1_profiled_removal,converged_only,attitude_y,gyro_bias_y,2,
trial,flat_still,bias1_profiled_removal,converged_only,attitude_y,gyro_bias_z,2,
trial,flat_still,bias1_profiled_removal,converged_only,attitude_y,gyro_gain_x,2,
trial,flat_still,bias1_profiled_removal,converged_only,attitude_y,gyro_gain_y,2,
trial,flat_still,bias1_profiled_removal,converged_only,attitude_y,gyro_gain_z,2,
trial,flat_still,bias1_profiled_removal,converged_only,attitude_y,lever_x,2,
trial,flat_still,bias1_profiled_removal,converged_only,attitude_y,lever_y,2,
trial,flat_still,bias1_profiled_removal,converged_only,attitude_y,lever_z,2,
trial,flat_still,bias1_profiled_removal,converged_only,attitude_y,position_x,2,
trial,flat_still,bias1_profiled_removal,converged_only,attitude_y,position_y,2,
trial,flat_still,bias1_profiled_removal,converged_only,attitude_y,position_z,2,
trial,flat_still,bias1_profiled_removal,converged_only,attitude_y,time_offset,2,
trial,flat_still,bias1_profiled_removal,converged_only,attitude_y,velocity_x,2,
trial,flat_still,bias1_profiled_removal,converged_only,attitude_y,velocity_y,2,
trial,flat_still,bias1_profiled_removal,converged_only,attitude_y,velocity_z,2,
trial,flat_still,bias1_profiled_removal,converged_only,attitude_z,earth_removal,2,
trial,flat_still,bias1_profiled_removal,converged_only,attitude_z,gravity_delta,2,
trial,flat_still,bias1_profiled_removal,converged_only,attitude_z,gyro_bias_x,2,
trial,flat_still,bias1_profiled_removal,converged_only,attitude_z,gyro_bias_y,2,
trial,flat_still,bias1_profiled_removal,converged_only,attitude_z,gyro_bias_z,2,
trial,flat_still,bias1_profiled_removal,converged_only,attitude_z,gyro_gain_x,2,
trial,flat_still,bias1_profiled_removal,converged_only,attitude_z,gyro_gain_y,2,
trial,flat_still,bias1_profiled_removal,converged_only,attitude_z,gyro_gain_z,2,
trial,flat_still,bias1_profiled_removal,converged_only,attitude_z,lever_x,2,
trial,flat_still,bias1_profiled_removal,converged_only,attitude_z,lever_y,2,
trial,flat_still,bias1_profiled_removal,converged_only,attitude_z,lever_z,2,
trial,flat_still,bias1_profiled_removal,converged_only,attitude_z,position_x,2,
trial,flat_still,bias1_profiled_removal,converged_only,attitude_z,position_y,2,
trial,flat_still,bias1_profiled_removal,converged_only,attitude_z,position_z,2,
trial,flat_still,bias1_profiled_removal,converged_only,attitude_z,time_offset,2,
trial,flat_still,bias1_profiled_removal,converged_only,attitude_z,velocity_x,2,
trial,flat_still,bias1_profiled_removal,converged_only,attitude_z,velocity_y,2,
trial,flat_still,bias1_profiled_removal,converged_only,attitude_z,velocity_z,2,
trial,flat_still,bias1_profiled_removal,converged_only,earth_removal,gravity_delta,2,
trial,flat_still,bias1_profiled_removal,converged_only,earth_removal,gyro_bias_x,2,
trial,flat_still,bias1_profiled_removal,converged_only,earth_removal,gyro_bias_y,2,
trial,flat_still,bias1_profiled_removal,converged_only,earth_removal,gyro_bias_z,2,
trial,flat_still,bias1_profiled_removal,converged_only,earth_removal,gyro_gain_x,2,
trial,flat_still,bias1_profiled_removal,converged_only,earth_removal,gyro_gain_y,2,
trial,flat_still,bias1_profiled_removal,converged_only,earth_removal,gyro_gain_z,2,
trial,flat_still,bias1_profiled_removal,converged_only,earth_removal,lever_x,2,
trial,flat_still,bias1_profiled_removal,converged_only,earth_removal,lever_y,2,
trial,flat_still,bias1_profiled_removal,converged_only,earth_removal,lever_z,2,
trial,flat_still,bias1_profiled_removal,converged_only,earth_removal,position_x,2,
trial,flat_still,bias1_profiled_removal,converged_only,earth_removal,position_y,2,
trial,flat_still,bias1_profiled_removal,converged_only,earth_removal,position_z,2,
trial,flat_still,bias1_profiled_removal,converged_only,earth_removal,time_offset,2,
trial,flat_still,bias1_profiled_removal,converged_only,earth_removal,velocity_x,2,
trial,flat_still,bias1_profiled_removal,converged_only,earth_removal,velocity_y,2,
trial,flat_still,bias1_profiled_removal,converged_only,earth_removal,velocity_z,2,
trial,flat_still,bias1_profiled_removal,converged_only,gravity_delta,gyro_bias_x,2,
trial,flat_still,bias1_profiled_removal,converged_only,gravity_delta,gyro_bias_y,2,
trial,flat_still,bias1_profiled_removal,converged_only,gravity_delta,gyro_bias_z,2,
trial,flat_still,bias1_profiled_removal,converged_only,gravity_delta,gyro_gain_x,2,
trial,flat_still,bias1_profiled_removal,converged_only,gravity_delta,gyro_gain_y,2,
trial,flat_still,bias1_profiled_removal,converged_only,gravity_delta,gyro_gain_z,2,
trial,flat_still,bias1_profiled_removal,converged_only,gravity_delta,lever_x,2,
trial,flat_still,bias1_profiled_removal,converged_only,gravity_delta,lever_y,2,
trial,flat_still,bias1_profiled_removal,converged_only,gravity_delta,lever_z,2,
trial,flat_still,bias1_profiled_removal,converged_only,gravity_delta,position_x,2,
trial,flat_still,bias1_profiled_removal,converged_only,gravity_delta,position_y,2,
trial,flat_still,bias1_profiled_removal,converged_only,gravity_delta,position_z,2,
trial,flat_still,bias1_profiled_removal,converged_only,gravity_delta,time_offset,2,
trial,flat_still,bias1_profiled_removal,converged_only,gravity_delta,velocity_x,2,
trial,flat_still,bias1_profiled_removal,converged_only,gravity_delta,velocity_y,2,
trial,flat_still,bias1_profiled_removal,converged_only,gravity_delta,velocity_z,2,
trial,flat_still,bias1_profiled_removal,converged_only,gyro_bias_x,gyro_bias_y,2,
trial,flat_still,bias1_profiled_removal,converged_only,gyro_bias_x,gyro_bias_z,2,
trial,flat_still,bias1_profiled_removal,converged_only,gyro_bias_x,gyro_gain_x,2,
trial,flat_still,bias1_profiled_removal,converged_only,gyro_bias_x,gyro_gain_y,2,
trial,flat_still,bias1_profiled_removal,converged_only,gyro_bias_x,gyro_gain_z,2,
trial,flat_still,bias1_profiled_removal,converged_only,gyro_bias_x,lever_x,2,
trial,flat_still,bias1_profiled_removal,converged_only,gyro_bias_x,lever_y,2,
trial,flat_still,bias1_profiled_removal,converged_only,gyro_bias_x,lever_z,2,
trial,flat_still,bias1_profiled_removal,converged_only,gyro_bias_x,position_x,2,
trial,flat_still,bias1_profiled_removal,converged_only,gyro_bias_x,position_y,2,
trial,flat_still,bias1_profiled_removal,converged_only,gyro_bias_x,position_z,2,
trial,flat_still,bias1_profiled_removal,converged_only,gyro_bias_x,time_offset,2,
trial,flat_still,bias1_profiled_removal,converged_only,gyro_bias_x,velocity_x,2,
trial,flat_still,bias1_profiled_removal,converged_only,gyro_bias_x,velocity_y,2,
trial,flat_still,bias1_profiled_removal,converged_only,gyro_bias_x,velocity_z,2,
trial,flat_still,bias1_profiled_removal,converged_only,gyro_bias_y,gyro_bias_z,2,
trial,flat_still,bias1_profiled_removal,converged_only,gyro_bias_y,gyro_gain_x,2,
trial,flat_still,bias1_profiled_removal,converged_only,gyro_bias_y,gyro_gain_y,2,
trial,flat_still,bias1_profiled_removal,converged_only,gyro_bias_y,gyro_gain_z,2,
trial,flat_still,bias1_profiled_removal,converged_only,gyro_bias_y,lever_x,2,
trial,flat_still,bias1_profiled_removal,converged_only,gyro_bias_y,lever_y,2,
trial,flat_still,bias1_profiled_removal,converged_only,gyro_bias_y,lever_z,2,
trial,flat_still,bias1_profiled_removal,converged_only,gyro_bias_y,position_x,2,
trial,flat_still,bias1_profiled_removal,converged_only,gyro_bias_y,position_y,2,
trial,flat_still,bias1_profiled_removal,converged_only,gyro_bias_y,position_z,2,
trial,flat_still,bias1_profiled_removal,converged_only,gyro_bias_y,time_offset,2,
trial,flat_still,bias1_profiled_removal,converged_only,gyro_bias_y,velocity_x,2,
trial,flat_still,bias1_profiled_removal,converged_only,gyro_bias_y,velocity_y,2,
trial,flat_still,bias1_profiled_removal,converged_only,gyro_bias_y,velocity_z,2,
trial,flat_still,bias1_profiled_removal,converged_only,gyro_bias_z,gyro_gain_x,2,
trial,flat_still,bias1_profiled_removal,converged_only,gyro_bias_z,gyro_gain_y,2,
trial,flat_still,bias1_profiled_removal,converged_only,gyro_bias_z,gyro_gain_z,2,
trial,flat_still,bias1_profiled_removal,converged_only,gyro_bias_z,lever_x,2,
trial,flat_still,bias1_profiled_removal,converged_only,gyro_bias_z,lever_y,2,
trial,flat_still,bias1_profiled_removal,converged_only,gyro_bias_z,lever_z,2,
trial,flat_still,bias1_profiled_removal,converged_only,gyro_bias_z,position_x,2,
trial,flat_still,bias1_profiled_removal,converged_only,gyro_bias_z,position_y,2,
trial,flat_still,bias1_profiled_removal,converged_only,gyro_bias_z,position_z,2,
trial,flat_still,bias1_profiled_removal,converged_only,gyro_bias_z,time_offset,2,
trial,flat_still,bias1_profiled_removal,converged_only,gyro_bias_z,velocity_x,2,
trial,flat_still,bias1_profiled_removal,converged_only,gyro_bias_z,velocity_y,2,
trial,flat_still,bias1_profiled_removal,converged_only,gyro_bias_z,velocity_z,2,
trial,flat_still,bias1_profiled_removal,converged_only,gyro_gain_x,gyro_gain_y,2,
trial,flat_still,bias1_profiled_removal,converged_only,gyro_gain_x,gyro_gain_z,2,
trial,flat_still,bias1_profiled_removal,converged_only,gyro_gain_x,lever_x,2,
trial,flat_still,bias1_profiled_removal,converged_only,gyro_gain_x,lever_y,2,
trial,flat_still,bias1_profiled_removal,converged_only,gyro_gain_x,lever_z,2,
trial,flat_still,bias1_profiled_removal,converged_only,gyro_gain_x,position_x,2,
trial,flat_still,bias1_profiled_removal,converged_only,gyro_gain_x,position_y,2,
trial,flat_still,bias1_profiled_removal,converged_only,gyro_gain_x,position_z,2,
trial,flat_still,bias1_profiled_removal,converged_only,gyro_gain_x,time_offset,2,
trial,flat_still,bias1_profiled_removal,converged_only,gyro_gain_x,velocity_x,2,
trial,flat_still,bias1_profiled_removal,converged_only,gyro_gain_x,velocity_y,2,
trial,flat_still,bias1_profiled_removal,converged_only,gyro_gain_x,velocity_z,2,
trial,flat_still,bias1_profiled_removal,converged_only,gyro_gain_y,gyro_gain_z,2,
trial,flat_still,bias1_profiled_removal,converged_only,gyro_gain_y,lever_x,2,
trial,flat_still,bias1_profiled_removal,converged_only,gyro_gain_y,lever_y,2,
trial,flat_still,bias1_profiled_removal,converged_only,gyro_gain_y,lever_z,2,
trial,flat_still,bias1_profiled_removal,converged_only,gyro_gain_y,position_x,2,
trial,flat_still,bias1_profiled_removal,converged_only,gyro_gain_y,position_y,2,
trial,flat_still,bias1_profiled_removal,converged_only,gyro_gain_y,position_z,2,
trial,flat_still,bias1_profiled_removal,converged_only,gyro_gain_y,time_offset,2,
trial,flat_still,bias1_profiled_removal,converged_only,gyro_gain_y,velocity_x,2,
trial,flat_still,bias1_profiled_removal,converged_only,gyro_gain_y,velocity_y,2,
trial,flat_still,bias1_profiled_removal,converged_only,gyro_gain_y,velocity_z,2,
trial,flat_still,bias1_profiled_removal,converged_only,gyro_gain_z,lever_x,2,
trial,flat_still,bias1_profiled_removal,converged_only,gyro_gain_z,lever_y,2,
trial,flat_still,bias1_profiled_removal,converged_only,gyro_gain_z,lever_z,2,
trial,flat_still,bias1_profiled_removal,converged_only,gyro_gain_z,position_x,2,
trial,flat_still,bias1_profiled_removal,converged_only,gyro_gain_z,position_y,2,
trial,flat_still,bias1_profiled_removal,converged_only,gyro_gain_z,position_z,2,
trial,flat_still,bias1_profiled_removal,converged_only,gyro_gain_z,time_offset,2,
trial,flat_still,bias1_profiled_removal,converged_only,gyro_gain_z,velocity_x,2,
trial,flat_still,bias1_profiled_removal,converged_only,gyro_gain_z,velocity_y,2,
trial,flat_still,bias1_profiled_removal,converged_only,gyro_gain_z,velocity_z,2,
trial,flat_still,bias1_profiled_removal,converged_only,lever_x,lever_y,2,
trial,flat_still,bias1_profiled_removal,converged_only,lever_x,lever_z,2,
trial,flat_still,bias1_profiled_removal,converged_only,lever_x,position_x,2,
trial,flat_still,bias1_profiled_removal,converged_only,lever_x,position_y,2,
trial,flat_still,bias1_profiled_removal,converged_only,lever_x,position_z,2,
trial,flat_still,bias1_profiled_removal,converged_only,lever_x,time_offset,2,
trial,flat_still,bias1_profiled_removal,converged_only,lever_x,velocity_x,2,
trial,flat_still,bias1_profiled_removal,converged_only,lever_x,velocity_y,2,
trial,flat_still,bias1_profiled_removal,converged_only,lever_x,velocity_z,2,
trial,flat_still,bias1_profiled_removal,converged_only,lever_y,lever_z,2,
trial,flat_still,bias1_profiled_removal,converged_only,lever_y,position_x,2,
trial,flat_still,bias1_profiled_removal,converged_only,lever_y,position_y,2,
trial,flat_still,bias1_profiled_removal,converged_only,lever_y,position_z,2,
trial,flat_still,bias1_profiled_removal,converged_only,lever_y,time_offset,2,
trial,flat_still,bias1_profiled_removal,converged_only,lever_y,velocity_x,2,
trial,flat_still,bias1_profiled_removal,converged_only,lever_y,velocity_y,2,
trial,flat_still,bias1_profiled_removal,converged_only,lever_y,velocity_z,2,
trial,flat_still,bias1_profiled_removal,converged_only,lever_z,position_x,2,
trial,flat_still,bias1_profiled_removal,converged_only,lever_z,position_y,2,
trial,flat_still,bias1_profiled_removal,converged_only,lever_z,position_z,2,
trial,flat_still,bias1_profiled_removal,converged_only,lever_z,time_offset,2,
trial,flat_still,bias1_profiled_removal,converged_only,lever_z,velocity_x,2,
trial,flat_still,bias1_profiled_removal,converged_only,lever_z,velocity_y,2,
trial,flat_still,bias1_profiled_removal,converged_only,lever_z,velocity_z,2,
trial,flat_still,bias1_profiled_removal,converged_only,position_x,position_y,2,
trial,flat_still,bias1_profiled_removal,converged_only,position_x,position_z,2,
trial,flat_still,bias1_profiled_removal,converged_only,position_x,time_offset,2,
trial,flat_still,bias1_profiled_removal,converged_only,position_x,velocity_x,2,
trial,flat_still,bias1_profiled_removal,converged_only,position_x,velocity_y,2,
trial,flat_still,bias1_profiled_removal,converged_only,position_x,velocity_z,2,
trial,flat_still,bias1_profiled_removal,converged_only,position_y,position_z,2,
trial,flat_still,bias1_profiled_removal,converged_only,position_y,time_offset,2,
trial,flat_still,bias1_profiled_removal,converged_only,position_y,velocity_x,2,
trial,flat_still,bias1_profiled_removal,converged_only,position_y,velocity_y,2,
trial,flat_still,bias1_profiled_removal,converged_only,position_y,velocity_z,2,
trial,flat_still,bias1_profiled_removal,converged_only,position_z,time_offset,2,
trial,flat_still,bias1_profiled_removal,converged_only,position_z,velocity_x,2,
trial,flat_still,bias1_profiled_removal,converged_only,position_z,velocity_y,2,
trial,flat_still,bias1_profiled_removal,converged_only,position_z,velocity_z,2,
trial,flat_still,bias1_profiled_removal,converged_only,time_offset,velocity_x,2,
trial,flat_still,bias1_profiled_removal,converged_only,time_offset,velocity_y,2,
trial,flat_still,bias1_profiled_removal,converged_only,time_offset,velocity_z,2,
trial,flat_still,bias1_profiled_removal,converged_only,velocity_x,velocity_y,2,
trial,flat_still,bias1_profiled_removal,converged_only,velocity_x,velocity_z,2,
trial,flat_still,bias1_profiled_removal,converged_only,velocity_y,velocity_z,2,
trial,flat_still,bias1_unsubtracted,all_saved,accel_bias_x,accel_bias_y,2,
trial,flat_still,bias1_unsubtracted,all_saved,accel_bias_x,accel_bias_z,2,
trial,flat_still,bias1_unsubtracted,all_saved,accel_bias_x,accel_gain_x,2,
trial,flat_still,bias1_unsubtracted,all_saved,accel_bias_x,accel_gain_y,2,
trial,flat_still,bias1_unsubtracted,all_saved,accel_bias_x,accel_gain_z,2,
trial,flat_still,bias1_unsubtracted,all_saved,accel_bias_x,attitude_x,2,
trial,flat_still,bias1_unsubtracted,all_saved,accel_bias_x,attitude_y,2,
trial,flat_still,bias1_unsubtracted,all_saved,accel_bias_x,attitude_z,2,
trial,flat_still,bias1_unsubtracted,all_saved,accel_bias_x,gravity_delta,2,
trial,flat_still,bias1_unsubtracted,all_saved,accel_bias_x,gyro_bias_x,2,
trial,flat_still,bias1_unsubtracted,all_saved,accel_bias_x,gyro_bias_y,2,
trial,flat_still,bias1_unsubtracted,all_saved,accel_bias_x,gyro_bias_z,2,
trial,flat_still,bias1_unsubtracted,all_saved,accel_bias_x,gyro_gain_x,2,
trial,flat_still,bias1_unsubtracted,all_saved,accel_bias_x,gyro_gain_y,2,
trial,flat_still,bias1_unsubtracted,all_saved,accel_bias_x,gyro_gain_z,2,
trial,flat_still,bias1_unsubtracted,all_saved,accel_bias_x,lever_x,2,
trial,flat_still,bias1_unsubtracted,all_saved,accel_bias_x,lever_y,2,
trial,flat_still,bias1_unsubtracted,all_saved,accel_bias_x,lever_z,2,
trial,flat_still,bias1_unsubtracted,all_saved,accel_bias_x,position_x,2,
trial,flat_still,bias1_unsubtracted,all_saved,accel_bias_x,position_y,2,
trial,flat_still,bias1_unsubtracted,all_saved,accel_bias_x,position_z,2,
trial,flat_still,bias1_unsubtracted,all_saved,accel_bias_x,time_offset,2,
trial,flat_still,bias1_unsubtracted,all_saved,accel_bias_x,velocity_x,2,
trial,flat_still,bias1_unsubtracted,all_saved,accel_bias_x,velocity_y,2,
trial,flat_still,bias1_unsubtracted,all_saved,accel_bias_x,velocity_z,2,
trial,flat_still,bias1_unsubtracted,all_saved,accel_bias_y,accel_bias_z,2,
trial,flat_still,bias1_unsubtracted,all_saved,accel_bias_y,accel_gain_x,2,
trial,flat_still,bias1_unsubtracted,all_saved,accel_bias_y,accel_gain_y,2,
trial,flat_still,bias1_unsubtracted,all_saved,accel_bias_y,accel_gain_z,2,
trial,flat_still,bias1_unsubtracted,all_saved,accel_bias_y,attitude_x,2,
trial,flat_still,bias1_unsubtracted,all_saved,accel_bias_y,attitude_y,2,
trial,flat_still,bias1_unsubtracted,all_saved,accel_bias_y,attitude_z,2,
trial,flat_still,bias1_unsubtracted,all_saved,accel_bias_y,gravity_delta,2,
trial,flat_still,bias1_unsubtracted,all_saved,accel_bias_y,gyro_bias_x,2,
trial,flat_still,bias1_unsubtracted,all_saved,accel_bias_y,gyro_bias_y,2,
trial,flat_still,bias1_unsubtracted,all_saved,accel_bias_y,gyro_bias_z,2,
trial,flat_still,bias1_unsubtracted,all_saved,accel_bias_y,gyro_gain_x,2,
trial,flat_still,bias1_unsubtracted,all_saved,accel_bias_y,gyro_gain_y,2,
trial,flat_still,bias1_unsubtracted,all_saved,accel_bias_y,gyro_gain_z,2,
trial,flat_still,bias1_unsubtracted,all_saved,accel_bias_y,lever_x,2,
trial,flat_still,bias1_unsubtracted,all_saved,accel_bias_y,lever_y,2,
trial,flat_still,bias1_unsubtracted,all_saved,accel_bias_y,lever_z,2,
trial,flat_still,bias1_unsubtracted,all_saved,accel_bias_y,position_x,2,
trial,flat_still,bias1_unsubtracted,all_saved,accel_bias_y,position_y,2,
trial,flat_still,bias1_unsubtracted,all_saved,accel_bias_y,position_z,2,
trial,flat_still,bias1_unsubtracted,all_saved,accel_bias_y,time_offset,2,
trial,flat_still,bias1_unsubtracted,all_saved,accel_bias_y,velocity_x,2,
trial,flat_still,bias1_unsubtracted,all_saved,accel_bias_y,velocity_y,2,
trial,flat_still,bias1_unsubtracted,all_saved,accel_bias_y,velocity_z,2,
trial,flat_still,bias1_unsubtracted,all_saved,accel_bias_z,accel_gain_x,2,
trial,flat_still,bias1_unsubtracted,all_saved,accel_bias_z,accel_gain_y,2,
trial,flat_still,bias1_unsubtracted,all_saved,accel_bias_z,accel_gain_z,2,
trial,flat_still,bias1_unsubtracted,all_saved,accel_bias_z,attitude_x,2,
trial,flat_still,bias1_unsubtracted,all_saved,accel_bias_z,attitude_y,2,
trial,flat_still,bias1_unsubtracted,all_saved,accel_bias_z,attitude_z,2,
trial,flat_still,bias1_unsubtracted,all_saved,accel_bias_z,gravity_delta,2,
trial,flat_still,bias1_unsubtracted,all_saved,accel_bias_z,gyro_bias_x,2,
trial,flat_still,bias1_unsubtracted,all_saved,accel_bias_z,gyro_bias_y,2,
trial,flat_still,bias1_unsubtracted,all_saved,accel_bias_z,gyro_bias_z,2,
trial,flat_still,bias1_unsubtracted,all_saved,accel_bias_z,gyro_gain_x,2,
trial,flat_still,bias1_unsubtracted,all_saved,accel_bias_z,gyro_gain_y,2,
trial,flat_still,bias1_unsubtracted,all_saved,accel_bias_z,gyro_gain_z,2,
trial,flat_still,bias1_unsubtracted,all_saved,accel_bias_z,lever_x,2,
trial,flat_still,bias1_unsubtracted,all_saved,accel_bias_z,lever_y,2,
trial,flat_still,bias1_unsubtracted,all_saved,accel_bias_z,lever_z,2,
trial,flat_still,bias1_unsubtracted,all_saved,accel_bias_z,position_x,2,
trial,flat_still,bias1_unsubtracted,all_saved,accel_bias_z,position_y,2,
trial,flat_still,bias1_unsubtracted,all_saved,accel_bias_z,position_z,2,
trial,flat_still,bias1_unsubtracted,all_saved,accel_bias_z,time_offset,2,
trial,flat_still,bias1_unsubtracted,all_saved,accel_bias_z,velocity_x,2,
trial,flat_still,bias1_unsubtracted,all_saved,accel_bias_z,velocity_y,2,
trial,flat_still,bias1_unsubtracted,all_saved,accel_bias_z,velocity_z,2,
trial,flat_still,bias1_unsubtracted,all_saved,accel_gain_x,accel_gain_y,2,
trial,flat_still,bias1_unsubtracted,all_saved,accel_gain_x,accel_gain_z,2,
trial,flat_still,bias1_unsubtracted,all_saved,accel_gain_x,attitude_x,2,
trial,flat_still,bias1_unsubtracted,all_saved,accel_gain_x,attitude_y,2,
trial,flat_still,bias1_unsubtracted,all_saved,accel_gain_x,attitude_z,2,
trial,flat_still,bias1_unsubtracted,all_saved,accel_gain_x,gravity_delta,2,
trial,flat_still,bias1_unsubtracted,all_saved,accel_gain_x,gyro_bias_x,2,
trial,flat_still,bias1_unsubtracted,all_saved,accel_gain_x,gyro_bias_y,2,
trial,flat_still,bias1_unsubtracted,all_saved,accel_gain_x,gyro_bias_z,2,
trial,flat_still,bias1_unsubtracted,all_saved,accel_gain_x,gyro_gain_x,2,
trial,flat_still,bias1_unsubtracted,all_saved,accel_gain_x,gyro_gain_y,2,
trial,flat_still,bias1_unsubtracted,all_saved,accel_gain_x,gyro_gain_z,2,
trial,flat_still,bias1_unsubtracted,all_saved,accel_gain_x,lever_x,2,
trial,flat_still,bias1_unsubtracted,all_saved,accel_gain_x,lever_y,2,
trial,flat_still,bias1_unsubtracted,all_saved,accel_gain_x,lever_z,2,
trial,flat_still,bias1_unsubtracted,all_saved,accel_gain_x,position_x,2,
trial,flat_still,bias1_unsubtracted,all_saved,accel_gain_x,position_y,2,
trial,flat_still,bias1_unsubtracted,all_saved,accel_gain_x,position_z,2,
trial,flat_still,bias1_unsubtracted,all_saved,accel_gain_x,time_offset,2,
trial,flat_still,bias1_unsubtracted,all_saved,accel_gain_x,velocity_x,2,
trial,flat_still,bias1_unsubtracted,all_saved,accel_gain_x,velocity_y,2,
trial,flat_still,bias1_unsubtracted,all_saved,accel_gain_x,velocity_z,2,
trial,flat_still,bias1_unsubtracted,all_saved,accel_gain_y,accel_gain_z,2,
trial,flat_still,bias1_unsubtracted,all_saved,accel_gain_y,attitude_x,2,
trial,flat_still,bias1_unsubtracted,all_saved,accel_gain_y,attitude_y,2,
trial,flat_still,bias1_unsubtracted,all_saved,accel_gain_y,attitude_z,2,
trial,flat_still,bias1_unsubtracted,all_saved,accel_gain_y,gravity_delta,2,
trial,flat_still,bias1_unsubtracted,all_saved,accel_gain_y,gyro_bias_x,2,
trial,flat_still,bias1_unsubtracted,all_saved,accel_gain_y,gyro_bias_y,2,
trial,flat_still,bias1_unsubtracted,all_saved,accel_gain_y,gyro_bias_z,2,
trial,flat_still,bias1_unsubtracted,all_saved,accel_gain_y,gyro_gain_x,2,
trial,flat_still,bias1_unsubtracted,all_saved,accel_gain_y,gyro_gain_y,2,
trial,flat_still,bias1_unsubtracted,all_saved,accel_gain_y,gyro_gain_z,2,
trial,flat_still,bias1_unsubtracted,all_saved,accel_gain_y,lever_x,2,
trial,flat_still,bias1_unsubtracted,all_saved,accel_gain_y,lever_y,2,
trial,flat_still,bias1_unsubtracted,all_saved,accel_gain_y,lever_z,2,
trial,flat_still,bias1_unsubtracted,all_saved,accel_gain_y,position_x,2,
trial,flat_still,bias1_unsubtracted,all_saved,accel_gain_y,position_y,2,
trial,flat_still,bias1_unsubtracted,all_saved,accel_gain_y,position_z,2,
trial,flat_still,bias1_unsubtracted,all_saved,accel_gain_y,time_offset,2,
trial,flat_still,bias1_unsubtracted,all_saved,accel_gain_y,velocity_x,2,
trial,flat_still,bias1_unsubtracted,all_saved,accel_gain_y,velocity_y,2,
trial,flat_still,bias1_unsubtracted,all_saved,accel_gain_y,velocity_z,2,
trial,flat_still,bias1_unsubtracted,all_saved,accel_gain_z,attitude_x,2,
trial,flat_still,bias1_unsubtracted,all_saved,accel_gain_z,attitude_y,2,
trial,flat_still,bias1_unsubtracted,all_saved,accel_gain_z,attitude_z,2,
trial,flat_still,bias1_unsubtracted,all_saved,accel_gain_z,gravity_delta,2,
trial,flat_still,bias1_unsubtracted,all_saved,accel_gain_z,gyro_bias_x,2,
trial,flat_still,bias1_unsubtracted,all_saved,accel_gain_z,gyro_bias_y,2,
trial,flat_still,bias1_unsubtracted,all_saved,accel_gain_z,gyro_bias_z,2,
trial,flat_still,bias1_unsubtracted,all_saved,accel_gain_z,gyro_gain_x,2,
trial,flat_still,bias1_unsubtracted,all_saved,accel_gain_z,gyro_gain_y,2,
trial,flat_still,bias1_unsubtracted,all_saved,accel_gain_z,gyro_gain_z,2,
trial,flat_still,bias1_unsubtracted,all_saved,accel_gain_z,lever_x,2,
trial,flat_still,bias1_unsubtracted,all_saved,accel_gain_z,lever_y,2,
trial,flat_still,bias1_unsubtracted,all_saved,accel_gain_z,lever_z,2,
trial,flat_still,bias1_unsubtracted,all_saved,accel_gain_z,position_x,2,
trial,flat_still,bias1_unsubtracted,all_saved,accel_gain_z,position_y,2,
trial,flat_still,bias1_unsubtracted,all_saved,accel_gain_z,position_z,2,
trial,flat_still,bias1_unsubtracted,all_saved,accel_gain_z,time_offset,2,
trial,flat_still,bias1_unsubtracted,all_saved,accel_gain_z,velocity_x,2,
trial,flat_still,bias1_unsubtracted,all_saved,accel_gain_z,velocity_y,2,
trial,flat_still,bias1_unsubtracted,all_saved,accel_gain_z,velocity_z,2,
trial,flat_still,bias1_unsubtracted,all_saved,attitude_x,attitude_y,2,
trial,flat_still,bias1_unsubtracted,all_saved,attitude_x,attitude_z,2,
trial,flat_still,bias1_unsubtracted,all_saved,attitude_x,gravity_delta,2,
trial,flat_still,bias1_unsubtracted,all_saved,attitude_x,gyro_bias_x,2,
trial,flat_still,bias1_unsubtracted,all_saved,attitude_x,gyro_bias_y,2,
trial,flat_still,bias1_unsubtracted,all_saved,attitude_x,gyro_bias_z,2,
trial,flat_still,bias1_unsubtracted,all_saved,attitude_x,gyro_gain_x,2,
trial,flat_still,bias1_unsubtracted,all_saved,attitude_x,gyro_gain_y,2,
trial,flat_still,bias1_unsubtracted,all_saved,attitude_x,gyro_gain_z,2,
trial,flat_still,bias1_unsubtracted,all_saved,attitude_x,lever_x,2,
trial,flat_still,bias1_unsubtracted,all_saved,attitude_x,lever_y,2,
trial,flat_still,bias1_unsubtracted,all_saved,attitude_x,lever_z,2,
trial,flat_still,bias1_unsubtracted,all_saved,attitude_x,position_x,2,
trial,flat_still,bias1_unsubtracted,all_saved,attitude_x,position_y,2,
trial,flat_still,bias1_unsubtracted,all_saved,attitude_x,position_z,2,
trial,flat_still,bias1_unsubtracted,all_saved,attitude_x,time_offset,2,
trial,flat_still,bias1_unsubtracted,all_saved,attitude_x,velocity_x,2,
trial,flat_still,bias1_unsubtracted,all_saved,attitude_x,velocity_y,2,
trial,flat_still,bias1_unsubtracted,all_saved,attitude_x,velocity_z,2,
trial,flat_still,bias1_unsubtracted,all_saved,attitude_y,attitude_z,2,
trial,flat_still,bias1_unsubtracted,all_saved,attitude_y,gravity_delta,2,
trial,flat_still,bias1_unsubtracted,all_saved,attitude_y,gyro_bias_x,2,
trial,flat_still,bias1_unsubtracted,all_saved,attitude_y,gyro_bias_y,2,
trial,flat_still,bias1_unsubtracted,all_saved,attitude_y,gyro_bias_z,2,
trial,flat_still,bias1_unsubtracted,all_saved,attitude_y,gyro_gain_x,2,
trial,flat_still,bias1_unsubtracted,all_saved,attitude_y,gyro_gain_y,2,
trial,flat_still,bias1_unsubtracted,all_saved,attitude_y,gyro_gain_z,2,
trial,flat_still,bias1_unsubtracted,all_saved,attitude_y,lever_x,2,
trial,flat_still,bias1_unsubtracted,all_saved,attitude_y,lever_y,2,
trial,flat_still,bias1_unsubtracted,all_saved,attitude_y,lever_z,2,
trial,flat_still,bias1_unsubtracted,all_saved,attitude_y,position_x,2,
trial,flat_still,bias1_unsubtracted,all_saved,attitude_y,position_y,2,
trial,flat_still,bias1_unsubtracted,all_saved,attitude_y,position_z,2,
trial,flat_still,bias1_unsubtracted,all_saved,attitude_y,time_offset,2,
trial,flat_still,bias1_unsubtracted,all_saved,attitude_y,velocity_x,2,
trial,flat_still,bias1_unsubtracted,all_saved,attitude_y,velocity_y,2,
trial,flat_still,bias1_unsubtracted,all_saved,attitude_y,velocity_z,2,
trial,flat_still,bias1_unsubtracted,all_saved,attitude_z,gravity_delta,2,
trial,flat_still,bias1_unsubtracted,all_saved,attitude_z,gyro_bias_x,2,
trial,flat_still,bias1_unsubtracted,all_saved,attitude_z,gyro_bias_y,2,
trial,flat_still,bias1_unsubtracted,all_saved,attitude_z,gyro_bias_z,2,
trial,flat_still,bias1_unsubtracted,all_saved,attitude_z,gyro_gain_x,2,
trial,flat_still,bias1_unsubtracted,all_saved,attitude_z,gyro_gain_y,2,
trial,flat_still,bias1_unsubtracted,all_saved,attitude_z,gyro_gain_z,2,
trial,flat_still,bias1_unsubtracted,all_saved,attitude_z,lever_x,2,
trial,flat_still,bias1_unsubtracted,all_saved,attitude_z,lever_y,2,
trial,flat_still,bias1_unsubtracted,all_saved,attitude_z,lever_z,2,
trial,flat_still,bias1_unsubtracted,all_saved,attitude_z,position_x,2,
trial,flat_still,bias1_unsubtracted,all_saved,attitude_z,position_y,2,
trial,flat_still,bias1_unsubtracted,all_saved,attitude_z,position_z,2,
trial,flat_still,bias1_unsubtracted,all_saved,attitude_z,time_offset,2,
trial,flat_still,bias1_unsubtracted,all_saved,attitude_z,velocity_x,2,
trial,flat_still,bias1_unsubtracted,all_saved,attitude_z,velocity_y,2,
trial,flat_still,bias1_unsubtracted,all_saved,attitude_z,velocity_z,2,
trial,flat_still,bias1_unsubtracted,all_saved,gravity_delta,gyro_bias_x,2,
trial,flat_still,bias1_unsubtracted,all_saved,gravity_delta,gyro_bias_y,2,
trial,flat_still,bias1_unsubtracted,all_saved,gravity_delta,gyro_bias_z,2,
trial,flat_still,bias1_unsubtracted,all_saved,gravity_delta,gyro_gain_x,2,
trial,flat_still,bias1_unsubtracted,all_saved,gravity_delta,gyro_gain_y,2,
trial,flat_still,bias1_unsubtracted,all_saved,gravity_delta,gyro_gain_z,2,
trial,flat_still,bias1_unsubtracted,all_saved,gravity_delta,lever_x,2,
trial,flat_still,bias1_unsubtracted,all_saved,gravity_delta,lever_y,2,
trial,flat_still,bias1_unsubtracted,all_saved,gravity_delta,lever_z,2,
trial,flat_still,bias1_unsubtracted,all_saved,gravity_delta,position_x,2,
trial,flat_still,bias1_unsubtracted,all_saved,gravity_delta,position_y,2,
trial,flat_still,bias1_unsubtracted,all_saved,gravity_delta,position_z,2,
trial,flat_still,bias1_unsubtracted,all_saved,gravity_delta,time_offset,2,
trial,flat_still,bias1_unsubtracted,all_saved,gravity_delta,velocity_x,2,
trial,flat_still,bias1_unsubtracted,all_saved,gravity_delta,velocity_y,2,
trial,flat_still,bias1_unsubtracted,all_saved,gravity_delta,velocity_z,2,
trial,flat_still,bias1_unsubtracted,all_saved,gyro_bias_x,gyro_bias_y,2,
trial,flat_still,bias1_unsubtracted,all_saved,gyro_bias_x,gyro_bias_z,2,
trial,flat_still,bias1_unsubtracted,all_saved,gyro_bias_x,gyro_gain_x,2,
trial,flat_still,bias1_unsubtracted,all_saved,gyro_bias_x,gyro_gain_y,2,
trial,flat_still,bias1_unsubtracted,all_saved,gyro_bias_x,gyro_gain_z,2,
trial,flat_still,bias1_unsubtracted,all_saved,gyro_bias_x,lever_x,2,
trial,flat_still,bias1_unsubtracted,all_saved,gyro_bias_x,lever_y,2,
trial,flat_still,bias1_unsubtracted,all_saved,gyro_bias_x,lever_z,2,
trial,flat_still,bias1_unsubtracted,all_saved,gyro_bias_x,position_x,2,
trial,flat_still,bias1_unsubtracted,all_saved,gyro_bias_x,position_y,2,
trial,flat_still,bias1_unsubtracted,all_saved,gyro_bias_x,position_z,2,
trial,flat_still,bias1_unsubtracted,all_saved,gyro_bias_x,time_offset,2,
trial,flat_still,bias1_unsubtracted,all_saved,gyro_bias_x,velocity_x,2,
trial,flat_still,bias1_unsubtracted,all_saved,gyro_bias_x,velocity_y,2,
trial,flat_still,bias1_unsubtracted,all_saved,gyro_bias_x,velocity_z,2,
trial,flat_still,bias1_unsubtracted,all_saved,gyro_bias_y,gyro_bias_z,2,
trial,flat_still,bias1_unsubtracted,all_saved,gyro_bias_y,gyro_gain_x,2,
trial,flat_still,bias1_unsubtracted,all_saved,gyro_bias_y,gyro_gain_y,2,
trial,flat_still,bias1_unsubtracted,all_saved,gyro_bias_y,gyro_gain_z,2,
trial,flat_still,bias1_unsubtracted,all_saved,gyro_bias_y,lever_x,2,
trial,flat_still,bias1_unsubtracted,all_saved,gyro_bias_y,lever_y,2,
trial,flat_still,bias1_unsubtracted,all_saved,gyro_bias_y,lever_z,2,
trial,flat_still,bias1_unsubtracted,all_saved,gyro_bias_y,position_x,2,
trial,flat_still,bias1_unsubtracted,all_saved,gyro_bias_y,position_y,2,
trial,flat_still,bias1_unsubtracted,all_saved,gyro_bias_y,position_z,2,
trial,flat_still,bias1_unsubtracted,all_saved,gyro_bias_y,time_offset,2,
trial,flat_still,bias1_unsubtracted,all_saved,gyro_bias_y,velocity_x,2,
trial,flat_still,bias1_unsubtracted,all_saved,gyro_bias_y,velocity_y,2,
trial,flat_still,bias1_unsubtracted,all_saved,gyro_bias_y,velocity_z,2,
trial,flat_still,bias1_unsubtracted,all_saved,gyro_bias_z,gyro_gain_x,2,
trial,flat_still,bias1_unsubtracted,all_saved,gyro_bias_z,gyro_gain_y,2,
trial,flat_still,bias1_unsubtracted,all_saved,gyro_bias_z,gyro_gain_z,2,
trial,flat_still,bias1_unsubtracted,all_saved,gyro_bias_z,lever_x,2,
trial,flat_still,bias1_unsubtracted,all_saved,gyro_bias_z,lever_y,2,
trial,flat_still,bias1_unsubtracted,all_saved,gyro_bias_z,lever_z,2,
trial,flat_still,bias1_unsubtracted,all_saved,gyro_bias_z,position_x,2,
trial,flat_still,bias1_unsubtracted,all_saved,gyro_bias_z,position_y,2,
trial,flat_still,bias1_unsubtracted,all_saved,gyro_bias_z,position_z,2,
trial,flat_still,bias1_unsubtracted,all_saved,gyro_bias_z,time_offset,2,
trial,flat_still,bias1_unsubtracted,all_saved,gyro_bias_z,velocity_x,2,
trial,flat_still,bias1_unsubtracted,all_saved,gyro_bias_z,velocity_y,2,
trial,flat_still,bias1_unsubtracted,all_saved,gyro_bias_z,velocity_z,2,
trial,flat_still,bias1_unsubtracted,all_saved,gyro_gain_x,gyro_gain_y,2,
trial,flat_still,bias1_unsubtracted,all_saved,gyro_gain_x,gyro_gain_z,2,
trial,flat_still,bias1_unsubtracted,all_saved,gyro_gain_x,lever_x,2,
trial,flat_still,bias1_unsubtracted,all_saved,gyro_gain_x,lever_y,2,
trial,flat_still,bias1_unsubtracted,all_saved,gyro_gain_x,lever_z,2,
trial,flat_still,bias1_unsubtracted,all_saved,gyro_gain_x,position_x,2,
trial,flat_still,bias1_unsubtracted,all_saved,gyro_gain_x,position_y,2,
trial,flat_still,bias1_unsubtracted,all_saved,gyro_gain_x,position_z,2,
trial,flat_still,bias1_unsubtracted,all_saved,gyro_gain_x,time_offset,2,
trial,flat_still,bias1_unsubtracted,all_saved,gyro_gain_x,velocity_x,2,
trial,flat_still,bias1_unsubtracted,all_saved,gyro_gain_x,velocity_y,2,
trial,flat_still,bias1_unsubtracted,all_saved,gyro_gain_x,velocity_z,2,
trial,flat_still,bias1_unsubtracted,all_saved,gyro_gain_y,gyro_gain_z,2,
trial,flat_still,bias1_unsubtracted,all_saved,gyro_gain_y,lever_x,2,
trial,flat_still,bias1_unsubtracted,all_saved,gyro_gain_y,lever_y,2,
trial,flat_still,bias1_unsubtracted,all_saved,gyro_gain_y,lever_z,2,
trial,flat_still,bias1_unsubtracted,all_saved,gyro_gain_y,position_x,2,
trial,flat_still,bias1_unsubtracted,all_saved,gyro_gain_y,position_y,2,
trial,flat_still,bias1_unsubtracted,all_saved,gyro_gain_y,position_z,2,
trial,flat_still,bias1_unsubtracted,all_saved,gyro_gain_y,time_offset,2,
trial,flat_still,bias1_unsubtracted,all_saved,gyro_gain_y,velocity_x,2,
trial,flat_still,bias1_unsubtracted,all_saved,gyro_gain_y,velocity_y,2,
trial,flat_still,bias1_unsubtracted,all_saved,gyro_gain_y,velocity_z,2,
trial,flat_still,bias1_unsubtracted,all_saved,gyro_gain_z,lever_x,2,
trial,flat_still,bias1_unsubtracted,all_saved,gyro_gain_z,lever_y,2,
trial,flat_still,bias1_unsubtracted,all_saved,gyro_gain_z,lever_z,2,
trial,flat_still,bias1_unsubtracted,all_saved,gyro_gain_z,position_x,2,
trial,flat_still,bias1_unsubtracted,all_saved,gyro_gain_z,position_y,2,
trial,flat_still,bias1_unsubtracted,all_saved,gyro_gain_z,position_z,2,
trial,flat_still,bias1_unsubtracted,all_saved,gyro_gain_z,time_offset,2,
trial,flat_still,bias1_unsubtracted,all_saved,gyro_gain_z,velocity_x,2,
trial,flat_still,bias1_unsubtracted,all_saved,gyro_gain_z,velocity_y,2,
trial,flat_still,bias1_unsubtracted,all_saved,gyro_gain_z,velocity_z,2,
trial,flat_still,bias1_unsubtracted,all_saved,lever_x,lever_y,2,
trial,flat_still,bias1_unsubtracted,all_saved,lever_x,lever_z,2,
trial,flat_still,bias1_unsubtracted,all_saved,lever_x,position_x,2,
trial,flat_still,bias1_unsubtracted,all_saved,lever_x,position_y,2,
trial,flat_still,bias1_unsubtracted,all_saved,lever_x,position_z,2,
trial,flat_still,bias1_unsubtracted,all_saved,lever_x,time_offset,2,
trial,flat_still,bias1_unsubtracted,all_saved,lever_x,velocity_x,2,
trial,flat_still,bias1_unsubtracted,all_saved,lever_x,velocity_y,2,
trial,flat_still,bias1_unsubtracted,all_saved,lever_x,velocity_z,2,
trial,flat_still,bias1_unsubtracted,all_saved,lever_y,lever_z,2,
trial,flat_still,bias1_unsubtracted,all_saved,lever_y,position_x,2,
trial,flat_still,bias1_unsubtracted,all_saved,lever_y,position_y,2,
trial,flat_still,bias1_unsubtracted,all_saved,lever_y,position_z,2,
trial,flat_still,bias1_unsubtracted,all_saved,lever_y,time_offset,2,
trial,flat_still,bias1_unsubtracted,all_saved,lever_y,velocity_x,2,
trial,flat_still,bias1_unsubtracted,all_saved,lever_y,velocity_y,2,
trial,flat_still,bias1_unsubtracted,all_saved,lever_y,velocity_z,2,
trial,flat_still,bias1_unsubtracted,all_saved,lever_z,position_x,2,
trial,flat_still,bias1_unsubtracted,all_saved,lever_z,position_y,2,
trial,flat_still,bias1_unsubtracted,all_saved,lever_z,position_z,2,
trial,flat_still,bias1_unsubtracted,all_saved,lever_z,time_offset,2,
trial,flat_still,bias1_unsubtracted,all_saved,lever_z,velocity_x,2,
trial,flat_still,bias1_unsubtracted,all_saved,lever_z,velocity_y,2,
trial,flat_still,bias1_unsubtracted,all_saved,lever_z,velocity_z,2,
trial,flat_still,bias1_unsubtracted,all_saved,position_x,position_y,2,
trial,flat_still,bias1_unsubtracted,all_saved,position_x,position_z,2,
trial,flat_still,bias1_unsubtracted,all_saved,position_x,time_offset,2,
trial,flat_still,bias1_unsubtracted,all_saved,position_x,velocity_x,2,
trial,flat_still,bias1_unsubtracted,all_saved,position_x,velocity_y,2,
trial,flat_still,bias1_unsubtracted,all_saved,position_x,velocity_z,2,
trial,flat_still,bias1_unsubtracted,all_saved,position_y,position_z,2,
trial,flat_still,bias1_unsubtracted,all_saved,position_y,time_offset,2,
trial,flat_still,bias1_unsubtracted,all_saved,position_y,velocity_x,2,
trial,flat_still,bias1_unsubtracted,all_saved,position_y,velocity_y,2,
trial,flat_still,bias1_unsubtracted,all_saved,position_y,velocity_z,2,
trial,flat_still,bias1_unsubtracted,all_saved,position_z,time_offset,2,
trial,flat_still,bias1_unsubtracted,all_saved,position_z,velocity_x,2,
trial,flat_still,bias1_unsubtracted,all_saved,position_z,velocity_y,2,
trial,flat_still,bias1_unsubtracted,all_saved,position_z,velocity_z,2,
trial,flat_still,bias1_unsubtracted,all_saved,time_offset,velocity_x,2,
trial,flat_still,bias1_unsubtracted,all_saved,time_offset,velocity_y,2,
trial,flat_still,bias1_unsubtracted,all_saved,time_offset,velocity_z,2,
trial,flat_still,bias1_unsubtracted,all_saved,velocity_x,velocity_y,2,
trial,flat_still,bias1_unsubtracted,all_saved,velocity_x,velocity_z,2,
trial,flat_still,bias1_unsubtracted,all_saved,velocity_y,velocity_z,2,
trial,flat_still,bias1_unsubtracted,converged_only,accel_bias_x,accel_bias_y,2,
trial,flat_still,bias1_unsubtracted,converged_only,accel_bias_x,accel_bias_z,2,
trial,flat_still,bias1_unsubtracted,converged_only,accel_bias_x,accel_gain_x,2,
trial,flat_still,bias1_unsubtracted,converged_only,accel_bias_x,accel_gain_y,2,
trial,flat_still,bias1_unsubtracted,converged_only,accel_bias_x,accel_gain_z,2,
trial,flat_still,bias1_unsubtracted,converged_only,accel_bias_x,attitude_x,2,
trial,flat_still,bias1_unsubtracted,converged_only,accel_bias_x,attitude_y,2,
trial,flat_still,bias1_unsubtracted,converged_only,accel_bias_x,attitude_z,2,
trial,flat_still,bias1_unsubtracted,converged_only,accel_bias_x,gravity_delta,2,
trial,flat_still,bias1_unsubtracted,converged_only,accel_bias_x,gyro_bias_x,2,
trial,flat_still,bias1_unsubtracted,converged_only,accel_bias_x,gyro_bias_y,2,
trial,flat_still,bias1_unsubtracted,converged_only,accel_bias_x,gyro_bias_z,2,
trial,flat_still,bias1_unsubtracted,converged_only,accel_bias_x,gyro_gain_x,2,
trial,flat_still,bias1_unsubtracted,converged_only,accel_bias_x,gyro_gain_y,2,
trial,flat_still,bias1_unsubtracted,converged_only,accel_bias_x,gyro_gain_z,2,
trial,flat_still,bias1_unsubtracted,converged_only,accel_bias_x,lever_x,2,
trial,flat_still,bias1_unsubtracted,converged_only,accel_bias_x,lever_y,2,
trial,flat_still,bias1_unsubtracted,converged_only,accel_bias_x,lever_z,2,
trial,flat_still,bias1_unsubtracted,converged_only,accel_bias_x,position_x,2,
trial,flat_still,bias1_unsubtracted,converged_only,accel_bias_x,position_y,2,
trial,flat_still,bias1_unsubtracted,converged_only,accel_bias_x,position_z,2,
trial,flat_still,bias1_unsubtracted,converged_only,accel_bias_x,time_offset,2,
trial,flat_still,bias1_unsubtracted,converged_only,accel_bias_x,velocity_x,2,
trial,flat_still,bias1_unsubtracted,converged_only,accel_bias_x,velocity_y,2,
trial,flat_still,bias1_unsubtracted,converged_only,accel_bias_x,velocity_z,2,
trial,flat_still,bias1_unsubtracted,converged_only,accel_bias_y,accel_bias_z,2,
trial,flat_still,bias1_unsubtracted,converged_only,accel_bias_y,accel_gain_x,2,
trial,flat_still,bias1_unsubtracted,converged_only,accel_bias_y,accel_gain_y,2,
trial,flat_still,bias1_unsubtracted,converged_only,accel_bias_y,accel_gain_z,2,
trial,flat_still,bias1_unsubtracted,converged_only,accel_bias_y,attitude_x,2,
trial,flat_still,bias1_unsubtracted,converged_only,accel_bias_y,attitude_y,2,
trial,flat_still,bias1_unsubtracted,converged_only,accel_bias_y,attitude_z,2,
trial,flat_still,bias1_unsubtracted,converged_only,accel_bias_y,gravity_delta,2,
trial,flat_still,bias1_unsubtracted,converged_only,accel_bias_y,gyro_bias_x,2,
trial,flat_still,bias1_unsubtracted,converged_only,accel_bias_y,gyro_bias_y,2,
trial,flat_still,bias1_unsubtracted,converged_only,accel_bias_y,gyro_bias_z,2,
trial,flat_still,bias1_unsubtracted,converged_only,accel_bias_y,gyro_gain_x,2,
trial,flat_still,bias1_unsubtracted,converged_only,accel_bias_y,gyro_gain_y,2,
trial,flat_still,bias1_unsubtracted,converged_only,accel_bias_y,gyro_gain_z,2,
trial,flat_still,bias1_unsubtracted,converged_only,accel_bias_y,lever_x,2,
trial,flat_still,bias1_unsubtracted,converged_only,accel_bias_y,lever_y,2,
trial,flat_still,bias1_unsubtracted,converged_only,accel_bias_y,lever_z,2,
trial,flat_still,bias1_unsubtracted,converged_only,accel_bias_y,position_x,2,
trial,flat_still,bias1_unsubtracted,converged_only,accel_bias_y,position_y,2,
trial,flat_still,bias1_unsubtracted,converged_only,accel_bias_y,position_z,2,
trial,flat_still,bias1_unsubtracted,converged_only,accel_bias_y,time_offset,2,
trial,flat_still,bias1_unsubtracted,converged_only,accel_bias_y,velocity_x,2,
trial,flat_still,bias1_unsubtracted,converged_only,accel_bias_y,velocity_y,2,
trial,flat_still,bias1_unsubtracted,converged_only,accel_bias_y,velocity_z,2,
trial,flat_still,bias1_unsubtracted,converged_only,accel_bias_z,accel_gain_x,2,
trial,flat_still,bias1_unsubtracted,converged_only,accel_bias_z,accel_gain_y,2,
trial,flat_still,bias1_unsubtracted,converged_only,accel_bias_z,accel_gain_z,2,
trial,flat_still,bias1_unsubtracted,converged_only,accel_bias_z,attitude_x,2,
trial,flat_still,bias1_unsubtracted,converged_only,accel_bias_z,attitude_y,2,
trial,flat_still,bias1_unsubtracted,converged_only,accel_bias_z,attitude_z,2,
trial,flat_still,bias1_unsubtracted,converged_only,accel_bias_z,gravity_delta,2,
trial,flat_still,bias1_unsubtracted,converged_only,accel_bias_z,gyro_bias_x,2,
trial,flat_still,bias1_unsubtracted,converged_only,accel_bias_z,gyro_bias_y,2,
trial,flat_still,bias1_unsubtracted,converged_only,accel_bias_z,gyro_bias_z,2,
trial,flat_still,bias1_unsubtracted,converged_only,accel_bias_z,gyro_gain_x,2,
trial,flat_still,bias1_unsubtracted,converged_only,accel_bias_z,gyro_gain_y,2,
trial,flat_still,bias1_unsubtracted,converged_only,accel_bias_z,gyro_gain_z,2,
trial,flat_still,bias1_unsubtracted,converged_only,accel_bias_z,lever_x,2,
trial,flat_still,bias1_unsubtracted,converged_only,accel_bias_z,lever_y,2,
trial,flat_still,bias1_unsubtracted,converged_only,accel_bias_z,lever_z,2,
trial,flat_still,bias1_unsubtracted,converged_only,accel_bias_z,position_x,2,
trial,flat_still,bias1_unsubtracted,converged_only,accel_bias_z,position_y,2,
trial,flat_still,bias1_unsubtracted,converged_only,accel_bias_z,position_z,2,
trial,flat_still,bias1_unsubtracted,converged_only,accel_bias_z,time_offset,2,
trial,flat_still,bias1_unsubtracted,converged_only,accel_bias_z,velocity_x,2,
trial,flat_still,bias1_unsubtracted,converged_only,accel_bias_z,velocity_y,2,
trial,flat_still,bias1_unsubtracted,converged_only,accel_bias_z,velocity_z,2,
trial,flat_still,bias1_unsubtracted,converged_only,accel_gain_x,accel_gain_y,2,
trial,flat_still,bias1_unsubtracted,converged_only,accel_gain_x,accel_gain_z,2,
trial,flat_still,bias1_unsubtracted,converged_only,accel_gain_x,attitude_x,2,
trial,flat_still,bias1_unsubtracted,converged_only,accel_gain_x,attitude_y,2,
trial,flat_still,bias1_unsubtracted,converged_only,accel_gain_x,attitude_z,2,
trial,flat_still,bias1_unsubtracted,converged_only,accel_gain_x,gravity_delta,2,
trial,flat_still,bias1_unsubtracted,converged_only,accel_gain_x,gyro_bias_x,2,
trial,flat_still,bias1_unsubtracted,converged_only,accel_gain_x,gyro_bias_y,2,
trial,flat_still,bias1_unsubtracted,converged_only,accel_gain_x,gyro_bias_z,2,
trial,flat_still,bias1_unsubtracted,converged_only,accel_gain_x,gyro_gain_x,2,
trial,flat_still,bias1_unsubtracted,converged_only,accel_gain_x,gyro_gain_y,2,
trial,flat_still,bias1_unsubtracted,converged_only,accel_gain_x,gyro_gain_z,2,
trial,flat_still,bias1_unsubtracted,converged_only,accel_gain_x,lever_x,2,
trial,flat_still,bias1_unsubtracted,converged_only,accel_gain_x,lever_y,2,
trial,flat_still,bias1_unsubtracted,converged_only,accel_gain_x,lever_z,2,
trial,flat_still,bias1_unsubtracted,converged_only,accel_gain_x,position_x,2,
trial,flat_still,bias1_unsubtracted,converged_only,accel_gain_x,position_y,2,
trial,flat_still,bias1_unsubtracted,converged_only,accel_gain_x,position_z,2,
trial,flat_still,bias1_unsubtracted,converged_only,accel_gain_x,time_offset,2,
trial,flat_still,bias1_unsubtracted,converged_only,accel_gain_x,velocity_x,2,
trial,flat_still,bias1_unsubtracted,converged_only,accel_gain_x,velocity_y,2,
trial,flat_still,bias1_unsubtracted,converged_only,accel_gain_x,velocity_z,2,
trial,flat_still,bias1_unsubtracted,converged_only,accel_gain_y,accel_gain_z,2,
trial,flat_still,bias1_unsubtracted,converged_only,accel_gain_y,attitude_x,2,
trial,flat_still,bias1_unsubtracted,converged_only,accel_gain_y,attitude_y,2,
trial,flat_still,bias1_unsubtracted,converged_only,accel_gain_y,attitude_z,2,
trial,flat_still,bias1_unsubtracted,converged_only,accel_gain_y,gravity_delta,2,
trial,flat_still,bias1_unsubtracted,converged_only,accel_gain_y,gyro_bias_x,2,
trial,flat_still,bias1_unsubtracted,converged_only,accel_gain_y,gyro_bias_y,2,
trial,flat_still,bias1_unsubtracted,converged_only,accel_gain_y,gyro_bias_z,2,
trial,flat_still,bias1_unsubtracted,converged_only,accel_gain_y,gyro_gain_x,2,
trial,flat_still,bias1_unsubtracted,converged_only,accel_gain_y,gyro_gain_y,2,
trial,flat_still,bias1_unsubtracted,converged_only,accel_gain_y,gyro_gain_z,2,
trial,flat_still,bias1_unsubtracted,converged_only,accel_gain_y,lever_x,2,
trial,flat_still,bias1_unsubtracted,converged_only,accel_gain_y,lever_y,2,
trial,flat_still,bias1_unsubtracted,converged_only,accel_gain_y,lever_z,2,
trial,flat_still,bias1_unsubtracted,converged_only,accel_gain_y,position_x,2,
trial,flat_still,bias1_unsubtracted,converged_only,accel_gain_y,position_y,2,
trial,flat_still,bias1_unsubtracted,converged_only,accel_gain_y,position_z,2,
trial,flat_still,bias1_unsubtracted,converged_only,accel_gain_y,time_offset,2,
trial,flat_still,bias1_unsubtracted,converged_only,accel_gain_y,velocity_x,2,
trial,flat_still,bias1_unsubtracted,converged_only,accel_gain_y,velocity_y,2,
trial,flat_still,bias1_unsubtracted,converged_only,accel_gain_y,velocity_z,2,
trial,flat_still,bias1_unsubtracted,converged_only,accel_gain_z,attitude_x,2,
trial,flat_still,bias1_unsubtracted,converged_only,accel_gain_z,attitude_y,2,
trial,flat_still,bias1_unsubtracted,converged_only,accel_gain_z,attitude_z,2,
trial,flat_still,bias1_unsubtracted,converged_only,accel_gain_z,gravity_delta,2,
trial,flat_still,bias1_unsubtracted,converged_only,accel_gain_z,gyro_bias_x,2,
trial,flat_still,bias1_unsubtracted,converged_only,accel_gain_z,gyro_bias_y,2,
trial,flat_still,bias1_unsubtracted,converged_only,accel_gain_z,gyro_bias_z,2,
trial,flat_still,bias1_unsubtracted,converged_only,accel_gain_z,gyro_gain_x,2,
trial,flat_still,bias1_unsubtracted,converged_only,accel_gain_z,gyro_gain_y,2,
trial,flat_still,bias1_unsubtracted,converged_only,accel_gain_z,gyro_gain_z,2,
trial,flat_still,bias1_unsubtracted,converged_only,accel_gain_z,lever_x,2,
trial,flat_still,bias1_unsubtracted,converged_only,accel_gain_z,lever_y,2,
trial,flat_still,bias1_unsubtracted,converged_only,accel_gain_z,lever_z,2,
trial,flat_still,bias1_unsubtracted,converged_only,accel_gain_z,position_x,2,
trial,flat_still,bias1_unsubtracted,converged_only,accel_gain_z,position_y,2,
trial,flat_still,bias1_unsubtracted,converged_only,accel_gain_z,position_z,2,
trial,flat_still,bias1_unsubtracted,converged_only,accel_gain_z,time_offset,2,
trial,flat_still,bias1_unsubtracted,converged_only,accel_gain_z,velocity_x,2,
trial,flat_still,bias1_unsubtracted,converged_only,accel_gain_z,velocity_y,2,
trial,flat_still,bias1_unsubtracted,converged_only,accel_gain_z,velocity_z,2,
trial,flat_still,bias1_unsubtracted,converged_only,attitude_x,attitude_y,2,
trial,flat_still,bias1_unsubtracted,converged_only,attitude_x,attitude_z,2,
trial,flat_still,bias1_unsubtracted,converged_only,attitude_x,gravity_delta,2,
trial,flat_still,bias1_unsubtracted,converged_only,attitude_x,gyro_bias_x,2,
trial,flat_still,bias1_unsubtracted,converged_only,attitude_x,gyro_bias_y,2,
trial,flat_still,bias1_unsubtracted,converged_only,attitude_x,gyro_bias_z,2,
trial,flat_still,bias1_unsubtracted,converged_only,attitude_x,gyro_gain_x,2,
trial,flat_still,bias1_unsubtracted,converged_only,attitude_x,gyro_gain_y,2,
trial,flat_still,bias1_unsubtracted,converged_only,attitude_x,gyro_gain_z,2,
trial,flat_still,bias1_unsubtracted,converged_only,attitude_x,lever_x,2,
trial,flat_still,bias1_unsubtracted,converged_only,attitude_x,lever_y,2,
trial,flat_still,bias1_unsubtracted,converged_only,attitude_x,lever_z,2,
trial,flat_still,bias1_unsubtracted,converged_only,attitude_x,position_x,2,
trial,flat_still,bias1_unsubtracted,converged_only,attitude_x,position_y,2,
trial,flat_still,bias1_unsubtracted,converged_only,attitude_x,position_z,2,
trial,flat_still,bias1_unsubtracted,converged_only,attitude_x,time_offset,2,
trial,flat_still,bias1_unsubtracted,converged_only,attitude_x,velocity_x,2,
trial,flat_still,bias1_unsubtracted,converged_only,attitude_x,velocity_y,2,
trial,flat_still,bias1_unsubtracted,converged_only,attitude_x,velocity_z,2,
trial,flat_still,bias1_unsubtracted,converged_only,attitude_y,attitude_z,2,
trial,flat_still,bias1_unsubtracted,converged_only,attitude_y,gravity_delta,2,
trial,flat_still,bias1_unsubtracted,converged_only,attitude_y,gyro_bias_x,2,
trial,flat_still,bias1_unsubtracted,converged_only,attitude_y,gyro_bias_y,2,
trial,flat_still,bias1_unsubtracted,converged_only,attitude_y,gyro_bias_z,2,
trial,flat_still,bias1_unsubtracted,converged_only,attitude_y,gyro_gain_x,2,
trial,flat_still,bias1_unsubtracted,converged_only,attitude_y,gyro_gain_y,2,
trial,flat_still,bias1_unsubtracted,converged_only,attitude_y,gyro_gain_z,2,
trial,flat_still,bias1_unsubtracted,converged_only,attitude_y,lever_x,2,
trial,flat_still,bias1_unsubtracted,converged_only,attitude_y,lever_y,2,
trial,flat_still,bias1_unsubtracted,converged_only,attitude_y,lever_z,2,
trial,flat_still,bias1_unsubtracted,converged_only,attitude_y,position_x,2,
trial,flat_still,bias1_unsubtracted,converged_only,attitude_y,position_y,2,
trial,flat_still,bias1_unsubtracted,converged_only,attitude_y,position_z,2,
trial,flat_still,bias1_unsubtracted,converged_only,attitude_y,time_offset,2,
trial,flat_still,bias1_unsubtracted,converged_only,attitude_y,velocity_x,2,
trial,flat_still,bias1_unsubtracted,converged_only,attitude_y,velocity_y,2,
trial,flat_still,bias1_unsubtracted,converged_only,attitude_y,velocity_z,2,
trial,flat_still,bias1_unsubtracted,converged_only,attitude_z,gravity_delta,2,
trial,flat_still,bias1_unsubtracted,converged_only,attitude_z,gyro_bias_x,2,
trial,flat_still,bias1_unsubtracted,converged_only,attitude_z,gyro_bias_y,2,
trial,flat_still,bias1_unsubtracted,converged_only,attitude_z,gyro_bias_z,2,
trial,flat_still,bias1_unsubtracted,converged_only,attitude_z,gyro_gain_x,2,
trial,flat_still,bias1_unsubtracted,converged_only,attitude_z,gyro_gain_y,2,
trial,flat_still,bias1_unsubtracted,converged_only,attitude_z,gyro_gain_z,2,
trial,flat_still,bias1_unsubtracted,converged_only,attitude_z,lever_x,2,
trial,flat_still,bias1_unsubtracted,converged_only,attitude_z,lever_y,2,
trial,flat_still,bias1_unsubtracted,converged_only,attitude_z,lever_z,2,
trial,flat_still,bias1_unsubtracted,converged_only,attitude_z,position_x,2,
trial,flat_still,bias1_unsubtracted,converged_only,attitude_z,position_y,2,
trial,flat_still,bias1_unsubtracted,converged_only,attitude_z,position_z,2,
trial,flat_still,bias1_unsubtracted,converged_only,attitude_z,time_offset,2,
trial,flat_still,bias1_unsubtracted,converged_only,attitude_z,velocity_x,2,
trial,flat_still,bias1_unsubtracted,converged_only,attitude_z,velocity_y,2,
trial,flat_still,bias1_unsubtracted,converged_only,attitude_z,velocity_z,2,
trial,flat_still,bias1_unsubtracted,converged_only,gravity_delta,gyro_bias_x,2,
trial,flat_still,bias1_unsubtracted,converged_only,gravity_delta,gyro_bias_y,2,
trial,flat_still,bias1_unsubtracted,converged_only,gravity_delta,gyro_bias_z,2,
trial,flat_still,bias1_unsubtracted,converged_only,gravity_delta,gyro_gain_x,2,
trial,flat_still,bias1_unsubtracted,converged_only,gravity_delta,gyro_gain_y,2,
trial,flat_still,bias1_unsubtracted,converged_only,gravity_delta,gyro_gain_z,2,
trial,flat_still,bias1_unsubtracted,converged_only,gravity_delta,lever_x,2,
trial,flat_still,bias1_unsubtracted,converged_only,gravity_delta,lever_y,2,
trial,flat_still,bias1_unsubtracted,converged_only,gravity_delta,lever_z,2,
trial,flat_still,bias1_unsubtracted,converged_only,gravity_delta,position_x,2,
trial,flat_still,bias1_unsubtracted,converged_only,gravity_delta,position_y,2,
trial,flat_still,bias1_unsubtracted,converged_only,gravity_delta,position_z,2,
trial,flat_still,bias1_unsubtracted,converged_only,gravity_delta,time_offset,2,
trial,flat_still,bias1_unsubtracted,converged_only,gravity_delta,velocity_x,2,
trial,flat_still,bias1_unsubtracted,converged_only,gravity_delta,velocity_y,2,
trial,flat_still,bias1_unsubtracted,converged_only,gravity_delta,velocity_z,2,
trial,flat_still,bias1_unsubtracted,converged_only,gyro_bias_x,gyro_bias_y,2,
trial,flat_still,bias1_unsubtracted,converged_only,gyro_bias_x,gyro_bias_z,2,
trial,flat_still,bias1_unsubtracted,converged_only,gyro_bias_x,gyro_gain_x,2,
trial,flat_still,bias1_unsubtracted,converged_only,gyro_bias_x,gyro_gain_y,2,
trial,flat_still,bias1_unsubtracted,converged_only,gyro_bias_x,gyro_gain_z,2,
trial,flat_still,bias1_unsubtracted,converged_only,gyro_bias_x,lever_x,2,
trial,flat_still,bias1_unsubtracted,converged_only,gyro_bias_x,lever_y,2,
trial,flat_still,bias1_unsubtracted,converged_only,gyro_bias_x,lever_z,2,
trial,flat_still,bias1_unsubtracted,converged_only,gyro_bias_x,position_x,2,
trial,flat_still,bias1_unsubtracted,converged_only,gyro_bias_x,position_y,2,
trial,flat_still,bias1_unsubtracted,converged_only,gyro_bias_x,position_z,2,
trial,flat_still,bias1_unsubtracted,converged_only,gyro_bias_x,time_offset,2,
trial,flat_still,bias1_unsubtracted,converged_only,gyro_bias_x,velocity_x,2,
trial,flat_still,bias1_unsubtracted,converged_only,gyro_bias_x,velocity_y,2,
trial,flat_still,bias1_unsubtracted,converged_only,gyro_bias_x,velocity_z,2,
trial,flat_still,bias1_unsubtracted,converged_only,gyro_bias_y,gyro_bias_z,2,
trial,flat_still,bias1_unsubtracted,converged_only,gyro_bias_y,gyro_gain_x,2,
trial,flat_still,bias1_unsubtracted,converged_only,gyro_bias_y,gyro_gain_y,2,
trial,flat_still,bias1_unsubtracted,converged_only,gyro_bias_y,gyro_gain_z,2,
trial,flat_still,bias1_unsubtracted,converged_only,gyro_bias_y,lever_x,2,
trial,flat_still,bias1_unsubtracted,converged_only,gyro_bias_y,lever_y,2,
trial,flat_still,bias1_unsubtracted,converged_only,gyro_bias_y,lever_z,2,
trial,flat_still,bias1_unsubtracted,converged_only,gyro_bias_y,position_x,2,
trial,flat_still,bias1_unsubtracted,converged_only,gyro_bias_y,position_y,2,
trial,flat_still,bias1_unsubtracted,converged_only,gyro_bias_y,position_z,2,
trial,flat_still,bias1_unsubtracted,converged_only,gyro_bias_y,time_offset,2,
trial,flat_still,bias1_unsubtracted,converged_only,gyro_bias_y,velocity_x,2,
trial,flat_still,bias1_unsubtracted,converged_only,gyro_bias_y,velocity_y,2,
trial,flat_still,bias1_unsubtracted,converged_only,gyro_bias_y,velocity_z,2,
trial,flat_still,bias1_unsubtracted,converged_only,gyro_bias_z,gyro_gain_x,2,
trial,flat_still,bias1_unsubtracted,converged_only,gyro_bias_z,gyro_gain_y,2,
trial,flat_still,bias1_unsubtracted,converged_only,gyro_bias_z,gyro_gain_z,2,
trial,flat_still,bias1_unsubtracted,converged_only,gyro_bias_z,lever_x,2,
trial,flat_still,bias1_unsubtracted,converged_only,gyro_bias_z,lever_y,2,
trial,flat_still,bias1_unsubtracted,converged_only,gyro_bias_z,lever_z,2,
trial,flat_still,bias1_unsubtracted,converged_only,gyro_bias_z,position_x,2,
trial,flat_still,bias1_unsubtracted,converged_only,gyro_bias_z,position_y,2,
trial,flat_still,bias1_unsubtracted,converged_only,gyro_bias_z,position_z,2,
trial,flat_still,bias1_unsubtracted,converged_only,gyro_bias_z,time_offset,2,
trial,flat_still,bias1_unsubtracted,converged_only,gyro_bias_z,velocity_x,2,
trial,flat_still,bias1_unsubtracted,converged_only,gyro_bias_z,velocity_y,2,
trial,flat_still,bias1_unsubtracted,converged_only,gyro_bias_z,velocity_z,2,
trial,flat_still,bias1_unsubtracted,converged_only,gyro_gain_x,gyro_gain_y,2,
trial,flat_still,bias1_unsubtracted,converged_only,gyro_gain_x,gyro_gain_z,2,
trial,flat_still,bias1_unsubtracted,converged_only,gyro_gain_x,lever_x,2,
trial,flat_still,bias1_unsubtracted,converged_only,gyro_gain_x,lever_y,2,
trial,flat_still,bias1_unsubtracted,converged_only,gyro_gain_x,lever_z,2,
trial,flat_still,bias1_unsubtracted,converged_only,gyro_gain_x,position_x,2,
trial,flat_still,bias1_unsubtracted,converged_only,gyro_gain_x,position_y,2,
trial,flat_still,bias1_unsubtracted,converged_only,gyro_gain_x,position_z,2,
trial,flat_still,bias1_unsubtracted,converged_only,gyro_gain_x,time_offset,2,
trial,flat_still,bias1_unsubtracted,converged_only,gyro_gain_x,velocity_x,2,
trial,flat_still,bias1_unsubtracted,converged_only,gyro_gain_x,velocity_y,2,
trial,flat_still,bias1_unsubtracted,converged_only,gyro_gain_x,velocity_z,2,
trial,flat_still,bias1_unsubtracted,converged_only,gyro_gain_y,gyro_gain_z,2,
trial,flat_still,bias1_unsubtracted,converged_only,gyro_gain_y,lever_x,2,
trial,flat_still,bias1_unsubtracted,converged_only,gyro_gain_y,lever_y,2,
trial,flat_still,bias1_unsubtracted,converged_only,gyro_gain_y,lever_z,2,
trial,flat_still,bias1_unsubtracted,converged_only,gyro_gain_y,position_x,2,
trial,flat_still,bias1_unsubtracted,converged_only,gyro_gain_y,position_y,2,
trial,flat_still,bias1_unsubtracted,converged_only,gyro_gain_y,position_z,2,
trial,flat_still,bias1_unsubtracted,converged_only,gyro_gain_y,time_offset,2,
trial,flat_still,bias1_unsubtracted,converged_only,gyro_gain_y,velocity_x,2,
trial,flat_still,bias1_unsubtracted,converged_only,gyro_gain_y,velocity_y,2,
trial,flat_still,bias1_unsubtracted,converged_only,gyro_gain_y,velocity_z,2,
trial,flat_still,bias1_unsubtracted,converged_only,gyro_gain_z,lever_x,2,
trial,flat_still,bias1_unsubtracted,converged_only,gyro_gain_z,lever_y,2,
trial,flat_still,bias1_unsubtracted,converged_only,gyro_gain_z,lever_z,2,
trial,flat_still,bias1_unsubtracted,converged_only,gyro_gain_z,position_x,2,
trial,flat_still,bias1_unsubtracted,converged_only,gyro_gain_z,position_y,2,
trial,flat_still,bias1_unsubtracted,converged_only,gyro_gain_z,position_z,2,
trial,flat_still,bias1_unsubtracted,converged_only,gyro_gain_z,time_offset,2,
trial,flat_still,bias1_unsubtracted,converged_only,gyro_gain_z,velocity_x,2,
trial,flat_still,bias1_unsubtracted,converged_only,gyro_gain_z,velocity_y,2,
trial,flat_still,bias1_unsubtracted,converged_only,gyro_gain_z,velocity_z,2,
trial,flat_still,bias1_unsubtracted,converged_only,lever_x,lever_y,2,
trial,flat_still,bias1_unsubtracted,converged_only,lever_x,lever_z,2,
trial,flat_still,bias1_unsubtracted,converged_only,lever_x,position_x,2,
trial,flat_still,bias1_unsubtracted,converged_only,lever_x,position_y,2,
trial,flat_still,bias1_unsubtracted,converged_only,lever_x,position_z,2,
trial,flat_still,bias1_unsubtracted,converged_only,lever_x,time_offset,2,
trial,flat_still,bias1_unsubtracted,converged_only,lever_x,velocity_x,2,
trial,flat_still,bias1_unsubtracted,converged_only,lever_x,velocity_y,2,
trial,flat_still,bias1_unsubtracted,converged_only,lever_x,velocity_z,2,
trial,flat_still,bias1_unsubtracted,converged_only,lever_y,lever_z,2,
trial,flat_still,bias1_unsubtracted,converged_only,lever_y,position_x,2,
trial,flat_still,bias1_unsubtracted,converged_only,lever_y,position_y,2,
trial,flat_still,bias1_unsubtracted,converged_only,lever_y,position_z,2,
trial,flat_still,bias1_unsubtracted,converged_only,lever_y,time_offset,2,
trial,flat_still,bias1_unsubtracted,converged_only,lever_y,velocity_x,2,
trial,flat_still,bias1_unsubtracted,converged_only,lever_y,velocity_y,2,
trial,flat_still,bias1_unsubtracted,converged_only,lever_y,velocity_z,2,
trial,flat_still,bias1_unsubtracted,converged_only,lever_z,position_x,2,
trial,flat_still,bias1_unsubtracted,converged_only,lever_z,position_y,2,
trial,flat_still,bias1_unsubtracted,converged_only,lever_z,position_z,2,
trial,flat_still,bias1_unsubtracted,converged_only,lever_z,time_offset,2,
trial,flat_still,bias1_unsubtracted,converged_only,lever_z,velocity_x,2,
trial,flat_still,bias1_unsubtracted,converged_only,lever_z,velocity_y,2,
trial,flat_still,bias1_unsubtracted,converged_only,lever_z,velocity_z,2,
trial,flat_still,bias1_unsubtracted,converged_only,position_x,position_y,2,
trial,flat_still,bias1_unsubtracted,converged_only,position_x,position_z,2,
trial,flat_still,bias1_unsubtracted,converged_only,position_x,time_offset,2,
trial,flat_still,bias1_unsubtracted,converged_only,position_x,velocity_x,2,
trial,flat_still,bias1_unsubtracted,converged_only,position_x,velocity_y,2,
trial,flat_still,bias1_unsubtracted,converged_only,position_x,velocity_z,2,
trial,flat_still,bias1_unsubtracted,converged_only,position_y,position_z,2,
trial,flat_still,bias1_unsubtracted,converged_only,position_y,time_offset,2,
trial,flat_still,bias1_unsubtracted,converged_only,position_y,velocity_x,2,
trial,flat_still,bias1_unsubtracted,converged_only,position_y,velocity_y,2,
trial,flat_still,bias1_unsubtracted,converged_only,position_y,velocity_z,2,
trial,flat_still,bias1_unsubtracted,converged_only,position_z,time_offset,2,
trial,flat_still,bias1_unsubtracted,converged_only,position_z,velocity_x,2,
trial,flat_still,bias1_unsubtracted,converged_only,position_z,velocity_y,2,
trial,flat_still,bias1_unsubtracted,converged_only,position_z,velocity_z,2,
trial,flat_still,bias1_unsubtracted,converged_only,time_offset,velocity_x,2,
trial,flat_still,bias1_unsubtracted,converged_only,time_offset,velocity_y,2,
trial,flat_still,bias1_unsubtracted,converged_only,time_offset,velocity_z,2,
trial,flat_still,bias1_unsubtracted,converged_only,velocity_x,velocity_y,2,
trial,flat_still,bias1_unsubtracted,converged_only,velocity_x,velocity_z,2,
trial,flat_still,bias1_unsubtracted,converged_only,velocity_y,velocity_z,2,
trial,sphere_rotating,bias1_profiled_removal,all_saved,accel_bias_x,accel_bias_y,2,
trial,sphere_rotating,bias1_profiled_removal,all_saved,accel_bias_x,accel_bias_z,2,
trial,sphere_rotating,bias1_profiled_removal,all_saved,accel_bias_x,accel_gain_x,2,
trial,sphere_rotating,bias1_profiled_removal,all_saved,accel_bias_x,accel_gain_y,2,
trial,sphere_rotating,bias1_profiled_removal,all_saved,accel_bias_x,accel_gain_z,2,
trial,sphere_rotating,bias1_profiled_removal,all_saved,accel_bias_x,attitude_x,2,
trial,sphere_rotating,bias1_profiled_removal,all_saved,accel_bias_x,attitude_y,2,
trial,sphere_rotating,bias1_profiled_removal,all_saved,accel_bias_x,attitude_z,2,
trial,sphere_rotating,bias1_profiled_removal,all_saved,accel_bias_x,earth_removal,2,
trial,sphere_rotating,bias1_profiled_removal,all_saved,accel_bias_x,gravity_delta,2,
trial,sphere_rotating,bias1_profiled_removal,all_saved,accel_bias_x,gyro_bias_x,2,
trial,sphere_rotating,bias1_profiled_removal,all_saved,accel_bias_x,gyro_bias_y,2,
trial,sphere_rotating,bias1_profiled_removal,all_saved,accel_bias_x,gyro_bias_z,2,
trial,sphere_rotating,bias1_profiled_removal,all_saved,accel_bias_x,gyro_gain_x,2,
trial,sphere_rotating,bias1_profiled_removal,all_saved,accel_bias_x,gyro_gain_y,2,
trial,sphere_rotating,bias1_profiled_removal,all_saved,accel_bias_x,gyro_gain_z,2,
trial,sphere_rotating,bias1_profiled_removal,all_saved,accel_bias_x,lever_x,2,
trial,sphere_rotating,bias1_profiled_removal,all_saved,accel_bias_x,lever_y,2,
trial,sphere_rotating,bias1_profiled_removal,all_saved,accel_bias_x,lever_z,2,
trial,sphere_rotating,bias1_profiled_removal,all_saved,accel_bias_x,position_x,2,
trial,sphere_rotating,bias1_profiled_removal,all_saved,accel_bias_x,position_y,2,
trial,sphere_rotating,bias1_profiled_removal,all_saved,accel_bias_x,position_z,2,
trial,sphere_rotating,bias1_profiled_removal,all_saved,accel_bias_x,time_offset,2,
trial,sphere_rotating,bias1_profiled_removal,all_saved,accel_bias_x,velocity_x,2,
trial,sphere_rotating,bias1_profiled_removal,all_saved,accel_bias_x,velocity_y,2,
trial,sphere_rotating,bias1_profiled_removal,all_saved,accel_bias_x,velocity_z,2,
trial,sphere_rotating,bias1_profiled_removal,all_saved,accel_bias_y,accel_bias_z,2,
trial,sphere_rotating,bias1_profiled_removal,all_saved,accel_bias_y,accel_gain_x,2,
trial,sphere_rotating,bias1_profiled_removal,all_saved,accel_bias_y,accel_gain_y,2,
trial,sphere_rotating,bias1_profiled_removal,all_saved,accel_bias_y,accel_gain_z,2,
trial,sphere_rotating,bias1_profiled_removal,all_saved,accel_bias_y,attitude_x,2,
trial,sphere_rotating,bias1_profiled_removal,all_saved,accel_bias_y,attitude_y,2,
trial,sphere_rotating,bias1_profiled_removal,all_saved,accel_bias_y,attitude_z,2,
trial,sphere_rotating,bias1_profiled_removal,all_saved,accel_bias_y,earth_removal,2,
trial,sphere_rotating,bias1_profiled_removal,all_saved,accel_bias_y,gravity_delta,2,
trial,sphere_rotating,bias1_profiled_removal,all_saved,accel_bias_y,gyro_bias_x,2,
trial,sphere_rotating,bias1_profiled_removal,all_saved,accel_bias_y,gyro_bias_y,2,
trial,sphere_rotating,bias1_profiled_removal,all_saved,accel_bias_y,gyro_bias_z,2,
trial,sphere_rotating,bias1_profiled_removal,all_saved,accel_bias_y,gyro_gain_x,2,
trial,sphere_rotating,bias1_profiled_removal,all_saved,accel_bias_y,gyro_gain_y,2,
trial,sphere_rotating,bias1_profiled_removal,all_saved,accel_bias_y,gyro_gain_z,2,
trial,sphere_rotating,bias1_profiled_removal,all_saved,accel_bias_y,lever_x,2,
trial,sphere_rotating,bias1_profiled_removal,all_saved,accel_bias_y,lever_y,2,
trial,sphere_rotating,bias1_profiled_removal,all_saved,accel_bias_y,lever_z,2,
trial,sphere_rotating,bias1_profiled_removal,all_saved,accel_bias_y,position_x,2,
trial,sphere_rotating,bias1_profiled_removal,all_saved,accel_bias_y,position_y,2,
trial,sphere_rotating,bias1_profiled_removal,all_saved,accel_bias_y,position_z,2,
trial,sphere_rotating,bias1_profiled_removal,all_saved,accel_bias_y,time_offset,2,
trial,sphere_rotating,bias1_profiled_removal,all_saved,accel_bias_y,velocity_x,2,
trial,sphere_rotating,bias1_profiled_removal,all_saved,accel_bias_y,velocity_y,2,
trial,sphere_rotating,bias1_profiled_removal,all_saved,accel_bias_y,velocity_z,2,
trial,sphere_rotating,bias1_profiled_removal,all_saved,accel_bias_z,accel_gain_x,2,
trial,sphere_rotating,bias1_profiled_removal,all_saved,accel_bias_z,accel_gain_y,2,
trial,sphere_rotating,bias1_profiled_removal,all_saved,accel_bias_z,accel_gain_z,2,
trial,sphere_rotating,bias1_profiled_removal,all_saved,accel_bias_z,attitude_x,2,
trial,sphere_rotating,bias1_profiled_removal,all_saved,accel_bias_z,attitude_y,2,
trial,sphere_rotating,bias1_profiled_removal,all_saved,accel_bias_z,attitude_z,2,
trial,sphere_rotating,bias1_profiled_removal,all_saved,accel_bias_z,earth_removal,2,
trial,sphere_rotating,bias1_profiled_removal,all_saved,accel_bias_z,gravity_delta,2,
trial,sphere_rotating,bias1_profiled_removal,all_saved,accel_bias_z,gyro_bias_x,2,
trial,sphere_rotating,bias1_profiled_removal,all_saved,accel_bias_z,gyro_bias_y,2,
trial,sphere_rotating,bias1_profiled_removal,all_saved,accel_bias_z,gyro_bias_z,2,
trial,sphere_rotating,bias1_profiled_removal,all_saved,accel_bias_z,gyro_gain_x,2,
trial,sphere_rotating,bias1_profiled_removal,all_saved,accel_bias_z,gyro_gain_y,2,
trial,sphere_rotating,bias1_profiled_removal,all_saved,accel_bias_z,gyro_gain_z,2,
trial,sphere_rotating,bias1_profiled_removal,all_saved,accel_bias_z,lever_x,2,
trial,sphere_rotating,bias1_profiled_removal,all_saved,accel_bias_z,lever_y,2,
trial,sphere_rotating,bias1_profiled_removal,all_saved,accel_bias_z,lever_z,2,
trial,sphere_rotating,bias1_profiled_removal,all_saved,accel_bias_z,position_x,2,
trial,sphere_rotating,bias1_profiled_removal,all_saved,accel_bias_z,position_y,2,
trial,sphere_rotating,bias1_profiled_removal,all_saved,accel_bias_z,position_z,2,
trial,sphere_rotating,bias1_profiled_removal,all_saved,accel_bias_z,time_offset,2,
trial,sphere_rotating,bias1_profiled_removal,all_saved,accel_bias_z,velocity_x,2,
trial,sphere_rotating,bias1_profiled_removal,all_saved,accel_bias_z,velocity_y,2,
trial,sphere_rotating,bias1_profiled_removal,all_saved,accel_bias_z,velocity_z,2,
trial,sphere_rotating,bias1_profiled_removal,all_saved,accel_gain_x,accel_gain_y,2,
trial,sphere_rotating,bias1_profiled_removal,all_saved,accel_gain_x,accel_gain_z,2,
trial,sphere_rotating,bias1_profiled_removal,all_saved,accel_gain_x,attitude_x,2,
trial,sphere_rotating,bias1_profiled_removal,all_saved,accel_gain_x,attitude_y,2,
trial,sphere_rotating,bias1_profiled_removal,all_saved,accel_gain_x,attitude_z,2,
trial,sphere_rotating,bias1_profiled_removal,all_saved,accel_gain_x,earth_removal,2,
trial,sphere_rotating,bias1_profiled_removal,all_saved,accel_gain_x,gravity_delta,2,
trial,sphere_rotating,bias1_profiled_removal,all_saved,accel_gain_x,gyro_bias_x,2,
trial,sphere_rotating,bias1_profiled_removal,all_saved,accel_gain_x,gyro_bias_y,2,
trial,sphere_rotating,bias1_profiled_removal,all_saved,accel_gain_x,gyro_bias_z,2,
trial,sphere_rotating,bias1_profiled_removal,all_saved,accel_gain_x,gyro_gain_x,2,
trial,sphere_rotating,bias1_profiled_removal,all_saved,accel_gain_x,gyro_gain_y,2,
trial,sphere_rotating,bias1_profiled_removal,all_saved,accel_gain_x,gyro_gain_z,2,
trial,sphere_rotating,bias1_profiled_removal,all_saved,accel_gain_x,lever_x,2,
trial,sphere_rotating,bias1_profiled_removal,all_saved,accel_gain_x,lever_y,2,
trial,sphere_rotating,bias1_profiled_removal,all_saved,accel_gain_x,lever_z,2,
trial,sphere_rotating,bias1_profiled_removal,all_saved,accel_gain_x,position_x,2,
trial,sphere_rotating,bias1_profiled_removal,all_saved,accel_gain_x,position_y,2,
trial,sphere_rotating,bias1_profiled_removal,all_saved,accel_gain_x,position_z,2,
trial,sphere_rotating,bias1_profiled_removal,all_saved,accel_gain_x,time_offset,2,
trial,sphere_rotating,bias1_profiled_removal,all_saved,accel_gain_x,velocity_x,2,
trial,sphere_rotating,bias1_profiled_removal,all_saved,accel_gain_x,velocity_y,2,
trial,sphere_rotating,bias1_profiled_removal,all_saved,accel_gain_x,velocity_z,2,
trial,sphere_rotating,bias1_profiled_removal,all_saved,accel_gain_y,accel_gain_z,2,
trial,sphere_rotating,bias1_profiled_removal,all_saved,accel_gain_y,attitude_x,2,
trial,sphere_rotating,bias1_profiled_removal,all_saved,accel_gain_y,attitude_y,2,
trial,sphere_rotating,bias1_profiled_removal,all_saved,accel_gain_y,attitude_z,2,
trial,sphere_rotating,bias1_profiled_removal,all_saved,accel_gain_y,earth_removal,2,
trial,sphere_rotating,bias1_profiled_removal,all_saved,accel_gain_y,gravity_delta,2,
trial,sphere_rotating,bias1_profiled_removal,all_saved,accel_gain_y,gyro_bias_x,2,
trial,sphere_rotating,bias1_profiled_removal,all_saved,accel_gain_y,gyro_bias_y,2,
trial,sphere_rotating,bias1_profiled_removal,all_saved,accel_gain_y,gyro_bias_z,2,
trial,sphere_rotating,bias1_profiled_removal,all_saved,accel_gain_y,gyro_gain_x,2,
trial,sphere_rotating,bias1_profiled_removal,all_saved,accel_gain_y,gyro_gain_y,2,
trial,sphere_rotating,bias1_profiled_removal,all_saved,accel_gain_y,gyro_gain_z,2,
trial,sphere_rotating,bias1_profiled_removal,all_saved,accel_gain_y,lever_x,2,
trial,sphere_rotating,bias1_profiled_removal,all_saved,accel_gain_y,lever_y,2,
trial,sphere_rotating,bias1_profiled_removal,all_saved,accel_gain_y,lever_z,2,
trial,sphere_rotating,bias1_profiled_removal,all_saved,accel_gain_y,position_x,2,
trial,sphere_rotating,bias1_profiled_removal,all_saved,accel_gain_y,position_y,2,
trial,sphere_rotating,bias1_profiled_removal,all_saved,accel_gain_y,position_z,2,
trial,sphere_rotating,bias1_profiled_removal,all_saved,accel_gain_y,time_offset,2,
trial,sphere_rotating,bias1_profiled_removal,all_saved,accel_gain_y,velocity_x,2,
trial,sphere_rotating,bias1_profiled_removal,all_saved,accel_gain_y,velocity_y,2,
trial,sphere_rotating,bias1_profiled_removal,all_saved,accel_gain_y,velocity_z,2,
trial,sphere_rotating,bias1_profiled_removal,all_saved,accel_gain_z,attitude_x,2,
trial,sphere_rotating,bias1_profiled_removal,all_saved,accel_gain_z,attitude_y,2,
trial,sphere_rotating,bias1_profiled_removal,all_saved,accel_gain_z,attitude_z,2,
trial,sphere_rotating,bias1_profiled_removal,all_saved,accel_gain_z,earth_removal,2,
trial,sphere_rotating,bias1_profiled_removal,all_saved,accel_gain_z,gravity_delta,2,
trial,sphere_rotating,bias1_profiled_removal,all_saved,accel_gain_z,gyro_bias_x,2,
trial,sphere_rotating,bias1_profiled_removal,all_saved,accel_gain_z,gyro_bias_y,2,
trial,sphere_rotating,bias1_profiled_removal,all_saved,accel_gain_z,gyro_bias_z,2,
trial,sphere_rotating,bias1_profiled_removal,all_saved,accel_gain_z,gyro_gain_x,2,
trial,sphere_rotating,bias1_profiled_removal,all_saved,accel_gain_z,gyro_gain_y,2,
trial,sphere_rotating,bias1_profiled_removal,all_saved,accel_gain_z,gyro_gain_z,2,
trial,sphere_rotating,bias1_profiled_removal,all_saved,accel_gain_z,lever_x,2,
trial,sphere_rotating,bias1_profiled_removal,all_saved,accel_gain_z,lever_y,2,
trial,sphere_rotating,bias1_profiled_removal,all_saved,accel_gain_z,lever_z,2,
trial,sphere_rotating,bias1_profiled_removal,all_saved,accel_gain_z,position_x,2,
trial,sphere_rotating,bias1_profiled_removal,all_saved,accel_gain_z,position_y,2,
trial,sphere_rotating,bias1_profiled_removal,all_saved,accel_gain_z,position_z,2,
trial,sphere_rotating,bias1_profiled_removal,all_saved,accel_gain_z,time_offset,2,
trial,sphere_rotating,bias1_profiled_removal,all_saved,accel_gain_z,velocity_x,2,
trial,sphere_rotating,bias1_profiled_removal,all_saved,accel_gain_z,velocity_y,2,
trial,sphere_rotating,bias1_profiled_removal,all_saved,accel_gain_z,velocity_z,2,
trial,sphere_rotating,bias1_profiled_removal,all_saved,attitude_x,attitude_y,2,
trial,sphere_rotating,bias1_profiled_removal,all_saved,attitude_x,attitude_z,2,
trial,sphere_rotating,bias1_profiled_removal,all_saved,attitude_x,earth_removal,2,
trial,sphere_rotating,bias1_profiled_removal,all_saved,attitude_x,gravity_delta,2,
trial,sphere_rotating,bias1_profiled_removal,all_saved,attitude_x,gyro_bias_x,2,
trial,sphere_rotating,bias1_profiled_removal,all_saved,attitude_x,gyro_bias_y,2,
trial,sphere_rotating,bias1_profiled_removal,all_saved,attitude_x,gyro_bias_z,2,
trial,sphere_rotating,bias1_profiled_removal,all_saved,attitude_x,gyro_gain_x,2,
trial,sphere_rotating,bias1_profiled_removal,all_saved,attitude_x,gyro_gain_y,2,
trial,sphere_rotating,bias1_profiled_removal,all_saved,attitude_x,gyro_gain_z,2,
trial,sphere_rotating,bias1_profiled_removal,all_saved,attitude_x,lever_x,2,
trial,sphere_rotating,bias1_profiled_removal,all_saved,attitude_x,lever_y,2,
trial,sphere_rotating,bias1_profiled_removal,all_saved,attitude_x,lever_z,2,
trial,sphere_rotating,bias1_profiled_removal,all_saved,attitude_x,position_x,2,
trial,sphere_rotating,bias1_profiled_removal,all_saved,attitude_x,position_y,2,
trial,sphere_rotating,bias1_profiled_removal,all_saved,attitude_x,position_z,2,
trial,sphere_rotating,bias1_profiled_removal,all_saved,attitude_x,time_offset,2,
trial,sphere_rotating,bias1_profiled_removal,all_saved,attitude_x,velocity_x,2,
trial,sphere_rotating,bias1_profiled_removal,all_saved,attitude_x,velocity_y,2,
trial,sphere_rotating,bias1_profiled_removal,all_saved,attitude_x,velocity_z,2,
trial,sphere_rotating,bias1_profiled_removal,all_saved,attitude_y,attitude_z,2,
trial,sphere_rotating,bias1_profiled_removal,all_saved,attitude_y,earth_removal,2,
trial,sphere_rotating,bias1_profiled_removal,all_saved,attitude_y,gravity_delta,2,
trial,sphere_rotating,bias1_profiled_removal,all_saved,attitude_y,gyro_bias_x,2,
trial,sphere_rotating,bias1_profiled_removal,all_saved,attitude_y,gyro_bias_y,2,
trial,sphere_rotating,bias1_profiled_removal,all_saved,attitude_y,gyro_bias_z,2,
trial,sphere_rotating,bias1_profiled_removal,all_saved,attitude_y,gyro_gain_x,2,
trial,sphere_rotating,bias1_profiled_removal,all_saved,attitude_y,gyro_gain_y,2,
trial,sphere_rotating,bias1_profiled_removal,all_saved,attitude_y,gyro_gain_z,2,
trial,sphere_rotating,bias1_profiled_removal,all_saved,attitude_y,lever_x,2,
trial,sphere_rotating,bias1_profiled_removal,all_saved,attitude_y,lever_y,2,
trial,sphere_rotating,bias1_profiled_removal,all_saved,attitude_y,lever_z,2,
trial,sphere_rotating,bias1_profiled_removal,all_saved,attitude_y,position_x,2,
trial,sphere_rotating,bias1_profiled_removal,all_saved,attitude_y,position_y,2,
trial,sphere_rotating,bias1_profiled_removal,all_saved,attitude_y,position_z,2,
trial,sphere_rotating,bias1_profiled_removal,all_saved,attitude_y,time_offset,2,
trial,sphere_rotating,bias1_profiled_removal,all_saved,attitude_y,velocity_x,2,
trial,sphere_rotating,bias1_profiled_removal,all_saved,attitude_y,velocity_y,2,
trial,sphere_rotating,bias1_profiled_removal,all_saved,attitude_y,velocity_z,2,
trial,sphere_rotating,bias1_profiled_removal,all_saved,attitude_z,earth_removal,2,
trial,sphere_rotating,bias1_profiled_removal,all_saved,attitude_z,gravity_delta,2,
trial,sphere_rotating,bias1_profiled_removal,all_saved,attitude_z,gyro_bias_x,2,
trial,sphere_rotating,bias1_profiled_removal,all_saved,attitude_z,gyro_bias_y,2,
trial,sphere_rotating,bias1_profiled_removal,all_saved,attitude_z,gyro_bias_z,2,
trial,sphere_rotating,bias1_profiled_removal,all_saved,attitude_z,gyro_gain_x,2,
trial,sphere_rotating,bias1_profiled_removal,all_saved,attitude_z,gyro_gain_y,2,
trial,sphere_rotating,bias1_profiled_removal,all_saved,attitude_z,gyro_gain_z,2,
trial,sphere_rotating,bias1_profiled_removal,all_saved,attitude_z,lever_x,2,
trial,sphere_rotating,bias1_profiled_removal,all_saved,attitude_z,lever_y,2,
trial,sphere_rotating,bias1_profiled_removal,all_saved,attitude_z,lever_z,2,
trial,sphere_rotating,bias1_profiled_removal,all_saved,attitude_z,position_x,2,
trial,sphere_rotating,bias1_profiled_removal,all_saved,attitude_z,position_y,2,
trial,sphere_rotating,bias1_profiled_removal,all_saved,attitude_z,position_z,2,
trial,sphere_rotating,bias1_profiled_removal,all_saved,attitude_z,time_offset,2,
trial,sphere_rotating,bias1_profiled_removal,all_saved,attitude_z,velocity_x,2,
trial,sphere_rotating,bias1_profiled_removal,all_saved,attitude_z,velocity_y,2,
trial,sphere_rotating,bias1_profiled_removal,all_saved,attitude_z,velocity_z,2,
trial,sphere_rotating,bias1_profiled_removal,all_saved,earth_removal,gravity_delta,2,
trial,sphere_rotating,bias1_profiled_removal,all_saved,earth_removal,gyro_bias_x,2,
trial,sphere_rotating,bias1_profiled_removal,all_saved,earth_removal,gyro_bias_y,2,
trial,sphere_rotating,bias1_profiled_removal,all_saved,earth_removal,gyro_bias_z,2,
trial,sphere_rotating,bias1_profiled_removal,all_saved,earth_removal,gyro_gain_x,2,
trial,sphere_rotating,bias1_profiled_removal,all_saved,earth_removal,gyro_gain_y,2,
trial,sphere_rotating,bias1_profiled_removal,all_saved,earth_removal,gyro_gain_z,2,
trial,sphere_rotating,bias1_profiled_removal,all_saved,earth_removal,lever_x,2,
trial,sphere_rotating,bias1_profiled_removal,all_saved,earth_removal,lever_y,2,
trial,sphere_rotating,bias1_profiled_removal,all_saved,earth_removal,lever_z,2,
trial,sphere_rotating,bias1_profiled_removal,all_saved,earth_removal,position_x,2,
trial,sphere_rotating,bias1_profiled_removal,all_saved,earth_removal,position_y,2,
trial,sphere_rotating,bias1_profiled_removal,all_saved,earth_removal,position_z,2,
trial,sphere_rotating,bias1_profiled_removal,all_saved,earth_removal,time_offset,2,
trial,sphere_rotating,bias1_profiled_removal,all_saved,earth_removal,velocity_x,2,
trial,sphere_rotating,bias1_profiled_removal,all_saved,earth_removal,velocity_y,2,
trial,sphere_rotating,bias1_profiled_removal,all_saved,earth_removal,velocity_z,2,
trial,sphere_rotating,bias1_profiled_removal,all_saved,gravity_delta,gyro_bias_x,2,
trial,sphere_rotating,bias1_profiled_removal,all_saved,gravity_delta,gyro_bias_y,2,
trial,sphere_rotating,bias1_profiled_removal,all_saved,gravity_delta,gyro_bias_z,2,
trial,sphere_rotating,bias1_profiled_removal,all_saved,gravity_delta,gyro_gain_x,2,
trial,sphere_rotating,bias1_profiled_removal,all_saved,gravity_delta,gyro_gain_y,2,
trial,sphere_rotating,bias1_profiled_removal,all_saved,gravity_delta,gyro_gain_z,2,
trial,sphere_rotating,bias1_profiled_removal,all_saved,gravity_delta,lever_x,2,
trial,sphere_rotating,bias1_profiled_removal,all_saved,gravity_delta,lever_y,2,
trial,sphere_rotating,bias1_profiled_removal,all_saved,gravity_delta,lever_z,2,
trial,sphere_rotating,bias1_profiled_removal,all_saved,gravity_delta,position_x,2,
trial,sphere_rotating,bias1_profiled_removal,all_saved,gravity_delta,position_y,2,
trial,sphere_rotating,bias1_profiled_removal,all_saved,gravity_delta,position_z,2,
trial,sphere_rotating,bias1_profiled_removal,all_saved,gravity_delta,time_offset,2,
trial,sphere_rotating,bias1_profiled_removal,all_saved,gravity_delta,velocity_x,2,
trial,sphere_rotating,bias1_profiled_removal,all_saved,gravity_delta,velocity_y,2,
trial,sphere_rotating,bias1_profiled_removal,all_saved,gravity_delta,velocity_z,2,
trial,sphere_rotating,bias1_profiled_removal,all_saved,gyro_bias_x,gyro_bias_y,2,
trial,sphere_rotating,bias1_profiled_removal,all_saved,gyro_bias_x,gyro_bias_z,2,
trial,sphere_rotating,bias1_profiled_removal,all_saved,gyro_bias_x,gyro_gain_x,2,
trial,sphere_rotating,bias1_profiled_removal,all_saved,gyro_bias_x,gyro_gain_y,2,
trial,sphere_rotating,bias1_profiled_removal,all_saved,gyro_bias_x,gyro_gain_z,2,
trial,sphere_rotating,bias1_profiled_removal,all_saved,gyro_bias_x,lever_x,2,
trial,sphere_rotating,bias1_profiled_removal,all_saved,gyro_bias_x,lever_y,2,
trial,sphere_rotating,bias1_profiled_removal,all_saved,gyro_bias_x,lever_z,2,
trial,sphere_rotating,bias1_profiled_removal,all_saved,gyro_bias_x,position_x,2,
trial,sphere_rotating,bias1_profiled_removal,all_saved,gyro_bias_x,position_y,2,
trial,sphere_rotating,bias1_profiled_removal,all_saved,gyro_bias_x,position_z,2,
trial,sphere_rotating,bias1_profiled_removal,all_saved,gyro_bias_x,time_offset,2,
trial,sphere_rotating,bias1_profiled_removal,all_saved,gyro_bias_x,velocity_x,2,
trial,sphere_rotating,bias1_profiled_removal,all_saved,gyro_bias_x,velocity_y,2,
trial,sphere_rotating,bias1_profiled_removal,all_saved,gyro_bias_x,velocity_z,2,
trial,sphere_rotating,bias1_profiled_removal,all_saved,gyro_bias_y,gyro_bias_z,2,
trial,sphere_rotating,bias1_profiled_removal,all_saved,gyro_bias_y,gyro_gain_x,2,
trial,sphere_rotating,bias1_profiled_removal,all_saved,gyro_bias_y,gyro_gain_y,2,
trial,sphere_rotating,bias1_profiled_removal,all_saved,gyro_bias_y,gyro_gain_z,2,
trial,sphere_rotating,bias1_profiled_removal,all_saved,gyro_bias_y,lever_x,2,
trial,sphere_rotating,bias1_profiled_removal,all_saved,gyro_bias_y,lever_y,2,
trial,sphere_rotating,bias1_profiled_removal,all_saved,gyro_bias_y,lever_z,2,
trial,sphere_rotating,bias1_profiled_removal,all_saved,gyro_bias_y,position_x,2,
trial,sphere_rotating,bias1_profiled_removal,all_saved,gyro_bias_y,position_y,2,
trial,sphere_rotating,bias1_profiled_removal,all_saved,gyro_bias_y,position_z,2,
trial,sphere_rotating,bias1_profiled_removal,all_saved,gyro_bias_y,time_offset,2,
trial,sphere_rotating,bias1_profiled_removal,all_saved,gyro_bias_y,velocity_x,2,
trial,sphere_rotating,bias1_profiled_removal,all_saved,gyro_bias_y,velocity_y,2,
trial,sphere_rotating,bias1_profiled_removal,all_saved,gyro_bias_y,velocity_z,2,
trial,sphere_rotating,bias1_profiled_removal,all_saved,gyro_bias_z,gyro_gain_x,2,
trial,sphere_rotating,bias1_profiled_removal,all_saved,gyro_bias_z,gyro_gain_y,2,
trial,sphere_rotating,bias1_profiled_removal,all_saved,gyro_bias_z,gyro_gain_z,2,
trial,sphere_rotating,bias1_profiled_removal,all_saved,gyro_bias_z,lever_x,2,
trial,sphere_rotating,bias1_profiled_removal,all_saved,gyro_bias_z,lever_y,2,
trial,sphere_rotating,bias1_profiled_removal,all_saved,gyro_bias_z,lever_z,2,
trial,sphere_rotating,bias1_profiled_removal,all_saved,gyro_bias_z,position_x,2,
trial,sphere_rotating,bias1_profiled_removal,all_saved,gyro_bias_z,position_y,2,
trial,sphere_rotating,bias1_profiled_removal,all_saved,gyro_bias_z,position_z,2,
trial,sphere_rotating,bias1_profiled_removal,all_saved,gyro_bias_z,time_offset,2,
trial,sphere_rotating,bias1_profiled_removal,all_saved,gyro_bias_z,velocity_x,2,
trial,sphere_rotating,bias1_profiled_removal,all_saved,gyro_bias_z,velocity_y,2,
trial,sphere_rotating,bias1_profiled_removal,all_saved,gyro_bias_z,velocity_z,2,
trial,sphere_rotating,bias1_profiled_removal,all_saved,gyro_gain_x,gyro_gain_y,2,
trial,sphere_rotating,bias1_profiled_removal,all_saved,gyro_gain_x,gyro_gain_z,2,
trial,sphere_rotating,bias1_profiled_removal,all_saved,gyro_gain_x,lever_x,2,
trial,sphere_rotating,bias1_profiled_removal,all_saved,gyro_gain_x,lever_y,2,
trial,sphere_rotating,bias1_profiled_removal,all_saved,gyro_gain_x,lever_z,2,
trial,sphere_rotating,bias1_profiled_removal,all_saved,gyro_gain_x,position_x,2,
trial,sphere_rotating,bias1_profiled_removal,all_saved,gyro_gain_x,position_y,2,
trial,sphere_rotating,bias1_profiled_removal,all_saved,gyro_gain_x,position_z,2,
trial,sphere_rotating,bias1_profiled_removal,all_saved,gyro_gain_x,time_offset,2,
trial,sphere_rotating,bias1_profiled_removal,all_saved,gyro_gain_x,velocity_x,2,
trial,sphere_rotating,bias1_profiled_removal,all_saved,gyro_gain_x,velocity_y,2,
trial,sphere_rotating,bias1_profiled_removal,all_saved,gyro_gain_x,velocity_z,2,
trial,sphere_rotating,bias1_profiled_removal,all_saved,gyro_gain_y,gyro_gain_z,2,
trial,sphere_rotating,bias1_profiled_removal,all_saved,gyro_gain_y,lever_x,2,
trial,sphere_rotating,bias1_profiled_removal,all_saved,gyro_gain_y,lever_y,2,
trial,sphere_rotating,bias1_profiled_removal,all_saved,gyro_gain_y,lever_z,2,
trial,sphere_rotating,bias1_profiled_removal,all_saved,gyro_gain_y,position_x,2,
trial,sphere_rotating,bias1_profiled_removal,all_saved,gyro_gain_y,position_y,2,
trial,sphere_rotating,bias1_profiled_removal,all_saved,gyro_gain_y,position_z,2,
trial,sphere_rotating,bias1_profiled_removal,all_saved,gyro_gain_y,time_offset,2,
trial,sphere_rotating,bias1_profiled_removal,all_saved,gyro_gain_y,velocity_x,2,
trial,sphere_rotating,bias1_profiled_removal,all_saved,gyro_gain_y,velocity_y,2,
trial,sphere_rotating,bias1_profiled_removal,all_saved,gyro_gain_y,velocity_z,2,
trial,sphere_rotating,bias1_profiled_removal,all_saved,gyro_gain_z,lever_x,2,
trial,sphere_rotating,bias1_profiled_removal,all_saved,gyro_gain_z,lever_y,2,
trial,sphere_rotating,bias1_profiled_removal,all_saved,gyro_gain_z,lever_z,2,
trial,sphere_rotating,bias1_profiled_removal,all_saved,gyro_gain_z,position_x,2,
trial,sphere_rotating,bias1_profiled_removal,all_saved,gyro_gain_z,position_y,2,
trial,sphere_rotating,bias1_profiled_removal,all_saved,gyro_gain_z,position_z,2,
trial,sphere_rotating,bias1_profiled_removal,all_saved,gyro_gain_z,time_offset,2,
trial,sphere_rotating,bias1_profiled_removal,all_saved,gyro_gain_z,velocity_x,2,
trial,sphere_rotating,bias1_profiled_removal,all_saved,gyro_gain_z,velocity_y,2,
trial,sphere_rotating,bias1_profiled_removal,all_saved,gyro_gain_z,velocity_z,2,
trial,sphere_rotating,bias1_profiled_removal,all_saved,lever_x,lever_y,2,
trial,sphere_rotating,bias1_profiled_removal,all_saved,lever_x,lever_z,2,
trial,sphere_rotating,bias1_profiled_removal,all_saved,lever_x,position_x,2,
trial,sphere_rotating,bias1_profiled_removal,all_saved,lever_x,position_y,2,
trial,sphere_rotating,bias1_profiled_removal,all_saved,lever_x,position_z,2,
trial,sphere_rotating,bias1_profiled_removal,all_saved,lever_x,time_offset,2,
trial,sphere_rotating,bias1_profiled_removal,all_saved,lever_x,velocity_x,2,
trial,sphere_rotating,bias1_profiled_removal,all_saved,lever_x,velocity_y,2,
trial,sphere_rotating,bias1_profiled_removal,all_saved,lever_x,velocity_z,2,
trial,sphere_rotating,bias1_profiled_removal,all_saved,lever_y,lever_z,2,
trial,sphere_rotating,bias1_profiled_removal,all_saved,lever_y,position_x,2,
trial,sphere_rotating,bias1_profiled_removal,all_saved,lever_y,position_y,2,
trial,sphere_rotating,bias1_profiled_removal,all_saved,lever_y,position_z,2,
trial,sphere_rotating,bias1_profiled_removal,all_saved,lever_y,time_offset,2,
trial,sphere_rotating,bias1_profiled_removal,all_saved,lever_y,velocity_x,2,
trial,sphere_rotating,bias1_profiled_removal,all_saved,lever_y,velocity_y,2,
trial,sphere_rotating,bias1_profiled_removal,all_saved,lever_y,velocity_z,2,
trial,sphere_rotating,bias1_profiled_removal,all_saved,lever_z,position_x,2,
trial,sphere_rotating,bias1_profiled_removal,all_saved,lever_z,position_y,2,
trial,sphere_rotating,bias1_profiled_removal,all_saved,lever_z,position_z,2,
trial,sphere_rotating,bias1_profiled_removal,all_saved,lever_z,time_offset,2,
trial,sphere_rotating,bias1_profiled_removal,all_saved,lever_z,velocity_x,2,
trial,sphere_rotating,bias1_profiled_removal,all_saved,lever_z,velocity_y,2,
trial,sphere_rotating,bias1_profiled_removal,all_saved,lever_z,velocity_z,2,
trial,sphere_rotating,bias1_profiled_removal,all_saved,position_x,position_y,2,
trial,sphere_rotating,bias1_profiled_removal,all_saved,position_x,position_z,2,
trial,sphere_rotating,bias1_profiled_removal,all_saved,position_x,time_offset,2,
trial,sphere_rotating,bias1_profiled_removal,all_saved,position_x,velocity_x,2,
trial,sphere_rotating,bias1_profiled_removal,all_saved,position_x,velocity_y,2,
trial,sphere_rotating,bias1_profiled_removal,all_saved,position_x,velocity_z,2,
trial,sphere_rotating,bias1_profiled_removal,all_saved,position_y,position_z,2,
trial,sphere_rotating,bias1_profiled_removal,all_saved,position_y,time_offset,2,
trial,sphere_rotating,bias1_profiled_removal,all_saved,position_y,velocity_x,2,
trial,sphere_rotating,bias1_profiled_removal,all_saved,position_y,velocity_y,2,
trial,sphere_rotating,bias1_profiled_removal,all_saved,position_y,velocity_z,2,
trial,sphere_rotating,bias1_profiled_removal,all_saved,position_z,time_offset,2,
trial,sphere_rotating,bias1_profiled_removal,all_saved,position_z,velocity_x,2,
trial,sphere_rotating,bias1_profiled_removal,all_saved,position_z,velocity_y,2,
trial,sphere_rotating,bias1_profiled_removal,all_saved,position_z,velocity_z,2,
trial,sphere_rotating,bias1_profiled_removal,all_saved,time_offset,velocity_x,2,
trial,sphere_rotating,bias1_profiled_removal,all_saved,time_offset,velocity_y,2,
trial,sphere_rotating,bias1_profiled_removal,all_saved,time_offset,velocity_z,2,
trial,sphere_rotating,bias1_profiled_removal,all_saved,velocity_x,velocity_y,2,
trial,sphere_rotating,bias1_profiled_removal,all_saved,velocity_x,velocity_z,2,
trial,sphere_rotating,bias1_profiled_removal,all_saved,velocity_y,velocity_z,2,
trial,sphere_rotating,bias1_profiled_removal,converged_only,accel_bias_x,accel_bias_y,1,
trial,sphere_rotating,bias1_profiled_removal,converged_only,accel_bias_x,accel_bias_z,1,
trial,sphere_rotating,bias1_profiled_removal,converged_only,accel_bias_x,accel_gain_x,1,
trial,sphere_rotating,bias1_profiled_removal,converged_only,accel_bias_x,accel_gain_y,1,
trial,sphere_rotating,bias1_profiled_removal,converged_only,accel_bias_x,accel_gain_z,1,
trial,sphere_rotating,bias1_profiled_removal,converged_only,accel_bias_x,attitude_x,1,
trial,sphere_rotating,bias1_profiled_removal,converged_only,accel_bias_x,attitude_y,1,
trial,sphere_rotating,bias1_profiled_removal,converged_only,accel_bias_x,attitude_z,1,
trial,sphere_rotating,bias1_profiled_removal,converged_only,accel_bias_x,earth_removal,1,
trial,sphere_rotating,bias1_profiled_removal,converged_only,accel_bias_x,gravity_delta,1,
trial,sphere_rotating,bias1_profiled_removal,converged_only,accel_bias_x,gyro_bias_x,1,
trial,sphere_rotating,bias1_profiled_removal,converged_only,accel_bias_x,gyro_bias_y,1,
trial,sphere_rotating,bias1_profiled_removal,converged_only,accel_bias_x,gyro_bias_z,1,
trial,sphere_rotating,bias1_profiled_removal,converged_only,accel_bias_x,gyro_gain_x,1,
trial,sphere_rotating,bias1_profiled_removal,converged_only,accel_bias_x,gyro_gain_y,1,
trial,sphere_rotating,bias1_profiled_removal,converged_only,accel_bias_x,gyro_gain_z,1,
trial,sphere_rotating,bias1_profiled_removal,converged_only,accel_bias_x,lever_x,1,
trial,sphere_rotating,bias1_profiled_removal,converged_only,accel_bias_x,lever_y,1,
trial,sphere_rotating,bias1_profiled_removal,converged_only,accel_bias_x,lever_z,1,
trial,sphere_rotating,bias1_profiled_removal,converged_only,accel_bias_x,position_x,1,
trial,sphere_rotating,bias1_profiled_removal,converged_only,accel_bias_x,position_y,1,
trial,sphere_rotating,bias1_profiled_removal,converged_only,accel_bias_x,position_z,1,
trial,sphere_rotating,bias1_profiled_removal,converged_only,accel_bias_x,time_offset,1,
trial,sphere_rotating,bias1_profiled_removal,converged_only,accel_bias_x,velocity_x,1,
trial,sphere_rotating,bias1_profiled_removal,converged_only,accel_bias_x,velocity_y,1,
trial,sphere_rotating,bias1_profiled_removal,converged_only,accel_bias_x,velocity_z,1,
trial,sphere_rotating,bias1_profiled_removal,converged_only,accel_bias_y,accel_bias_z,1,
trial,sphere_rotating,bias1_profiled_removal,converged_only,accel_bias_y,accel_gain_x,1,
trial,sphere_rotating,bias1_profiled_removal,converged_only,accel_bias_y,accel_gain_y,1,
trial,sphere_rotating,bias1_profiled_removal,converged_only,accel_bias_y,accel_gain_z,1,
trial,sphere_rotating,bias1_profiled_removal,converged_only,accel_bias_y,attitude_x,1,
trial,sphere_rotating,bias1_profiled_removal,converged_only,accel_bias_y,attitude_y,1,
trial,sphere_rotating,bias1_profiled_removal,converged_only,accel_bias_y,attitude_z,1,
trial,sphere_rotating,bias1_profiled_removal,converged_only,accel_bias_y,earth_removal,1,
trial,sphere_rotating,bias1_profiled_removal,converged_only,accel_bias_y,gravity_delta,1,
trial,sphere_rotating,bias1_profiled_removal,converged_only,accel_bias_y,gyro_bias_x,1,
trial,sphere_rotating,bias1_profiled_removal,converged_only,accel_bias_y,gyro_bias_y,1,
trial,sphere_rotating,bias1_profiled_removal,converged_only,accel_bias_y,gyro_bias_z,1,
trial,sphere_rotating,bias1_profiled_removal,converged_only,accel_bias_y,gyro_gain_x,1,
trial,sphere_rotating,bias1_profiled_removal,converged_only,accel_bias_y,gyro_gain_y,1,
trial,sphere_rotating,bias1_profiled_removal,converged_only,accel_bias_y,gyro_gain_z,1,
trial,sphere_rotating,bias1_profiled_removal,converged_only,accel_bias_y,lever_x,1,
trial,sphere_rotating,bias1_profiled_removal,converged_only,accel_bias_y,lever_y,1,
trial,sphere_rotating,bias1_profiled_removal,converged_only,accel_bias_y,lever_z,1,
trial,sphere_rotating,bias1_profiled_removal,converged_only,accel_bias_y,position_x,1,
trial,sphere_rotating,bias1_profiled_removal,converged_only,accel_bias_y,position_y,1,
trial,sphere_rotating,bias1_profiled_removal,converged_only,accel_bias_y,position_z,1,
trial,sphere_rotating,bias1_profiled_removal,converged_only,accel_bias_y,time_offset,1,
trial,sphere_rotating,bias1_profiled_removal,converged_only,accel_bias_y,velocity_x,1,
trial,sphere_rotating,bias1_profiled_removal,converged_only,accel_bias_y,velocity_y,1,
trial,sphere_rotating,bias1_profiled_removal,converged_only,accel_bias_y,velocity_z,1,
trial,sphere_rotating,bias1_profiled_removal,converged_only,accel_bias_z,accel_gain_x,1,
trial,sphere_rotating,bias1_profiled_removal,converged_only,accel_bias_z,accel_gain_y,1,
trial,sphere_rotating,bias1_profiled_removal,converged_only,accel_bias_z,accel_gain_z,1,
trial,sphere_rotating,bias1_profiled_removal,converged_only,accel_bias_z,attitude_x,1,
trial,sphere_rotating,bias1_profiled_removal,converged_only,accel_bias_z,attitude_y,1,
trial,sphere_rotating,bias1_profiled_removal,converged_only,accel_bias_z,attitude_z,1,
trial,sphere_rotating,bias1_profiled_removal,converged_only,accel_bias_z,earth_removal,1,
trial,sphere_rotating,bias1_profiled_removal,converged_only,accel_bias_z,gravity_delta,1,
trial,sphere_rotating,bias1_profiled_removal,converged_only,accel_bias_z,gyro_bias_x,1,
trial,sphere_rotating,bias1_profiled_removal,converged_only,accel_bias_z,gyro_bias_y,1,
trial,sphere_rotating,bias1_profiled_removal,converged_only,accel_bias_z,gyro_bias_z,1,
trial,sphere_rotating,bias1_profiled_removal,converged_only,accel_bias_z,gyro_gain_x,1,
trial,sphere_rotating,bias1_profiled_removal,converged_only,accel_bias_z,gyro_gain_y,1,
trial,sphere_rotating,bias1_profiled_removal,converged_only,accel_bias_z,gyro_gain_z,1,
trial,sphere_rotating,bias1_profiled_removal,converged_only,accel_bias_z,lever_x,1,
trial,sphere_rotating,bias1_profiled_removal,converged_only,accel_bias_z,lever_y,1,
trial,sphere_rotating,bias1_profiled_removal,converged_only,accel_bias_z,lever_z,1,
trial,sphere_rotating,bias1_profiled_removal,converged_only,accel_bias_z,position_x,1,
trial,sphere_rotating,bias1_profiled_removal,converged_only,accel_bias_z,position_y,1,
trial,sphere_rotating,bias1_profiled_removal,converged_only,accel_bias_z,position_z,1,
trial,sphere_rotating,bias1_profiled_removal,converged_only,accel_bias_z,time_offset,1,
trial,sphere_rotating,bias1_profiled_removal,converged_only,accel_bias_z,velocity_x,1,
trial,sphere_rotating,bias1_profiled_removal,converged_only,accel_bias_z,velocity_y,1,
trial,sphere_rotating,bias1_profiled_removal,converged_only,accel_bias_z,velocity_z,1,
trial,sphere_rotating,bias1_profiled_removal,converged_only,accel_gain_x,accel_gain_y,1,
trial,sphere_rotating,bias1_profiled_removal,converged_only,accel_gain_x,accel_gain_z,1,
trial,sphere_rotating,bias1_profiled_removal,converged_only,accel_gain_x,attitude_x,1,
trial,sphere_rotating,bias1_profiled_removal,converged_only,accel_gain_x,attitude_y,1,
trial,sphere_rotating,bias1_profiled_removal,converged_only,accel_gain_x,attitude_z,1,
trial,sphere_rotating,bias1_profiled_removal,converged_only,accel_gain_x,earth_removal,1,
trial,sphere_rotating,bias1_profiled_removal,converged_only,accel_gain_x,gravity_delta,1,
trial,sphere_rotating,bias1_profiled_removal,converged_only,accel_gain_x,gyro_bias_x,1,
trial,sphere_rotating,bias1_profiled_removal,converged_only,accel_gain_x,gyro_bias_y,1,
trial,sphere_rotating,bias1_profiled_removal,converged_only,accel_gain_x,gyro_bias_z,1,
trial,sphere_rotating,bias1_profiled_removal,converged_only,accel_gain_x,gyro_gain_x,1,
trial,sphere_rotating,bias1_profiled_removal,converged_only,accel_gain_x,gyro_gain_y,1,
trial,sphere_rotating,bias1_profiled_removal,converged_only,accel_gain_x,gyro_gain_z,1,
trial,sphere_rotating,bias1_profiled_removal,converged_only,accel_gain_x,lever_x,1,
trial,sphere_rotating,bias1_profiled_removal,converged_only,accel_gain_x,lever_y,1,
trial,sphere_rotating,bias1_profiled_removal,converged_only,accel_gain_x,lever_z,1,
trial,sphere_rotating,bias1_profiled_removal,converged_only,accel_gain_x,position_x,1,
trial,sphere_rotating,bias1_profiled_removal,converged_only,accel_gain_x,position_y,1,
trial,sphere_rotating,bias1_profiled_removal,converged_only,accel_gain_x,position_z,1,
trial,sphere_rotating,bias1_profiled_removal,converged_only,accel_gain_x,time_offset,1,
trial,sphere_rotating,bias1_profiled_removal,converged_only,accel_gain_x,velocity_x,1,
trial,sphere_rotating,bias1_profiled_removal,converged_only,accel_gain_x,velocity_y,1,
trial,sphere_rotating,bias1_profiled_removal,converged_only,accel_gain_x,velocity_z,1,
trial,sphere_rotating,bias1_profiled_removal,converged_only,accel_gain_y,accel_gain_z,1,
trial,sphere_rotating,bias1_profiled_removal,converged_only,accel_gain_y,attitude_x,1,
trial,sphere_rotating,bias1_profiled_removal,converged_only,accel_gain_y,attitude_y,1,
trial,sphere_rotating,bias1_profiled_removal,converged_only,accel_gain_y,attitude_z,1,
trial,sphere_rotating,bias1_profiled_removal,converged_only,accel_gain_y,earth_removal,1,
trial,sphere_rotating,bias1_profiled_removal,converged_only,accel_gain_y,gravity_delta,1,
trial,sphere_rotating,bias1_profiled_removal,converged_only,accel_gain_y,gyro_bias_x,1,
trial,sphere_rotating,bias1_profiled_removal,converged_only,accel_gain_y,gyro_bias_y,1,
trial,sphere_rotating,bias1_profiled_removal,converged_only,accel_gain_y,gyro_bias_z,1,
trial,sphere_rotating,bias1_profiled_removal,converged_only,accel_gain_y,gyro_gain_x,1,
trial,sphere_rotating,bias1_profiled_removal,converged_only,accel_gain_y,gyro_gain_y,1,
trial,sphere_rotating,bias1_profiled_removal,converged_only,accel_gain_y,gyro_gain_z,1,
trial,sphere_rotating,bias1_profiled_removal,converged_only,accel_gain_y,lever_x,1,
trial,sphere_rotating,bias1_profiled_removal,converged_only,accel_gain_y,lever_y,1,
trial,sphere_rotating,bias1_profiled_removal,converged_only,accel_gain_y,lever_z,1,
trial,sphere_rotating,bias1_profiled_removal,converged_only,accel_gain_y,position_x,1,
trial,sphere_rotating,bias1_profiled_removal,converged_only,accel_gain_y,position_y,1,
trial,sphere_rotating,bias1_profiled_removal,converged_only,accel_gain_y,position_z,1,
trial,sphere_rotating,bias1_profiled_removal,converged_only,accel_gain_y,time_offset,1,
trial,sphere_rotating,bias1_profiled_removal,converged_only,accel_gain_y,velocity_x,1,
trial,sphere_rotating,bias1_profiled_removal,converged_only,accel_gain_y,velocity_y,1,
trial,sphere_rotating,bias1_profiled_removal,converged_only,accel_gain_y,velocity_z,1,
trial,sphere_rotating,bias1_profiled_removal,converged_only,accel_gain_z,attitude_x,1,
trial,sphere_rotating,bias1_profiled_removal,converged_only,accel_gain_z,attitude_y,1,
trial,sphere_rotating,bias1_profiled_removal,converged_only,accel_gain_z,attitude_z,1,
trial,sphere_rotating,bias1_profiled_removal,converged_only,accel_gain_z,earth_removal,1,
trial,sphere_rotating,bias1_profiled_removal,converged_only,accel_gain_z,gravity_delta,1,
trial,sphere_rotating,bias1_profiled_removal,converged_only,accel_gain_z,gyro_bias_x,1,
trial,sphere_rotating,bias1_profiled_removal,converged_only,accel_gain_z,gyro_bias_y,1,
trial,sphere_rotating,bias1_profiled_removal,converged_only,accel_gain_z,gyro_bias_z,1,
trial,sphere_rotating,bias1_profiled_removal,converged_only,accel_gain_z,gyro_gain_x,1,
trial,sphere_rotating,bias1_profiled_removal,converged_only,accel_gain_z,gyro_gain_y,1,
trial,sphere_rotating,bias1_profiled_removal,converged_only,accel_gain_z,gyro_gain_z,1,
trial,sphere_rotating,bias1_profiled_removal,converged_only,accel_gain_z,lever_x,1,
trial,sphere_rotating,bias1_profiled_removal,converged_only,accel_gain_z,lever_y,1,
trial,sphere_rotating,bias1_profiled_removal,converged_only,accel_gain_z,lever_z,1,
trial,sphere_rotating,bias1_profiled_removal,converged_only,accel_gain_z,position_x,1,
trial,sphere_rotating,bias1_profiled_removal,converged_only,accel_gain_z,position_y,1,
trial,sphere_rotating,bias1_profiled_removal,converged_only,accel_gain_z,position_z,1,
trial,sphere_rotating,bias1_profiled_removal,converged_only,accel_gain_z,time_offset,1,
trial,sphere_rotating,bias1_profiled_removal,converged_only,accel_gain_z,velocity_x,1,
trial,sphere_rotating,bias1_profiled_removal,converged_only,accel_gain_z,velocity_y,1,
trial,sphere_rotating,bias1_profiled_removal,converged_only,accel_gain_z,velocity_z,1,
trial,sphere_rotating,bias1_profiled_removal,converged_only,attitude_x,attitude_y,1,
trial,sphere_rotating,bias1_profiled_removal,converged_only,attitude_x,attitude_z,1,
trial,sphere_rotating,bias1_profiled_removal,converged_only,attitude_x,earth_removal,1,
trial,sphere_rotating,bias1_profiled_removal,converged_only,attitude_x,gravity_delta,1,
trial,sphere_rotating,bias1_profiled_removal,converged_only,attitude_x,gyro_bias_x,1,
trial,sphere_rotating,bias1_profiled_removal,converged_only,attitude_x,gyro_bias_y,1,
trial,sphere_rotating,bias1_profiled_removal,converged_only,attitude_x,gyro_bias_z,1,
trial,sphere_rotating,bias1_profiled_removal,converged_only,attitude_x,gyro_gain_x,1,
trial,sphere_rotating,bias1_profiled_removal,converged_only,attitude_x,gyro_gain_y,1,
trial,sphere_rotating,bias1_profiled_removal,converged_only,attitude_x,gyro_gain_z,1,
trial,sphere_rotating,bias1_profiled_removal,converged_only,attitude_x,lever_x,1,
trial,sphere_rotating,bias1_profiled_removal,converged_only,attitude_x,lever_y,1,
trial,sphere_rotating,bias1_profiled_removal,converged_only,attitude_x,lever_z,1,
trial,sphere_rotating,bias1_profiled_removal,converged_only,attitude_x,position_x,1,
trial,sphere_rotating,bias1_profiled_removal,converged_only,attitude_x,position_y,1,
trial,sphere_rotating,bias1_profiled_removal,converged_only,attitude_x,position_z,1,
trial,sphere_rotating,bias1_profiled_removal,converged_only,attitude_x,time_offset,1,
trial,sphere_rotating,bias1_profiled_removal,converged_only,attitude_x,velocity_x,1,
trial,sphere_rotating,bias1_profiled_removal,converged_only,attitude_x,velocity_y,1,
trial,sphere_rotating,bias1_profiled_removal,converged_only,attitude_x,velocity_z,1,
trial,sphere_rotating,bias1_profiled_removal,converged_only,attitude_y,attitude_z,1,
trial,sphere_rotating,bias1_profiled_removal,converged_only,attitude_y,earth_removal,1,
trial,sphere_rotating,bias1_profiled_removal,converged_only,attitude_y,gravity_delta,1,
trial,sphere_rotating,bias1_profiled_removal,converged_only,attitude_y,gyro_bias_x,1,
trial,sphere_rotating,bias1_profiled_removal,converged_only,attitude_y,gyro_bias_y,1,
trial,sphere_rotating,bias1_profiled_removal,converged_only,attitude_y,gyro_bias_z,1,
trial,sphere_rotating,bias1_profiled_removal,converged_only,attitude_y,gyro_gain_x,1,
trial,sphere_rotating,bias1_profiled_removal,converged_only,attitude_y,gyro_gain_y,1,
trial,sphere_rotating,bias1_profiled_removal,converged_only,attitude_y,gyro_gain_z,1,
trial,sphere_rotating,bias1_profiled_removal,converged_only,attitude_y,lever_x,1,
trial,sphere_rotating,bias1_profiled_removal,converged_only,attitude_y,lever_y,1,
trial,sphere_rotating,bias1_profiled_removal,converged_only,attitude_y,lever_z,1,
trial,sphere_rotating,bias1_profiled_removal,converged_only,attitude_y,position_x,1,
trial,sphere_rotating,bias1_profiled_removal,converged_only,attitude_y,position_y,1,
trial,sphere_rotating,bias1_profiled_removal,converged_only,attitude_y,position_z,1,
trial,sphere_rotating,bias1_profiled_removal,converged_only,attitude_y,time_offset,1,
trial,sphere_rotating,bias1_profiled_removal,converged_only,attitude_y,velocity_x,1,
trial,sphere_rotating,bias1_profiled_removal,converged_only,attitude_y,velocity_y,1,
trial,sphere_rotating,bias1_profiled_removal,converged_only,attitude_y,velocity_z,1,
trial,sphere_rotating,bias1_profiled_removal,converged_only,attitude_z,earth_removal,1,
trial,sphere_rotating,bias1_profiled_removal,converged_only,attitude_z,gravity_delta,1,
trial,sphere_rotating,bias1_profiled_removal,converged_only,attitude_z,gyro_bias_x,1,
trial,sphere_rotating,bias1_profiled_removal,converged_only,attitude_z,gyro_bias_y,1,
trial,sphere_rotating,bias1_profiled_removal,converged_only,attitude_z,gyro_bias_z,1,
trial,sphere_rotating,bias1_profiled_removal,converged_only,attitude_z,gyro_gain_x,1,
trial,sphere_rotating,bias1_profiled_removal,converged_only,attitude_z,gyro_gain_y,1,
trial,sphere_rotating,bias1_profiled_removal,converged_only,attitude_z,gyro_gain_z,1,
trial,sphere_rotating,bias1_profiled_removal,converged_only,attitude_z,lever_x,1,
trial,sphere_rotating,bias1_profiled_removal,converged_only,attitude_z,lever_y,1,
trial,sphere_rotating,bias1_profiled_removal,converged_only,attitude_z,lever_z,1,
trial,sphere_rotating,bias1_profiled_removal,converged_only,attitude_z,position_x,1,
trial,sphere_rotating,bias1_profiled_removal,converged_only,attitude_z,position_y,1,
trial,sphere_rotating,bias1_profiled_removal,converged_only,attitude_z,position_z,1,
trial,sphere_rotating,bias1_profiled_removal,converged_only,attitude_z,time_offset,1,
trial,sphere_rotating,bias1_profiled_removal,converged_only,attitude_z,velocity_x,1,
trial,sphere_rotating,bias1_profiled_removal,converged_only,attitude_z,velocity_y,1,
trial,sphere_rotating,bias1_profiled_removal,converged_only,attitude_z,velocity_z,1,
trial,sphere_rotating,bias1_profiled_removal,converged_only,earth_removal,gravity_delta,1,
trial,sphere_rotating,bias1_profiled_removal,converged_only,earth_removal,gyro_bias_x,1,
trial,sphere_rotating,bias1_profiled_removal,converged_only,earth_removal,gyro_bias_y,1,
trial,sphere_rotating,bias1_profiled_removal,converged_only,earth_removal,gyro_bias_z,1,
trial,sphere_rotating,bias1_profiled_removal,converged_only,earth_removal,gyro_gain_x,1,
trial,sphere_rotating,bias1_profiled_removal,converged_only,earth_removal,gyro_gain_y,1,
trial,sphere_rotating,bias1_profiled_removal,converged_only,earth_removal,gyro_gain_z,1,
trial,sphere_rotating,bias1_profiled_removal,converged_only,earth_removal,lever_x,1,
trial,sphere_rotating,bias1_profiled_removal,converged_only,earth_removal,lever_y,1,
trial,sphere_rotating,bias1_profiled_removal,converged_only,earth_removal,lever_z,1,
trial,sphere_rotating,bias1_profiled_removal,converged_only,earth_removal,position_x,1,
trial,sphere_rotating,bias1_profiled_removal,converged_only,earth_removal,position_y,1,
trial,sphere_rotating,bias1_profiled_removal,converged_only,earth_removal,position_z,1,
trial,sphere_rotating,bias1_profiled_removal,converged_only,earth_removal,time_offset,1,
trial,sphere_rotating,bias1_profiled_removal,converged_only,earth_removal,velocity_x,1,
trial,sphere_rotating,bias1_profiled_removal,converged_only,earth_removal,velocity_y,1,
trial,sphere_rotating,bias1_profiled_removal,converged_only,earth_removal,velocity_z,1,
trial,sphere_rotating,bias1_profiled_removal,converged_only,gravity_delta,gyro_bias_x,1,
trial,sphere_rotating,bias1_profiled_removal,converged_only,gravity_delta,gyro_bias_y,1,
trial,sphere_rotating,bias1_profiled_removal,converged_only,gravity_delta,gyro_bias_z,1,
trial,sphere_rotating,bias1_profiled_removal,converged_only,gravity_delta,gyro_gain_x,1,
trial,sphere_rotating,bias1_profiled_removal,converged_only,gravity_delta,gyro_gain_y,1,
trial,sphere_rotating,bias1_profiled_removal,converged_only,gravity_delta,gyro_gain_z,1,
trial,sphere_rotating,bias1_profiled_removal,converged_only,gravity_delta,lever_x,1,
trial,sphere_rotating,bias1_profiled_removal,converged_only,gravity_delta,lever_y,1,
trial,sphere_rotating,bias1_profiled_removal,converged_only,gravity_delta,lever_z,1,
trial,sphere_rotating,bias1_profiled_removal,converged_only,gravity_delta,position_x,1,
trial,sphere_rotating,bias1_profiled_removal,converged_only,gravity_delta,position_y,1,
trial,sphere_rotating,bias1_profiled_removal,converged_only,gravity_delta,position_z,1,
trial,sphere_rotating,bias1_profiled_removal,converged_only,gravity_delta,time_offset,1,
trial,sphere_rotating,bias1_profiled_removal,converged_only,gravity_delta,velocity_x,1,
trial,sphere_rotating,bias1_profiled_removal,converged_only,gravity_delta,velocity_y,1,
trial,sphere_rotating,bias1_profiled_removal,converged_only,gravity_delta,velocity_z,1,
trial,sphere_rotating,bias1_profiled_removal,converged_only,gyro_bias_x,gyro_bias_y,1,
trial,sphere_rotating,bias1_profiled_removal,converged_only,gyro_bias_x,gyro_bias_z,1,
trial,sphere_rotating,bias1_profiled_removal,converged_only,gyro_bias_x,gyro_gain_x,1,
trial,sphere_rotating,bias1_profiled_removal,converged_only,gyro_bias_x,gyro_gain_y,1,
trial,sphere_rotating,bias1_profiled_removal,converged_only,gyro_bias_x,gyro_gain_z,1,
trial,sphere_rotating,bias1_profiled_removal,converged_only,gyro_bias_x,lever_x,1,
trial,sphere_rotating,bias1_profiled_removal,converged_only,gyro_bias_x,lever_y,1,
trial,sphere_rotating,bias1_profiled_removal,converged_only,gyro_bias_x,lever_z,1,
trial,sphere_rotating,bias1_profiled_removal,converged_only,gyro_bias_x,position_x,1,
trial,sphere_rotating,bias1_profiled_removal,converged_only,gyro_bias_x,position_y,1,
trial,sphere_rotating,bias1_profiled_removal,converged_only,gyro_bias_x,position_z,1,
trial,sphere_rotating,bias1_profiled_removal,converged_only,gyro_bias_x,time_offset,1,
trial,sphere_rotating,bias1_profiled_removal,converged_only,gyro_bias_x,velocity_x,1,
trial,sphere_rotating,bias1_profiled_removal,converged_only,gyro_bias_x,velocity_y,1,
trial,sphere_rotating,bias1_profiled_removal,converged_only,gyro_bias_x,velocity_z,1,
trial,sphere_rotating,bias1_profiled_removal,converged_only,gyro_bias_y,gyro_bias_z,1,
trial,sphere_rotating,bias1_profiled_removal,converged_only,gyro_bias_y,gyro_gain_x,1,
trial,sphere_rotating,bias1_profiled_removal,converged_only,gyro_bias_y,gyro_gain_y,1,
trial,sphere_rotating,bias1_profiled_removal,converged_only,gyro_bias_y,gyro_gain_z,1,
trial,sphere_rotating,bias1_profiled_removal,converged_only,gyro_bias_y,lever_x,1,
trial,sphere_rotating,bias1_profiled_removal,converged_only,gyro_bias_y,lever_y,1,
trial,sphere_rotating,bias1_profiled_removal,converged_only,gyro_bias_y,lever_z,1,
trial,sphere_rotating,bias1_profiled_removal,converged_only,gyro_bias_y,position_x,1,
trial,sphere_rotating,bias1_profiled_removal,converged_only,gyro_bias_y,position_y,1,
trial,sphere_rotating,bias1_profiled_removal,converged_only,gyro_bias_y,position_z,1,
trial,sphere_rotating,bias1_profiled_removal,converged_only,gyro_bias_y,time_offset,1,
trial,sphere_rotating,bias1_profiled_removal,converged_only,gyro_bias_y,velocity_x,1,
trial,sphere_rotating,bias1_profiled_removal,converged_only,gyro_bias_y,velocity_y,1,
trial,sphere_rotating,bias1_profiled_removal,converged_only,gyro_bias_y,velocity_z,1,
trial,sphere_rotating,bias1_profiled_removal,converged_only,gyro_bias_z,gyro_gain_x,1,
trial,sphere_rotating,bias1_profiled_removal,converged_only,gyro_bias_z,gyro_gain_y,1,
trial,sphere_rotating,bias1_profiled_removal,converged_only,gyro_bias_z,gyro_gain_z,1,
trial,sphere_rotating,bias1_profiled_removal,converged_only,gyro_bias_z,lever_x,1,
trial,sphere_rotating,bias1_profiled_removal,converged_only,gyro_bias_z,lever_y,1,
trial,sphere_rotating,bias1_profiled_removal,converged_only,gyro_bias_z,lever_z,1,
trial,sphere_rotating,bias1_profiled_removal,converged_only,gyro_bias_z,position_x,1,
trial,sphere_rotating,bias1_profiled_removal,converged_only,gyro_bias_z,position_y,1,
trial,sphere_rotating,bias1_profiled_removal,converged_only,gyro_bias_z,position_z,1,
trial,sphere_rotating,bias1_profiled_removal,converged_only,gyro_bias_z,time_offset,1,
trial,sphere_rotating,bias1_profiled_removal,converged_only,gyro_bias_z,velocity_x,1,
trial,sphere_rotating,bias1_profiled_removal,converged_only,gyro_bias_z,velocity_y,1,
trial,sphere_rotating,bias1_profiled_removal,converged_only,gyro_bias_z,velocity_z,1,
trial,sphere_rotating,bias1_profiled_removal,converged_only,gyro_gain_x,gyro_gain_y,1,
trial,sphere_rotating,bias1_profiled_removal,converged_only,gyro_gain_x,gyro_gain_z,1,
trial,sphere_rotating,bias1_profiled_removal,converged_only,gyro_gain_x,lever_x,1,
trial,sphere_rotating,bias1_profiled_removal,converged_only,gyro_gain_x,lever_y,1,
trial,sphere_rotating,bias1_profiled_removal,converged_only,gyro_gain_x,lever_z,1,
trial,sphere_rotating,bias1_profiled_removal,converged_only,gyro_gain_x,position_x,1,
trial,sphere_rotating,bias1_profiled_removal,converged_only,gyro_gain_x,position_y,1,
trial,sphere_rotating,bias1_profiled_removal,converged_only,gyro_gain_x,position_z,1,
trial,sphere_rotating,bias1_profiled_removal,converged_only,gyro_gain_x,time_offset,1,
trial,sphere_rotating,bias1_profiled_removal,converged_only,gyro_gain_x,velocity_x,1,
trial,sphere_rotating,bias1_profiled_removal,converged_only,gyro_gain_x,velocity_y,1,
trial,sphere_rotating,bias1_profiled_removal,converged_only,gyro_gain_x,velocity_z,1,
trial,sphere_rotating,bias1_profiled_removal,converged_only,gyro_gain_y,gyro_gain_z,1,
trial,sphere_rotating,bias1_profiled_removal,converged_only,gyro_gain_y,lever_x,1,
trial,sphere_rotating,bias1_profiled_removal,converged_only,gyro_gain_y,lever_y,1,
trial,sphere_rotating,bias1_profiled_removal,converged_only,gyro_gain_y,lever_z,1,
trial,sphere_rotating,bias1_profiled_removal,converged_only,gyro_gain_y,position_x,1,
trial,sphere_rotating,bias1_profiled_removal,converged_only,gyro_gain_y,position_y,1,
trial,sphere_rotating,bias1_profiled_removal,converged_only,gyro_gain_y,position_z,1,
trial,sphere_rotating,bias1_profiled_removal,converged_only,gyro_gain_y,time_offset,1,
trial,sphere_rotating,bias1_profiled_removal,converged_only,gyro_gain_y,velocity_x,1,
trial,sphere_rotating,bias1_profiled_removal,converged_only,gyro_gain_y,velocity_y,1,
trial,sphere_rotating,bias1_profiled_removal,converged_only,gyro_gain_y,velocity_z,1,
trial,sphere_rotating,bias1_profiled_removal,converged_only,gyro_gain_z,lever_x,1,
trial,sphere_rotating,bias1_profiled_removal,converged_only,gyro_gain_z,lever_y,1,
trial,sphere_rotating,bias1_profiled_removal,converged_only,gyro_gain_z,lever_z,1,
trial,sphere_rotating,bias1_profiled_removal,converged_only,gyro_gain_z,position_x,1,
trial,sphere_rotating,bias1_profiled_removal,converged_only,gyro_gain_z,position_y,1,
trial,sphere_rotating,bias1_profiled_removal,converged_only,gyro_gain_z,position_z,1,
trial,sphere_rotating,bias1_profiled_removal,converged_only,gyro_gain_z,time_offset,1,
trial,sphere_rotating,bias1_profiled_removal,converged_only,gyro_gain_z,velocity_x,1,
trial,sphere_rotating,bias1_profiled_removal,converged_only,gyro_gain_z,velocity_y,1,
trial,sphere_rotating,bias1_profiled_removal,converged_only,gyro_gain_z,velocity_z,1,
trial,sphere_rotating,bias1_profiled_removal,converged_only,lever_x,lever_y,1,
trial,sphere_rotating,bias1_profiled_removal,converged_only,lever_x,lever_z,1,
trial,sphere_rotating,bias1_profiled_removal,converged_only,lever_x,position_x,1,
trial,sphere_rotating,bias1_profiled_removal,converged_only,lever_x,position_y,1,
trial,sphere_rotating,bias1_profiled_removal,converged_only,lever_x,position_z,1,
trial,sphere_rotating,bias1_profiled_removal,converged_only,lever_x,time_offset,1,
trial,sphere_rotating,bias1_profiled_removal,converged_only,lever_x,velocity_x,1,
trial,sphere_rotating,bias1_profiled_removal,converged_only,lever_x,velocity_y,1,
trial,sphere_rotating,bias1_profiled_removal,converged_only,lever_x,velocity_z,1,
trial,sphere_rotating,bias1_profiled_removal,converged_only,lever_y,lever_z,1,
trial,sphere_rotating,bias1_profiled_removal,converged_only,lever_y,position_x,1,
trial,sphere_rotating,bias1_profiled_removal,converged_only,lever_y,position_y,1,
trial,sphere_rotating,bias1_profiled_removal,converged_only,lever_y,position_z,1,
trial,sphere_rotating,bias1_profiled_removal,converged_only,lever_y,time_offset,1,
trial,sphere_rotating,bias1_profiled_removal,converged_only,lever_y,velocity_x,1,
trial,sphere_rotating,bias1_profiled_removal,converged_only,lever_y,velocity_y,1,
trial,sphere_rotating,bias1_profiled_removal,converged_only,lever_y,velocity_z,1,
trial,sphere_rotating,bias1_profiled_removal,converged_only,lever_z,position_x,1,
trial,sphere_rotating,bias1_profiled_removal,converged_only,lever_z,position_y,1,
trial,sphere_rotating,bias1_profiled_removal,converged_only,lever_z,position_z,1,
trial,sphere_rotating,bias1_profiled_removal,converged_only,lever_z,time_offset,1,
trial,sphere_rotating,bias1_profiled_removal,converged_only,lever_z,velocity_x,1,
trial,sphere_rotating,bias1_profiled_removal,converged_only,lever_z,velocity_y,1,
trial,sphere_rotating,bias1_profiled_removal,converged_only,lever_z,velocity_z,1,
trial,sphere_rotating,bias1_profiled_removal,converged_only,position_x,position_y,1,
trial,sphere_rotating,bias1_profiled_removal,converged_only,position_x,position_z,1,
trial,sphere_rotating,bias1_profiled_removal,converged_only,position_x,time_offset,1,
trial,sphere_rotating,bias1_profiled_removal,converged_only,position_x,velocity_x,1,
trial,sphere_rotating,bias1_profiled_removal,converged_only,position_x,velocity_y,1,
trial,sphere_rotating,bias1_profiled_removal,converged_only,position_x,velocity_z,1,
trial,sphere_rotating,bias1_profiled_removal,converged_only,position_y,position_z,1,
trial,sphere_rotating,bias1_profiled_removal,converged_only,position_y,time_offset,1,
trial,sphere_rotating,bias1_profiled_removal,converged_only,position_y,velocity_x,1,
trial,sphere_rotating,bias1_profiled_removal,converged_only,position_y,velocity_y,1,
trial,sphere_rotating,bias1_profiled_removal,converged_only,position_y,velocity_z,1,
trial,sphere_rotating,bias1_profiled_removal,converged_only,position_z,time_offset,1,
trial,sphere_rotating,bias1_profiled_removal,converged_only,position_z,velocity_x,1,
trial,sphere_rotating,bias1_profiled_removal,converged_only,position_z,velocity_y,1,
trial,sphere_rotating,bias1_profiled_removal,converged_only,position_z,velocity_z,1,
trial,sphere_rotating,bias1_profiled_removal,converged_only,time_offset,velocity_x,1,
trial,sphere_rotating,bias1_profiled_removal,converged_only,time_offset,velocity_y,1,
trial,sphere_rotating,bias1_profiled_removal,converged_only,time_offset,velocity_z,1,
trial,sphere_rotating,bias1_profiled_removal,converged_only,velocity_x,velocity_y,1,
trial,sphere_rotating,bias1_profiled_removal,converged_only,velocity_x,velocity_z,1,
trial,sphere_rotating,bias1_profiled_removal,converged_only,velocity_y,velocity_z,1,
trial,sphere_rotating,bias1_unsubtracted,all_saved,accel_bias_x,accel_bias_y,2,
trial,sphere_rotating,bias1_unsubtracted,all_saved,accel_bias_x,accel_bias_z,2,
trial,sphere_rotating,bias1_unsubtracted,all_saved,accel_bias_x,accel_gain_x,2,
trial,sphere_rotating,bias1_unsubtracted,all_saved,accel_bias_x,accel_gain_y,2,
trial,sphere_rotating,bias1_unsubtracted,all_saved,accel_bias_x,accel_gain_z,2,
trial,sphere_rotating,bias1_unsubtracted,all_saved,accel_bias_x,attitude_x,2,
trial,sphere_rotating,bias1_unsubtracted,all_saved,accel_bias_x,attitude_y,2,
trial,sphere_rotating,bias1_unsubtracted,all_saved,accel_bias_x,attitude_z,2,
trial,sphere_rotating,bias1_unsubtracted,all_saved,accel_bias_x,gravity_delta,2,
trial,sphere_rotating,bias1_unsubtracted,all_saved,accel_bias_x,gyro_bias_x,2,
trial,sphere_rotating,bias1_unsubtracted,all_saved,accel_bias_x,gyro_bias_y,2,
trial,sphere_rotating,bias1_unsubtracted,all_saved,accel_bias_x,gyro_bias_z,2,
trial,sphere_rotating,bias1_unsubtracted,all_saved,accel_bias_x,gyro_gain_x,2,
trial,sphere_rotating,bias1_unsubtracted,all_saved,accel_bias_x,gyro_gain_y,2,
trial,sphere_rotating,bias1_unsubtracted,all_saved,accel_bias_x,gyro_gain_z,2,
trial,sphere_rotating,bias1_unsubtracted,all_saved,accel_bias_x,lever_x,2,
trial,sphere_rotating,bias1_unsubtracted,all_saved,accel_bias_x,lever_y,2,
trial,sphere_rotating,bias1_unsubtracted,all_saved,accel_bias_x,lever_z,2,
trial,sphere_rotating,bias1_unsubtracted,all_saved,accel_bias_x,position_x,2,
trial,sphere_rotating,bias1_unsubtracted,all_saved,accel_bias_x,position_y,2,
trial,sphere_rotating,bias1_unsubtracted,all_saved,accel_bias_x,position_z,2,
trial,sphere_rotating,bias1_unsubtracted,all_saved,accel_bias_x,time_offset,2,
trial,sphere_rotating,bias1_unsubtracted,all_saved,accel_bias_x,velocity_x,2,
trial,sphere_rotating,bias1_unsubtracted,all_saved,accel_bias_x,velocity_y,2,
trial,sphere_rotating,bias1_unsubtracted,all_saved,accel_bias_x,velocity_z,2,
trial,sphere_rotating,bias1_unsubtracted,all_saved,accel_bias_y,accel_bias_z,2,
trial,sphere_rotating,bias1_unsubtracted,all_saved,accel_bias_y,accel_gain_x,2,
trial,sphere_rotating,bias1_unsubtracted,all_saved,accel_bias_y,accel_gain_y,2,
trial,sphere_rotating,bias1_unsubtracted,all_saved,accel_bias_y,accel_gain_z,2,
trial,sphere_rotating,bias1_unsubtracted,all_saved,accel_bias_y,attitude_x,2,
trial,sphere_rotating,bias1_unsubtracted,all_saved,accel_bias_y,attitude_y,2,
trial,sphere_rotating,bias1_unsubtracted,all_saved,accel_bias_y,attitude_z,2,
trial,sphere_rotating,bias1_unsubtracted,all_saved,accel_bias_y,gravity_delta,2,
trial,sphere_rotating,bias1_unsubtracted,all_saved,accel_bias_y,gyro_bias_x,2,
trial,sphere_rotating,bias1_unsubtracted,all_saved,accel_bias_y,gyro_bias_y,2,
trial,sphere_rotating,bias1_unsubtracted,all_saved,accel_bias_y,gyro_bias_z,2,
trial,sphere_rotating,bias1_unsubtracted,all_saved,accel_bias_y,gyro_gain_x,2,
trial,sphere_rotating,bias1_unsubtracted,all_saved,accel_bias_y,gyro_gain_y,2,
trial,sphere_rotating,bias1_unsubtracted,all_saved,accel_bias_y,gyro_gain_z,2,
trial,sphere_rotating,bias1_unsubtracted,all_saved,accel_bias_y,lever_x,2,
trial,sphere_rotating,bias1_unsubtracted,all_saved,accel_bias_y,lever_y,2,
trial,sphere_rotating,bias1_unsubtracted,all_saved,accel_bias_y,lever_z,2,
trial,sphere_rotating,bias1_unsubtracted,all_saved,accel_bias_y,position_x,2,
trial,sphere_rotating,bias1_unsubtracted,all_saved,accel_bias_y,position_y,2,
trial,sphere_rotating,bias1_unsubtracted,all_saved,accel_bias_y,position_z,2,
trial,sphere_rotating,bias1_unsubtracted,all_saved,accel_bias_y,time_offset,2,
trial,sphere_rotating,bias1_unsubtracted,all_saved,accel_bias_y,velocity_x,2,
trial,sphere_rotating,bias1_unsubtracted,all_saved,accel_bias_y,velocity_y,2,
trial,sphere_rotating,bias1_unsubtracted,all_saved,accel_bias_y,velocity_z,2,
trial,sphere_rotating,bias1_unsubtracted,all_saved,accel_bias_z,accel_gain_x,2,
trial,sphere_rotating,bias1_unsubtracted,all_saved,accel_bias_z,accel_gain_y,2,
trial,sphere_rotating,bias1_unsubtracted,all_saved,accel_bias_z,accel_gain_z,2,
trial,sphere_rotating,bias1_unsubtracted,all_saved,accel_bias_z,attitude_x,2,
trial,sphere_rotating,bias1_unsubtracted,all_saved,accel_bias_z,attitude_y,2,
trial,sphere_rotating,bias1_unsubtracted,all_saved,accel_bias_z,attitude_z,2,
trial,sphere_rotating,bias1_unsubtracted,all_saved,accel_bias_z,gravity_delta,2,
trial,sphere_rotating,bias1_unsubtracted,all_saved,accel_bias_z,gyro_bias_x,2,
trial,sphere_rotating,bias1_unsubtracted,all_saved,accel_bias_z,gyro_bias_y,2,
trial,sphere_rotating,bias1_unsubtracted,all_saved,accel_bias_z,gyro_bias_z,2,
trial,sphere_rotating,bias1_unsubtracted,all_saved,accel_bias_z,gyro_gain_x,2,
trial,sphere_rotating,bias1_unsubtracted,all_saved,accel_bias_z,gyro_gain_y,2,
trial,sphere_rotating,bias1_unsubtracted,all_saved,accel_bias_z,gyro_gain_z,2,
trial,sphere_rotating,bias1_unsubtracted,all_saved,accel_bias_z,lever_x,2,
trial,sphere_rotating,bias1_unsubtracted,all_saved,accel_bias_z,lever_y,2,
trial,sphere_rotating,bias1_unsubtracted,all_saved,accel_bias_z,lever_z,2,
trial,sphere_rotating,bias1_unsubtracted,all_saved,accel_bias_z,position_x,2,
trial,sphere_rotating,bias1_unsubtracted,all_saved,accel_bias_z,position_y,2,
trial,sphere_rotating,bias1_unsubtracted,all_saved,accel_bias_z,position_z,2,
trial,sphere_rotating,bias1_unsubtracted,all_saved,accel_bias_z,time_offset,2,
trial,sphere_rotating,bias1_unsubtracted,all_saved,accel_bias_z,velocity_x,2,
trial,sphere_rotating,bias1_unsubtracted,all_saved,accel_bias_z,velocity_y,2,
trial,sphere_rotating,bias1_unsubtracted,all_saved,accel_bias_z,velocity_z,2,
trial,sphere_rotating,bias1_unsubtracted,all_saved,accel_gain_x,accel_gain_y,2,
trial,sphere_rotating,bias1_unsubtracted,all_saved,accel_gain_x,accel_gain_z,2,
trial,sphere_rotating,bias1_unsubtracted,all_saved,accel_gain_x,attitude_x,2,
trial,sphere_rotating,bias1_unsubtracted,all_saved,accel_gain_x,attitude_y,2,
trial,sphere_rotating,bias1_unsubtracted,all_saved,accel_gain_x,attitude_z,2,
trial,sphere_rotating,bias1_unsubtracted,all_saved,accel_gain_x,gravity_delta,2,
trial,sphere_rotating,bias1_unsubtracted,all_saved,accel_gain_x,gyro_bias_x,2,
trial,sphere_rotating,bias1_unsubtracted,all_saved,accel_gain_x,gyro_bias_y,2,
trial,sphere_rotating,bias1_unsubtracted,all_saved,accel_gain_x,gyro_bias_z,2,
trial,sphere_rotating,bias1_unsubtracted,all_saved,accel_gain_x,gyro_gain_x,2,
trial,sphere_rotating,bias1_unsubtracted,all_saved,accel_gain_x,gyro_gain_y,2,
trial,sphere_rotating,bias1_unsubtracted,all_saved,accel_gain_x,gyro_gain_z,2,
trial,sphere_rotating,bias1_unsubtracted,all_saved,accel_gain_x,lever_x,2,
trial,sphere_rotating,bias1_unsubtracted,all_saved,accel_gain_x,lever_y,2,
trial,sphere_rotating,bias1_unsubtracted,all_saved,accel_gain_x,lever_z,2,
trial,sphere_rotating,bias1_unsubtracted,all_saved,accel_gain_x,position_x,2,
trial,sphere_rotating,bias1_unsubtracted,all_saved,accel_gain_x,position_y,2,
trial,sphere_rotating,bias1_unsubtracted,all_saved,accel_gain_x,position_z,2,
trial,sphere_rotating,bias1_unsubtracted,all_saved,accel_gain_x,time_offset,2,
trial,sphere_rotating,bias1_unsubtracted,all_saved,accel_gain_x,velocity_x,2,
trial,sphere_rotating,bias1_unsubtracted,all_saved,accel_gain_x,velocity_y,2,
trial,sphere_rotating,bias1_unsubtracted,all_saved,accel_gain_x,velocity_z,2,
trial,sphere_rotating,bias1_unsubtracted,all_saved,accel_gain_y,accel_gain_z,2,
trial,sphere_rotating,bias1_unsubtracted,all_saved,accel_gain_y,attitude_x,2,
trial,sphere_rotating,bias1_unsubtracted,all_saved,accel_gain_y,attitude_y,2,
trial,sphere_rotating,bias1_unsubtracted,all_saved,accel_gain_y,attitude_z,2,
trial,sphere_rotating,bias1_unsubtracted,all_saved,accel_gain_y,gravity_delta,2,
trial,sphere_rotating,bias1_unsubtracted,all_saved,accel_gain_y,gyro_bias_x,2,
trial,sphere_rotating,bias1_unsubtracted,all_saved,accel_gain_y,gyro_bias_y,2,
trial,sphere_rotating,bias1_unsubtracted,all_saved,accel_gain_y,gyro_bias_z,2,
trial,sphere_rotating,bias1_unsubtracted,all_saved,accel_gain_y,gyro_gain_x,2,
trial,sphere_rotating,bias1_unsubtracted,all_saved,accel_gain_y,gyro_gain_y,2,
trial,sphere_rotating,bias1_unsubtracted,all_saved,accel_gain_y,gyro_gain_z,2,
trial,sphere_rotating,bias1_unsubtracted,all_saved,accel_gain_y,lever_x,2,
trial,sphere_rotating,bias1_unsubtracted,all_saved,accel_gain_y,lever_y,2,
trial,sphere_rotating,bias1_unsubtracted,all_saved,accel_gain_y,lever_z,2,
trial,sphere_rotating,bias1_unsubtracted,all_saved,accel_gain_y,position_x,2,
trial,sphere_rotating,bias1_unsubtracted,all_saved,accel_gain_y,position_y,2,
trial,sphere_rotating,bias1_unsubtracted,all_saved,accel_gain_y,position_z,2,
trial,sphere_rotating,bias1_unsubtracted,all_saved,accel_gain_y,time_offset,2,
trial,sphere_rotating,bias1_unsubtracted,all_saved,accel_gain_y,velocity_x,2,
trial,sphere_rotating,bias1_unsubtracted,all_saved,accel_gain_y,velocity_y,2,
trial,sphere_rotating,bias1_unsubtracted,all_saved,accel_gain_y,velocity_z,2,
trial,sphere_rotating,bias1_unsubtracted,all_saved,accel_gain_z,attitude_x,2,
trial,sphere_rotating,bias1_unsubtracted,all_saved,accel_gain_z,attitude_y,2,
trial,sphere_rotating,bias1_unsubtracted,all_saved,accel_gain_z,attitude_z,2,
trial,sphere_rotating,bias1_unsubtracted,all_saved,accel_gain_z,gravity_delta,2,
trial,sphere_rotating,bias1_unsubtracted,all_saved,accel_gain_z,gyro_bias_x,2,
trial,sphere_rotating,bias1_unsubtracted,all_saved,accel_gain_z,gyro_bias_y,2,
trial,sphere_rotating,bias1_unsubtracted,all_saved,accel_gain_z,gyro_bias_z,2,
trial,sphere_rotating,bias1_unsubtracted,all_saved,accel_gain_z,gyro_gain_x,2,
trial,sphere_rotating,bias1_unsubtracted,all_saved,accel_gain_z,gyro_gain_y,2,
trial,sphere_rotating,bias1_unsubtracted,all_saved,accel_gain_z,gyro_gain_z,2,
trial,sphere_rotating,bias1_unsubtracted,all_saved,accel_gain_z,lever_x,2,
trial,sphere_rotating,bias1_unsubtracted,all_saved,accel_gain_z,lever_y,2,
trial,sphere_rotating,bias1_unsubtracted,all_saved,accel_gain_z,lever_z,2,
trial,sphere_rotating,bias1_unsubtracted,all_saved,accel_gain_z,position_x,2,
trial,sphere_rotating,bias1_unsubtracted,all_saved,accel_gain_z,position_y,2,
trial,sphere_rotating,bias1_unsubtracted,all_saved,accel_gain_z,position_z,2,
trial,sphere_rotating,bias1_unsubtracted,all_saved,accel_gain_z,time_offset,2,
trial,sphere_rotating,bias1_unsubtracted,all_saved,accel_gain_z,velocity_x,2,
trial,sphere_rotating,bias1_unsubtracted,all_saved,accel_gain_z,velocity_y,2,
trial,sphere_rotating,bias1_unsubtracted,all_saved,accel_gain_z,velocity_z,2,
trial,sphere_rotating,bias1_unsubtracted,all_saved,attitude_x,attitude_y,2,
trial,sphere_rotating,bias1_unsubtracted,all_saved,attitude_x,attitude_z,2,
trial,sphere_rotating,bias1_unsubtracted,all_saved,attitude_x,gravity_delta,2,
trial,sphere_rotating,bias1_unsubtracted,all_saved,attitude_x,gyro_bias_x,2,
trial,sphere_rotating,bias1_unsubtracted,all_saved,attitude_x,gyro_bias_y,2,
trial,sphere_rotating,bias1_unsubtracted,all_saved,attitude_x,gyro_bias_z,2,
trial,sphere_rotating,bias1_unsubtracted,all_saved,attitude_x,gyro_gain_x,2,
trial,sphere_rotating,bias1_unsubtracted,all_saved,attitude_x,gyro_gain_y,2,
trial,sphere_rotating,bias1_unsubtracted,all_saved,attitude_x,gyro_gain_z,2,
trial,sphere_rotating,bias1_unsubtracted,all_saved,attitude_x,lever_x,2,
trial,sphere_rotating,bias1_unsubtracted,all_saved,attitude_x,lever_y,2,
trial,sphere_rotating,bias1_unsubtracted,all_saved,attitude_x,lever_z,2,
trial,sphere_rotating,bias1_unsubtracted,all_saved,attitude_x,position_x,2,
trial,sphere_rotating,bias1_unsubtracted,all_saved,attitude_x,position_y,2,
trial,sphere_rotating,bias1_unsubtracted,all_saved,attitude_x,position_z,2,
trial,sphere_rotating,bias1_unsubtracted,all_saved,attitude_x,time_offset,2,
trial,sphere_rotating,bias1_unsubtracted,all_saved,attitude_x,velocity_x,2,
trial,sphere_rotating,bias1_unsubtracted,all_saved,attitude_x,velocity_y,2,
trial,sphere_rotating,bias1_unsubtracted,all_saved,attitude_x,velocity_z,2,
trial,sphere_rotating,bias1_unsubtracted,all_saved,attitude_y,attitude_z,2,
trial,sphere_rotating,bias1_unsubtracted,all_saved,attitude_y,gravity_delta,2,
trial,sphere_rotating,bias1_unsubtracted,all_saved,attitude_y,gyro_bias_x,2,
trial,sphere_rotating,bias1_unsubtracted,all_saved,attitude_y,gyro_bias_y,2,
trial,sphere_rotating,bias1_unsubtracted,all_saved,attitude_y,gyro_bias_z,2,
trial,sphere_rotating,bias1_unsubtracted,all_saved,attitude_y,gyro_gain_x,2,
trial,sphere_rotating,bias1_unsubtracted,all_saved,attitude_y,gyro_gain_y,2,
trial,sphere_rotating,bias1_unsubtracted,all_saved,attitude_y,gyro_gain_z,2,
trial,sphere_rotating,bias1_unsubtracted,all_saved,attitude_y,lever_x,2,
trial,sphere_rotating,bias1_unsubtracted,all_saved,attitude_y,lever_y,2,
trial,sphere_rotating,bias1_unsubtracted,all_saved,attitude_y,lever_z,2,
trial,sphere_rotating,bias1_unsubtracted,all_saved,attitude_y,position_x,2,
trial,sphere_rotating,bias1_unsubtracted,all_saved,attitude_y,position_y,2,
trial,sphere_rotating,bias1_unsubtracted,all_saved,attitude_y,position_z,2,
trial,sphere_rotating,bias1_unsubtracted,all_saved,attitude_y,time_offset,2,
trial,sphere_rotating,bias1_unsubtracted,all_saved,attitude_y,velocity_x,2,
trial,sphere_rotating,bias1_unsubtracted,all_saved,attitude_y,velocity_y,2,
trial,sphere_rotating,bias1_unsubtracted,all_saved,attitude_y,velocity_z,2,
trial,sphere_rotating,bias1_unsubtracted,all_saved,attitude_z,gravity_delta,2,
trial,sphere_rotating,bias1_unsubtracted,all_saved,attitude_z,gyro_bias_x,2,
trial,sphere_rotating,bias1_unsubtracted,all_saved,attitude_z,gyro_bias_y,2,
trial,sphere_rotating,bias1_unsubtracted,all_saved,attitude_z,gyro_bias_z,2,
trial,sphere_rotating,bias1_unsubtracted,all_saved,attitude_z,gyro_gain_x,2,
trial,sphere_rotating,bias1_unsubtracted,all_saved,attitude_z,gyro_gain_y,2,
trial,sphere_rotating,bias1_unsubtracted,all_saved,attitude_z,gyro_gain_z,2,
trial,sphere_rotating,bias1_unsubtracted,all_saved,attitude_z,lever_x,2,
trial,sphere_rotating,bias1_unsubtracted,all_saved,attitude_z,lever_y,2,
trial,sphere_rotating,bias1_unsubtracted,all_saved,attitude_z,lever_z,2,
trial,sphere_rotating,bias1_unsubtracted,all_saved,attitude_z,position_x,2,
trial,sphere_rotating,bias1_unsubtracted,all_saved,attitude_z,position_y,2,
trial,sphere_rotating,bias1_unsubtracted,all_saved,attitude_z,position_z,2,
trial,sphere_rotating,bias1_unsubtracted,all_saved,attitude_z,time_offset,2,
trial,sphere_rotating,bias1_unsubtracted,all_saved,attitude_z,velocity_x,2,
trial,sphere_rotating,bias1_unsubtracted,all_saved,attitude_z,velocity_y,2,
trial,sphere_rotating,bias1_unsubtracted,all_saved,attitude_z,velocity_z,2,
trial,sphere_rotating,bias1_unsubtracted,all_saved,gravity_delta,gyro_bias_x,2,
trial,sphere_rotating,bias1_unsubtracted,all_saved,gravity_delta,gyro_bias_y,2,
trial,sphere_rotating,bias1_unsubtracted,all_saved,gravity_delta,gyro_bias_z,2,
trial,sphere_rotating,bias1_unsubtracted,all_saved,gravity_delta,gyro_gain_x,2,
trial,sphere_rotating,bias1_unsubtracted,all_saved,gravity_delta,gyro_gain_y,2,
trial,sphere_rotating,bias1_unsubtracted,all_saved,gravity_delta,gyro_gain_z,2,
trial,sphere_rotating,bias1_unsubtracted,all_saved,gravity_delta,lever_x,2,
trial,sphere_rotating,bias1_unsubtracted,all_saved,gravity_delta,lever_y,2,
trial,sphere_rotating,bias1_unsubtracted,all_saved,gravity_delta,lever_z,2,
trial,sphere_rotating,bias1_unsubtracted,all_saved,gravity_delta,position_x,2,
trial,sphere_rotating,bias1_unsubtracted,all_saved,gravity_delta,position_y,2,
trial,sphere_rotating,bias1_unsubtracted,all_saved,gravity_delta,position_z,2,
trial,sphere_rotating,bias1_unsubtracted,all_saved,gravity_delta,time_offset,2,
trial,sphere_rotating,bias1_unsubtracted,all_saved,gravity_delta,velocity_x,2,
trial,sphere_rotating,bias1_unsubtracted,all_saved,gravity_delta,velocity_y,2,
trial,sphere_rotating,bias1_unsubtracted,all_saved,gravity_delta,velocity_z,2,
trial,sphere_rotating,bias1_unsubtracted,all_saved,gyro_bias_x,gyro_bias_y,2,
trial,sphere_rotating,bias1_unsubtracted,all_saved,gyro_bias_x,gyro_bias_z,2,
trial,sphere_rotating,bias1_unsubtracted,all_saved,gyro_bias_x,gyro_gain_x,2,
trial,sphere_rotating,bias1_unsubtracted,all_saved,gyro_bias_x,gyro_gain_y,2,
trial,sphere_rotating,bias1_unsubtracted,all_saved,gyro_bias_x,gyro_gain_z,2,
trial,sphere_rotating,bias1_unsubtracted,all_saved,gyro_bias_x,lever_x,2,
trial,sphere_rotating,bias1_unsubtracted,all_saved,gyro_bias_x,lever_y,2,
trial,sphere_rotating,bias1_unsubtracted,all_saved,gyro_bias_x,lever_z,2,
trial,sphere_rotating,bias1_unsubtracted,all_saved,gyro_bias_x,position_x,2,
trial,sphere_rotating,bias1_unsubtracted,all_saved,gyro_bias_x,position_y,2,
trial,sphere_rotating,bias1_unsubtracted,all_saved,gyro_bias_x,position_z,2,
trial,sphere_rotating,bias1_unsubtracted,all_saved,gyro_bias_x,time_offset,2,
trial,sphere_rotating,bias1_unsubtracted,all_saved,gyro_bias_x,velocity_x,2,
trial,sphere_rotating,bias1_unsubtracted,all_saved,gyro_bias_x,velocity_y,2,
trial,sphere_rotating,bias1_unsubtracted,all_saved,gyro_bias_x,velocity_z,2,
trial,sphere_rotating,bias1_unsubtracted,all_saved,gyro_bias_y,gyro_bias_z,2,
trial,sphere_rotating,bias1_unsubtracted,all_saved,gyro_bias_y,gyro_gain_x,2,
trial,sphere_rotating,bias1_unsubtracted,all_saved,gyro_bias_y,gyro_gain_y,2,
trial,sphere_rotating,bias1_unsubtracted,all_saved,gyro_bias_y,gyro_gain_z,2,
trial,sphere_rotating,bias1_unsubtracted,all_saved,gyro_bias_y,lever_x,2,
trial,sphere_rotating,bias1_unsubtracted,all_saved,gyro_bias_y,lever_y,2,
trial,sphere_rotating,bias1_unsubtracted,all_saved,gyro_bias_y,lever_z,2,
trial,sphere_rotating,bias1_unsubtracted,all_saved,gyro_bias_y,position_x,2,
trial,sphere_rotating,bias1_unsubtracted,all_saved,gyro_bias_y,position_y,2,
trial,sphere_rotating,bias1_unsubtracted,all_saved,gyro_bias_y,position_z,2,
trial,sphere_rotating,bias1_unsubtracted,all_saved,gyro_bias_y,time_offset,2,
trial,sphere_rotating,bias1_unsubtracted,all_saved,gyro_bias_y,velocity_x,2,
trial,sphere_rotating,bias1_unsubtracted,all_saved,gyro_bias_y,velocity_y,2,
trial,sphere_rotating,bias1_unsubtracted,all_saved,gyro_bias_y,velocity_z,2,
trial,sphere_rotating,bias1_unsubtracted,all_saved,gyro_bias_z,gyro_gain_x,2,
trial,sphere_rotating,bias1_unsubtracted,all_saved,gyro_bias_z,gyro_gain_y,2,
trial,sphere_rotating,bias1_unsubtracted,all_saved,gyro_bias_z,gyro_gain_z,2,
trial,sphere_rotating,bias1_unsubtracted,all_saved,gyro_bias_z,lever_x,2,
trial,sphere_rotating,bias1_unsubtracted,all_saved,gyro_bias_z,lever_y,2,
trial,sphere_rotating,bias1_unsubtracted,all_saved,gyro_bias_z,lever_z,2,
trial,sphere_rotating,bias1_unsubtracted,all_saved,gyro_bias_z,position_x,2,
trial,sphere_rotating,bias1_unsubtracted,all_saved,gyro_bias_z,position_y,2,
trial,sphere_rotating,bias1_unsubtracted,all_saved,gyro_bias_z,position_z,2,
trial,sphere_rotating,bias1_unsubtracted,all_saved,gyro_bias_z,time_offset,2,
trial,sphere_rotating,bias1_unsubtracted,all_saved,gyro_bias_z,velocity_x,2,
trial,sphere_rotating,bias1_unsubtracted,all_saved,gyro_bias_z,velocity_y,2,
trial,sphere_rotating,bias1_unsubtracted,all_saved,gyro_bias_z,velocity_z,2,
trial,sphere_rotating,bias1_unsubtracted,all_saved,gyro_gain_x,gyro_gain_y,2,
trial,sphere_rotating,bias1_unsubtracted,all_saved,gyro_gain_x,gyro_gain_z,2,
trial,sphere_rotating,bias1_unsubtracted,all_saved,gyro_gain_x,lever_x,2,
trial,sphere_rotating,bias1_unsubtracted,all_saved,gyro_gain_x,lever_y,2,
trial,sphere_rotating,bias1_unsubtracted,all_saved,gyro_gain_x,lever_z,2,
trial,sphere_rotating,bias1_unsubtracted,all_saved,gyro_gain_x,position_x,2,
trial,sphere_rotating,bias1_unsubtracted,all_saved,gyro_gain_x,position_y,2,
trial,sphere_rotating,bias1_unsubtracted,all_saved,gyro_gain_x,position_z,2,
trial,sphere_rotating,bias1_unsubtracted,all_saved,gyro_gain_x,time_offset,2,
trial,sphere_rotating,bias1_unsubtracted,all_saved,gyro_gain_x,velocity_x,2,
trial,sphere_rotating,bias1_unsubtracted,all_saved,gyro_gain_x,velocity_y,2,
trial,sphere_rotating,bias1_unsubtracted,all_saved,gyro_gain_x,velocity_z,2,
trial,sphere_rotating,bias1_unsubtracted,all_saved,gyro_gain_y,gyro_gain_z,2,
trial,sphere_rotating,bias1_unsubtracted,all_saved,gyro_gain_y,lever_x,2,
trial,sphere_rotating,bias1_unsubtracted,all_saved,gyro_gain_y,lever_y,2,
trial,sphere_rotating,bias1_unsubtracted,all_saved,gyro_gain_y,lever_z,2,
trial,sphere_rotating,bias1_unsubtracted,all_saved,gyro_gain_y,position_x,2,
trial,sphere_rotating,bias1_unsubtracted,all_saved,gyro_gain_y,position_y,2,
trial,sphere_rotating,bias1_unsubtracted,all_saved,gyro_gain_y,position_z,2,
trial,sphere_rotating,bias1_unsubtracted,all_saved,gyro_gain_y,time_offset,2,
trial,sphere_rotating,bias1_unsubtracted,all_saved,gyro_gain_y,velocity_x,2,
trial,sphere_rotating,bias1_unsubtracted,all_saved,gyro_gain_y,velocity_y,2,
trial,sphere_rotating,bias1_unsubtracted,all_saved,gyro_gain_y,velocity_z,2,
trial,sphere_rotating,bias1_unsubtracted,all_saved,gyro_gain_z,lever_x,2,
trial,sphere_rotating,bias1_unsubtracted,all_saved,gyro_gain_z,lever_y,2,
trial,sphere_rotating,bias1_unsubtracted,all_saved,gyro_gain_z,lever_z,2,
trial,sphere_rotating,bias1_unsubtracted,all_saved,gyro_gain_z,position_x,2,
trial,sphere_rotating,bias1_unsubtracted,all_saved,gyro_gain_z,position_y,2,
trial,sphere_rotating,bias1_unsubtracted,all_saved,gyro_gain_z,position_z,2,
trial,sphere_rotating,bias1_unsubtracted,all_saved,gyro_gain_z,time_offset,2,
trial,sphere_rotating,bias1_unsubtracted,all_saved,gyro_gain_z,velocity_x,2,
trial,sphere_rotating,bias1_unsubtracted,all_saved,gyro_gain_z,velocity_y,2,
trial,sphere_rotating,bias1_unsubtracted,all_saved,gyro_gain_z,velocity_z,2,
trial,sphere_rotating,bias1_unsubtracted,all_saved,lever_x,lever_y,2,
trial,sphere_rotating,bias1_unsubtracted,all_saved,lever_x,lever_z,2,
trial,sphere_rotating,bias1_unsubtracted,all_saved,lever_x,position_x,2,
trial,sphere_rotating,bias1_unsubtracted,all_saved,lever_x,position_y,2,
trial,sphere_rotating,bias1_unsubtracted,all_saved,lever_x,position_z,2,
trial,sphere_rotating,bias1_unsubtracted,all_saved,lever_x,time_offset,2,
trial,sphere_rotating,bias1_unsubtracted,all_saved,lever_x,velocity_x,2,
trial,sphere_rotating,bias1_unsubtracted,all_saved,lever_x,velocity_y,2,
trial,sphere_rotating,bias1_unsubtracted,all_saved,lever_x,velocity_z,2,
trial,sphere_rotating,bias1_unsubtracted,all_saved,lever_y,lever_z,2,
trial,sphere_rotating,bias1_unsubtracted,all_saved,lever_y,position_x,2,
trial,sphere_rotating,bias1_unsubtracted,all_saved,lever_y,position_y,2,
trial,sphere_rotating,bias1_unsubtracted,all_saved,lever_y,position_z,2,
trial,sphere_rotating,bias1_unsubtracted,all_saved,lever_y,time_offset,2,
trial,sphere_rotating,bias1_unsubtracted,all_saved,lever_y,velocity_x,2,
trial,sphere_rotating,bias1_unsubtracted,all_saved,lever_y,velocity_y,2,
trial,sphere_rotating,bias1_unsubtracted,all_saved,lever_y,velocity_z,2,
trial,sphere_rotating,bias1_unsubtracted,all_saved,lever_z,position_x,2,
trial,sphere_rotating,bias1_unsubtracted,all_saved,lever_z,position_y,2,
trial,sphere_rotating,bias1_unsubtracted,all_saved,lever_z,position_z,2,
trial,sphere_rotating,bias1_unsubtracted,all_saved,lever_z,time_offset,2,
trial,sphere_rotating,bias1_unsubtracted,all_saved,lever_z,velocity_x,2,
trial,sphere_rotating,bias1_unsubtracted,all_saved,lever_z,velocity_y,2,
trial,sphere_rotating,bias1_unsubtracted,all_saved,lever_z,velocity_z,2,
trial,sphere_rotating,bias1_unsubtracted,all_saved,position_x,position_y,2,
trial,sphere_rotating,bias1_unsubtracted,all_saved,position_x,position_z,2,
trial,sphere_rotating,bias1_unsubtracted,all_saved,position_x,time_offset,2,
trial,sphere_rotating,bias1_unsubtracted,all_saved,position_x,velocity_x,2,
trial,sphere_rotating,bias1_unsubtracted,all_saved,position_x,velocity_y,2,
trial,sphere_rotating,bias1_unsubtracted,all_saved,position_x,velocity_z,2,
trial,sphere_rotating,bias1_unsubtracted,all_saved,position_y,position_z,2,
trial,sphere_rotating,bias1_unsubtracted,all_saved,position_y,time_offset,2,
trial,sphere_rotating,bias1_unsubtracted,all_saved,position_y,velocity_x,2,
trial,sphere_rotating,bias1_unsubtracted,all_saved,position_y,velocity_y,2,
trial,sphere_rotating,bias1_unsubtracted,all_saved,position_y,velocity_z,2,
trial,sphere_rotating,bias1_unsubtracted,all_saved,position_z,time_offset,2,
trial,sphere_rotating,bias1_unsubtracted,all_saved,position_z,velocity_x,2,
trial,sphere_rotating,bias1_unsubtracted,all_saved,position_z,velocity_y,2,
trial,sphere_rotating,bias1_unsubtracted,all_saved,position_z,velocity_z,2,
trial,sphere_rotating,bias1_unsubtracted,all_saved,time_offset,velocity_x,2,
trial,sphere_rotating,bias1_unsubtracted,all_saved,time_offset,velocity_y,2,
trial,sphere_rotating,bias1_unsubtracted,all_saved,time_offset,velocity_z,2,
trial,sphere_rotating,bias1_unsubtracted,all_saved,velocity_x,velocity_y,2,
trial,sphere_rotating,bias1_unsubtracted,all_saved,velocity_x,velocity_z,2,
trial,sphere_rotating,bias1_unsubtracted,all_saved,velocity_y,velocity_z,2,
trial,sphere_rotating,bias1_unsubtracted,converged_only,accel_bias_x,accel_bias_y,2,
trial,sphere_rotating,bias1_unsubtracted,converged_only,accel_bias_x,accel_bias_z,2,
trial,sphere_rotating,bias1_unsubtracted,converged_only,accel_bias_x,accel_gain_x,2,
trial,sphere_rotating,bias1_unsubtracted,converged_only,accel_bias_x,accel_gain_y,2,
trial,sphere_rotating,bias1_unsubtracted,converged_only,accel_bias_x,accel_gain_z,2,
trial,sphere_rotating,bias1_unsubtracted,converged_only,accel_bias_x,attitude_x,2,
trial,sphere_rotating,bias1_unsubtracted,converged_only,accel_bias_x,attitude_y,2,
trial,sphere_rotating,bias1_unsubtracted,converged_only,accel_bias_x,attitude_z,2,
trial,sphere_rotating,bias1_unsubtracted,converged_only,accel_bias_x,gravity_delta,2,
trial,sphere_rotating,bias1_unsubtracted,converged_only,accel_bias_x,gyro_bias_x,2,
trial,sphere_rotating,bias1_unsubtracted,converged_only,accel_bias_x,gyro_bias_y,2,
trial,sphere_rotating,bias1_unsubtracted,converged_only,accel_bias_x,gyro_bias_z,2,
trial,sphere_rotating,bias1_unsubtracted,converged_only,accel_bias_x,gyro_gain_x,2,
trial,sphere_rotating,bias1_unsubtracted,converged_only,accel_bias_x,gyro_gain_y,2,
trial,sphere_rotating,bias1_unsubtracted,converged_only,accel_bias_x,gyro_gain_z,2,
trial,sphere_rotating,bias1_unsubtracted,converged_only,accel_bias_x,lever_x,2,
trial,sphere_rotating,bias1_unsubtracted,converged_only,accel_bias_x,lever_y,2,
trial,sphere_rotating,bias1_unsubtracted,converged_only,accel_bias_x,lever_z,2,
trial,sphere_rotating,bias1_unsubtracted,converged_only,accel_bias_x,position_x,2,
trial,sphere_rotating,bias1_unsubtracted,converged_only,accel_bias_x,position_y,2,
trial,sphere_rotating,bias1_unsubtracted,converged_only,accel_bias_x,position_z,2,
trial,sphere_rotating,bias1_unsubtracted,converged_only,accel_bias_x,time_offset,2,
trial,sphere_rotating,bias1_unsubtracted,converged_only,accel_bias_x,velocity_x,2,
trial,sphere_rotating,bias1_unsubtracted,converged_only,accel_bias_x,velocity_y,2,
trial,sphere_rotating,bias1_unsubtracted,converged_only,accel_bias_x,velocity_z,2,
trial,sphere_rotating,bias1_unsubtracted,converged_only,accel_bias_y,accel_bias_z,2,
trial,sphere_rotating,bias1_unsubtracted,converged_only,accel_bias_y,accel_gain_x,2,
trial,sphere_rotating,bias1_unsubtracted,converged_only,accel_bias_y,accel_gain_y,2,
trial,sphere_rotating,bias1_unsubtracted,converged_only,accel_bias_y,accel_gain_z,2,
trial,sphere_rotating,bias1_unsubtracted,converged_only,accel_bias_y,attitude_x,2,
trial,sphere_rotating,bias1_unsubtracted,converged_only,accel_bias_y,attitude_y,2,
trial,sphere_rotating,bias1_unsubtracted,converged_only,accel_bias_y,attitude_z,2,
trial,sphere_rotating,bias1_unsubtracted,converged_only,accel_bias_y,gravity_delta,2,
trial,sphere_rotating,bias1_unsubtracted,converged_only,accel_bias_y,gyro_bias_x,2,
trial,sphere_rotating,bias1_unsubtracted,converged_only,accel_bias_y,gyro_bias_y,2,
trial,sphere_rotating,bias1_unsubtracted,converged_only,accel_bias_y,gyro_bias_z,2,
trial,sphere_rotating,bias1_unsubtracted,converged_only,accel_bias_y,gyro_gain_x,2,
trial,sphere_rotating,bias1_unsubtracted,converged_only,accel_bias_y,gyro_gain_y,2,
trial,sphere_rotating,bias1_unsubtracted,converged_only,accel_bias_y,gyro_gain_z,2,
trial,sphere_rotating,bias1_unsubtracted,converged_only,accel_bias_y,lever_x,2,
trial,sphere_rotating,bias1_unsubtracted,converged_only,accel_bias_y,lever_y,2,
trial,sphere_rotating,bias1_unsubtracted,converged_only,accel_bias_y,lever_z,2,
trial,sphere_rotating,bias1_unsubtracted,converged_only,accel_bias_y,position_x,2,
trial,sphere_rotating,bias1_unsubtracted,converged_only,accel_bias_y,position_y,2,
trial,sphere_rotating,bias1_unsubtracted,converged_only,accel_bias_y,position_z,2,
trial,sphere_rotating,bias1_unsubtracted,converged_only,accel_bias_y,time_offset,2,
trial,sphere_rotating,bias1_unsubtracted,converged_only,accel_bias_y,velocity_x,2,
trial,sphere_rotating,bias1_unsubtracted,converged_only,accel_bias_y,velocity_y,2,
trial,sphere_rotating,bias1_unsubtracted,converged_only,accel_bias_y,velocity_z,2,
trial,sphere_rotating,bias1_unsubtracted,converged_only,accel_bias_z,accel_gain_x,2,
trial,sphere_rotating,bias1_unsubtracted,converged_only,accel_bias_z,accel_gain_y,2,
trial,sphere_rotating,bias1_unsubtracted,converged_only,accel_bias_z,accel_gain_z,2,
trial,sphere_rotating,bias1_unsubtracted,converged_only,accel_bias_z,attitude_x,2,
trial,sphere_rotating,bias1_unsubtracted,converged_only,accel_bias_z,attitude_y,2,
trial,sphere_rotating,bias1_unsubtracted,converged_only,accel_bias_z,attitude_z,2,
trial,sphere_rotating,bias1_unsubtracted,converged_only,accel_bias_z,gravity_delta,2,
trial,sphere_rotating,bias1_unsubtracted,converged_only,accel_bias_z,gyro_bias_x,2,
trial,sphere_rotating,bias1_unsubtracted,converged_only,accel_bias_z,gyro_bias_y,2,
trial,sphere_rotating,bias1_unsubtracted,converged_only,accel_bias_z,gyro_bias_z,2,
trial,sphere_rotating,bias1_unsubtracted,converged_only,accel_bias_z,gyro_gain_x,2,
trial,sphere_rotating,bias1_unsubtracted,converged_only,accel_bias_z,gyro_gain_y,2,
trial,sphere_rotating,bias1_unsubtracted,converged_only,accel_bias_z,gyro_gain_z,2,
trial,sphere_rotating,bias1_unsubtracted,converged_only,accel_bias_z,lever_x,2,
trial,sphere_rotating,bias1_unsubtracted,converged_only,accel_bias_z,lever_y,2,
trial,sphere_rotating,bias1_unsubtracted,converged_only,accel_bias_z,lever_z,2,
trial,sphere_rotating,bias1_unsubtracted,converged_only,accel_bias_z,position_x,2,
trial,sphere_rotating,bias1_unsubtracted,converged_only,accel_bias_z,position_y,2,
trial,sphere_rotating,bias1_unsubtracted,converged_only,accel_bias_z,position_z,2,
trial,sphere_rotating,bias1_unsubtracted,converged_only,accel_bias_z,time_offset,2,
trial,sphere_rotating,bias1_unsubtracted,converged_only,accel_bias_z,velocity_x,2,
trial,sphere_rotating,bias1_unsubtracted,converged_only,accel_bias_z,velocity_y,2,
trial,sphere_rotating,bias1_unsubtracted,converged_only,accel_bias_z,velocity_z,2,
trial,sphere_rotating,bias1_unsubtracted,converged_only,accel_gain_x,accel_gain_y,2,
trial,sphere_rotating,bias1_unsubtracted,converged_only,accel_gain_x,accel_gain_z,2,
trial,sphere_rotating,bias1_unsubtracted,converged_only,accel_gain_x,attitude_x,2,
trial,sphere_rotating,bias1_unsubtracted,converged_only,accel_gain_x,attitude_y,2,
trial,sphere_rotating,bias1_unsubtracted,converged_only,accel_gain_x,attitude_z,2,
trial,sphere_rotating,bias1_unsubtracted,converged_only,accel_gain_x,gravity_delta,2,
trial,sphere_rotating,bias1_unsubtracted,converged_only,accel_gain_x,gyro_bias_x,2,
trial,sphere_rotating,bias1_unsubtracted,converged_only,accel_gain_x,gyro_bias_y,2,
trial,sphere_rotating,bias1_unsubtracted,converged_only,accel_gain_x,gyro_bias_z,2,
trial,sphere_rotating,bias1_unsubtracted,converged_only,accel_gain_x,gyro_gain_x,2,
trial,sphere_rotating,bias1_unsubtracted,converged_only,accel_gain_x,gyro_gain_y,2,
trial,sphere_rotating,bias1_unsubtracted,converged_only,accel_gain_x,gyro_gain_z,2,
trial,sphere_rotating,bias1_unsubtracted,converged_only,accel_gain_x,lever_x,2,
trial,sphere_rotating,bias1_unsubtracted,converged_only,accel_gain_x,lever_y,2,
trial,sphere_rotating,bias1_unsubtracted,converged_only,accel_gain_x,lever_z,2,
trial,sphere_rotating,bias1_unsubtracted,converged_only,accel_gain_x,position_x,2,
trial,sphere_rotating,bias1_unsubtracted,converged_only,accel_gain_x,position_y,2,
trial,sphere_rotating,bias1_unsubtracted,converged_only,accel_gain_x,position_z,2,
trial,sphere_rotating,bias1_unsubtracted,converged_only,accel_gain_x,time_offset,2,
trial,sphere_rotating,bias1_unsubtracted,converged_only,accel_gain_x,velocity_x,2,
trial,sphere_rotating,bias1_unsubtracted,converged_only,accel_gain_x,velocity_y,2,
trial,sphere_rotating,bias1_unsubtracted,converged_only,accel_gain_x,velocity_z,2,
trial,sphere_rotating,bias1_unsubtracted,converged_only,accel_gain_y,accel_gain_z,2,
trial,sphere_rotating,bias1_unsubtracted,converged_only,accel_gain_y,attitude_x,2,
trial,sphere_rotating,bias1_unsubtracted,converged_only,accel_gain_y,attitude_y,2,
trial,sphere_rotating,bias1_unsubtracted,converged_only,accel_gain_y,attitude_z,2,
trial,sphere_rotating,bias1_unsubtracted,converged_only,accel_gain_y,gravity_delta,2,
trial,sphere_rotating,bias1_unsubtracted,converged_only,accel_gain_y,gyro_bias_x,2,
trial,sphere_rotating,bias1_unsubtracted,converged_only,accel_gain_y,gyro_bias_y,2,
trial,sphere_rotating,bias1_unsubtracted,converged_only,accel_gain_y,gyro_bias_z,2,
trial,sphere_rotating,bias1_unsubtracted,converged_only,accel_gain_y,gyro_gain_x,2,
trial,sphere_rotating,bias1_unsubtracted,converged_only,accel_gain_y,gyro_gain_y,2,
trial,sphere_rotating,bias1_unsubtracted,converged_only,accel_gain_y,gyro_gain_z,2,
trial,sphere_rotating,bias1_unsubtracted,converged_only,accel_gain_y,lever_x,2,
trial,sphere_rotating,bias1_unsubtracted,converged_only,accel_gain_y,lever_y,2,
trial,sphere_rotating,bias1_unsubtracted,converged_only,accel_gain_y,lever_z,2,
trial,sphere_rotating,bias1_unsubtracted,converged_only,accel_gain_y,position_x,2,
trial,sphere_rotating,bias1_unsubtracted,converged_only,accel_gain_y,position_y,2,
trial,sphere_rotating,bias1_unsubtracted,converged_only,accel_gain_y,position_z,2,
trial,sphere_rotating,bias1_unsubtracted,converged_only,accel_gain_y,time_offset,2,
trial,sphere_rotating,bias1_unsubtracted,converged_only,accel_gain_y,velocity_x,2,
trial,sphere_rotating,bias1_unsubtracted,converged_only,accel_gain_y,velocity_y,2,
trial,sphere_rotating,bias1_unsubtracted,converged_only,accel_gain_y,velocity_z,2,
trial,sphere_rotating,bias1_unsubtracted,converged_only,accel_gain_z,attitude_x,2,
trial,sphere_rotating,bias1_unsubtracted,converged_only,accel_gain_z,attitude_y,2,
trial,sphere_rotating,bias1_unsubtracted,converged_only,accel_gain_z,attitude_z,2,
trial,sphere_rotating,bias1_unsubtracted,converged_only,accel_gain_z,gravity_delta,2,
trial,sphere_rotating,bias1_unsubtracted,converged_only,accel_gain_z,gyro_bias_x,2,
trial,sphere_rotating,bias1_unsubtracted,converged_only,accel_gain_z,gyro_bias_y,2,
trial,sphere_rotating,bias1_unsubtracted,converged_only,accel_gain_z,gyro_bias_z,2,
trial,sphere_rotating,bias1_unsubtracted,converged_only,accel_gain_z,gyro_gain_x,2,
trial,sphere_rotating,bias1_unsubtracted,converged_only,accel_gain_z,gyro_gain_y,2,
trial,sphere_rotating,bias1_unsubtracted,converged_only,accel_gain_z,gyro_gain_z,2,
trial,sphere_rotating,bias1_unsubtracted,converged_only,accel_gain_z,lever_x,2,
trial,sphere_rotating,bias1_unsubtracted,converged_only,accel_gain_z,lever_y,2,
trial,sphere_rotating,bias1_unsubtracted,converged_only,accel_gain_z,lever_z,2,
trial,sphere_rotating,bias1_unsubtracted,converged_only,accel_gain_z,position_x,2,
trial,sphere_rotating,bias1_unsubtracted,converged_only,accel_gain_z,position_y,2,
trial,sphere_rotating,bias1_unsubtracted,converged_only,accel_gain_z,position_z,2,
trial,sphere_rotating,bias1_unsubtracted,converged_only,accel_gain_z,time_offset,2,
trial,sphere_rotating,bias1_unsubtracted,converged_only,accel_gain_z,velocity_x,2,
trial,sphere_rotating,bias1_unsubtracted,converged_only,accel_gain_z,velocity_y,2,
trial,sphere_rotating,bias1_unsubtracted,converged_only,accel_gain_z,velocity_z,2,
trial,sphere_rotating,bias1_unsubtracted,converged_only,attitude_x,attitude_y,2,
trial,sphere_rotating,bias1_unsubtracted,converged_only,attitude_x,attitude_z,2,
trial,sphere_rotating,bias1_unsubtracted,converged_only,attitude_x,gravity_delta,2,
trial,sphere_rotating,bias1_unsubtracted,converged_only,attitude_x,gyro_bias_x,2,
trial,sphere_rotating,bias1_unsubtracted,converged_only,attitude_x,gyro_bias_y,2,
trial,sphere_rotating,bias1_unsubtracted,converged_only,attitude_x,gyro_bias_z,2,
trial,sphere_rotating,bias1_unsubtracted,converged_only,attitude_x,gyro_gain_x,2,
trial,sphere_rotating,bias1_unsubtracted,converged_only,attitude_x,gyro_gain_y,2,
trial,sphere_rotating,bias1_unsubtracted,converged_only,attitude_x,gyro_gain_z,2,
trial,sphere_rotating,bias1_unsubtracted,converged_only,attitude_x,lever_x,2,
trial,sphere_rotating,bias1_unsubtracted,converged_only,attitude_x,lever_y,2,
trial,sphere_rotating,bias1_unsubtracted,converged_only,attitude_x,lever_z,2,
trial,sphere_rotating,bias1_unsubtracted,converged_only,attitude_x,position_x,2,
trial,sphere_rotating,bias1_unsubtracted,converged_only,attitude_x,position_y,2,
trial,sphere_rotating,bias1_unsubtracted,converged_only,attitude_x,position_z,2,
trial,sphere_rotating,bias1_unsubtracted,converged_only,attitude_x,time_offset,2,
trial,sphere_rotating,bias1_unsubtracted,converged_only,attitude_x,velocity_x,2,
trial,sphere_rotating,bias1_unsubtracted,converged_only,attitude_x,velocity_y,2,
trial,sphere_rotating,bias1_unsubtracted,converged_only,attitude_x,velocity_z,2,
trial,sphere_rotating,bias1_unsubtracted,converged_only,attitude_y,attitude_z,2,
trial,sphere_rotating,bias1_unsubtracted,converged_only,attitude_y,gravity_delta,2,
trial,sphere_rotating,bias1_unsubtracted,converged_only,attitude_y,gyro_bias_x,2,
trial,sphere_rotating,bias1_unsubtracted,converged_only,attitude_y,gyro_bias_y,2,
trial,sphere_rotating,bias1_unsubtracted,converged_only,attitude_y,gyro_bias_z,2,
trial,sphere_rotating,bias1_unsubtracted,converged_only,attitude_y,gyro_gain_x,2,
trial,sphere_rotating,bias1_unsubtracted,converged_only,attitude_y,gyro_gain_y,2,
trial,sphere_rotating,bias1_unsubtracted,converged_only,attitude_y,gyro_gain_z,2,
trial,sphere_rotating,bias1_unsubtracted,converged_only,attitude_y,lever_x,2,
trial,sphere_rotating,bias1_unsubtracted,converged_only,attitude_y,lever_y,2,
trial,sphere_rotating,bias1_unsubtracted,converged_only,attitude_y,lever_z,2,
trial,sphere_rotating,bias1_unsubtracted,converged_only,attitude_y,position_x,2,
trial,sphere_rotating,bias1_unsubtracted,converged_only,attitude_y,position_y,2,
trial,sphere_rotating,bias1_unsubtracted,converged_only,attitude_y,position_z,2,
trial,sphere_rotating,bias1_unsubtracted,converged_only,attitude_y,time_offset,2,
trial,sphere_rotating,bias1_unsubtracted,converged_only,attitude_y,velocity_x,2,
trial,sphere_rotating,bias1_unsubtracted,converged_only,attitude_y,velocity_y,2,
trial,sphere_rotating,bias1_unsubtracted,converged_only,attitude_y,velocity_z,2,
trial,sphere_rotating,bias1_unsubtracted,converged_only,attitude_z,gravity_delta,2,
trial,sphere_rotating,bias1_unsubtracted,converged_only,attitude_z,gyro_bias_x,2,
trial,sphere_rotating,bias1_unsubtracted,converged_only,attitude_z,gyro_bias_y,2,
trial,sphere_rotating,bias1_unsubtracted,converged_only,attitude_z,gyro_bias_z,2,
trial,sphere_rotating,bias1_unsubtracted,converged_only,attitude_z,gyro_gain_x,2,
trial,sphere_rotating,bias1_unsubtracted,converged_only,attitude_z,gyro_gain_y,2,
trial,sphere_rotating,bias1_unsubtracted,converged_only,attitude_z,gyro_gain_z,2,
trial,sphere_rotating,bias1_unsubtracted,converged_only,attitude_z,lever_x,2,
trial,sphere_rotating,bias1_unsubtracted,converged_only,attitude_z,lever_y,2,
trial,sphere_rotating,bias1_unsubtracted,converged_only,attitude_z,lever_z,2,
trial,sphere_rotating,bias1_unsubtracted,converged_only,attitude_z,position_x,2,
trial,sphere_rotating,bias1_unsubtracted,converged_only,attitude_z,position_y,2,
trial,sphere_rotating,bias1_unsubtracted,converged_only,attitude_z,position_z,2,
trial,sphere_rotating,bias1_unsubtracted,converged_only,attitude_z,time_offset,2,
trial,sphere_rotating,bias1_unsubtracted,converged_only,attitude_z,velocity_x,2,
trial,sphere_rotating,bias1_unsubtracted,converged_only,attitude_z,velocity_y,2,
trial,sphere_rotating,bias1_unsubtracted,converged_only,attitude_z,velocity_z,2,
trial,sphere_rotating,bias1_unsubtracted,converged_only,gravity_delta,gyro_bias_x,2,
trial,sphere_rotating,bias1_unsubtracted,converged_only,gravity_delta,gyro_bias_y,2,
trial,sphere_rotating,bias1_unsubtracted,converged_only,gravity_delta,gyro_bias_z,2,
trial,sphere_rotating,bias1_unsubtracted,converged_only,gravity_delta,gyro_gain_x,2,
trial,sphere_rotating,bias1_unsubtracted,converged_only,gravity_delta,gyro_gain_y,2,
trial,sphere_rotating,bias1_unsubtracted,converged_only,gravity_delta,gyro_gain_z,2,
trial,sphere_rotating,bias1_unsubtracted,converged_only,gravity_delta,lever_x,2,
trial,sphere_rotating,bias1_unsubtracted,converged_only,gravity_delta,lever_y,2,
trial,sphere_rotating,bias1_unsubtracted,converged_only,gravity_delta,lever_z,2,
trial,sphere_rotating,bias1_unsubtracted,converged_only,gravity_delta,position_x,2,
trial,sphere_rotating,bias1_unsubtracted,converged_only,gravity_delta,position_y,2,
trial,sphere_rotating,bias1_unsubtracted,converged_only,gravity_delta,position_z,2,
trial,sphere_rotating,bias1_unsubtracted,converged_only,gravity_delta,time_offset,2,
trial,sphere_rotating,bias1_unsubtracted,converged_only,gravity_delta,velocity_x,2,
trial,sphere_rotating,bias1_unsubtracted,converged_only,gravity_delta,velocity_y,2,
trial,sphere_rotating,bias1_unsubtracted,converged_only,gravity_delta,velocity_z,2,
trial,sphere_rotating,bias1_unsubtracted,converged_only,gyro_bias_x,gyro_bias_y,2,
trial,sphere_rotating,bias1_unsubtracted,converged_only,gyro_bias_x,gyro_bias_z,2,
trial,sphere_rotating,bias1_unsubtracted,converged_only,gyro_bias_x,gyro_gain_x,2,
trial,sphere_rotating,bias1_unsubtracted,converged_only,gyro_bias_x,gyro_gain_y,2,
trial,sphere_rotating,bias1_unsubtracted,converged_only,gyro_bias_x,gyro_gain_z,2,
trial,sphere_rotating,bias1_unsubtracted,converged_only,gyro_bias_x,lever_x,2,
trial,sphere_rotating,bias1_unsubtracted,converged_only,gyro_bias_x,lever_y,2,
trial,sphere_rotating,bias1_unsubtracted,converged_only,gyro_bias_x,lever_z,2,
trial,sphere_rotating,bias1_unsubtracted,converged_only,gyro_bias_x,position_x,2,
trial,sphere_rotating,bias1_unsubtracted,converged_only,gyro_bias_x,position_y,2,
trial,sphere_rotating,bias1_unsubtracted,converged_only,gyro_bias_x,position_z,2,
trial,sphere_rotating,bias1_unsubtracted,converged_only,gyro_bias_x,time_offset,2,
trial,sphere_rotating,bias1_unsubtracted,converged_only,gyro_bias_x,velocity_x,2,
trial,sphere_rotating,bias1_unsubtracted,converged_only,gyro_bias_x,velocity_y,2,
trial,sphere_rotating,bias1_unsubtracted,converged_only,gyro_bias_x,velocity_z,2,
trial,sphere_rotating,bias1_unsubtracted,converged_only,gyro_bias_y,gyro_bias_z,2,
trial,sphere_rotating,bias1_unsubtracted,converged_only,gyro_bias_y,gyro_gain_x,2,
trial,sphere_rotating,bias1_unsubtracted,converged_only,gyro_bias_y,gyro_gain_y,2,
trial,sphere_rotating,bias1_unsubtracted,converged_only,gyro_bias_y,gyro_gain_z,2,
trial,sphere_rotating,bias1_unsubtracted,converged_only,gyro_bias_y,lever_x,2,
trial,sphere_rotating,bias1_unsubtracted,converged_only,gyro_bias_y,lever_y,2,
trial,sphere_rotating,bias1_unsubtracted,converged_only,gyro_bias_y,lever_z,2,
trial,sphere_rotating,bias1_unsubtracted,converged_only,gyro_bias_y,position_x,2,
trial,sphere_rotating,bias1_unsubtracted,converged_only,gyro_bias_y,position_y,2,
trial,sphere_rotating,bias1_unsubtracted,converged_only,gyro_bias_y,position_z,2,
trial,sphere_rotating,bias1_unsubtracted,converged_only,gyro_bias_y,time_offset,2,
trial,sphere_rotating,bias1_unsubtracted,converged_only,gyro_bias_y,velocity_x,2,
trial,sphere_rotating,bias1_unsubtracted,converged_only,gyro_bias_y,velocity_y,2,
trial,sphere_rotating,bias1_unsubtracted,converged_only,gyro_bias_y,velocity_z,2,
trial,sphere_rotating,bias1_unsubtracted,converged_only,gyro_bias_z,gyro_gain_x,2,
trial,sphere_rotating,bias1_unsubtracted,converged_only,gyro_bias_z,gyro_gain_y,2,
trial,sphere_rotating,bias1_unsubtracted,converged_only,gyro_bias_z,gyro_gain_z,2,
trial,sphere_rotating,bias1_unsubtracted,converged_only,gyro_bias_z,lever_x,2,
trial,sphere_rotating,bias1_unsubtracted,converged_only,gyro_bias_z,lever_y,2,
trial,sphere_rotating,bias1_unsubtracted,converged_only,gyro_bias_z,lever_z,2,
trial,sphere_rotating,bias1_unsubtracted,converged_only,gyro_bias_z,position_x,2,
trial,sphere_rotating,bias1_unsubtracted,converged_only,gyro_bias_z,position_y,2,
trial,sphere_rotating,bias1_unsubtracted,converged_only,gyro_bias_z,position_z,2,
trial,sphere_rotating,bias1_unsubtracted,converged_only,gyro_bias_z,time_offset,2,
trial,sphere_rotating,bias1_unsubtracted,converged_only,gyro_bias_z,velocity_x,2,
trial,sphere_rotating,bias1_unsubtracted,converged_only,gyro_bias_z,velocity_y,2,
trial,sphere_rotating,bias1_unsubtracted,converged_only,gyro_bias_z,velocity_z,2,
trial,sphere_rotating,bias1_unsubtracted,converged_only,gyro_gain_x,gyro_gain_y,2,
trial,sphere_rotating,bias1_unsubtracted,converged_only,gyro_gain_x,gyro_gain_z,2,
trial,sphere_rotating,bias1_unsubtracted,converged_only,gyro_gain_x,lever_x,2,
trial,sphere_rotating,bias1_unsubtracted,converged_only,gyro_gain_x,lever_y,2,
trial,sphere_rotating,bias1_unsubtracted,converged_only,gyro_gain_x,lever_z,2,
trial,sphere_rotating,bias1_unsubtracted,converged_only,gyro_gain_x,position_x,2,
trial,sphere_rotating,bias1_unsubtracted,converged_only,gyro_gain_x,position_y,2,
trial,sphere_rotating,bias1_unsubtracted,converged_only,gyro_gain_x,position_z,2,
trial,sphere_rotating,bias1_unsubtracted,converged_only,gyro_gain_x,time_offset,2,
trial,sphere_rotating,bias1_unsubtracted,converged_only,gyro_gain_x,velocity_x,2,
trial,sphere_rotating,bias1_unsubtracted,converged_only,gyro_gain_x,velocity_y,2,
trial,sphere_rotating,bias1_unsubtracted,converged_only,gyro_gain_x,velocity_z,2,
trial,sphere_rotating,bias1_unsubtracted,converged_only,gyro_gain_y,gyro_gain_z,2,
trial,sphere_rotating,bias1_unsubtracted,converged_only,gyro_gain_y,lever_x,2,
trial,sphere_rotating,bias1_unsubtracted,converged_only,gyro_gain_y,lever_y,2,
trial,sphere_rotating,bias1_unsubtracted,converged_only,gyro_gain_y,lever_z,2,
trial,sphere_rotating,bias1_unsubtracted,converged_only,gyro_gain_y,position_x,2,
trial,sphere_rotating,bias1_unsubtracted,converged_only,gyro_gain_y,position_y,2,
trial,sphere_rotating,bias1_unsubtracted,converged_only,gyro_gain_y,position_z,2,
trial,sphere_rotating,bias1_unsubtracted,converged_only,gyro_gain_y,time_offset,2,
trial,sphere_rotating,bias1_unsubtracted,converged_only,gyro_gain_y,velocity_x,2,
trial,sphere_rotating,bias1_unsubtracted,converged_only,gyro_gain_y,velocity_y,2,
trial,sphere_rotating,bias1_unsubtracted,converged_only,gyro_gain_y,velocity_z,2,
trial,sphere_rotating,bias1_unsubtracted,converged_only,gyro_gain_z,lever_x,2,
trial,sphere_rotating,bias1_unsubtracted,converged_only,gyro_gain_z,lever_y,2,
trial,sphere_rotating,bias1_unsubtracted,converged_only,gyro_gain_z,lever_z,2,
trial,sphere_rotating,bias1_unsubtracted,converged_only,gyro_gain_z,position_x,2,
trial,sphere_rotating,bias1_unsubtracted,converged_only,gyro_gain_z,position_y,2,
trial,sphere_rotating,bias1_unsubtracted,converged_only,gyro_gain_z,position_z,2,
trial,sphere_rotating,bias1_unsubtracted,converged_only,gyro_gain_z,time_offset,2,
trial,sphere_rotating,bias1_unsubtracted,converged_only,gyro_gain_z,velocity_x,2,
trial,sphere_rotating,bias1_unsubtracted,converged_only,gyro_gain_z,velocity_y,2,
trial,sphere_rotating,bias1_unsubtracted,converged_only,gyro_gain_z,velocity_z,2,
trial,sphere_rotating,bias1_unsubtracted,converged_only,lever_x,lever_y,2,
trial,sphere_rotating,bias1_unsubtracted,converged_only,lever_x,lever_z,2,
trial,sphere_rotating,bias1_unsubtracted,converged_only,lever_x,position_x,2,
trial,sphere_rotating,bias1_unsubtracted,converged_only,lever_x,position_y,2,
trial,sphere_rotating,bias1_unsubtracted,converged_only,lever_x,position_z,2,
trial,sphere_rotating,bias1_unsubtracted,converged_only,lever_x,time_offset,2,
trial,sphere_rotating,bias1_unsubtracted,converged_only,lever_x,velocity_x,2,
trial,sphere_rotating,bias1_unsubtracted,converged_only,lever_x,velocity_y,2,
trial,sphere_rotating,bias1_unsubtracted,converged_only,lever_x,velocity_z,2,
trial,sphere_rotating,bias1_unsubtracted,converged_only,lever_y,lever_z,2,
trial,sphere_rotating,bias1_unsubtracted,converged_only,lever_y,position_x,2,
trial,sphere_rotating,bias1_unsubtracted,converged_only,lever_y,position_y,2,
trial,sphere_rotating,bias1_unsubtracted,converged_only,lever_y,position_z,2,
trial,sphere_rotating,bias1_unsubtracted,converged_only,lever_y,time_offset,2,
trial,sphere_rotating,bias1_unsubtracted,converged_only,lever_y,velocity_x,2,
trial,sphere_rotating,bias1_unsubtracted,converged_only,lever_y,velocity_y,2,
trial,sphere_rotating,bias1_unsubtracted,converged_only,lever_y,velocity_z,2,
trial,sphere_rotating,bias1_unsubtracted,converged_only,lever_z,position_x,2,
trial,sphere_rotating,bias1_unsubtracted,converged_only,lever_z,position_y,2,
trial,sphere_rotating,bias1_unsubtracted,converged_only,lever_z,position_z,2,
trial,sphere_rotating,bias1_unsubtracted,converged_only,lever_z,time_offset,2,
trial,sphere_rotating,bias1_unsubtracted,converged_only,lever_z,velocity_x,2,
trial,sphere_rotating,bias1_unsubtracted,converged_only,lever_z,velocity_y,2,
trial,sphere_rotating,bias1_unsubtracted,converged_only,lever_z,velocity_z,2,
trial,sphere_rotating,bias1_unsubtracted,converged_only,position_x,position_y,2,
trial,sphere_rotating,bias1_unsubtracted,converged_only,position_x,position_z,2,
trial,sphere_rotating,bias1_unsubtracted,converged_only,position_x,time_offset,2,
trial,sphere_rotating,bias1_unsubtracted,converged_only,position_x,velocity_x,2,
trial,sphere_rotating,bias1_unsubtracted,converged_only,position_x,velocity_y,2,
trial,sphere_rotating,bias1_unsubtracted,converged_only,position_x,velocity_z,2,
trial,sphere_rotating,bias1_unsubtracted,converged_only,position_y,position_z,2,
trial,sphere_rotating,bias1_unsubtracted,converged_only,position_y,time_offset,2,
trial,sphere_rotating,bias1_unsubtracted,converged_only,position_y,velocity_x,2,
trial,sphere_rotating,bias1_unsubtracted,converged_only,position_y,velocity_y,2,
trial,sphere_rotating,bias1_unsubtracted,converged_only,position_y,velocity_z,2,
trial,sphere_rotating,bias1_unsubtracted,converged_only,position_z,time_offset,2,
trial,sphere_rotating,bias1_unsubtracted,converged_only,position_z,velocity_x,2,
trial,sphere_rotating,bias1_unsubtracted,converged_only,position_z,velocity_y,2,
trial,sphere_rotating,bias1_unsubtracted,converged_only,position_z,velocity_z,2,
trial,sphere_rotating,bias1_unsubtracted,converged_only,time_offset,velocity_x,2,
trial,sphere_rotating,bias1_unsubtracted,converged_only,time_offset,velocity_y,2,
trial,sphere_rotating,bias1_unsubtracted,converged_only,time_offset,velocity_z,2,
trial,sphere_rotating,bias1_unsubtracted,converged_only,velocity_x,velocity_y,2,
trial,sphere_rotating,bias1_unsubtracted,converged_only,velocity_x,velocity_z,2,
trial,sphere_rotating,bias1_unsubtracted,converged_only,velocity_y,velocity_z,2,
trial,sphere_still,bias1_profiled_removal,all_saved,accel_bias_x,accel_bias_y,2,
trial,sphere_still,bias1_profiled_removal,all_saved,accel_bias_x,accel_bias_z,2,
trial,sphere_still,bias1_profiled_removal,all_saved,accel_bias_x,accel_gain_x,2,
trial,sphere_still,bias1_profiled_removal,all_saved,accel_bias_x,accel_gain_y,2,
trial,sphere_still,bias1_profiled_removal,all_saved,accel_bias_x,accel_gain_z,2,
trial,sphere_still,bias1_profiled_removal,all_saved,accel_bias_x,attitude_x,2,
trial,sphere_still,bias1_profiled_removal,all_saved,accel_bias_x,attitude_y,2,
trial,sphere_still,bias1_profiled_removal,all_saved,accel_bias_x,attitude_z,2,
trial,sphere_still,bias1_profiled_removal,all_saved,accel_bias_x,earth_removal,2,
trial,sphere_still,bias1_profiled_removal,all_saved,accel_bias_x,gravity_delta,2,
trial,sphere_still,bias1_profiled_removal,all_saved,accel_bias_x,gyro_bias_x,2,
trial,sphere_still,bias1_profiled_removal,all_saved,accel_bias_x,gyro_bias_y,2,
trial,sphere_still,bias1_profiled_removal,all_saved,accel_bias_x,gyro_bias_z,2,
trial,sphere_still,bias1_profiled_removal,all_saved,accel_bias_x,gyro_gain_x,2,
trial,sphere_still,bias1_profiled_removal,all_saved,accel_bias_x,gyro_gain_y,2,
trial,sphere_still,bias1_profiled_removal,all_saved,accel_bias_x,gyro_gain_z,2,
trial,sphere_still,bias1_profiled_removal,all_saved,accel_bias_x,lever_x,2,
trial,sphere_still,bias1_profiled_removal,all_saved,accel_bias_x,lever_y,2,
trial,sphere_still,bias1_profiled_removal,all_saved,accel_bias_x,lever_z,2,
trial,sphere_still,bias1_profiled_removal,all_saved,accel_bias_x,position_x,2,
trial,sphere_still,bias1_profiled_removal,all_saved,accel_bias_x,position_y,2,
trial,sphere_still,bias1_profiled_removal,all_saved,accel_bias_x,position_z,2,
trial,sphere_still,bias1_profiled_removal,all_saved,accel_bias_x,time_offset,2,
trial,sphere_still,bias1_profiled_removal,all_saved,accel_bias_x,velocity_x,2,
trial,sphere_still,bias1_profiled_removal,all_saved,accel_bias_x,velocity_y,2,
trial,sphere_still,bias1_profiled_removal,all_saved,accel_bias_x,velocity_z,2,
trial,sphere_still,bias1_profiled_removal,all_saved,accel_bias_y,accel_bias_z,2,
trial,sphere_still,bias1_profiled_removal,all_saved,accel_bias_y,accel_gain_x,2,
trial,sphere_still,bias1_profiled_removal,all_saved,accel_bias_y,accel_gain_y,2,
trial,sphere_still,bias1_profiled_removal,all_saved,accel_bias_y,accel_gain_z,2,
trial,sphere_still,bias1_profiled_removal,all_saved,accel_bias_y,attitude_x,2,
trial,sphere_still,bias1_profiled_removal,all_saved,accel_bias_y,attitude_y,2,
trial,sphere_still,bias1_profiled_removal,all_saved,accel_bias_y,attitude_z,2,
trial,sphere_still,bias1_profiled_removal,all_saved,accel_bias_y,earth_removal,2,
trial,sphere_still,bias1_profiled_removal,all_saved,accel_bias_y,gravity_delta,2,
trial,sphere_still,bias1_profiled_removal,all_saved,accel_bias_y,gyro_bias_x,2,
trial,sphere_still,bias1_profiled_removal,all_saved,accel_bias_y,gyro_bias_y,2,
trial,sphere_still,bias1_profiled_removal,all_saved,accel_bias_y,gyro_bias_z,2,
trial,sphere_still,bias1_profiled_removal,all_saved,accel_bias_y,gyro_gain_x,2,
trial,sphere_still,bias1_profiled_removal,all_saved,accel_bias_y,gyro_gain_y,2,
trial,sphere_still,bias1_profiled_removal,all_saved,accel_bias_y,gyro_gain_z,2,
trial,sphere_still,bias1_profiled_removal,all_saved,accel_bias_y,lever_x,2,
trial,sphere_still,bias1_profiled_removal,all_saved,accel_bias_y,lever_y,2,
trial,sphere_still,bias1_profiled_removal,all_saved,accel_bias_y,lever_z,2,
trial,sphere_still,bias1_profiled_removal,all_saved,accel_bias_y,position_x,2,
trial,sphere_still,bias1_profiled_removal,all_saved,accel_bias_y,position_y,2,
trial,sphere_still,bias1_profiled_removal,all_saved,accel_bias_y,position_z,2,
trial,sphere_still,bias1_profiled_removal,all_saved,accel_bias_y,time_offset,2,
trial,sphere_still,bias1_profiled_removal,all_saved,accel_bias_y,velocity_x,2,
trial,sphere_still,bias1_profiled_removal,all_saved,accel_bias_y,velocity_y,2,
trial,sphere_still,bias1_profiled_removal,all_saved,accel_bias_y,velocity_z,2,
trial,sphere_still,bias1_profiled_removal,all_saved,accel_bias_z,accel_gain_x,2,
trial,sphere_still,bias1_profiled_removal,all_saved,accel_bias_z,accel_gain_y,2,
trial,sphere_still,bias1_profiled_removal,all_saved,accel_bias_z,accel_gain_z,2,
trial,sphere_still,bias1_profiled_removal,all_saved,accel_bias_z,attitude_x,2,
trial,sphere_still,bias1_profiled_removal,all_saved,accel_bias_z,attitude_y,2,
trial,sphere_still,bias1_profiled_removal,all_saved,accel_bias_z,attitude_z,2,
trial,sphere_still,bias1_profiled_removal,all_saved,accel_bias_z,earth_removal,2,
trial,sphere_still,bias1_profiled_removal,all_saved,accel_bias_z,gravity_delta,2,
trial,sphere_still,bias1_profiled_removal,all_saved,accel_bias_z,gyro_bias_x,2,
trial,sphere_still,bias1_profiled_removal,all_saved,accel_bias_z,gyro_bias_y,2,
trial,sphere_still,bias1_profiled_removal,all_saved,accel_bias_z,gyro_bias_z,2,
trial,sphere_still,bias1_profiled_removal,all_saved,accel_bias_z,gyro_gain_x,2,
trial,sphere_still,bias1_profiled_removal,all_saved,accel_bias_z,gyro_gain_y,2,
trial,sphere_still,bias1_profiled_removal,all_saved,accel_bias_z,gyro_gain_z,2,
trial,sphere_still,bias1_profiled_removal,all_saved,accel_bias_z,lever_x,2,
trial,sphere_still,bias1_profiled_removal,all_saved,accel_bias_z,lever_y,2,
trial,sphere_still,bias1_profiled_removal,all_saved,accel_bias_z,lever_z,2,
trial,sphere_still,bias1_profiled_removal,all_saved,accel_bias_z,position_x,2,
trial,sphere_still,bias1_profiled_removal,all_saved,accel_bias_z,position_y,2,
trial,sphere_still,bias1_profiled_removal,all_saved,accel_bias_z,position_z,2,
trial,sphere_still,bias1_profiled_removal,all_saved,accel_bias_z,time_offset,2,
trial,sphere_still,bias1_profiled_removal,all_saved,accel_bias_z,velocity_x,2,
trial,sphere_still,bias1_profiled_removal,all_saved,accel_bias_z,velocity_y,2,
trial,sphere_still,bias1_profiled_removal,all_saved,accel_bias_z,velocity_z,2,
trial,sphere_still,bias1_profiled_removal,all_saved,accel_gain_x,accel_gain_y,2,
trial,sphere_still,bias1_profiled_removal,all_saved,accel_gain_x,accel_gain_z,2,
trial,sphere_still,bias1_profiled_removal,all_saved,accel_gain_x,attitude_x,2,
trial,sphere_still,bias1_profiled_removal,all_saved,accel_gain_x,attitude_y,2,
trial,sphere_still,bias1_profiled_removal,all_saved,accel_gain_x,attitude_z,2,
trial,sphere_still,bias1_profiled_removal,all_saved,accel_gain_x,earth_removal,2,
trial,sphere_still,bias1_profiled_removal,all_saved,accel_gain_x,gravity_delta,2,
trial,sphere_still,bias1_profiled_removal,all_saved,accel_gain_x,gyro_bias_x,2,
trial,sphere_still,bias1_profiled_removal,all_saved,accel_gain_x,gyro_bias_y,2,
trial,sphere_still,bias1_profiled_removal,all_saved,accel_gain_x,gyro_bias_z,2,
trial,sphere_still,bias1_profiled_removal,all_saved,accel_gain_x,gyro_gain_x,2,
trial,sphere_still,bias1_profiled_removal,all_saved,accel_gain_x,gyro_gain_y,2,
trial,sphere_still,bias1_profiled_removal,all_saved,accel_gain_x,gyro_gain_z,2,
trial,sphere_still,bias1_profiled_removal,all_saved,accel_gain_x,lever_x,2,
trial,sphere_still,bias1_profiled_removal,all_saved,accel_gain_x,lever_y,2,
trial,sphere_still,bias1_profiled_removal,all_saved,accel_gain_x,lever_z,2,
trial,sphere_still,bias1_profiled_removal,all_saved,accel_gain_x,position_x,2,
trial,sphere_still,bias1_profiled_removal,all_saved,accel_gain_x,position_y,2,
trial,sphere_still,bias1_profiled_removal,all_saved,accel_gain_x,position_z,2,
trial,sphere_still,bias1_profiled_removal,all_saved,accel_gain_x,time_offset,2,
trial,sphere_still,bias1_profiled_removal,all_saved,accel_gain_x,velocity_x,2,
trial,sphere_still,bias1_profiled_removal,all_saved,accel_gain_x,velocity_y,2,
trial,sphere_still,bias1_profiled_removal,all_saved,accel_gain_x,velocity_z,2,
trial,sphere_still,bias1_profiled_removal,all_saved,accel_gain_y,accel_gain_z,2,
trial,sphere_still,bias1_profiled_removal,all_saved,accel_gain_y,attitude_x,2,
trial,sphere_still,bias1_profiled_removal,all_saved,accel_gain_y,attitude_y,2,
trial,sphere_still,bias1_profiled_removal,all_saved,accel_gain_y,attitude_z,2,
trial,sphere_still,bias1_profiled_removal,all_saved,accel_gain_y,earth_removal,2,
trial,sphere_still,bias1_profiled_removal,all_saved,accel_gain_y,gravity_delta,2,
trial,sphere_still,bias1_profiled_removal,all_saved,accel_gain_y,gyro_bias_x,2,
trial,sphere_still,bias1_profiled_removal,all_saved,accel_gain_y,gyro_bias_y,2,
trial,sphere_still,bias1_profiled_removal,all_saved,accel_gain_y,gyro_bias_z,2,
trial,sphere_still,bias1_profiled_removal,all_saved,accel_gain_y,gyro_gain_x,2,
trial,sphere_still,bias1_profiled_removal,all_saved,accel_gain_y,gyro_gain_y,2,
trial,sphere_still,bias1_profiled_removal,all_saved,accel_gain_y,gyro_gain_z,2,
trial,sphere_still,bias1_profiled_removal,all_saved,accel_gain_y,lever_x,2,
trial,sphere_still,bias1_profiled_removal,all_saved,accel_gain_y,lever_y,2,
trial,sphere_still,bias1_profiled_removal,all_saved,accel_gain_y,lever_z,2,
trial,sphere_still,bias1_profiled_removal,all_saved,accel_gain_y,position_x,2,
trial,sphere_still,bias1_profiled_removal,all_saved,accel_gain_y,position_y,2,
trial,sphere_still,bias1_profiled_removal,all_saved,accel_gain_y,position_z,2,
trial,sphere_still,bias1_profiled_removal,all_saved,accel_gain_y,time_offset,2,
trial,sphere_still,bias1_profiled_removal,all_saved,accel_gain_y,velocity_x,2,
trial,sphere_still,bias1_profiled_removal,all_saved,accel_gain_y,velocity_y,2,
trial,sphere_still,bias1_profiled_removal,all_saved,accel_gain_y,velocity_z,2,
trial,sphere_still,bias1_profiled_removal,all_saved,accel_gain_z,attitude_x,2,
trial,sphere_still,bias1_profiled_removal,all_saved,accel_gain_z,attitude_y,2,
trial,sphere_still,bias1_profiled_removal,all_saved,accel_gain_z,attitude_z,2,
trial,sphere_still,bias1_profiled_removal,all_saved,accel_gain_z,earth_removal,2,
trial,sphere_still,bias1_profiled_removal,all_saved,accel_gain_z,gravity_delta,2,
trial,sphere_still,bias1_profiled_removal,all_saved,accel_gain_z,gyro_bias_x,2,
trial,sphere_still,bias1_profiled_removal,all_saved,accel_gain_z,gyro_bias_y,2,
trial,sphere_still,bias1_profiled_removal,all_saved,accel_gain_z,gyro_bias_z,2,
trial,sphere_still,bias1_profiled_removal,all_saved,accel_gain_z,gyro_gain_x,2,
trial,sphere_still,bias1_profiled_removal,all_saved,accel_gain_z,gyro_gain_y,2,
trial,sphere_still,bias1_profiled_removal,all_saved,accel_gain_z,gyro_gain_z,2,
trial,sphere_still,bias1_profiled_removal,all_saved,accel_gain_z,lever_x,2,
trial,sphere_still,bias1_profiled_removal,all_saved,accel_gain_z,lever_y,2,
trial,sphere_still,bias1_profiled_removal,all_saved,accel_gain_z,lever_z,2,
trial,sphere_still,bias1_profiled_removal,all_saved,accel_gain_z,position_x,2,
trial,sphere_still,bias1_profiled_removal,all_saved,accel_gain_z,position_y,2,
trial,sphere_still,bias1_profiled_removal,all_saved,accel_gain_z,position_z,2,
trial,sphere_still,bias1_profiled_removal,all_saved,accel_gain_z,time_offset,2,
trial,sphere_still,bias1_profiled_removal,all_saved,accel_gain_z,velocity_x,2,
trial,sphere_still,bias1_profiled_removal,all_saved,accel_gain_z,velocity_y,2,
trial,sphere_still,bias1_profiled_removal,all_saved,accel_gain_z,velocity_z,2,
trial,sphere_still,bias1_profiled_removal,all_saved,attitude_x,attitude_y,2,
trial,sphere_still,bias1_profiled_removal,all_saved,attitude_x,attitude_z,2,
trial,sphere_still,bias1_profiled_removal,all_saved,attitude_x,earth_removal,2,
trial,sphere_still,bias1_profiled_removal,all_saved,attitude_x,gravity_delta,2,
trial,sphere_still,bias1_profiled_removal,all_saved,attitude_x,gyro_bias_x,2,
trial,sphere_still,bias1_profiled_removal,all_saved,attitude_x,gyro_bias_y,2,
trial,sphere_still,bias1_profiled_removal,all_saved,attitude_x,gyro_bias_z,2,
trial,sphere_still,bias1_profiled_removal,all_saved,attitude_x,gyro_gain_x,2,
trial,sphere_still,bias1_profiled_removal,all_saved,attitude_x,gyro_gain_y,2,
trial,sphere_still,bias1_profiled_removal,all_saved,attitude_x,gyro_gain_z,2,
trial,sphere_still,bias1_profiled_removal,all_saved,attitude_x,lever_x,2,
trial,sphere_still,bias1_profiled_removal,all_saved,attitude_x,lever_y,2,
trial,sphere_still,bias1_profiled_removal,all_saved,attitude_x,lever_z,2,
trial,sphere_still,bias1_profiled_removal,all_saved,attitude_x,position_x,2,
trial,sphere_still,bias1_profiled_removal,all_saved,attitude_x,position_y,2,
trial,sphere_still,bias1_profiled_removal,all_saved,attitude_x,position_z,2,
trial,sphere_still,bias1_profiled_removal,all_saved,attitude_x,time_offset,2,
trial,sphere_still,bias1_profiled_removal,all_saved,attitude_x,velocity_x,2,
trial,sphere_still,bias1_profiled_removal,all_saved,attitude_x,velocity_y,2,
trial,sphere_still,bias1_profiled_removal,all_saved,attitude_x,velocity_z,2,
trial,sphere_still,bias1_profiled_removal,all_saved,attitude_y,attitude_z,2,
trial,sphere_still,bias1_profiled_removal,all_saved,attitude_y,earth_removal,2,
trial,sphere_still,bias1_profiled_removal,all_saved,attitude_y,gravity_delta,2,
trial,sphere_still,bias1_profiled_removal,all_saved,attitude_y,gyro_bias_x,2,
trial,sphere_still,bias1_profiled_removal,all_saved,attitude_y,gyro_bias_y,2,
trial,sphere_still,bias1_profiled_removal,all_saved,attitude_y,gyro_bias_z,2,
trial,sphere_still,bias1_profiled_removal,all_saved,attitude_y,gyro_gain_x,2,
trial,sphere_still,bias1_profiled_removal,all_saved,attitude_y,gyro_gain_y,2,
trial,sphere_still,bias1_profiled_removal,all_saved,attitude_y,gyro_gain_z,2,
trial,sphere_still,bias1_profiled_removal,all_saved,attitude_y,lever_x,2,
trial,sphere_still,bias1_profiled_removal,all_saved,attitude_y,lever_y,2,
trial,sphere_still,bias1_profiled_removal,all_saved,attitude_y,lever_z,2,
trial,sphere_still,bias1_profiled_removal,all_saved,attitude_y,position_x,2,
trial,sphere_still,bias1_profiled_removal,all_saved,attitude_y,position_y,2,
trial,sphere_still,bias1_profiled_removal,all_saved,attitude_y,position_z,2,
trial,sphere_still,bias1_profiled_removal,all_saved,attitude_y,time_offset,2,
trial,sphere_still,bias1_profiled_removal,all_saved,attitude_y,velocity_x,2,
trial,sphere_still,bias1_profiled_removal,all_saved,attitude_y,velocity_y,2,
trial,sphere_still,bias1_profiled_removal,all_saved,attitude_y,velocity_z,2,
trial,sphere_still,bias1_profiled_removal,all_saved,attitude_z,earth_removal,2,
trial,sphere_still,bias1_profiled_removal,all_saved,attitude_z,gravity_delta,2,
trial,sphere_still,bias1_profiled_removal,all_saved,attitude_z,gyro_bias_x,2,
trial,sphere_still,bias1_profiled_removal,all_saved,attitude_z,gyro_bias_y,2,
trial,sphere_still,bias1_profiled_removal,all_saved,attitude_z,gyro_bias_z,2,
trial,sphere_still,bias1_profiled_removal,all_saved,attitude_z,gyro_gain_x,2,
trial,sphere_still,bias1_profiled_removal,all_saved,attitude_z,gyro_gain_y,2,
trial,sphere_still,bias1_profiled_removal,all_saved,attitude_z,gyro_gain_z,2,
trial,sphere_still,bias1_profiled_removal,all_saved,attitude_z,lever_x,2,
trial,sphere_still,bias1_profiled_removal,all_saved,attitude_z,lever_y,2,
trial,sphere_still,bias1_profiled_removal,all_saved,attitude_z,lever_z,2,
trial,sphere_still,bias1_profiled_removal,all_saved,attitude_z,position_x,2,
trial,sphere_still,bias1_profiled_removal,all_saved,attitude_z,position_y,2,
trial,sphere_still,bias1_profiled_removal,all_saved,attitude_z,position_z,2,
trial,sphere_still,bias1_profiled_removal,all_saved,attitude_z,time_offset,2,
trial,sphere_still,bias1_profiled_removal,all_saved,attitude_z,velocity_x,2,
trial,sphere_still,bias1_profiled_removal,all_saved,attitude_z,velocity_y,2,
trial,sphere_still,bias1_profiled_removal,all_saved,attitude_z,velocity_z,2,
trial,sphere_still,bias1_profiled_removal,all_saved,earth_removal,gravity_delta,2,
trial,sphere_still,bias1_profiled_removal,all_saved,earth_removal,gyro_bias_x,2,
trial,sphere_still,bias1_profiled_removal,all_saved,earth_removal,gyro_bias_y,2,
trial,sphere_still,bias1_profiled_removal,all_saved,earth_removal,gyro_bias_z,2,
trial,sphere_still,bias1_profiled_removal,all_saved,earth_removal,gyro_gain_x,2,
trial,sphere_still,bias1_profiled_removal,all_saved,earth_removal,gyro_gain_y,2,
trial,sphere_still,bias1_profiled_removal,all_saved,earth_removal,gyro_gain_z,2,
trial,sphere_still,bias1_profiled_removal,all_saved,earth_removal,lever_x,2,
trial,sphere_still,bias1_profiled_removal,all_saved,earth_removal,lever_y,2,
trial,sphere_still,bias1_profiled_removal,all_saved,earth_removal,lever_z,2,
trial,sphere_still,bias1_profiled_removal,all_saved,earth_removal,position_x,2,
trial,sphere_still,bias1_profiled_removal,all_saved,earth_removal,position_y,2,
trial,sphere_still,bias1_profiled_removal,all_saved,earth_removal,position_z,2,
trial,sphere_still,bias1_profiled_removal,all_saved,earth_removal,time_offset,2,
trial,sphere_still,bias1_profiled_removal,all_saved,earth_removal,velocity_x,2,
trial,sphere_still,bias1_profiled_removal,all_saved,earth_removal,velocity_y,2,
trial,sphere_still,bias1_profiled_removal,all_saved,earth_removal,velocity_z,2,
trial,sphere_still,bias1_profiled_removal,all_saved,gravity_delta,gyro_bias_x,2,
trial,sphere_still,bias1_profiled_removal,all_saved,gravity_delta,gyro_bias_y,2,
trial,sphere_still,bias1_profiled_removal,all_saved,gravity_delta,gyro_bias_z,2,
trial,sphere_still,bias1_profiled_removal,all_saved,gravity_delta,gyro_gain_x,2,
trial,sphere_still,bias1_profiled_removal,all_saved,gravity_delta,gyro_gain_y,2,
trial,sphere_still,bias1_profiled_removal,all_saved,gravity_delta,gyro_gain_z,2,
trial,sphere_still,bias1_profiled_removal,all_saved,gravity_delta,lever_x,2,
trial,sphere_still,bias1_profiled_removal,all_saved,gravity_delta,lever_y,2,
trial,sphere_still,bias1_profiled_removal,all_saved,gravity_delta,lever_z,2,
trial,sphere_still,bias1_profiled_removal,all_saved,gravity_delta,position_x,2,
trial,sphere_still,bias1_profiled_removal,all_saved,gravity_delta,position_y,2,
trial,sphere_still,bias1_profiled_removal,all_saved,gravity_delta,position_z,2,
trial,sphere_still,bias1_profiled_removal,all_saved,gravity_delta,time_offset,2,
trial,sphere_still,bias1_profiled_removal,all_saved,gravity_delta,velocity_x,2,
trial,sphere_still,bias1_profiled_removal,all_saved,gravity_delta,velocity_y,2,
trial,sphere_still,bias1_profiled_removal,all_saved,gravity_delta,velocity_z,2,
trial,sphere_still,bias1_profiled_removal,all_saved,gyro_bias_x,gyro_bias_y,2,
trial,sphere_still,bias1_profiled_removal,all_saved,gyro_bias_x,gyro_bias_z,2,
trial,sphere_still,bias1_profiled_removal,all_saved,gyro_bias_x,gyro_gain_x,2,
trial,sphere_still,bias1_profiled_removal,all_saved,gyro_bias_x,gyro_gain_y,2,
trial,sphere_still,bias1_profiled_removal,all_saved,gyro_bias_x,gyro_gain_z,2,
trial,sphere_still,bias1_profiled_removal,all_saved,gyro_bias_x,lever_x,2,
trial,sphere_still,bias1_profiled_removal,all_saved,gyro_bias_x,lever_y,2,
trial,sphere_still,bias1_profiled_removal,all_saved,gyro_bias_x,lever_z,2,
trial,sphere_still,bias1_profiled_removal,all_saved,gyro_bias_x,position_x,2,
trial,sphere_still,bias1_profiled_removal,all_saved,gyro_bias_x,position_y,2,
trial,sphere_still,bias1_profiled_removal,all_saved,gyro_bias_x,position_z,2,
trial,sphere_still,bias1_profiled_removal,all_saved,gyro_bias_x,time_offset,2,
trial,sphere_still,bias1_profiled_removal,all_saved,gyro_bias_x,velocity_x,2,
trial,sphere_still,bias1_profiled_removal,all_saved,gyro_bias_x,velocity_y,2,
trial,sphere_still,bias1_profiled_removal,all_saved,gyro_bias_x,velocity_z,2,
trial,sphere_still,bias1_profiled_removal,all_saved,gyro_bias_y,gyro_bias_z,2,
trial,sphere_still,bias1_profiled_removal,all_saved,gyro_bias_y,gyro_gain_x,2,
trial,sphere_still,bias1_profiled_removal,all_saved,gyro_bias_y,gyro_gain_y,2,
trial,sphere_still,bias1_profiled_removal,all_saved,gyro_bias_y,gyro_gain_z,2,
trial,sphere_still,bias1_profiled_removal,all_saved,gyro_bias_y,lever_x,2,
trial,sphere_still,bias1_profiled_removal,all_saved,gyro_bias_y,lever_y,2,
trial,sphere_still,bias1_profiled_removal,all_saved,gyro_bias_y,lever_z,2,
trial,sphere_still,bias1_profiled_removal,all_saved,gyro_bias_y,position_x,2,
trial,sphere_still,bias1_profiled_removal,all_saved,gyro_bias_y,position_y,2,
trial,sphere_still,bias1_profiled_removal,all_saved,gyro_bias_y,position_z,2,
trial,sphere_still,bias1_profiled_removal,all_saved,gyro_bias_y,time_offset,2,
trial,sphere_still,bias1_profiled_removal,all_saved,gyro_bias_y,velocity_x,2,
trial,sphere_still,bias1_profiled_removal,all_saved,gyro_bias_y,velocity_y,2,
trial,sphere_still,bias1_profiled_removal,all_saved,gyro_bias_y,velocity_z,2,
trial,sphere_still,bias1_profiled_removal,all_saved,gyro_bias_z,gyro_gain_x,2,
trial,sphere_still,bias1_profiled_removal,all_saved,gyro_bias_z,gyro_gain_y,2,
trial,sphere_still,bias1_profiled_removal,all_saved,gyro_bias_z,gyro_gain_z,2,
trial,sphere_still,bias1_profiled_removal,all_saved,gyro_bias_z,lever_x,2,
trial,sphere_still,bias1_profiled_removal,all_saved,gyro_bias_z,lever_y,2,
trial,sphere_still,bias1_profiled_removal,all_saved,gyro_bias_z,lever_z,2,
trial,sphere_still,bias1_profiled_removal,all_saved,gyro_bias_z,position_x,2,
trial,sphere_still,bias1_profiled_removal,all_saved,gyro_bias_z,position_y,2,
trial,sphere_still,bias1_profiled_removal,all_saved,gyro_bias_z,position_z,2,
trial,sphere_still,bias1_profiled_removal,all_saved,gyro_bias_z,time_offset,2,
trial,sphere_still,bias1_profiled_removal,all_saved,gyro_bias_z,velocity_x,2,
trial,sphere_still,bias1_profiled_removal,all_saved,gyro_bias_z,velocity_y,2,
trial,sphere_still,bias1_profiled_removal,all_saved,gyro_bias_z,velocity_z,2,
trial,sphere_still,bias1_profiled_removal,all_saved,gyro_gain_x,gyro_gain_y,2,
trial,sphere_still,bias1_profiled_removal,all_saved,gyro_gain_x,gyro_gain_z,2,
trial,sphere_still,bias1_profiled_removal,all_saved,gyro_gain_x,lever_x,2,
trial,sphere_still,bias1_profiled_removal,all_saved,gyro_gain_x,lever_y,2,
trial,sphere_still,bias1_profiled_removal,all_saved,gyro_gain_x,lever_z,2,
trial,sphere_still,bias1_profiled_removal,all_saved,gyro_gain_x,position_x,2,
trial,sphere_still,bias1_profiled_removal,all_saved,gyro_gain_x,position_y,2,
trial,sphere_still,bias1_profiled_removal,all_saved,gyro_gain_x,position_z,2,
trial,sphere_still,bias1_profiled_removal,all_saved,gyro_gain_x,time_offset,2,
trial,sphere_still,bias1_profiled_removal,all_saved,gyro_gain_x,velocity_x,2,
trial,sphere_still,bias1_profiled_removal,all_saved,gyro_gain_x,velocity_y,2,
trial,sphere_still,bias1_profiled_removal,all_saved,gyro_gain_x,velocity_z,2,
trial,sphere_still,bias1_profiled_removal,all_saved,gyro_gain_y,gyro_gain_z,2,
trial,sphere_still,bias1_profiled_removal,all_saved,gyro_gain_y,lever_x,2,
trial,sphere_still,bias1_profiled_removal,all_saved,gyro_gain_y,lever_y,2,
trial,sphere_still,bias1_profiled_removal,all_saved,gyro_gain_y,lever_z,2,
trial,sphere_still,bias1_profiled_removal,all_saved,gyro_gain_y,position_x,2,
trial,sphere_still,bias1_profiled_removal,all_saved,gyro_gain_y,position_y,2,
trial,sphere_still,bias1_profiled_removal,all_saved,gyro_gain_y,position_z,2,
trial,sphere_still,bias1_profiled_removal,all_saved,gyro_gain_y,time_offset,2,
trial,sphere_still,bias1_profiled_removal,all_saved,gyro_gain_y,velocity_x,2,
trial,sphere_still,bias1_profiled_removal,all_saved,gyro_gain_y,velocity_y,2,
trial,sphere_still,bias1_profiled_removal,all_saved,gyro_gain_y,velocity_z,2,
trial,sphere_still,bias1_profiled_removal,all_saved,gyro_gain_z,lever_x,2,
trial,sphere_still,bias1_profiled_removal,all_saved,gyro_gain_z,lever_y,2,
trial,sphere_still,bias1_profiled_removal,all_saved,gyro_gain_z,lever_z,2,
trial,sphere_still,bias1_profiled_removal,all_saved,gyro_gain_z,position_x,2,
trial,sphere_still,bias1_profiled_removal,all_saved,gyro_gain_z,position_y,2,
trial,sphere_still,bias1_profiled_removal,all_saved,gyro_gain_z,position_z,2,
trial,sphere_still,bias1_profiled_removal,all_saved,gyro_gain_z,time_offset,2,
trial,sphere_still,bias1_profiled_removal,all_saved,gyro_gain_z,velocity_x,2,
trial,sphere_still,bias1_profiled_removal,all_saved,gyro_gain_z,velocity_y,2,
trial,sphere_still,bias1_profiled_removal,all_saved,gyro_gain_z,velocity_z,2,
trial,sphere_still,bias1_profiled_removal,all_saved,lever_x,lever_y,2,
trial,sphere_still,bias1_profiled_removal,all_saved,lever_x,lever_z,2,
trial,sphere_still,bias1_profiled_removal,all_saved,lever_x,position_x,2,
trial,sphere_still,bias1_profiled_removal,all_saved,lever_x,position_y,2,
trial,sphere_still,bias1_profiled_removal,all_saved,lever_x,position_z,2,
trial,sphere_still,bias1_profiled_removal,all_saved,lever_x,time_offset,2,
trial,sphere_still,bias1_profiled_removal,all_saved,lever_x,velocity_x,2,
trial,sphere_still,bias1_profiled_removal,all_saved,lever_x,velocity_y,2,
trial,sphere_still,bias1_profiled_removal,all_saved,lever_x,velocity_z,2,
trial,sphere_still,bias1_profiled_removal,all_saved,lever_y,lever_z,2,
trial,sphere_still,bias1_profiled_removal,all_saved,lever_y,position_x,2,
trial,sphere_still,bias1_profiled_removal,all_saved,lever_y,position_y,2,
trial,sphere_still,bias1_profiled_removal,all_saved,lever_y,position_z,2,
trial,sphere_still,bias1_profiled_removal,all_saved,lever_y,time_offset,2,
trial,sphere_still,bias1_profiled_removal,all_saved,lever_y,velocity_x,2,
trial,sphere_still,bias1_profiled_removal,all_saved,lever_y,velocity_y,2,
trial,sphere_still,bias1_profiled_removal,all_saved,lever_y,velocity_z,2,
trial,sphere_still,bias1_profiled_removal,all_saved,lever_z,position_x,2,
trial,sphere_still,bias1_profiled_removal,all_saved,lever_z,position_y,2,
trial,sphere_still,bias1_profiled_removal,all_saved,lever_z,position_z,2,
trial,sphere_still,bias1_profiled_removal,all_saved,lever_z,time_offset,2,
trial,sphere_still,bias1_profiled_removal,all_saved,lever_z,velocity_x,2,
trial,sphere_still,bias1_profiled_removal,all_saved,lever_z,velocity_y,2,
trial,sphere_still,bias1_profiled_removal,all_saved,lever_z,velocity_z,2,
trial,sphere_still,bias1_profiled_removal,all_saved,position_x,position_y,2,
trial,sphere_still,bias1_profiled_removal,all_saved,position_x,position_z,2,
trial,sphere_still,bias1_profiled_removal,all_saved,position_x,time_offset,2,
trial,sphere_still,bias1_profiled_removal,all_saved,position_x,velocity_x,2,
trial,sphere_still,bias1_profiled_removal,all_saved,position_x,velocity_y,2,
trial,sphere_still,bias1_profiled_removal,all_saved,position_x,velocity_z,2,
trial,sphere_still,bias1_profiled_removal,all_saved,position_y,position_z,2,
trial,sphere_still,bias1_profiled_removal,all_saved,position_y,time_offset,2,
trial,sphere_still,bias1_profiled_removal,all_saved,position_y,velocity_x,2,
trial,sphere_still,bias1_profiled_removal,all_saved,position_y,velocity_y,2,
trial,sphere_still,bias1_profiled_removal,all_saved,position_y,velocity_z,2,
trial,sphere_still,bias1_profiled_removal,all_saved,position_z,time_offset,2,
trial,sphere_still,bias1_profiled_removal,all_saved,position_z,velocity_x,2,
trial,sphere_still,bias1_profiled_removal,all_saved,position_z,velocity_y,2,
trial,sphere_still,bias1_profiled_removal,all_saved,position_z,velocity_z,2,
trial,sphere_still,bias1_profiled_removal,all_saved,time_offset,velocity_x,2,
trial,sphere_still,bias1_profiled_removal,all_saved,time_offset,velocity_y,2,
trial,sphere_still,bias1_profiled_removal,all_saved,time_offset,velocity_z,2,
trial,sphere_still,bias1_profiled_removal,all_saved,velocity_x,velocity_y,2,
trial,sphere_still,bias1_profiled_removal,all_saved,velocity_x,velocity_z,2,
trial,sphere_still,bias1_profiled_removal,all_saved,velocity_y,velocity_z,2,
trial,sphere_still,bias1_profiled_removal,converged_only,accel_bias_x,accel_bias_y,1,
trial,sphere_still,bias1_profiled_removal,converged_only,accel_bias_x,accel_bias_z,1,
trial,sphere_still,bias1_profiled_removal,converged_only,accel_bias_x,accel_gain_x,1,
trial,sphere_still,bias1_profiled_removal,converged_only,accel_bias_x,accel_gain_y,1,
trial,sphere_still,bias1_profiled_removal,converged_only,accel_bias_x,accel_gain_z,1,
trial,sphere_still,bias1_profiled_removal,converged_only,accel_bias_x,attitude_x,1,
trial,sphere_still,bias1_profiled_removal,converged_only,accel_bias_x,attitude_y,1,
trial,sphere_still,bias1_profiled_removal,converged_only,accel_bias_x,attitude_z,1,
trial,sphere_still,bias1_profiled_removal,converged_only,accel_bias_x,earth_removal,1,
trial,sphere_still,bias1_profiled_removal,converged_only,accel_bias_x,gravity_delta,1,
trial,sphere_still,bias1_profiled_removal,converged_only,accel_bias_x,gyro_bias_x,1,
trial,sphere_still,bias1_profiled_removal,converged_only,accel_bias_x,gyro_bias_y,1,
trial,sphere_still,bias1_profiled_removal,converged_only,accel_bias_x,gyro_bias_z,1,
trial,sphere_still,bias1_profiled_removal,converged_only,accel_bias_x,gyro_gain_x,1,
trial,sphere_still,bias1_profiled_removal,converged_only,accel_bias_x,gyro_gain_y,1,
trial,sphere_still,bias1_profiled_removal,converged_only,accel_bias_x,gyro_gain_z,1,
trial,sphere_still,bias1_profiled_removal,converged_only,accel_bias_x,lever_x,1,
trial,sphere_still,bias1_profiled_removal,converged_only,accel_bias_x,lever_y,1,
trial,sphere_still,bias1_profiled_removal,converged_only,accel_bias_x,lever_z,1,
trial,sphere_still,bias1_profiled_removal,converged_only,accel_bias_x,position_x,1,
trial,sphere_still,bias1_profiled_removal,converged_only,accel_bias_x,position_y,1,
trial,sphere_still,bias1_profiled_removal,converged_only,accel_bias_x,position_z,1,
trial,sphere_still,bias1_profiled_removal,converged_only,accel_bias_x,time_offset,1,
trial,sphere_still,bias1_profiled_removal,converged_only,accel_bias_x,velocity_x,1,
trial,sphere_still,bias1_profiled_removal,converged_only,accel_bias_x,velocity_y,1,
trial,sphere_still,bias1_profiled_removal,converged_only,accel_bias_x,velocity_z,1,
trial,sphere_still,bias1_profiled_removal,converged_only,accel_bias_y,accel_bias_z,1,
trial,sphere_still,bias1_profiled_removal,converged_only,accel_bias_y,accel_gain_x,1,
trial,sphere_still,bias1_profiled_removal,converged_only,accel_bias_y,accel_gain_y,1,
trial,sphere_still,bias1_profiled_removal,converged_only,accel_bias_y,accel_gain_z,1,
trial,sphere_still,bias1_profiled_removal,converged_only,accel_bias_y,attitude_x,1,
trial,sphere_still,bias1_profiled_removal,converged_only,accel_bias_y,attitude_y,1,
trial,sphere_still,bias1_profiled_removal,converged_only,accel_bias_y,attitude_z,1,
trial,sphere_still,bias1_profiled_removal,converged_only,accel_bias_y,earth_removal,1,
trial,sphere_still,bias1_profiled_removal,converged_only,accel_bias_y,gravity_delta,1,
trial,sphere_still,bias1_profiled_removal,converged_only,accel_bias_y,gyro_bias_x,1,
trial,sphere_still,bias1_profiled_removal,converged_only,accel_bias_y,gyro_bias_y,1,
trial,sphere_still,bias1_profiled_removal,converged_only,accel_bias_y,gyro_bias_z,1,
trial,sphere_still,bias1_profiled_removal,converged_only,accel_bias_y,gyro_gain_x,1,
trial,sphere_still,bias1_profiled_removal,converged_only,accel_bias_y,gyro_gain_y,1,
trial,sphere_still,bias1_profiled_removal,converged_only,accel_bias_y,gyro_gain_z,1,
trial,sphere_still,bias1_profiled_removal,converged_only,accel_bias_y,lever_x,1,
trial,sphere_still,bias1_profiled_removal,converged_only,accel_bias_y,lever_y,1,
trial,sphere_still,bias1_profiled_removal,converged_only,accel_bias_y,lever_z,1,
trial,sphere_still,bias1_profiled_removal,converged_only,accel_bias_y,position_x,1,
trial,sphere_still,bias1_profiled_removal,converged_only,accel_bias_y,position_y,1,
trial,sphere_still,bias1_profiled_removal,converged_only,accel_bias_y,position_z,1,
trial,sphere_still,bias1_profiled_removal,converged_only,accel_bias_y,time_offset,1,
trial,sphere_still,bias1_profiled_removal,converged_only,accel_bias_y,velocity_x,1,
trial,sphere_still,bias1_profiled_removal,converged_only,accel_bias_y,velocity_y,1,
trial,sphere_still,bias1_profiled_removal,converged_only,accel_bias_y,velocity_z,1,
trial,sphere_still,bias1_profiled_removal,converged_only,accel_bias_z,accel_gain_x,1,
trial,sphere_still,bias1_profiled_removal,converged_only,accel_bias_z,accel_gain_y,1,
trial,sphere_still,bias1_profiled_removal,converged_only,accel_bias_z,accel_gain_z,1,
trial,sphere_still,bias1_profiled_removal,converged_only,accel_bias_z,attitude_x,1,
trial,sphere_still,bias1_profiled_removal,converged_only,accel_bias_z,attitude_y,1,
trial,sphere_still,bias1_profiled_removal,converged_only,accel_bias_z,attitude_z,1,
trial,sphere_still,bias1_profiled_removal,converged_only,accel_bias_z,earth_removal,1,
trial,sphere_still,bias1_profiled_removal,converged_only,accel_bias_z,gravity_delta,1,
trial,sphere_still,bias1_profiled_removal,converged_only,accel_bias_z,gyro_bias_x,1,
trial,sphere_still,bias1_profiled_removal,converged_only,accel_bias_z,gyro_bias_y,1,
trial,sphere_still,bias1_profiled_removal,converged_only,accel_bias_z,gyro_bias_z,1,
trial,sphere_still,bias1_profiled_removal,converged_only,accel_bias_z,gyro_gain_x,1,
trial,sphere_still,bias1_profiled_removal,converged_only,accel_bias_z,gyro_gain_y,1,
trial,sphere_still,bias1_profiled_removal,converged_only,accel_bias_z,gyro_gain_z,1,
trial,sphere_still,bias1_profiled_removal,converged_only,accel_bias_z,lever_x,1,
trial,sphere_still,bias1_profiled_removal,converged_only,accel_bias_z,lever_y,1,
trial,sphere_still,bias1_profiled_removal,converged_only,accel_bias_z,lever_z,1,
trial,sphere_still,bias1_profiled_removal,converged_only,accel_bias_z,position_x,1,
trial,sphere_still,bias1_profiled_removal,converged_only,accel_bias_z,position_y,1,
trial,sphere_still,bias1_profiled_removal,converged_only,accel_bias_z,position_z,1,
trial,sphere_still,bias1_profiled_removal,converged_only,accel_bias_z,time_offset,1,
trial,sphere_still,bias1_profiled_removal,converged_only,accel_bias_z,velocity_x,1,
trial,sphere_still,bias1_profiled_removal,converged_only,accel_bias_z,velocity_y,1,
trial,sphere_still,bias1_profiled_removal,converged_only,accel_bias_z,velocity_z,1,
trial,sphere_still,bias1_profiled_removal,converged_only,accel_gain_x,accel_gain_y,1,
trial,sphere_still,bias1_profiled_removal,converged_only,accel_gain_x,accel_gain_z,1,
trial,sphere_still,bias1_profiled_removal,converged_only,accel_gain_x,attitude_x,1,
trial,sphere_still,bias1_profiled_removal,converged_only,accel_gain_x,attitude_y,1,
trial,sphere_still,bias1_profiled_removal,converged_only,accel_gain_x,attitude_z,1,
trial,sphere_still,bias1_profiled_removal,converged_only,accel_gain_x,earth_removal,1,
trial,sphere_still,bias1_profiled_removal,converged_only,accel_gain_x,gravity_delta,1,
trial,sphere_still,bias1_profiled_removal,converged_only,accel_gain_x,gyro_bias_x,1,
trial,sphere_still,bias1_profiled_removal,converged_only,accel_gain_x,gyro_bias_y,1,
trial,sphere_still,bias1_profiled_removal,converged_only,accel_gain_x,gyro_bias_z,1,
trial,sphere_still,bias1_profiled_removal,converged_only,accel_gain_x,gyro_gain_x,1,
trial,sphere_still,bias1_profiled_removal,converged_only,accel_gain_x,gyro_gain_y,1,
trial,sphere_still,bias1_profiled_removal,converged_only,accel_gain_x,gyro_gain_z,1,
trial,sphere_still,bias1_profiled_removal,converged_only,accel_gain_x,lever_x,1,
trial,sphere_still,bias1_profiled_removal,converged_only,accel_gain_x,lever_y,1,
trial,sphere_still,bias1_profiled_removal,converged_only,accel_gain_x,lever_z,1,
trial,sphere_still,bias1_profiled_removal,converged_only,accel_gain_x,position_x,1,
trial,sphere_still,bias1_profiled_removal,converged_only,accel_gain_x,position_y,1,
trial,sphere_still,bias1_profiled_removal,converged_only,accel_gain_x,position_z,1,
trial,sphere_still,bias1_profiled_removal,converged_only,accel_gain_x,time_offset,1,
trial,sphere_still,bias1_profiled_removal,converged_only,accel_gain_x,velocity_x,1,
trial,sphere_still,bias1_profiled_removal,converged_only,accel_gain_x,velocity_y,1,
trial,sphere_still,bias1_profiled_removal,converged_only,accel_gain_x,velocity_z,1,
trial,sphere_still,bias1_profiled_removal,converged_only,accel_gain_y,accel_gain_z,1,
trial,sphere_still,bias1_profiled_removal,converged_only,accel_gain_y,attitude_x,1,
trial,sphere_still,bias1_profiled_removal,converged_only,accel_gain_y,attitude_y,1,
trial,sphere_still,bias1_profiled_removal,converged_only,accel_gain_y,attitude_z,1,
trial,sphere_still,bias1_profiled_removal,converged_only,accel_gain_y,earth_removal,1,
trial,sphere_still,bias1_profiled_removal,converged_only,accel_gain_y,gravity_delta,1,
trial,sphere_still,bias1_profiled_removal,converged_only,accel_gain_y,gyro_bias_x,1,
trial,sphere_still,bias1_profiled_removal,converged_only,accel_gain_y,gyro_bias_y,1,
trial,sphere_still,bias1_profiled_removal,converged_only,accel_gain_y,gyro_bias_z,1,
trial,sphere_still,bias1_profiled_removal,converged_only,accel_gain_y,gyro_gain_x,1,
trial,sphere_still,bias1_profiled_removal,converged_only,accel_gain_y,gyro_gain_y,1,
trial,sphere_still,bias1_profiled_removal,converged_only,accel_gain_y,gyro_gain_z,1,
trial,sphere_still,bias1_profiled_removal,converged_only,accel_gain_y,lever_x,1,
trial,sphere_still,bias1_profiled_removal,converged_only,accel_gain_y,lever_y,1,
trial,sphere_still,bias1_profiled_removal,converged_only,accel_gain_y,lever_z,1,
trial,sphere_still,bias1_profiled_removal,converged_only,accel_gain_y,position_x,1,
trial,sphere_still,bias1_profiled_removal,converged_only,accel_gain_y,position_y,1,
trial,sphere_still,bias1_profiled_removal,converged_only,accel_gain_y,position_z,1,
trial,sphere_still,bias1_profiled_removal,converged_only,accel_gain_y,time_offset,1,
trial,sphere_still,bias1_profiled_removal,converged_only,accel_gain_y,velocity_x,1,
trial,sphere_still,bias1_profiled_removal,converged_only,accel_gain_y,velocity_y,1,
trial,sphere_still,bias1_profiled_removal,converged_only,accel_gain_y,velocity_z,1,
trial,sphere_still,bias1_profiled_removal,converged_only,accel_gain_z,attitude_x,1,
trial,sphere_still,bias1_profiled_removal,converged_only,accel_gain_z,attitude_y,1,
trial,sphere_still,bias1_profiled_removal,converged_only,accel_gain_z,attitude_z,1,
trial,sphere_still,bias1_profiled_removal,converged_only,accel_gain_z,earth_removal,1,
trial,sphere_still,bias1_profiled_removal,converged_only,accel_gain_z,gravity_delta,1,
trial,sphere_still,bias1_profiled_removal,converged_only,accel_gain_z,gyro_bias_x,1,
trial,sphere_still,bias1_profiled_removal,converged_only,accel_gain_z,gyro_bias_y,1,
trial,sphere_still,bias1_profiled_removal,converged_only,accel_gain_z,gyro_bias_z,1,
trial,sphere_still,bias1_profiled_removal,converged_only,accel_gain_z,gyro_gain_x,1,
trial,sphere_still,bias1_profiled_removal,converged_only,accel_gain_z,gyro_gain_y,1,
trial,sphere_still,bias1_profiled_removal,converged_only,accel_gain_z,gyro_gain_z,1,
trial,sphere_still,bias1_profiled_removal,converged_only,accel_gain_z,lever_x,1,
trial,sphere_still,bias1_profiled_removal,converged_only,accel_gain_z,lever_y,1,
trial,sphere_still,bias1_profiled_removal,converged_only,accel_gain_z,lever_z,1,
trial,sphere_still,bias1_profiled_removal,converged_only,accel_gain_z,position_x,1,
trial,sphere_still,bias1_profiled_removal,converged_only,accel_gain_z,position_y,1,
trial,sphere_still,bias1_profiled_removal,converged_only,accel_gain_z,position_z,1,
trial,sphere_still,bias1_profiled_removal,converged_only,accel_gain_z,time_offset,1,
trial,sphere_still,bias1_profiled_removal,converged_only,accel_gain_z,velocity_x,1,
trial,sphere_still,bias1_profiled_removal,converged_only,accel_gain_z,velocity_y,1,
trial,sphere_still,bias1_profiled_removal,converged_only,accel_gain_z,velocity_z,1,
trial,sphere_still,bias1_profiled_removal,converged_only,attitude_x,attitude_y,1,
trial,sphere_still,bias1_profiled_removal,converged_only,attitude_x,attitude_z,1,
trial,sphere_still,bias1_profiled_removal,converged_only,attitude_x,earth_removal,1,
trial,sphere_still,bias1_profiled_removal,converged_only,attitude_x,gravity_delta,1,
trial,sphere_still,bias1_profiled_removal,converged_only,attitude_x,gyro_bias_x,1,
trial,sphere_still,bias1_profiled_removal,converged_only,attitude_x,gyro_bias_y,1,
trial,sphere_still,bias1_profiled_removal,converged_only,attitude_x,gyro_bias_z,1,
trial,sphere_still,bias1_profiled_removal,converged_only,attitude_x,gyro_gain_x,1,
trial,sphere_still,bias1_profiled_removal,converged_only,attitude_x,gyro_gain_y,1,
trial,sphere_still,bias1_profiled_removal,converged_only,attitude_x,gyro_gain_z,1,
trial,sphere_still,bias1_profiled_removal,converged_only,attitude_x,lever_x,1,
trial,sphere_still,bias1_profiled_removal,converged_only,attitude_x,lever_y,1,
trial,sphere_still,bias1_profiled_removal,converged_only,attitude_x,lever_z,1,
trial,sphere_still,bias1_profiled_removal,converged_only,attitude_x,position_x,1,
trial,sphere_still,bias1_profiled_removal,converged_only,attitude_x,position_y,1,
trial,sphere_still,bias1_profiled_removal,converged_only,attitude_x,position_z,1,
trial,sphere_still,bias1_profiled_removal,converged_only,attitude_x,time_offset,1,
trial,sphere_still,bias1_profiled_removal,converged_only,attitude_x,velocity_x,1,
trial,sphere_still,bias1_profiled_removal,converged_only,attitude_x,velocity_y,1,
trial,sphere_still,bias1_profiled_removal,converged_only,attitude_x,velocity_z,1,
trial,sphere_still,bias1_profiled_removal,converged_only,attitude_y,attitude_z,1,
trial,sphere_still,bias1_profiled_removal,converged_only,attitude_y,earth_removal,1,
trial,sphere_still,bias1_profiled_removal,converged_only,attitude_y,gravity_delta,1,
trial,sphere_still,bias1_profiled_removal,converged_only,attitude_y,gyro_bias_x,1,
trial,sphere_still,bias1_profiled_removal,converged_only,attitude_y,gyro_bias_y,1,
trial,sphere_still,bias1_profiled_removal,converged_only,attitude_y,gyro_bias_z,1,
trial,sphere_still,bias1_profiled_removal,converged_only,attitude_y,gyro_gain_x,1,
trial,sphere_still,bias1_profiled_removal,converged_only,attitude_y,gyro_gain_y,1,
trial,sphere_still,bias1_profiled_removal,converged_only,attitude_y,gyro_gain_z,1,
trial,sphere_still,bias1_profiled_removal,converged_only,attitude_y,lever_x,1,
trial,sphere_still,bias1_profiled_removal,converged_only,attitude_y,lever_y,1,
trial,sphere_still,bias1_profiled_removal,converged_only,attitude_y,lever_z,1,
trial,sphere_still,bias1_profiled_removal,converged_only,attitude_y,position_x,1,
trial,sphere_still,bias1_profiled_removal,converged_only,attitude_y,position_y,1,
trial,sphere_still,bias1_profiled_removal,converged_only,attitude_y,position_z,1,
trial,sphere_still,bias1_profiled_removal,converged_only,attitude_y,time_offset,1,
trial,sphere_still,bias1_profiled_removal,converged_only,attitude_y,velocity_x,1,
trial,sphere_still,bias1_profiled_removal,converged_only,attitude_y,velocity_y,1,
trial,sphere_still,bias1_profiled_removal,converged_only,attitude_y,velocity_z,1,
trial,sphere_still,bias1_profiled_removal,converged_only,attitude_z,earth_removal,1,
trial,sphere_still,bias1_profiled_removal,converged_only,attitude_z,gravity_delta,1,
trial,sphere_still,bias1_profiled_removal,converged_only,attitude_z,gyro_bias_x,1,
trial,sphere_still,bias1_profiled_removal,converged_only,attitude_z,gyro_bias_y,1,
trial,sphere_still,bias1_profiled_removal,converged_only,attitude_z,gyro_bias_z,1,
trial,sphere_still,bias1_profiled_removal,converged_only,attitude_z,gyro_gain_x,1,
trial,sphere_still,bias1_profiled_removal,converged_only,attitude_z,gyro_gain_y,1,
trial,sphere_still,bias1_profiled_removal,converged_only,attitude_z,gyro_gain_z,1,
trial,sphere_still,bias1_profiled_removal,converged_only,attitude_z,lever_x,1,
trial,sphere_still,bias1_profiled_removal,converged_only,attitude_z,lever_y,1,
trial,sphere_still,bias1_profiled_removal,converged_only,attitude_z,lever_z,1,
trial,sphere_still,bias1_profiled_removal,converged_only,attitude_z,position_x,1,
trial,sphere_still,bias1_profiled_removal,converged_only,attitude_z,position_y,1,
trial,sphere_still,bias1_profiled_removal,converged_only,attitude_z,position_z,1,
trial,sphere_still,bias1_profiled_removal,converged_only,attitude_z,time_offset,1,
trial,sphere_still,bias1_profiled_removal,converged_only,attitude_z,velocity_x,1,
trial,sphere_still,bias1_profiled_removal,converged_only,attitude_z,velocity_y,1,
trial,sphere_still,bias1_profiled_removal,converged_only,attitude_z,velocity_z,1,
trial,sphere_still,bias1_profiled_removal,converged_only,earth_removal,gravity_delta,1,
trial,sphere_still,bias1_profiled_removal,converged_only,earth_removal,gyro_bias_x,1,
trial,sphere_still,bias1_profiled_removal,converged_only,earth_removal,gyro_bias_y,1,
trial,sphere_still,bias1_profiled_removal,converged_only,earth_removal,gyro_bias_z,1,
trial,sphere_still,bias1_profiled_removal,converged_only,earth_removal,gyro_gain_x,1,
trial,sphere_still,bias1_profiled_removal,converged_only,earth_removal,gyro_gain_y,1,
trial,sphere_still,bias1_profiled_removal,converged_only,earth_removal,gyro_gain_z,1,
trial,sphere_still,bias1_profiled_removal,converged_only,earth_removal,lever_x,1,
trial,sphere_still,bias1_profiled_removal,converged_only,earth_removal,lever_y,1,
trial,sphere_still,bias1_profiled_removal,converged_only,earth_removal,lever_z,1,
trial,sphere_still,bias1_profiled_removal,converged_only,earth_removal,position_x,1,
trial,sphere_still,bias1_profiled_removal,converged_only,earth_removal,position_y,1,
trial,sphere_still,bias1_profiled_removal,converged_only,earth_removal,position_z,1,
trial,sphere_still,bias1_profiled_removal,converged_only,earth_removal,time_offset,1,
trial,sphere_still,bias1_profiled_removal,converged_only,earth_removal,velocity_x,1,
trial,sphere_still,bias1_profiled_removal,converged_only,earth_removal,velocity_y,1,
trial,sphere_still,bias1_profiled_removal,converged_only,earth_removal,velocity_z,1,
trial,sphere_still,bias1_profiled_removal,converged_only,gravity_delta,gyro_bias_x,1,
trial,sphere_still,bias1_profiled_removal,converged_only,gravity_delta,gyro_bias_y,1,
trial,sphere_still,bias1_profiled_removal,converged_only,gravity_delta,gyro_bias_z,1,
trial,sphere_still,bias1_profiled_removal,converged_only,gravity_delta,gyro_gain_x,1,
trial,sphere_still,bias1_profiled_removal,converged_only,gravity_delta,gyro_gain_y,1,
trial,sphere_still,bias1_profiled_removal,converged_only,gravity_delta,gyro_gain_z,1,
trial,sphere_still,bias1_profiled_removal,converged_only,gravity_delta,lever_x,1,
trial,sphere_still,bias1_profiled_removal,converged_only,gravity_delta,lever_y,1,
trial,sphere_still,bias1_profiled_removal,converged_only,gravity_delta,lever_z,1,
trial,sphere_still,bias1_profiled_removal,converged_only,gravity_delta,position_x,1,
trial,sphere_still,bias1_profiled_removal,converged_only,gravity_delta,position_y,1,
trial,sphere_still,bias1_profiled_removal,converged_only,gravity_delta,position_z,1,
trial,sphere_still,bias1_profiled_removal,converged_only,gravity_delta,time_offset,1,
trial,sphere_still,bias1_profiled_removal,converged_only,gravity_delta,velocity_x,1,
trial,sphere_still,bias1_profiled_removal,converged_only,gravity_delta,velocity_y,1,
trial,sphere_still,bias1_profiled_removal,converged_only,gravity_delta,velocity_z,1,
trial,sphere_still,bias1_profiled_removal,converged_only,gyro_bias_x,gyro_bias_y,1,
trial,sphere_still,bias1_profiled_removal,converged_only,gyro_bias_x,gyro_bias_z,1,
trial,sphere_still,bias1_profiled_removal,converged_only,gyro_bias_x,gyro_gain_x,1,
trial,sphere_still,bias1_profiled_removal,converged_only,gyro_bias_x,gyro_gain_y,1,
trial,sphere_still,bias1_profiled_removal,converged_only,gyro_bias_x,gyro_gain_z,1,
trial,sphere_still,bias1_profiled_removal,converged_only,gyro_bias_x,lever_x,1,
trial,sphere_still,bias1_profiled_removal,converged_only,gyro_bias_x,lever_y,1,
trial,sphere_still,bias1_profiled_removal,converged_only,gyro_bias_x,lever_z,1,
trial,sphere_still,bias1_profiled_removal,converged_only,gyro_bias_x,position_x,1,
trial,sphere_still,bias1_profiled_removal,converged_only,gyro_bias_x,position_y,1,
trial,sphere_still,bias1_profiled_removal,converged_only,gyro_bias_x,position_z,1,
trial,sphere_still,bias1_profiled_removal,converged_only,gyro_bias_x,time_offset,1,
trial,sphere_still,bias1_profiled_removal,converged_only,gyro_bias_x,velocity_x,1,
trial,sphere_still,bias1_profiled_removal,converged_only,gyro_bias_x,velocity_y,1,
trial,sphere_still,bias1_profiled_removal,converged_only,gyro_bias_x,velocity_z,1,
trial,sphere_still,bias1_profiled_removal,converged_only,gyro_bias_y,gyro_bias_z,1,
trial,sphere_still,bias1_profiled_removal,converged_only,gyro_bias_y,gyro_gain_x,1,
trial,sphere_still,bias1_profiled_removal,converged_only,gyro_bias_y,gyro_gain_y,1,
trial,sphere_still,bias1_profiled_removal,converged_only,gyro_bias_y,gyro_gain_z,1,
trial,sphere_still,bias1_profiled_removal,converged_only,gyro_bias_y,lever_x,1,
trial,sphere_still,bias1_profiled_removal,converged_only,gyro_bias_y,lever_y,1,
trial,sphere_still,bias1_profiled_removal,converged_only,gyro_bias_y,lever_z,1,
trial,sphere_still,bias1_profiled_removal,converged_only,gyro_bias_y,position_x,1,
trial,sphere_still,bias1_profiled_removal,converged_only,gyro_bias_y,position_y,1,
trial,sphere_still,bias1_profiled_removal,converged_only,gyro_bias_y,position_z,1,
trial,sphere_still,bias1_profiled_removal,converged_only,gyro_bias_y,time_offset,1,
trial,sphere_still,bias1_profiled_removal,converged_only,gyro_bias_y,velocity_x,1,
trial,sphere_still,bias1_profiled_removal,converged_only,gyro_bias_y,velocity_y,1,
trial,sphere_still,bias1_profiled_removal,converged_only,gyro_bias_y,velocity_z,1,
trial,sphere_still,bias1_profiled_removal,converged_only,gyro_bias_z,gyro_gain_x,1,
trial,sphere_still,bias1_profiled_removal,converged_only,gyro_bias_z,gyro_gain_y,1,
trial,sphere_still,bias1_profiled_removal,converged_only,gyro_bias_z,gyro_gain_z,1,
trial,sphere_still,bias1_profiled_removal,converged_only,gyro_bias_z,lever_x,1,
trial,sphere_still,bias1_profiled_removal,converged_only,gyro_bias_z,lever_y,1,
trial,sphere_still,bias1_profiled_removal,converged_only,gyro_bias_z,lever_z,1,
trial,sphere_still,bias1_profiled_removal,converged_only,gyro_bias_z,position_x,1,
trial,sphere_still,bias1_profiled_removal,converged_only,gyro_bias_z,position_y,1,
trial,sphere_still,bias1_profiled_removal,converged_only,gyro_bias_z,position_z,1,
trial,sphere_still,bias1_profiled_removal,converged_only,gyro_bias_z,time_offset,1,
trial,sphere_still,bias1_profiled_removal,converged_only,gyro_bias_z,velocity_x,1,
trial,sphere_still,bias1_profiled_removal,converged_only,gyro_bias_z,velocity_y,1,
trial,sphere_still,bias1_profiled_removal,converged_only,gyro_bias_z,velocity_z,1,
trial,sphere_still,bias1_profiled_removal,converged_only,gyro_gain_x,gyro_gain_y,1,
trial,sphere_still,bias1_profiled_removal,converged_only,gyro_gain_x,gyro_gain_z,1,
trial,sphere_still,bias1_profiled_removal,converged_only,gyro_gain_x,lever_x,1,
trial,sphere_still,bias1_profiled_removal,converged_only,gyro_gain_x,lever_y,1,
trial,sphere_still,bias1_profiled_removal,converged_only,gyro_gain_x,lever_z,1,
trial,sphere_still,bias1_profiled_removal,converged_only,gyro_gain_x,position_x,1,
trial,sphere_still,bias1_profiled_removal,converged_only,gyro_gain_x,position_y,1,
trial,sphere_still,bias1_profiled_removal,converged_only,gyro_gain_x,position_z,1,
trial,sphere_still,bias1_profiled_removal,converged_only,gyro_gain_x,time_offset,1,
trial,sphere_still,bias1_profiled_removal,converged_only,gyro_gain_x,velocity_x,1,
trial,sphere_still,bias1_profiled_removal,converged_only,gyro_gain_x,velocity_y,1,
trial,sphere_still,bias1_profiled_removal,converged_only,gyro_gain_x,velocity_z,1,
trial,sphere_still,bias1_profiled_removal,converged_only,gyro_gain_y,gyro_gain_z,1,
trial,sphere_still,bias1_profiled_removal,converged_only,gyro_gain_y,lever_x,1,
trial,sphere_still,bias1_profiled_removal,converged_only,gyro_gain_y,lever_y,1,
trial,sphere_still,bias1_profiled_removal,converged_only,gyro_gain_y,lever_z,1,
trial,sphere_still,bias1_profiled_removal,converged_only,gyro_gain_y,position_x,1,
trial,sphere_still,bias1_profiled_removal,converged_only,gyro_gain_y,position_y,1,
trial,sphere_still,bias1_profiled_removal,converged_only,gyro_gain_y,position_z,1,
trial,sphere_still,bias1_profiled_removal,converged_only,gyro_gain_y,time_offset,1,
trial,sphere_still,bias1_profiled_removal,converged_only,gyro_gain_y,velocity_x,1,
trial,sphere_still,bias1_profiled_removal,converged_only,gyro_gain_y,velocity_y,1,
trial,sphere_still,bias1_profiled_removal,converged_only,gyro_gain_y,velocity_z,1,
trial,sphere_still,bias1_profiled_removal,converged_only,gyro_gain_z,lever_x,1,
trial,sphere_still,bias1_profiled_removal,converged_only,gyro_gain_z,lever_y,1,
trial,sphere_still,bias1_profiled_removal,converged_only,gyro_gain_z,lever_z,1,
trial,sphere_still,bias1_profiled_removal,converged_only,gyro_gain_z,position_x,1,
trial,sphere_still,bias1_profiled_removal,converged_only,gyro_gain_z,position_y,1,
trial,sphere_still,bias1_profiled_removal,converged_only,gyro_gain_z,position_z,1,
trial,sphere_still,bias1_profiled_removal,converged_only,gyro_gain_z,time_offset,1,
trial,sphere_still,bias1_profiled_removal,converged_only,gyro_gain_z,velocity_x,1,
trial,sphere_still,bias1_profiled_removal,converged_only,gyro_gain_z,velocity_y,1,
trial,sphere_still,bias1_profiled_removal,converged_only,gyro_gain_z,velocity_z,1,
trial,sphere_still,bias1_profiled_removal,converged_only,lever_x,lever_y,1,
trial,sphere_still,bias1_profiled_removal,converged_only,lever_x,lever_z,1,
trial,sphere_still,bias1_profiled_removal,converged_only,lever_x,position_x,1,
trial,sphere_still,bias1_profiled_removal,converged_only,lever_x,position_y,1,
trial,sphere_still,bias1_profiled_removal,converged_only,lever_x,position_z,1,
trial,sphere_still,bias1_profiled_removal,converged_only,lever_x,time_offset,1,
trial,sphere_still,bias1_profiled_removal,converged_only,lever_x,velocity_x,1,
trial,sphere_still,bias1_profiled_removal,converged_only,lever_x,velocity_y,1,
trial,sphere_still,bias1_profiled_removal,converged_only,lever_x,velocity_z,1,
trial,sphere_still,bias1_profiled_removal,converged_only,lever_y,lever_z,1,
trial,sphere_still,bias1_profiled_removal,converged_only,lever_y,position_x,1,
trial,sphere_still,bias1_profiled_removal,converged_only,lever_y,position_y,1,
trial,sphere_still,bias1_profiled_removal,converged_only,lever_y,position_z,1,
trial,sphere_still,bias1_profiled_removal,converged_only,lever_y,time_offset,1,
trial,sphere_still,bias1_profiled_removal,converged_only,lever_y,velocity_x,1,
trial,sphere_still,bias1_profiled_removal,converged_only,lever_y,velocity_y,1,
trial,sphere_still,bias1_profiled_removal,converged_only,lever_y,velocity_z,1,
trial,sphere_still,bias1_profiled_removal,converged_only,lever_z,position_x,1,
trial,sphere_still,bias1_profiled_removal,converged_only,lever_z,position_y,1,
trial,sphere_still,bias1_profiled_removal,converged_only,lever_z,position_z,1,
trial,sphere_still,bias1_profiled_removal,converged_only,lever_z,time_offset,1,
trial,sphere_still,bias1_profiled_removal,converged_only,lever_z,velocity_x,1,
trial,sphere_still,bias1_profiled_removal,converged_only,lever_z,velocity_y,1,
trial,sphere_still,bias1_profiled_removal,converged_only,lever_z,velocity_z,1,
trial,sphere_still,bias1_profiled_removal,converged_only,position_x,position_y,1,
trial,sphere_still,bias1_profiled_removal,converged_only,position_x,position_z,1,
trial,sphere_still,bias1_profiled_removal,converged_only,position_x,time_offset,1,
trial,sphere_still,bias1_profiled_removal,converged_only,position_x,velocity_x,1,
trial,sphere_still,bias1_profiled_removal,converged_only,position_x,velocity_y,1,
trial,sphere_still,bias1_profiled_removal,converged_only,position_x,velocity_z,1,
trial,sphere_still,bias1_profiled_removal,converged_only,position_y,position_z,1,
trial,sphere_still,bias1_profiled_removal,converged_only,position_y,time_offset,1,
trial,sphere_still,bias1_profiled_removal,converged_only,position_y,velocity_x,1,
trial,sphere_still,bias1_profiled_removal,converged_only,position_y,velocity_y,1,
trial,sphere_still,bias1_profiled_removal,converged_only,position_y,velocity_z,1,
trial,sphere_still,bias1_profiled_removal,converged_only,position_z,time_offset,1,
trial,sphere_still,bias1_profiled_removal,converged_only,position_z,velocity_x,1,
trial,sphere_still,bias1_profiled_removal,converged_only,position_z,velocity_y,1,
trial,sphere_still,bias1_profiled_removal,converged_only,position_z,velocity_z,1,
trial,sphere_still,bias1_profiled_removal,converged_only,time_offset,velocity_x,1,
trial,sphere_still,bias1_profiled_removal,converged_only,time_offset,velocity_y,1,
trial,sphere_still,bias1_profiled_removal,converged_only,time_offset,velocity_z,1,
trial,sphere_still,bias1_profiled_removal,converged_only,velocity_x,velocity_y,1,
trial,sphere_still,bias1_profiled_removal,converged_only,velocity_x,velocity_z,1,
trial,sphere_still,bias1_profiled_removal,converged_only,velocity_y,velocity_z,1,
trial,sphere_still,bias1_unsubtracted,all_saved,accel_bias_x,accel_bias_y,2,
trial,sphere_still,bias1_unsubtracted,all_saved,accel_bias_x,accel_bias_z,2,
trial,sphere_still,bias1_unsubtracted,all_saved,accel_bias_x,accel_gain_x,2,
trial,sphere_still,bias1_unsubtracted,all_saved,accel_bias_x,accel_gain_y,2,
trial,sphere_still,bias1_unsubtracted,all_saved,accel_bias_x,accel_gain_z,2,
trial,sphere_still,bias1_unsubtracted,all_saved,accel_bias_x,attitude_x,2,
trial,sphere_still,bias1_unsubtracted,all_saved,accel_bias_x,attitude_y,2,
trial,sphere_still,bias1_unsubtracted,all_saved,accel_bias_x,attitude_z,2,
trial,sphere_still,bias1_unsubtracted,all_saved,accel_bias_x,gravity_delta,2,
trial,sphere_still,bias1_unsubtracted,all_saved,accel_bias_x,gyro_bias_x,2,
trial,sphere_still,bias1_unsubtracted,all_saved,accel_bias_x,gyro_bias_y,2,
trial,sphere_still,bias1_unsubtracted,all_saved,accel_bias_x,gyro_bias_z,2,
trial,sphere_still,bias1_unsubtracted,all_saved,accel_bias_x,gyro_gain_x,2,
trial,sphere_still,bias1_unsubtracted,all_saved,accel_bias_x,gyro_gain_y,2,
trial,sphere_still,bias1_unsubtracted,all_saved,accel_bias_x,gyro_gain_z,2,
trial,sphere_still,bias1_unsubtracted,all_saved,accel_bias_x,lever_x,2,
trial,sphere_still,bias1_unsubtracted,all_saved,accel_bias_x,lever_y,2,
trial,sphere_still,bias1_unsubtracted,all_saved,accel_bias_x,lever_z,2,
trial,sphere_still,bias1_unsubtracted,all_saved,accel_bias_x,position_x,2,
trial,sphere_still,bias1_unsubtracted,all_saved,accel_bias_x,position_y,2,
trial,sphere_still,bias1_unsubtracted,all_saved,accel_bias_x,position_z,2,
trial,sphere_still,bias1_unsubtracted,all_saved,accel_bias_x,time_offset,2,
trial,sphere_still,bias1_unsubtracted,all_saved,accel_bias_x,velocity_x,2,
trial,sphere_still,bias1_unsubtracted,all_saved,accel_bias_x,velocity_y,2,
trial,sphere_still,bias1_unsubtracted,all_saved,accel_bias_x,velocity_z,2,
trial,sphere_still,bias1_unsubtracted,all_saved,accel_bias_y,accel_bias_z,2,
trial,sphere_still,bias1_unsubtracted,all_saved,accel_bias_y,accel_gain_x,2,
trial,sphere_still,bias1_unsubtracted,all_saved,accel_bias_y,accel_gain_y,2,
trial,sphere_still,bias1_unsubtracted,all_saved,accel_bias_y,accel_gain_z,2,
trial,sphere_still,bias1_unsubtracted,all_saved,accel_bias_y,attitude_x,2,
trial,sphere_still,bias1_unsubtracted,all_saved,accel_bias_y,attitude_y,2,
trial,sphere_still,bias1_unsubtracted,all_saved,accel_bias_y,attitude_z,2,
trial,sphere_still,bias1_unsubtracted,all_saved,accel_bias_y,gravity_delta,2,
trial,sphere_still,bias1_unsubtracted,all_saved,accel_bias_y,gyro_bias_x,2,
trial,sphere_still,bias1_unsubtracted,all_saved,accel_bias_y,gyro_bias_y,2,
trial,sphere_still,bias1_unsubtracted,all_saved,accel_bias_y,gyro_bias_z,2,
trial,sphere_still,bias1_unsubtracted,all_saved,accel_bias_y,gyro_gain_x,2,
trial,sphere_still,bias1_unsubtracted,all_saved,accel_bias_y,gyro_gain_y,2,
trial,sphere_still,bias1_unsubtracted,all_saved,accel_bias_y,gyro_gain_z,2,
trial,sphere_still,bias1_unsubtracted,all_saved,accel_bias_y,lever_x,2,
trial,sphere_still,bias1_unsubtracted,all_saved,accel_bias_y,lever_y,2,
trial,sphere_still,bias1_unsubtracted,all_saved,accel_bias_y,lever_z,2,
trial,sphere_still,bias1_unsubtracted,all_saved,accel_bias_y,position_x,2,
trial,sphere_still,bias1_unsubtracted,all_saved,accel_bias_y,position_y,2,
trial,sphere_still,bias1_unsubtracted,all_saved,accel_bias_y,position_z,2,
trial,sphere_still,bias1_unsubtracted,all_saved,accel_bias_y,time_offset,2,
trial,sphere_still,bias1_unsubtracted,all_saved,accel_bias_y,velocity_x,2,
trial,sphere_still,bias1_unsubtracted,all_saved,accel_bias_y,velocity_y,2,
trial,sphere_still,bias1_unsubtracted,all_saved,accel_bias_y,velocity_z,2,
trial,sphere_still,bias1_unsubtracted,all_saved,accel_bias_z,accel_gain_x,2,
trial,sphere_still,bias1_unsubtracted,all_saved,accel_bias_z,accel_gain_y,2,
trial,sphere_still,bias1_unsubtracted,all_saved,accel_bias_z,accel_gain_z,2,
trial,sphere_still,bias1_unsubtracted,all_saved,accel_bias_z,attitude_x,2,
trial,sphere_still,bias1_unsubtracted,all_saved,accel_bias_z,attitude_y,2,
trial,sphere_still,bias1_unsubtracted,all_saved,accel_bias_z,attitude_z,2,
trial,sphere_still,bias1_unsubtracted,all_saved,accel_bias_z,gravity_delta,2,
trial,sphere_still,bias1_unsubtracted,all_saved,accel_bias_z,gyro_bias_x,2,
trial,sphere_still,bias1_unsubtracted,all_saved,accel_bias_z,gyro_bias_y,2,
trial,sphere_still,bias1_unsubtracted,all_saved,accel_bias_z,gyro_bias_z,2,
trial,sphere_still,bias1_unsubtracted,all_saved,accel_bias_z,gyro_gain_x,2,
trial,sphere_still,bias1_unsubtracted,all_saved,accel_bias_z,gyro_gain_y,2,
trial,sphere_still,bias1_unsubtracted,all_saved,accel_bias_z,gyro_gain_z,2,
trial,sphere_still,bias1_unsubtracted,all_saved,accel_bias_z,lever_x,2,
trial,sphere_still,bias1_unsubtracted,all_saved,accel_bias_z,lever_y,2,
trial,sphere_still,bias1_unsubtracted,all_saved,accel_bias_z,lever_z,2,
trial,sphere_still,bias1_unsubtracted,all_saved,accel_bias_z,position_x,2,
trial,sphere_still,bias1_unsubtracted,all_saved,accel_bias_z,position_y,2,
trial,sphere_still,bias1_unsubtracted,all_saved,accel_bias_z,position_z,2,
trial,sphere_still,bias1_unsubtracted,all_saved,accel_bias_z,time_offset,2,
trial,sphere_still,bias1_unsubtracted,all_saved,accel_bias_z,velocity_x,2,
trial,sphere_still,bias1_unsubtracted,all_saved,accel_bias_z,velocity_y,2,
trial,sphere_still,bias1_unsubtracted,all_saved,accel_bias_z,velocity_z,2,
trial,sphere_still,bias1_unsubtracted,all_saved,accel_gain_x,accel_gain_y,2,
trial,sphere_still,bias1_unsubtracted,all_saved,accel_gain_x,accel_gain_z,2,
trial,sphere_still,bias1_unsubtracted,all_saved,accel_gain_x,attitude_x,2,
trial,sphere_still,bias1_unsubtracted,all_saved,accel_gain_x,attitude_y,2,
trial,sphere_still,bias1_unsubtracted,all_saved,accel_gain_x,attitude_z,2,
trial,sphere_still,bias1_unsubtracted,all_saved,accel_gain_x,gravity_delta,2,
trial,sphere_still,bias1_unsubtracted,all_saved,accel_gain_x,gyro_bias_x,2,
trial,sphere_still,bias1_unsubtracted,all_saved,accel_gain_x,gyro_bias_y,2,
trial,sphere_still,bias1_unsubtracted,all_saved,accel_gain_x,gyro_bias_z,2,
trial,sphere_still,bias1_unsubtracted,all_saved,accel_gain_x,gyro_gain_x,2,
trial,sphere_still,bias1_unsubtracted,all_saved,accel_gain_x,gyro_gain_y,2,
trial,sphere_still,bias1_unsubtracted,all_saved,accel_gain_x,gyro_gain_z,2,
trial,sphere_still,bias1_unsubtracted,all_saved,accel_gain_x,lever_x,2,
trial,sphere_still,bias1_unsubtracted,all_saved,accel_gain_x,lever_y,2,
trial,sphere_still,bias1_unsubtracted,all_saved,accel_gain_x,lever_z,2,
trial,sphere_still,bias1_unsubtracted,all_saved,accel_gain_x,position_x,2,
trial,sphere_still,bias1_unsubtracted,all_saved,accel_gain_x,position_y,2,
trial,sphere_still,bias1_unsubtracted,all_saved,accel_gain_x,position_z,2,
trial,sphere_still,bias1_unsubtracted,all_saved,accel_gain_x,time_offset,2,
trial,sphere_still,bias1_unsubtracted,all_saved,accel_gain_x,velocity_x,2,
trial,sphere_still,bias1_unsubtracted,all_saved,accel_gain_x,velocity_y,2,
trial,sphere_still,bias1_unsubtracted,all_saved,accel_gain_x,velocity_z,2,
trial,sphere_still,bias1_unsubtracted,all_saved,accel_gain_y,accel_gain_z,2,
trial,sphere_still,bias1_unsubtracted,all_saved,accel_gain_y,attitude_x,2,
trial,sphere_still,bias1_unsubtracted,all_saved,accel_gain_y,attitude_y,2,
trial,sphere_still,bias1_unsubtracted,all_saved,accel_gain_y,attitude_z,2,
trial,sphere_still,bias1_unsubtracted,all_saved,accel_gain_y,gravity_delta,2,
trial,sphere_still,bias1_unsubtracted,all_saved,accel_gain_y,gyro_bias_x,2,
trial,sphere_still,bias1_unsubtracted,all_saved,accel_gain_y,gyro_bias_y,2,
trial,sphere_still,bias1_unsubtracted,all_saved,accel_gain_y,gyro_bias_z,2,
trial,sphere_still,bias1_unsubtracted,all_saved,accel_gain_y,gyro_gain_x,2,
trial,sphere_still,bias1_unsubtracted,all_saved,accel_gain_y,gyro_gain_y,2,
trial,sphere_still,bias1_unsubtracted,all_saved,accel_gain_y,gyro_gain_z,2,
trial,sphere_still,bias1_unsubtracted,all_saved,accel_gain_y,lever_x,2,
trial,sphere_still,bias1_unsubtracted,all_saved,accel_gain_y,lever_y,2,
trial,sphere_still,bias1_unsubtracted,all_saved,accel_gain_y,lever_z,2,
trial,sphere_still,bias1_unsubtracted,all_saved,accel_gain_y,position_x,2,
trial,sphere_still,bias1_unsubtracted,all_saved,accel_gain_y,position_y,2,
trial,sphere_still,bias1_unsubtracted,all_saved,accel_gain_y,position_z,2,
trial,sphere_still,bias1_unsubtracted,all_saved,accel_gain_y,time_offset,2,
trial,sphere_still,bias1_unsubtracted,all_saved,accel_gain_y,velocity_x,2,
trial,sphere_still,bias1_unsubtracted,all_saved,accel_gain_y,velocity_y,2,
trial,sphere_still,bias1_unsubtracted,all_saved,accel_gain_y,velocity_z,2,
trial,sphere_still,bias1_unsubtracted,all_saved,accel_gain_z,attitude_x,2,
trial,sphere_still,bias1_unsubtracted,all_saved,accel_gain_z,attitude_y,2,
trial,sphere_still,bias1_unsubtracted,all_saved,accel_gain_z,attitude_z,2,
trial,sphere_still,bias1_unsubtracted,all_saved,accel_gain_z,gravity_delta,2,
trial,sphere_still,bias1_unsubtracted,all_saved,accel_gain_z,gyro_bias_x,2,
trial,sphere_still,bias1_unsubtracted,all_saved,accel_gain_z,gyro_bias_y,2,
trial,sphere_still,bias1_unsubtracted,all_saved,accel_gain_z,gyro_bias_z,2,
trial,sphere_still,bias1_unsubtracted,all_saved,accel_gain_z,gyro_gain_x,2,
trial,sphere_still,bias1_unsubtracted,all_saved,accel_gain_z,gyro_gain_y,2,
trial,sphere_still,bias1_unsubtracted,all_saved,accel_gain_z,gyro_gain_z,2,
trial,sphere_still,bias1_unsubtracted,all_saved,accel_gain_z,lever_x,2,
trial,sphere_still,bias1_unsubtracted,all_saved,accel_gain_z,lever_y,2,
trial,sphere_still,bias1_unsubtracted,all_saved,accel_gain_z,lever_z,2,
trial,sphere_still,bias1_unsubtracted,all_saved,accel_gain_z,position_x,2,
trial,sphere_still,bias1_unsubtracted,all_saved,accel_gain_z,position_y,2,
trial,sphere_still,bias1_unsubtracted,all_saved,accel_gain_z,position_z,2,
trial,sphere_still,bias1_unsubtracted,all_saved,accel_gain_z,time_offset,2,
trial,sphere_still,bias1_unsubtracted,all_saved,accel_gain_z,velocity_x,2,
trial,sphere_still,bias1_unsubtracted,all_saved,accel_gain_z,velocity_y,2,
trial,sphere_still,bias1_unsubtracted,all_saved,accel_gain_z,velocity_z,2,
trial,sphere_still,bias1_unsubtracted,all_saved,attitude_x,attitude_y,2,
trial,sphere_still,bias1_unsubtracted,all_saved,attitude_x,attitude_z,2,
trial,sphere_still,bias1_unsubtracted,all_saved,attitude_x,gravity_delta,2,
trial,sphere_still,bias1_unsubtracted,all_saved,attitude_x,gyro_bias_x,2,
trial,sphere_still,bias1_unsubtracted,all_saved,attitude_x,gyro_bias_y,2,
trial,sphere_still,bias1_unsubtracted,all_saved,attitude_x,gyro_bias_z,2,
trial,sphere_still,bias1_unsubtracted,all_saved,attitude_x,gyro_gain_x,2,
trial,sphere_still,bias1_unsubtracted,all_saved,attitude_x,gyro_gain_y,2,
trial,sphere_still,bias1_unsubtracted,all_saved,attitude_x,gyro_gain_z,2,
trial,sphere_still,bias1_unsubtracted,all_saved,attitude_x,lever_x,2,
trial,sphere_still,bias1_unsubtracted,all_saved,attitude_x,lever_y,2,
trial,sphere_still,bias1_unsubtracted,all_saved,attitude_x,lever_z,2,
trial,sphere_still,bias1_unsubtracted,all_saved,attitude_x,position_x,2,
trial,sphere_still,bias1_unsubtracted,all_saved,attitude_x,position_y,2,
trial,sphere_still,bias1_unsubtracted,all_saved,attitude_x,position_z,2,
trial,sphere_still,bias1_unsubtracted,all_saved,attitude_x,time_offset,2,
trial,sphere_still,bias1_unsubtracted,all_saved,attitude_x,velocity_x,2,
trial,sphere_still,bias1_unsubtracted,all_saved,attitude_x,velocity_y,2,
trial,sphere_still,bias1_unsubtracted,all_saved,attitude_x,velocity_z,2,
trial,sphere_still,bias1_unsubtracted,all_saved,attitude_y,attitude_z,2,
trial,sphere_still,bias1_unsubtracted,all_saved,attitude_y,gravity_delta,2,
trial,sphere_still,bias1_unsubtracted,all_saved,attitude_y,gyro_bias_x,2,
trial,sphere_still,bias1_unsubtracted,all_saved,attitude_y,gyro_bias_y,2,
trial,sphere_still,bias1_unsubtracted,all_saved,attitude_y,gyro_bias_z,2,
trial,sphere_still,bias1_unsubtracted,all_saved,attitude_y,gyro_gain_x,2,
trial,sphere_still,bias1_unsubtracted,all_saved,attitude_y,gyro_gain_y,2,
trial,sphere_still,bias1_unsubtracted,all_saved,attitude_y,gyro_gain_z,2,
trial,sphere_still,bias1_unsubtracted,all_saved,attitude_y,lever_x,2,
trial,sphere_still,bias1_unsubtracted,all_saved,attitude_y,lever_y,2,
trial,sphere_still,bias1_unsubtracted,all_saved,attitude_y,lever_z,2,
trial,sphere_still,bias1_unsubtracted,all_saved,attitude_y,position_x,2,
trial,sphere_still,bias1_unsubtracted,all_saved,attitude_y,position_y,2,
trial,sphere_still,bias1_unsubtracted,all_saved,attitude_y,position_z,2,
trial,sphere_still,bias1_unsubtracted,all_saved,attitude_y,time_offset,2,
trial,sphere_still,bias1_unsubtracted,all_saved,attitude_y,velocity_x,2,
trial,sphere_still,bias1_unsubtracted,all_saved,attitude_y,velocity_y,2,
trial,sphere_still,bias1_unsubtracted,all_saved,attitude_y,velocity_z,2,
trial,sphere_still,bias1_unsubtracted,all_saved,attitude_z,gravity_delta,2,
trial,sphere_still,bias1_unsubtracted,all_saved,attitude_z,gyro_bias_x,2,
trial,sphere_still,bias1_unsubtracted,all_saved,attitude_z,gyro_bias_y,2,
trial,sphere_still,bias1_unsubtracted,all_saved,attitude_z,gyro_bias_z,2,
trial,sphere_still,bias1_unsubtracted,all_saved,attitude_z,gyro_gain_x,2,
trial,sphere_still,bias1_unsubtracted,all_saved,attitude_z,gyro_gain_y,2,
trial,sphere_still,bias1_unsubtracted,all_saved,attitude_z,gyro_gain_z,2,
trial,sphere_still,bias1_unsubtracted,all_saved,attitude_z,lever_x,2,
trial,sphere_still,bias1_unsubtracted,all_saved,attitude_z,lever_y,2,
trial,sphere_still,bias1_unsubtracted,all_saved,attitude_z,lever_z,2,
trial,sphere_still,bias1_unsubtracted,all_saved,attitude_z,position_x,2,
trial,sphere_still,bias1_unsubtracted,all_saved,attitude_z,position_y,2,
trial,sphere_still,bias1_unsubtracted,all_saved,attitude_z,position_z,2,
trial,sphere_still,bias1_unsubtracted,all_saved,attitude_z,time_offset,2,
trial,sphere_still,bias1_unsubtracted,all_saved,attitude_z,velocity_x,2,
trial,sphere_still,bias1_unsubtracted,all_saved,attitude_z,velocity_y,2,
trial,sphere_still,bias1_unsubtracted,all_saved,attitude_z,velocity_z,2,
trial,sphere_still,bias1_unsubtracted,all_saved,gravity_delta,gyro_bias_x,2,
trial,sphere_still,bias1_unsubtracted,all_saved,gravity_delta,gyro_bias_y,2,
trial,sphere_still,bias1_unsubtracted,all_saved,gravity_delta,gyro_bias_z,2,
trial,sphere_still,bias1_unsubtracted,all_saved,gravity_delta,gyro_gain_x,2,
trial,sphere_still,bias1_unsubtracted,all_saved,gravity_delta,gyro_gain_y,2,
trial,sphere_still,bias1_unsubtracted,all_saved,gravity_delta,gyro_gain_z,2,
trial,sphere_still,bias1_unsubtracted,all_saved,gravity_delta,lever_x,2,
trial,sphere_still,bias1_unsubtracted,all_saved,gravity_delta,lever_y,2,
trial,sphere_still,bias1_unsubtracted,all_saved,gravity_delta,lever_z,2,
trial,sphere_still,bias1_unsubtracted,all_saved,gravity_delta,position_x,2,
trial,sphere_still,bias1_unsubtracted,all_saved,gravity_delta,position_y,2,
trial,sphere_still,bias1_unsubtracted,all_saved,gravity_delta,position_z,2,
trial,sphere_still,bias1_unsubtracted,all_saved,gravity_delta,time_offset,2,
trial,sphere_still,bias1_unsubtracted,all_saved,gravity_delta,velocity_x,2,
trial,sphere_still,bias1_unsubtracted,all_saved,gravity_delta,velocity_y,2,
trial,sphere_still,bias1_unsubtracted,all_saved,gravity_delta,velocity_z,2,
trial,sphere_still,bias1_unsubtracted,all_saved,gyro_bias_x,gyro_bias_y,2,
trial,sphere_still,bias1_unsubtracted,all_saved,gyro_bias_x,gyro_bias_z,2,
trial,sphere_still,bias1_unsubtracted,all_saved,gyro_bias_x,gyro_gain_x,2,
trial,sphere_still,bias1_unsubtracted,all_saved,gyro_bias_x,gyro_gain_y,2,
trial,sphere_still,bias1_unsubtracted,all_saved,gyro_bias_x,gyro_gain_z,2,
trial,sphere_still,bias1_unsubtracted,all_saved,gyro_bias_x,lever_x,2,
trial,sphere_still,bias1_unsubtracted,all_saved,gyro_bias_x,lever_y,2,
trial,sphere_still,bias1_unsubtracted,all_saved,gyro_bias_x,lever_z,2,
trial,sphere_still,bias1_unsubtracted,all_saved,gyro_bias_x,position_x,2,
trial,sphere_still,bias1_unsubtracted,all_saved,gyro_bias_x,position_y,2,
trial,sphere_still,bias1_unsubtracted,all_saved,gyro_bias_x,position_z,2,
trial,sphere_still,bias1_unsubtracted,all_saved,gyro_bias_x,time_offset,2,
trial,sphere_still,bias1_unsubtracted,all_saved,gyro_bias_x,velocity_x,2,
trial,sphere_still,bias1_unsubtracted,all_saved,gyro_bias_x,velocity_y,2,
trial,sphere_still,bias1_unsubtracted,all_saved,gyro_bias_x,velocity_z,2,
trial,sphere_still,bias1_unsubtracted,all_saved,gyro_bias_y,gyro_bias_z,2,
trial,sphere_still,bias1_unsubtracted,all_saved,gyro_bias_y,gyro_gain_x,2,
trial,sphere_still,bias1_unsubtracted,all_saved,gyro_bias_y,gyro_gain_y,2,
trial,sphere_still,bias1_unsubtracted,all_saved,gyro_bias_y,gyro_gain_z,2,
trial,sphere_still,bias1_unsubtracted,all_saved,gyro_bias_y,lever_x,2,
trial,sphere_still,bias1_unsubtracted,all_saved,gyro_bias_y,lever_y,2,
trial,sphere_still,bias1_unsubtracted,all_saved,gyro_bias_y,lever_z,2,
trial,sphere_still,bias1_unsubtracted,all_saved,gyro_bias_y,position_x,2,
trial,sphere_still,bias1_unsubtracted,all_saved,gyro_bias_y,position_y,2,
trial,sphere_still,bias1_unsubtracted,all_saved,gyro_bias_y,position_z,2,
trial,sphere_still,bias1_unsubtracted,all_saved,gyro_bias_y,time_offset,2,
trial,sphere_still,bias1_unsubtracted,all_saved,gyro_bias_y,velocity_x,2,
trial,sphere_still,bias1_unsubtracted,all_saved,gyro_bias_y,velocity_y,2,
trial,sphere_still,bias1_unsubtracted,all_saved,gyro_bias_y,velocity_z,2,
trial,sphere_still,bias1_unsubtracted,all_saved,gyro_bias_z,gyro_gain_x,2,
trial,sphere_still,bias1_unsubtracted,all_saved,gyro_bias_z,gyro_gain_y,2,
trial,sphere_still,bias1_unsubtracted,all_saved,gyro_bias_z,gyro_gain_z,2,
trial,sphere_still,bias1_unsubtracted,all_saved,gyro_bias_z,lever_x,2,
trial,sphere_still,bias1_unsubtracted,all_saved,gyro_bias_z,lever_y,2,
trial,sphere_still,bias1_unsubtracted,all_saved,gyro_bias_z,lever_z,2,
trial,sphere_still,bias1_unsubtracted,all_saved,gyro_bias_z,position_x,2,
trial,sphere_still,bias1_unsubtracted,all_saved,gyro_bias_z,position_y,2,
trial,sphere_still,bias1_unsubtracted,all_saved,gyro_bias_z,position_z,2,
trial,sphere_still,bias1_unsubtracted,all_saved,gyro_bias_z,time_offset,2,
trial,sphere_still,bias1_unsubtracted,all_saved,gyro_bias_z,velocity_x,2,
trial,sphere_still,bias1_unsubtracted,all_saved,gyro_bias_z,velocity_y,2,
trial,sphere_still,bias1_unsubtracted,all_saved,gyro_bias_z,velocity_z,2,
trial,sphere_still,bias1_unsubtracted,all_saved,gyro_gain_x,gyro_gain_y,2,
trial,sphere_still,bias1_unsubtracted,all_saved,gyro_gain_x,gyro_gain_z,2,
trial,sphere_still,bias1_unsubtracted,all_saved,gyro_gain_x,lever_x,2,
trial,sphere_still,bias1_unsubtracted,all_saved,gyro_gain_x,lever_y,2,
trial,sphere_still,bias1_unsubtracted,all_saved,gyro_gain_x,lever_z,2,
trial,sphere_still,bias1_unsubtracted,all_saved,gyro_gain_x,position_x,2,
trial,sphere_still,bias1_unsubtracted,all_saved,gyro_gain_x,position_y,2,
trial,sphere_still,bias1_unsubtracted,all_saved,gyro_gain_x,position_z,2,
trial,sphere_still,bias1_unsubtracted,all_saved,gyro_gain_x,time_offset,2,
trial,sphere_still,bias1_unsubtracted,all_saved,gyro_gain_x,velocity_x,2,
trial,sphere_still,bias1_unsubtracted,all_saved,gyro_gain_x,velocity_y,2,
trial,sphere_still,bias1_unsubtracted,all_saved,gyro_gain_x,velocity_z,2,
trial,sphere_still,bias1_unsubtracted,all_saved,gyro_gain_y,gyro_gain_z,2,
trial,sphere_still,bias1_unsubtracted,all_saved,gyro_gain_y,lever_x,2,
trial,sphere_still,bias1_unsubtracted,all_saved,gyro_gain_y,lever_y,2,
trial,sphere_still,bias1_unsubtracted,all_saved,gyro_gain_y,lever_z,2,
trial,sphere_still,bias1_unsubtracted,all_saved,gyro_gain_y,position_x,2,
trial,sphere_still,bias1_unsubtracted,all_saved,gyro_gain_y,position_y,2,
trial,sphere_still,bias1_unsubtracted,all_saved,gyro_gain_y,position_z,2,
trial,sphere_still,bias1_unsubtracted,all_saved,gyro_gain_y,time_offset,2,
trial,sphere_still,bias1_unsubtracted,all_saved,gyro_gain_y,velocity_x,2,
trial,sphere_still,bias1_unsubtracted,all_saved,gyro_gain_y,velocity_y,2,
trial,sphere_still,bias1_unsubtracted,all_saved,gyro_gain_y,velocity_z,2,
trial,sphere_still,bias1_unsubtracted,all_saved,gyro_gain_z,lever_x,2,
trial,sphere_still,bias1_unsubtracted,all_saved,gyro_gain_z,lever_y,2,
trial,sphere_still,bias1_unsubtracted,all_saved,gyro_gain_z,lever_z,2,
trial,sphere_still,bias1_unsubtracted,all_saved,gyro_gain_z,position_x,2,
trial,sphere_still,bias1_unsubtracted,all_saved,gyro_gain_z,position_y,2,
trial,sphere_still,bias1_unsubtracted,all_saved,gyro_gain_z,position_z,2,
trial,sphere_still,bias1_unsubtracted,all_saved,gyro_gain_z,time_offset,2,
trial,sphere_still,bias1_unsubtracted,all_saved,gyro_gain_z,velocity_x,2,
trial,sphere_still,bias1_unsubtracted,all_saved,gyro_gain_z,velocity_y,2,
trial,sphere_still,bias1_unsubtracted,all_saved,gyro_gain_z,velocity_z,2,
trial,sphere_still,bias1_unsubtracted,all_saved,lever_x,lever_y,2,
trial,sphere_still,bias1_unsubtracted,all_saved,lever_x,lever_z,2,
trial,sphere_still,bias1_unsubtracted,all_saved,lever_x,position_x,2,
trial,sphere_still,bias1_unsubtracted,all_saved,lever_x,position_y,2,
trial,sphere_still,bias1_unsubtracted,all_saved,lever_x,position_z,2,
trial,sphere_still,bias1_unsubtracted,all_saved,lever_x,time_offset,2,
trial,sphere_still,bias1_unsubtracted,all_saved,lever_x,velocity_x,2,
trial,sphere_still,bias1_unsubtracted,all_saved,lever_x,velocity_y,2,
trial,sphere_still,bias1_unsubtracted,all_saved,lever_x,velocity_z,2,
trial,sphere_still,bias1_unsubtracted,all_saved,lever_y,lever_z,2,
trial,sphere_still,bias1_unsubtracted,all_saved,lever_y,position_x,2,
trial,sphere_still,bias1_unsubtracted,all_saved,lever_y,position_y,2,
trial,sphere_still,bias1_unsubtracted,all_saved,lever_y,position_z,2,
trial,sphere_still,bias1_unsubtracted,all_saved,lever_y,time_offset,2,
trial,sphere_still,bias1_unsubtracted,all_saved,lever_y,velocity_x,2,
trial,sphere_still,bias1_unsubtracted,all_saved,lever_y,velocity_y,2,
trial,sphere_still,bias1_unsubtracted,all_saved,lever_y,velocity_z,2,
trial,sphere_still,bias1_unsubtracted,all_saved,lever_z,position_x,2,
trial,sphere_still,bias1_unsubtracted,all_saved,lever_z,position_y,2,
trial,sphere_still,bias1_unsubtracted,all_saved,lever_z,position_z,2,
trial,sphere_still,bias1_unsubtracted,all_saved,lever_z,time_offset,2,
trial,sphere_still,bias1_unsubtracted,all_saved,lever_z,velocity_x,2,
trial,sphere_still,bias1_unsubtracted,all_saved,lever_z,velocity_y,2,
trial,sphere_still,bias1_unsubtracted,all_saved,lever_z,velocity_z,2,
trial,sphere_still,bias1_unsubtracted,all_saved,position_x,position_y,2,
trial,sphere_still,bias1_unsubtracted,all_saved,position_x,position_z,2,
trial,sphere_still,bias1_unsubtracted,all_saved,position_x,time_offset,2,
trial,sphere_still,bias1_unsubtracted,all_saved,position_x,velocity_x,2,
trial,sphere_still,bias1_unsubtracted,all_saved,position_x,velocity_y,2,
trial,sphere_still,bias1_unsubtracted,all_saved,position_x,velocity_z,2,
trial,sphere_still,bias1_unsubtracted,all_saved,position_y,position_z,2,
trial,sphere_still,bias1_unsubtracted,all_saved,position_y,time_offset,2,
trial,sphere_still,bias1_unsubtracted,all_saved,position_y,velocity_x,2,
trial,sphere_still,bias1_unsubtracted,all_saved,position_y,velocity_y,2,
trial,sphere_still,bias1_unsubtracted,all_saved,position_y,velocity_z,2,
trial,sphere_still,bias1_unsubtracted,all_saved,position_z,time_offset,2,
trial,sphere_still,bias1_unsubtracted,all_saved,position_z,velocity_x,2,
trial,sphere_still,bias1_unsubtracted,all_saved,position_z,velocity_y,2,
trial,sphere_still,bias1_unsubtracted,all_saved,position_z,velocity_z,2,
trial,sphere_still,bias1_unsubtracted,all_saved,time_offset,velocity_x,2,
trial,sphere_still,bias1_unsubtracted,all_saved,time_offset,velocity_y,2,
trial,sphere_still,bias1_unsubtracted,all_saved,time_offset,velocity_z,2,
trial,sphere_still,bias1_unsubtracted,all_saved,velocity_x,velocity_y,2,
trial,sphere_still,bias1_unsubtracted,all_saved,velocity_x,velocity_z,2,
trial,sphere_still,bias1_unsubtracted,all_saved,velocity_y,velocity_z,2,
trial,sphere_still,bias1_unsubtracted,converged_only,accel_bias_x,accel_bias_y,2,
trial,sphere_still,bias1_unsubtracted,converged_only,accel_bias_x,accel_bias_z,2,
trial,sphere_still,bias1_unsubtracted,converged_only,accel_bias_x,accel_gain_x,2,
trial,sphere_still,bias1_unsubtracted,converged_only,accel_bias_x,accel_gain_y,2,
trial,sphere_still,bias1_unsubtracted,converged_only,accel_bias_x,accel_gain_z,2,
trial,sphere_still,bias1_unsubtracted,converged_only,accel_bias_x,attitude_x,2,
trial,sphere_still,bias1_unsubtracted,converged_only,accel_bias_x,attitude_y,2,
trial,sphere_still,bias1_unsubtracted,converged_only,accel_bias_x,attitude_z,2,
trial,sphere_still,bias1_unsubtracted,converged_only,accel_bias_x,gravity_delta,2,
trial,sphere_still,bias1_unsubtracted,converged_only,accel_bias_x,gyro_bias_x,2,
trial,sphere_still,bias1_unsubtracted,converged_only,accel_bias_x,gyro_bias_y,2,
trial,sphere_still,bias1_unsubtracted,converged_only,accel_bias_x,gyro_bias_z,2,
trial,sphere_still,bias1_unsubtracted,converged_only,accel_bias_x,gyro_gain_x,2,
trial,sphere_still,bias1_unsubtracted,converged_only,accel_bias_x,gyro_gain_y,2,
trial,sphere_still,bias1_unsubtracted,converged_only,accel_bias_x,gyro_gain_z,2,
trial,sphere_still,bias1_unsubtracted,converged_only,accel_bias_x,lever_x,2,
trial,sphere_still,bias1_unsubtracted,converged_only,accel_bias_x,lever_y,2,
trial,sphere_still,bias1_unsubtracted,converged_only,accel_bias_x,lever_z,2,
trial,sphere_still,bias1_unsubtracted,converged_only,accel_bias_x,position_x,2,
trial,sphere_still,bias1_unsubtracted,converged_only,accel_bias_x,position_y,2,
trial,sphere_still,bias1_unsubtracted,converged_only,accel_bias_x,position_z,2,
trial,sphere_still,bias1_unsubtracted,converged_only,accel_bias_x,time_offset,2,
trial,sphere_still,bias1_unsubtracted,converged_only,accel_bias_x,velocity_x,2,
trial,sphere_still,bias1_unsubtracted,converged_only,accel_bias_x,velocity_y,2,
trial,sphere_still,bias1_unsubtracted,converged_only,accel_bias_x,velocity_z,2,
trial,sphere_still,bias1_unsubtracted,converged_only,accel_bias_y,accel_bias_z,2,
trial,sphere_still,bias1_unsubtracted,converged_only,accel_bias_y,accel_gain_x,2,
trial,sphere_still,bias1_unsubtracted,converged_only,accel_bias_y,accel_gain_y,2,
trial,sphere_still,bias1_unsubtracted,converged_only,accel_bias_y,accel_gain_z,2,
trial,sphere_still,bias1_unsubtracted,converged_only,accel_bias_y,attitude_x,2,
trial,sphere_still,bias1_unsubtracted,converged_only,accel_bias_y,attitude_y,2,
trial,sphere_still,bias1_unsubtracted,converged_only,accel_bias_y,attitude_z,2,
trial,sphere_still,bias1_unsubtracted,converged_only,accel_bias_y,gravity_delta,2,
trial,sphere_still,bias1_unsubtracted,converged_only,accel_bias_y,gyro_bias_x,2,
trial,sphere_still,bias1_unsubtracted,converged_only,accel_bias_y,gyro_bias_y,2,
trial,sphere_still,bias1_unsubtracted,converged_only,accel_bias_y,gyro_bias_z,2,
trial,sphere_still,bias1_unsubtracted,converged_only,accel_bias_y,gyro_gain_x,2,
trial,sphere_still,bias1_unsubtracted,converged_only,accel_bias_y,gyro_gain_y,2,
trial,sphere_still,bias1_unsubtracted,converged_only,accel_bias_y,gyro_gain_z,2,
trial,sphere_still,bias1_unsubtracted,converged_only,accel_bias_y,lever_x,2,
trial,sphere_still,bias1_unsubtracted,converged_only,accel_bias_y,lever_y,2,
trial,sphere_still,bias1_unsubtracted,converged_only,accel_bias_y,lever_z,2,
trial,sphere_still,bias1_unsubtracted,converged_only,accel_bias_y,position_x,2,
trial,sphere_still,bias1_unsubtracted,converged_only,accel_bias_y,position_y,2,
trial,sphere_still,bias1_unsubtracted,converged_only,accel_bias_y,position_z,2,
trial,sphere_still,bias1_unsubtracted,converged_only,accel_bias_y,time_offset,2,
trial,sphere_still,bias1_unsubtracted,converged_only,accel_bias_y,velocity_x,2,
trial,sphere_still,bias1_unsubtracted,converged_only,accel_bias_y,velocity_y,2,
trial,sphere_still,bias1_unsubtracted,converged_only,accel_bias_y,velocity_z,2,
trial,sphere_still,bias1_unsubtracted,converged_only,accel_bias_z,accel_gain_x,2,
trial,sphere_still,bias1_unsubtracted,converged_only,accel_bias_z,accel_gain_y,2,
trial,sphere_still,bias1_unsubtracted,converged_only,accel_bias_z,accel_gain_z,2,
trial,sphere_still,bias1_unsubtracted,converged_only,accel_bias_z,attitude_x,2,
trial,sphere_still,bias1_unsubtracted,converged_only,accel_bias_z,attitude_y,2,
trial,sphere_still,bias1_unsubtracted,converged_only,accel_bias_z,attitude_z,2,
trial,sphere_still,bias1_unsubtracted,converged_only,accel_bias_z,gravity_delta,2,
trial,sphere_still,bias1_unsubtracted,converged_only,accel_bias_z,gyro_bias_x,2,
trial,sphere_still,bias1_unsubtracted,converged_only,accel_bias_z,gyro_bias_y,2,
trial,sphere_still,bias1_unsubtracted,converged_only,accel_bias_z,gyro_bias_z,2,
trial,sphere_still,bias1_unsubtracted,converged_only,accel_bias_z,gyro_gain_x,2,
trial,sphere_still,bias1_unsubtracted,converged_only,accel_bias_z,gyro_gain_y,2,
trial,sphere_still,bias1_unsubtracted,converged_only,accel_bias_z,gyro_gain_z,2,
trial,sphere_still,bias1_unsubtracted,converged_only,accel_bias_z,lever_x,2,
trial,sphere_still,bias1_unsubtracted,converged_only,accel_bias_z,lever_y,2,
trial,sphere_still,bias1_unsubtracted,converged_only,accel_bias_z,lever_z,2,
trial,sphere_still,bias1_unsubtracted,converged_only,accel_bias_z,position_x,2,
trial,sphere_still,bias1_unsubtracted,converged_only,accel_bias_z,position_y,2,
trial,sphere_still,bias1_unsubtracted,converged_only,accel_bias_z,position_z,2,
trial,sphere_still,bias1_unsubtracted,converged_only,accel_bias_z,time_offset,2,
trial,sphere_still,bias1_unsubtracted,converged_only,accel_bias_z,velocity_x,2,
trial,sphere_still,bias1_unsubtracted,converged_only,accel_bias_z,velocity_y,2,
trial,sphere_still,bias1_unsubtracted,converged_only,accel_bias_z,velocity_z,2,
trial,sphere_still,bias1_unsubtracted,converged_only,accel_gain_x,accel_gain_y,2,
trial,sphere_still,bias1_unsubtracted,converged_only,accel_gain_x,accel_gain_z,2,
trial,sphere_still,bias1_unsubtracted,converged_only,accel_gain_x,attitude_x,2,
trial,sphere_still,bias1_unsubtracted,converged_only,accel_gain_x,attitude_y,2,
trial,sphere_still,bias1_unsubtracted,converged_only,accel_gain_x,attitude_z,2,
trial,sphere_still,bias1_unsubtracted,converged_only,accel_gain_x,gravity_delta,2,
trial,sphere_still,bias1_unsubtracted,converged_only,accel_gain_x,gyro_bias_x,2,
trial,sphere_still,bias1_unsubtracted,converged_only,accel_gain_x,gyro_bias_y,2,
trial,sphere_still,bias1_unsubtracted,converged_only,accel_gain_x,gyro_bias_z,2,
trial,sphere_still,bias1_unsubtracted,converged_only,accel_gain_x,gyro_gain_x,2,
trial,sphere_still,bias1_unsubtracted,converged_only,accel_gain_x,gyro_gain_y,2,
trial,sphere_still,bias1_unsubtracted,converged_only,accel_gain_x,gyro_gain_z,2,
trial,sphere_still,bias1_unsubtracted,converged_only,accel_gain_x,lever_x,2,
trial,sphere_still,bias1_unsubtracted,converged_only,accel_gain_x,lever_y,2,
trial,sphere_still,bias1_unsubtracted,converged_only,accel_gain_x,lever_z,2,
trial,sphere_still,bias1_unsubtracted,converged_only,accel_gain_x,position_x,2,
trial,sphere_still,bias1_unsubtracted,converged_only,accel_gain_x,position_y,2,
trial,sphere_still,bias1_unsubtracted,converged_only,accel_gain_x,position_z,2,
trial,sphere_still,bias1_unsubtracted,converged_only,accel_gain_x,time_offset,2,
trial,sphere_still,bias1_unsubtracted,converged_only,accel_gain_x,velocity_x,2,
trial,sphere_still,bias1_unsubtracted,converged_only,accel_gain_x,velocity_y,2,
trial,sphere_still,bias1_unsubtracted,converged_only,accel_gain_x,velocity_z,2,
trial,sphere_still,bias1_unsubtracted,converged_only,accel_gain_y,accel_gain_z,2,
trial,sphere_still,bias1_unsubtracted,converged_only,accel_gain_y,attitude_x,2,
trial,sphere_still,bias1_unsubtracted,converged_only,accel_gain_y,attitude_y,2,
trial,sphere_still,bias1_unsubtracted,converged_only,accel_gain_y,attitude_z,2,
trial,sphere_still,bias1_unsubtracted,converged_only,accel_gain_y,gravity_delta,2,
trial,sphere_still,bias1_unsubtracted,converged_only,accel_gain_y,gyro_bias_x,2,
trial,sphere_still,bias1_unsubtracted,converged_only,accel_gain_y,gyro_bias_y,2,
trial,sphere_still,bias1_unsubtracted,converged_only,accel_gain_y,gyro_bias_z,2,
trial,sphere_still,bias1_unsubtracted,converged_only,accel_gain_y,gyro_gain_x,2,
trial,sphere_still,bias1_unsubtracted,converged_only,accel_gain_y,gyro_gain_y,2,
trial,sphere_still,bias1_unsubtracted,converged_only,accel_gain_y,gyro_gain_z,2,
trial,sphere_still,bias1_unsubtracted,converged_only,accel_gain_y,lever_x,2,
trial,sphere_still,bias1_unsubtracted,converged_only,accel_gain_y,lever_y,2,
trial,sphere_still,bias1_unsubtracted,converged_only,accel_gain_y,lever_z,2,
trial,sphere_still,bias1_unsubtracted,converged_only,accel_gain_y,position_x,2,
trial,sphere_still,bias1_unsubtracted,converged_only,accel_gain_y,position_y,2,
trial,sphere_still,bias1_unsubtracted,converged_only,accel_gain_y,position_z,2,
trial,sphere_still,bias1_unsubtracted,converged_only,accel_gain_y,time_offset,2,
trial,sphere_still,bias1_unsubtracted,converged_only,accel_gain_y,velocity_x,2,
trial,sphere_still,bias1_unsubtracted,converged_only,accel_gain_y,velocity_y,2,
trial,sphere_still,bias1_unsubtracted,converged_only,accel_gain_y,velocity_z,2,
trial,sphere_still,bias1_unsubtracted,converged_only,accel_gain_z,attitude_x,2,
trial,sphere_still,bias1_unsubtracted,converged_only,accel_gain_z,attitude_y,2,
trial,sphere_still,bias1_unsubtracted,converged_only,accel_gain_z,attitude_z,2,
trial,sphere_still,bias1_unsubtracted,converged_only,accel_gain_z,gravity_delta,2,
trial,sphere_still,bias1_unsubtracted,converged_only,accel_gain_z,gyro_bias_x,2,
trial,sphere_still,bias1_unsubtracted,converged_only,accel_gain_z,gyro_bias_y,2,
trial,sphere_still,bias1_unsubtracted,converged_only,accel_gain_z,gyro_bias_z,2,
trial,sphere_still,bias1_unsubtracted,converged_only,accel_gain_z,gyro_gain_x,2,
trial,sphere_still,bias1_unsubtracted,converged_only,accel_gain_z,gyro_gain_y,2,
trial,sphere_still,bias1_unsubtracted,converged_only,accel_gain_z,gyro_gain_z,2,
trial,sphere_still,bias1_unsubtracted,converged_only,accel_gain_z,lever_x,2,
trial,sphere_still,bias1_unsubtracted,converged_only,accel_gain_z,lever_y,2,
trial,sphere_still,bias1_unsubtracted,converged_only,accel_gain_z,lever_z,2,
trial,sphere_still,bias1_unsubtracted,converged_only,accel_gain_z,position_x,2,
trial,sphere_still,bias1_unsubtracted,converged_only,accel_gain_z,position_y,2,
trial,sphere_still,bias1_unsubtracted,converged_only,accel_gain_z,position_z,2,
trial,sphere_still,bias1_unsubtracted,converged_only,accel_gain_z,time_offset,2,
trial,sphere_still,bias1_unsubtracted,converged_only,accel_gain_z,velocity_x,2,
trial,sphere_still,bias1_unsubtracted,converged_only,accel_gain_z,velocity_y,2,
trial,sphere_still,bias1_unsubtracted,converged_only,accel_gain_z,velocity_z,2,
trial,sphere_still,bias1_unsubtracted,converged_only,attitude_x,attitude_y,2,
trial,sphere_still,bias1_unsubtracted,converged_only,attitude_x,attitude_z,2,
trial,sphere_still,bias1_unsubtracted,converged_only,attitude_x,gravity_delta,2,
trial,sphere_still,bias1_unsubtracted,converged_only,attitude_x,gyro_bias_x,2,
trial,sphere_still,bias1_unsubtracted,converged_only,attitude_x,gyro_bias_y,2,
trial,sphere_still,bias1_unsubtracted,converged_only,attitude_x,gyro_bias_z,2,
trial,sphere_still,bias1_unsubtracted,converged_only,attitude_x,gyro_gain_x,2,
trial,sphere_still,bias1_unsubtracted,converged_only,attitude_x,gyro_gain_y,2,
trial,sphere_still,bias1_unsubtracted,converged_only,attitude_x,gyro_gain_z,2,
trial,sphere_still,bias1_unsubtracted,converged_only,attitude_x,lever_x,2,
trial,sphere_still,bias1_unsubtracted,converged_only,attitude_x,lever_y,2,
trial,sphere_still,bias1_unsubtracted,converged_only,attitude_x,lever_z,2,
trial,sphere_still,bias1_unsubtracted,converged_only,attitude_x,position_x,2,
trial,sphere_still,bias1_unsubtracted,converged_only,attitude_x,position_y,2,
trial,sphere_still,bias1_unsubtracted,converged_only,attitude_x,position_z,2,
trial,sphere_still,bias1_unsubtracted,converged_only,attitude_x,time_offset,2,
trial,sphere_still,bias1_unsubtracted,converged_only,attitude_x,velocity_x,2,
trial,sphere_still,bias1_unsubtracted,converged_only,attitude_x,velocity_y,2,
trial,sphere_still,bias1_unsubtracted,converged_only,attitude_x,velocity_z,2,
trial,sphere_still,bias1_unsubtracted,converged_only,attitude_y,attitude_z,2,
trial,sphere_still,bias1_unsubtracted,converged_only,attitude_y,gravity_delta,2,
trial,sphere_still,bias1_unsubtracted,converged_only,attitude_y,gyro_bias_x,2,
trial,sphere_still,bias1_unsubtracted,converged_only,attitude_y,gyro_bias_y,2,
trial,sphere_still,bias1_unsubtracted,converged_only,attitude_y,gyro_bias_z,2,
trial,sphere_still,bias1_unsubtracted,converged_only,attitude_y,gyro_gain_x,2,
trial,sphere_still,bias1_unsubtracted,converged_only,attitude_y,gyro_gain_y,2,
trial,sphere_still,bias1_unsubtracted,converged_only,attitude_y,gyro_gain_z,2,
trial,sphere_still,bias1_unsubtracted,converged_only,attitude_y,lever_x,2,
trial,sphere_still,bias1_unsubtracted,converged_only,attitude_y,lever_y,2,
trial,sphere_still,bias1_unsubtracted,converged_only,attitude_y,lever_z,2,
trial,sphere_still,bias1_unsubtracted,converged_only,attitude_y,position_x,2,
trial,sphere_still,bias1_unsubtracted,converged_only,attitude_y,position_y,2,
trial,sphere_still,bias1_unsubtracted,converged_only,attitude_y,position_z,2,
trial,sphere_still,bias1_unsubtracted,converged_only,attitude_y,time_offset,2,
trial,sphere_still,bias1_unsubtracted,converged_only,attitude_y,velocity_x,2,
trial,sphere_still,bias1_unsubtracted,converged_only,attitude_y,velocity_y,2,
trial,sphere_still,bias1_unsubtracted,converged_only,attitude_y,velocity_z,2,
trial,sphere_still,bias1_unsubtracted,converged_only,attitude_z,gravity_delta,2,
trial,sphere_still,bias1_unsubtracted,converged_only,attitude_z,gyro_bias_x,2,
trial,sphere_still,bias1_unsubtracted,converged_only,attitude_z,gyro_bias_y,2,
trial,sphere_still,bias1_unsubtracted,converged_only,attitude_z,gyro_bias_z,2,
trial,sphere_still,bias1_unsubtracted,converged_only,attitude_z,gyro_gain_x,2,
trial,sphere_still,bias1_unsubtracted,converged_only,attitude_z,gyro_gain_y,2,
trial,sphere_still,bias1_unsubtracted,converged_only,attitude_z,gyro_gain_z,2,
trial,sphere_still,bias1_unsubtracted,converged_only,attitude_z,lever_x,2,
trial,sphere_still,bias1_unsubtracted,converged_only,attitude_z,lever_y,2,
trial,sphere_still,bias1_unsubtracted,converged_only,attitude_z,lever_z,2,
trial,sphere_still,bias1_unsubtracted,converged_only,attitude_z,position_x,2,
trial,sphere_still,bias1_unsubtracted,converged_only,attitude_z,position_y,2,
trial,sphere_still,bias1_unsubtracted,converged_only,attitude_z,position_z,2,
trial,sphere_still,bias1_unsubtracted,converged_only,attitude_z,time_offset,2,
trial,sphere_still,bias1_unsubtracted,converged_only,attitude_z,velocity_x,2,
trial,sphere_still,bias1_unsubtracted,converged_only,attitude_z,velocity_y,2,
trial,sphere_still,bias1_unsubtracted,converged_only,attitude_z,velocity_z,2,
trial,sphere_still,bias1_unsubtracted,converged_only,gravity_delta,gyro_bias_x,2,
trial,sphere_still,bias1_unsubtracted,converged_only,gravity_delta,gyro_bias_y,2,
trial,sphere_still,bias1_unsubtracted,converged_only,gravity_delta,gyro_bias_z,2,
trial,sphere_still,bias1_unsubtracted,converged_only,gravity_delta,gyro_gain_x,2,
trial,sphere_still,bias1_unsubtracted,converged_only,gravity_delta,gyro_gain_y,2,
trial,sphere_still,bias1_unsubtracted,converged_only,gravity_delta,gyro_gain_z,2,
trial,sphere_still,bias1_unsubtracted,converged_only,gravity_delta,lever_x,2,
trial,sphere_still,bias1_unsubtracted,converged_only,gravity_delta,lever_y,2,
trial,sphere_still,bias1_unsubtracted,converged_only,gravity_delta,lever_z,2,
trial,sphere_still,bias1_unsubtracted,converged_only,gravity_delta,position_x,2,
trial,sphere_still,bias1_unsubtracted,converged_only,gravity_delta,position_y,2,
trial,sphere_still,bias1_unsubtracted,converged_only,gravity_delta,position_z,2,
trial,sphere_still,bias1_unsubtracted,converged_only,gravity_delta,time_offset,2,
trial,sphere_still,bias1_unsubtracted,converged_only,gravity_delta,velocity_x,2,
trial,sphere_still,bias1_unsubtracted,converged_only,gravity_delta,velocity_y,2,
trial,sphere_still,bias1_unsubtracted,converged_only,gravity_delta,velocity_z,2,
trial,sphere_still,bias1_unsubtracted,converged_only,gyro_bias_x,gyro_bias_y,2,
trial,sphere_still,bias1_unsubtracted,converged_only,gyro_bias_x,gyro_bias_z,2,
trial,sphere_still,bias1_unsubtracted,converged_only,gyro_bias_x,gyro_gain_x,2,
trial,sphere_still,bias1_unsubtracted,converged_only,gyro_bias_x,gyro_gain_y,2,
trial,sphere_still,bias1_unsubtracted,converged_only,gyro_bias_x,gyro_gain_z,2,
trial,sphere_still,bias1_unsubtracted,converged_only,gyro_bias_x,lever_x,2,
trial,sphere_still,bias1_unsubtracted,converged_only,gyro_bias_x,lever_y,2,
trial,sphere_still,bias1_unsubtracted,converged_only,gyro_bias_x,lever_z,2,
trial,sphere_still,bias1_unsubtracted,converged_only,gyro_bias_x,position_x,2,
trial,sphere_still,bias1_unsubtracted,converged_only,gyro_bias_x,position_y,2,
trial,sphere_still,bias1_unsubtracted,converged_only,gyro_bias_x,position_z,2,
trial,sphere_still,bias1_unsubtracted,converged_only,gyro_bias_x,time_offset,2,
trial,sphere_still,bias1_unsubtracted,converged_only,gyro_bias_x,velocity_x,2,
trial,sphere_still,bias1_unsubtracted,converged_only,gyro_bias_x,velocity_y,2,
trial,sphere_still,bias1_unsubtracted,converged_only,gyro_bias_x,velocity_z,2,
trial,sphere_still,bias1_unsubtracted,converged_only,gyro_bias_y,gyro_bias_z,2,
trial,sphere_still,bias1_unsubtracted,converged_only,gyro_bias_y,gyro_gain_x,2,
trial,sphere_still,bias1_unsubtracted,converged_only,gyro_bias_y,gyro_gain_y,2,
trial,sphere_still,bias1_unsubtracted,converged_only,gyro_bias_y,gyro_gain_z,2,
trial,sphere_still,bias1_unsubtracted,converged_only,gyro_bias_y,lever_x,2,
trial,sphere_still,bias1_unsubtracted,converged_only,gyro_bias_y,lever_y,2,
trial,sphere_still,bias1_unsubtracted,converged_only,gyro_bias_y,lever_z,2,
trial,sphere_still,bias1_unsubtracted,converged_only,gyro_bias_y,position_x,2,
trial,sphere_still,bias1_unsubtracted,converged_only,gyro_bias_y,position_y,2,
trial,sphere_still,bias1_unsubtracted,converged_only,gyro_bias_y,position_z,2,
trial,sphere_still,bias1_unsubtracted,converged_only,gyro_bias_y,time_offset,2,
trial,sphere_still,bias1_unsubtracted,converged_only,gyro_bias_y,velocity_x,2,
trial,sphere_still,bias1_unsubtracted,converged_only,gyro_bias_y,velocity_y,2,
trial,sphere_still,bias1_unsubtracted,converged_only,gyro_bias_y,velocity_z,2,
trial,sphere_still,bias1_unsubtracted,converged_only,gyro_bias_z,gyro_gain_x,2,
trial,sphere_still,bias1_unsubtracted,converged_only,gyro_bias_z,gyro_gain_y,2,
trial,sphere_still,bias1_unsubtracted,converged_only,gyro_bias_z,gyro_gain_z,2,
trial,sphere_still,bias1_unsubtracted,converged_only,gyro_bias_z,lever_x,2,
trial,sphere_still,bias1_unsubtracted,converged_only,gyro_bias_z,lever_y,2,
trial,sphere_still,bias1_unsubtracted,converged_only,gyro_bias_z,lever_z,2,
trial,sphere_still,bias1_unsubtracted,converged_only,gyro_bias_z,position_x,2,
trial,sphere_still,bias1_unsubtracted,converged_only,gyro_bias_z,position_y,2,
trial,sphere_still,bias1_unsubtracted,converged_only,gyro_bias_z,position_z,2,
trial,sphere_still,bias1_unsubtracted,converged_only,gyro_bias_z,time_offset,2,
trial,sphere_still,bias1_unsubtracted,converged_only,gyro_bias_z,velocity_x,2,
trial,sphere_still,bias1_unsubtracted,converged_only,gyro_bias_z,velocity_y,2,
trial,sphere_still,bias1_unsubtracted,converged_only,gyro_bias_z,velocity_z,2,
trial,sphere_still,bias1_unsubtracted,converged_only,gyro_gain_x,gyro_gain_y,2,
trial,sphere_still,bias1_unsubtracted,converged_only,gyro_gain_x,gyro_gain_z,2,
trial,sphere_still,bias1_unsubtracted,converged_only,gyro_gain_x,lever_x,2,
trial,sphere_still,bias1_unsubtracted,converged_only,gyro_gain_x,lever_y,2,
trial,sphere_still,bias1_unsubtracted,converged_only,gyro_gain_x,lever_z,2,
trial,sphere_still,bias1_unsubtracted,converged_only,gyro_gain_x,position_x,2,
trial,sphere_still,bias1_unsubtracted,converged_only,gyro_gain_x,position_y,2,
trial,sphere_still,bias1_unsubtracted,converged_only,gyro_gain_x,position_z,2,
trial,sphere_still,bias1_unsubtracted,converged_only,gyro_gain_x,time_offset,2,
trial,sphere_still,bias1_unsubtracted,converged_only,gyro_gain_x,velocity_x,2,
trial,sphere_still,bias1_unsubtracted,converged_only,gyro_gain_x,velocity_y,2,
trial,sphere_still,bias1_unsubtracted,converged_only,gyro_gain_x,velocity_z,2,
trial,sphere_still,bias1_unsubtracted,converged_only,gyro_gain_y,gyro_gain_z,2,
trial,sphere_still,bias1_unsubtracted,converged_only,gyro_gain_y,lever_x,2,
trial,sphere_still,bias1_unsubtracted,converged_only,gyro_gain_y,lever_y,2,
trial,sphere_still,bias1_unsubtracted,converged_only,gyro_gain_y,lever_z,2,
trial,sphere_still,bias1_unsubtracted,converged_only,gyro_gain_y,position_x,2,
trial,sphere_still,bias1_unsubtracted,converged_only,gyro_gain_y,position_y,2,
trial,sphere_still,bias1_unsubtracted,converged_only,gyro_gain_y,position_z,2,
trial,sphere_still,bias1_unsubtracted,converged_only,gyro_gain_y,time_offset,2,
trial,sphere_still,bias1_unsubtracted,converged_only,gyro_gain_y,velocity_x,2,
trial,sphere_still,bias1_unsubtracted,converged_only,gyro_gain_y,velocity_y,2,
trial,sphere_still,bias1_unsubtracted,converged_only,gyro_gain_y,velocity_z,2,
trial,sphere_still,bias1_unsubtracted,converged_only,gyro_gain_z,lever_x,2,
trial,sphere_still,bias1_unsubtracted,converged_only,gyro_gain_z,lever_y,2,
trial,sphere_still,bias1_unsubtracted,converged_only,gyro_gain_z,lever_z,2,
trial,sphere_still,bias1_unsubtracted,converged_only,gyro_gain_z,position_x,2,
trial,sphere_still,bias1_unsubtracted,converged_only,gyro_gain_z,position_y,2,
trial,sphere_still,bias1_unsubtracted,converged_only,gyro_gain_z,position_z,2,
trial,sphere_still,bias1_unsubtracted,converged_only,gyro_gain_z,time_offset,2,
trial,sphere_still,bias1_unsubtracted,converged_only,gyro_gain_z,velocity_x,2,
trial,sphere_still,bias1_unsubtracted,converged_only,gyro_gain_z,velocity_y,2,
trial,sphere_still,bias1_unsubtracted,converged_only,gyro_gain_z,velocity_z,2,
trial,sphere_still,bias1_unsubtracted,converged_only,lever_x,lever_y,2,
trial,sphere_still,bias1_unsubtracted,converged_only,lever_x,lever_z,2,
trial,sphere_still,bias1_unsubtracted,converged_only,lever_x,position_x,2,
trial,sphere_still,bias1_unsubtracted,converged_only,lever_x,position_y,2,
trial,sphere_still,bias1_unsubtracted,converged_only,lever_x,position_z,2,
trial,sphere_still,bias1_unsubtracted,converged_only,lever_x,time_offset,2,
trial,sphere_still,bias1_unsubtracted,converged_only,lever_x,velocity_x,2,
trial,sphere_still,bias1_unsubtracted,converged_only,lever_x,velocity_y,2,
trial,sphere_still,bias1_unsubtracted,converged_only,lever_x,velocity_z,2,
trial,sphere_still,bias1_unsubtracted,converged_only,lever_y,lever_z,2,
trial,sphere_still,bias1_unsubtracted,converged_only,lever_y,position_x,2,
trial,sphere_still,bias1_unsubtracted,converged_only,lever_y,position_y,2,
trial,sphere_still,bias1_unsubtracted,converged_only,lever_y,position_z,2,
trial,sphere_still,bias1_unsubtracted,converged_only,lever_y,time_offset,2,
trial,sphere_still,bias1_unsubtracted,converged_only,lever_y,velocity_x,2,
trial,sphere_still,bias1_unsubtracted,converged_only,lever_y,velocity_y,2,
trial,sphere_still,bias1_unsubtracted,converged_only,lever_y,velocity_z,2,
trial,sphere_still,bias1_unsubtracted,converged_only,lever_z,position_x,2,
trial,sphere_still,bias1_unsubtracted,converged_only,lever_z,position_y,2,
trial,sphere_still,bias1_unsubtracted,converged_only,lever_z,position_z,2,
trial,sphere_still,bias1_unsubtracted,converged_only,lever_z,time_offset,2,
trial,sphere_still,bias1_unsubtracted,converged_only,lever_z,velocity_x,2,
trial,sphere_still,bias1_unsubtracted,converged_only,lever_z,velocity_y,2,
trial,sphere_still,bias1_unsubtracted,converged_only,lever_z,velocity_z,2,
trial,sphere_still,bias1_unsubtracted,converged_only,position_x,position_y,2,
trial,sphere_still,bias1_unsubtracted,converged_only,position_x,position_z,2,
trial,sphere_still,bias1_unsubtracted,converged_only,position_x,time_offset,2,
trial,sphere_still,bias1_unsubtracted,converged_only,position_x,velocity_x,2,
trial,sphere_still,bias1_unsubtracted,converged_only,position_x,velocity_y,2,
trial,sphere_still,bias1_unsubtracted,converged_only,position_x,velocity_z,2,
trial,sphere_still,bias1_unsubtracted,converged_only,position_y,position_z,2,
trial,sphere_still,bias1_unsubtracted,converged_only,position_y,time_offset,2,
trial,sphere_still,bias1_unsubtracted,converged_only,position_y,velocity_x,2,
trial,sphere_still,bias1_unsubtracted,converged_only,position_y,velocity_y,2,
trial,sphere_still,bias1_unsubtracted,converged_only,position_y,velocity_z,2,
trial,sphere_still,bias1_unsubtracted,converged_only,position_z,time_offset,2,
trial,sphere_still,bias1_unsubtracted,converged_only,position_z,velocity_x,2,
trial,sphere_still,bias1_unsubtracted,converged_only,position_z,velocity_y,2,
trial,sphere_still,bias1_unsubtracted,converged_only,position_z,velocity_z,2,
trial,sphere_still,bias1_unsubtracted,converged_only,time_offset,velocity_x,2,
trial,sphere_still,bias1_unsubtracted,converged_only,time_offset,velocity_y,2,
trial,sphere_still,bias1_unsubtracted,converged_only,time_offset,velocity_z,2,
trial,sphere_still,bias1_unsubtracted,converged_only,velocity_x,velocity_y,2,
trial,sphere_still,bias1_unsubtracted,converged_only,velocity_x,velocity_z,2,
trial,sphere_still,bias1_unsubtracted,converged_only,velocity_y,velocity_z,2,
