task_id,filename,source_sha256,epochs,covariance_calibrated,empirical_earth_fit_attempts,method,assumption,span_s,velocity_north_median_sigma,velocity_north_p95_sigma,velocity_north_supported_windows,velocity_east_median_sigma,velocity_east_p95_sigma,velocity_east_supported_windows,velocity_up_median_sigma,velocity_up_p95_sigma,velocity_up_supported_windows,acceleration_north_median_sigma,acceleration_north_p95_sigma,acceleration_north_supported_windows,acceleration_east_median_sigma,acceleration_east_p95_sigma,acceleration_east_supported_windows,acceleration_up_median_sigma,acceleration_up_p95_sigma,acceleration_up_supported_windows
594999d9bb7345ad87d3,ILVIS0_gyro_54935_lvis_applanix_POSAV.013,c83dfe2728b03bcdcd84edce7c538adf730380d7f7eb78cdbe068103094fb79a,489,False,0,l1_broadcast,formal_only,2.0,0.38373039951781157,0.4849163876105536,487,0.28855512356105345,0.44802211863441843,487,1.0021993792821104,1.3165039588787113,487,1.3340300213503509,1.7410800164025355,487,1.0012085779108422,1.5642407940204923,487,3.4391808112708806,4.573457324015322,487
594999d9bb7345ad87d3,ILVIS0_gyro_54935_lvis_applanix_POSAV.013,c83dfe2728b03bcdcd84edce7c538adf730380d7f7eb78cdbe068103094fb79a,489,False,0,l1_broadcast,h1_v3_tau0,2.0,0.8045204898907894,0.8574077906444538,487,0.7637200131418262,0.8370951258333375,487,2.3461545959492085,2.4966423267109534,487,2.7891999028151466,3.0052221882897374,487,2.646208347141671,2.906348315467098,487,8.113443452234932,8.655433341008923,487
594999d9bb7345ad87d3,ILVIS0_gyro_54935_lvis_applanix_POSAV.013,c83dfe2728b03bcdcd84edce7c538adf730380d7f7eb78cdbe068103094fb79a,489,False,0,l1_broadcast,h1_v3_tau10,2.0,0.48773747253530203,0.5707738016675862,487,0.4170166446730395,0.5397802724033687,487,1.3491304604235554,1.5965378667614523,487,1.4759397886540986,1.8520588331564436,487,1.1837148213782485,1.6868946764832728,487,3.926426378964519,4.950290323194928,487
594999d9bb7345ad87d3,ILVIS0_gyro_54935_lvis_applanix_POSAV.013,c83dfe2728b03bcdcd84edce7c538adf730380d7f7eb78cdbe068103094fb79a,489,False,0,l1_broadcast,h1_v3_tau60,2.0,0.4045308003268879,0.5015376890472268,487,0.31569005089224467,0.46596136345265626,487,1.0732981579806078,1.37140376235011,487,1.3587849970672659,1.7601193763767986,487,1.0339628556545555,1.5854053908892458,487,3.525324068243015,4.638583575455858,487
594999d9bb7345ad87d3,ILVIS0_gyro_54935_lvis_applanix_POSAV.013,c83dfe2728b03bcdcd84edce7c538adf730380d7f7eb78cdbe068103094fb79a,489,False,0,l1_broadcast,h1_v3_tau300,2.0,0.38804054624046463,0.48833425984826906,487,0.29426264687491976,0.45171923813068854,487,1.0170258649345834,1.327825570370558,487,1.3390180663224451,1.7449048434561747,487,1.0078451768779437,1.5684969339684893,487,3.4565827357780363,4.586557703277084,487
594999d9bb7345ad87d3,ILVIS0_gyro_54935_lvis_applanix_POSAV.013,c83dfe2728b03bcdcd84edce7c538adf730380d7f7eb78cdbe068103094fb79a,489,False,0,l1_broadcast,h3_v10_tau0,2.0,2.1557566680342766,2.1760472695845854,487,2.140864743881192,2.168124055930018,487,7.141766133795973,7.192607722887432,487,7.46857657775992,7.551911064850815,487,7.416361548393006,7.513112832271967,487,24.735156450942743,24.918196789298925,487
594999d9bb7345ad87d3,ILVIS0_gyro_54935_lvis_applanix_POSAV.013,c83dfe2728b03bcdcd84edce7c538adf730380d7f7eb78cdbe068103094fb79a,489,False,0,l1_broadcast,h3_v10_tau10,2.0,0.9813248304834269,1.0251308824619545,487,0.9481632046976733,1.0082030960272075,487,3.1730562327094005,3.2858891905295033,487,2.3170014144748827,2.5729787629874723,487,2.1427267845660682,2.4567698618712783,487,7.190561927933214,7.796970001866248,487
594999d9bb7345ad87d3,ILVIS0_gyro_54935_lvis_applanix_POSAV.013,c83dfe2728b03bcdcd84edce7c538adf730380d7f7eb78cdbe068103094fb79a,489,False,0,l1_broadcast,h3_v10_tau60,2.0,0.5429681018303173,0.6186349916534446,487,0.48044708285559756,0.590160398992357,487,1.6260438142112792,1.8365182297333962,487,1.5425891323951646,1.9055983182283216,487,1.2658450734595843,1.7455078122767147,487,4.300467613146394,5.251911439901128,487
594999d9bb7345ad87d3,ILVIS0_gyro_54935_lvis_applanix_POSAV.013,c83dfe2728b03bcdcd84edce7c538adf730380d7f7eb78cdbe068103094fb79a,489,False,0,l1_broadcast,h3_v10_tau300,2.0,0.42093590204042874,0.5148610686062023,487,0.33645515815012406,0.4802727090760706,487,1.1563080026893087,1.4372987928484426,487,1.3782727068795058,1.7752068118275044,487,1.0594423878376744,1.6021390579839732,487,3.6278496468296586,4.71697376524337,487
594999d9bb7345ad87d3,ILVIS0_gyro_54935_lvis_applanix_POSAV.013,c83dfe2728b03bcdcd84edce7c538adf730380d7f7eb78cdbe068103094fb79a,489,False,0,l1_broadcast,h10_v30_tau0,2.0,7.0815018840296675,7.087705118185617,487,7.076982688500443,7.085276568786669,487,21.236953237737474,21.254104668687546,487,24.531197200663986,24.556696862316354,487,24.51535067292497,24.544793033391016,487,73.56512736788143,73.62687370672866,487
594999d9bb7345ad87d3,ILVIS0_gyro_54935_lvis_applanix_POSAV.013,c83dfe2728b03bcdcd84edce7c538adf730380d7f7eb78cdbe068103094fb79a,489,False,0,l1_broadcast,h10_v30_tau10,2.0,3.0349845600293626,3.049430469436908,487,3.024424956820033,3.0437815947547553,487,9.08731775260204,9.127328542631657,487,6.454134510892441,6.550387537984541,487,6.393640184066588,6.505619139512237,487,19.25393233430701,19.488521659790212,487
594999d9bb7345ad87d3,ILVIS0_gyro_54935_lvis_applanix_POSAV.013,c83dfe2728b03bcdcd84edce7c538adf730380d7f7eb78cdbe068103094fb79a,489,False,0,l1_broadcast,h10_v30_tau60,2.0,1.336736290154276,1.369218322684942,487,1.3125848350619678,1.3565909471957749,487,3.9700047361363824,4.060753588760144,487,2.9061474733693795,3.114067672203858,487,2.7692012667174377,3.018760988430831,487,8.474814334519591,8.995056424855884,487
594999d9bb7345ad87d3,ILVIS0_gyro_54935_lvis_applanix_POSAV.013,c83dfe2728b03bcdcd84edce7c538adf730380d7f7eb78cdbe068103094fb79a,489,False,0,l1_broadcast,h10_v30_tau300,2.0,0.6927435461727449,0.7535174312275701,487,0.6449098080997261,0.7303209038699677,487,1.9995512014155736,2.1741633395645965,487,1.764359517006742,2.0891836655665204,487,1.5283150931239595,1.9442693407273646,487,4.881385082034407,5.737288110207309,487
594999d9bb7345ad87d3,ILVIS0_gyro_54935_lvis_applanix_POSAV.013,c83dfe2728b03bcdcd84edce7c538adf730380d7f7eb78cdbe068103094fb79a,489,False,0,dual_frequency,formal_only,2.0,0.8593315972667748,1.415187526292992,487,0.6820765085538982,0.9695435250095612,487,2.2665132337749183,3.3653452213266264,487,2.9077796293539304,4.989916273379628,487,2.3430862289893692,3.4068289389379367,487,7.785062492992193,12.0326918275785,487
594999d9bb7345ad87d3,ILVIS0_gyro_54935_lvis_applanix_POSAV.013,c83dfe2728b03bcdcd84edce7c538adf730380d7f7eb78cdbe068103094fb79a,489,False,0,dual_frequency,h1_v3_tau0,2.0,1.1128589278076007,1.5820113838060166,487,0.9824624993663077,1.2000080243631832,487,3.1043711168507198,3.9781385451084543,487,3.8019971558229346,5.558715106237352,487,3.3896980804312986,4.196008563610702,487,10.70547514217813,14.09913768099527,487
594999d9bb7345ad87d3,ILVIS0_gyro_54935_lvis_applanix_POSAV.013,c83dfe2728b03bcdcd84edce7c538adf730380d7f7eb78cdbe068103094fb79a,489,False,0,dual_frequency,h1_v3_tau10,2.0,0.9105435830656826,1.446856791652388,487,0.7455650113317424,1.0152110982423963,487,2.439842544568412,3.4844365211521753,487,2.9755578526982074,5.029714760740882,487,2.426688121359626,3.464858729384368,487,8.012244222226904,12.180908546977106,487
594999d9bb7345ad87d3,ILVIS0_gyro_54935_lvis_applanix_POSAV.013,c83dfe2728b03bcdcd84edce7c538adf730380d7f7eb78cdbe068103094fb79a,489,False,0,dual_frequency,h1_v3_tau60,2.0,0.8688192809555274,1.4209686438906344,487,0.6939917235962466,0.9779625842333984,487,2.298836135736507,3.387198517993124,487,2.9192195777770387,4.996591404432791,487,2.3572682594203602,3.4165983176419523,487,7.8234994186306075,12.05759585962369,487
594999d9bb7345ad87d3,ILVIS0_gyro_54935_lvis_applanix_POSAV.013,c83dfe2728b03bcdcd84edce7c538adf730380d7f7eb78cdbe068103094fb79a,489,False,0,dual_frequency,h1_v3_tau300,2.0,0.8612649070254548,1.4163623058001358,487,0.6845106350770417,0.9712574823861873,487,2.2731080601214995,3.369790271385663,487,2.9100714178451983,4.991252130992751,487,2.3459297433114883,3.4087852261819336,487,7.792765720619269,12.037677193165395,487
594999d9bb7345ad87d3,ILVIS0_gyro_54935_lvis_applanix_POSAV.013,c83dfe2728b03bcdcd84edce7c538adf730380d7f7eb78cdbe068103094fb79a,489,False,0,dual_frequency,h3_v10_tau0,2.0,2.288774472577238,2.550057611198678,487,2.2282877183571297,2.3323922100341496,487,7.42546309349649,7.8310898646129505,487,7.9028591264735155,8.88253554177241,487,7.712979520035022,8.09978358689027,487,25.702280015979017,27.290762254489497,487
594999d9bb7345ad87d3,ILVIS0_gyro_54935_lvis_applanix_POSAV.013,c83dfe2728b03bcdcd84edce7c538adf730380d7f7eb78cdbe068103094fb79a,489,False,0,dual_frequency,h3_v10_tau10,2.0,1.2466756584895262,1.678840451263091,487,1.131802883425512,1.325052679030592,487,3.768416709837085,4.515465731303053,487,3.470452683685555,5.337429700583273,487,3.013123385010015,3.898120823949667,487,10.024141569562083,13.589035923649968,487
594999d9bb7345ad87d3,ILVIS0_gyro_54935_lvis_applanix_POSAV.013,c83dfe2728b03bcdcd84edce7c538adf730380d7f7eb78cdbe068103094fb79a,489,False,0,dual_frequency,h3_v10_tau60,2.0,0.9412843003854814,1.4663973212566443,487,0.782811409991062,1.0428711081466828,487,2.6032090059728503,3.6007170623826497,487,3.009173891021476,5.049674793009323,487,2.467792173178137,3.4937700545700467,487,8.202027496838879,12.306572690856584,487
594999d9bb7345ad87d3,ILVIS0_gyro_54935_lvis_applanix_POSAV.013,c83dfe2728b03bcdcd84edce7c538adf730380d7f7eb78cdbe068103094fb79a,489,False,0,dual_frequency,h3_v10_tau300,2.0,0.8765778962382959,1.425725694142503,487,0.703680593475169,0.9848617657726896,487,2.3387447146122486,3.414409621483409,487,2.928341156619328,5.00192614782785,487,2.3685549673048683,3.424395291057792,487,7.870230392255493,12.087969282941721,487
594999d9bb7345ad87d3,ILVIS0_gyro_54935_lvis_applanix_POSAV.013,c83dfe2728b03bcdcd84edce7c538adf730380d7f7eb78cdbe068103094fb79a,489,False,0,dual_frequency,h10_v30_tau0,2.0,7.123122258396433,7.211322767457891,487,7.103917811850213,7.137256876858868,487,21.334030595855335,21.478578346769147,487,24.666884326418007,24.997990064349764,487,24.606707481426284,24.730679250931644,487,73.89592138961255,74.46331788923904,487
594999d9bb7345ad87d3,ILVIS0_gyro_54935_lvis_applanix_POSAV.013,c83dfe2728b03bcdcd84edce7c538adf730380d7f7eb78cdbe068103094fb79a,489,False,0,dual_frequency,h10_v30_tau10,2.0,3.130867779731937,3.3266557294290697,487,3.0869257560919086,3.1628939253151778,487,9.311929047184561,9.638489970004265,487,6.9520787222034865,8.048331283610128,487,6.735448705417362,7.175145274399041,487,20.481531771360583,22.442630114108304,487
594999d9bb7345ad87d3,ILVIS0_gyro_54935_lvis_applanix_POSAV.013,c83dfe2728b03bcdcd84edce7c538adf730380d7f7eb78cdbe068103094fb79a,489,False,0,dual_frequency,h10_v30_tau60,2.0,1.542097819193836,1.9084996241753354,487,1.450807793411103,1.6061227511269083,487,4.460226031042452,5.107062025636447,487,3.888603786964274,5.618307127472496,487,3.4865613597908807,4.274639776453805,487,10.981881048880412,14.310143169853097,487
594999d9bb7345ad87d3,ILVIS0_gyro_54935_lvis_applanix_POSAV.013,c83dfe2728b03bcdcd84edce7c538adf730380d7f7eb78cdbe068103094fb79a,489,False,0,dual_frequency,h10_v30_tau300,2.0,1.0349373871452112,1.5282016870389765,487,0.8932373507478103,1.1281221381961084,487,2.851470436481124,3.784091686825365,487,3.128659582037318,5.121777592851695,487,2.612160309756633,3.5971951811649143,487,8.520983140828765,12.521406922046474,487
594999d9bb7345ad87d3,ILVIS0_gyro_54935_lvis_applanix_POSAV.013,c83dfe2728b03bcdcd84edce7c538adf730380d7f7eb78cdbe068103094fb79a,489,False,0,l1_broadcast,formal_only,6.0,0.10376509173226817,0.12643503316895016,483,0.0776515775248058,0.1167680767280259,483,0.2686105612319866,0.3415698891400547,483,0.12022255064652637,0.14508851072575768,483,0.08876260477094489,0.13599695034728915,483,0.30766529240939433,0.3927212352186858,483
594999d9bb7345ad87d3,ILVIS0_gyro_54935_lvis_applanix_POSAV.013,c83dfe2728b03bcdcd84edce7c538adf730380d7f7eb78cdbe068103094fb79a,489,False,0,l1_broadcast,h1_v3_tau0,6.0,0.21560537821795606,0.22738580204797573,483,0.20432389078713428,0.2221559833917786,483,0.6273898288098712,0.6619197408180014,483,0.24914355159827878,0.26204908699025936,483,0.23557981158149052,0.25712686301847265,483,0.7233459481636616,0.7634143177102763,483
594999d9bb7345ad87d3,ILVIS0_gyro_54935_lvis_applanix_POSAV.013,c83dfe2728b03bcdcd84edce7c538adf730380d7f7eb78cdbe068103094fb79a,489,False,0,l1_broadcast,h1_v3_tau10,6.0,0.19502284457470176,0.20797243499618587,483,0.18247323950621683,0.20224121927362682,483,0.5635175901421207,0.6017239526129821,483,0.16235464846821596,0.18153855337998592,483,0.14065692375778857,0.17435809050760553,483,0.44923052424216514,0.5112534727075205,483
594999d9bb7345ad87d3,ILVIS0_gyro_54935_lvis_applanix_POSAV.013,c83dfe2728b03bcdcd84edce7c538adf730380d7f7eb78cdbe068103094fb79a,489,False,0,l1_broadcast,h1_v3_tau60,6.0,0.12827299383155963,0.1472161149096132,483,0.10824294053838444,0.13900199804280466,483,0.3511873200502982,0.40969680233977884,483,0.1284226604337772,0.15195260454551307,483,0.09958774038332033,0.14329720618498054,483,0.3361669145138348,0.4154277725752698,483
594999d9bb7345ad87d3,ILVIS0_gyro_54935_lvis_applanix_POSAV.013,c83dfe2728b03bcdcd84edce7c538adf730380d7f7eb78cdbe068103094fb79a,489,False,0,l1_broadcast,h1_v3_tau300,6.0,0.10931982127825993,0.13103223544256998,483,0.08493171700958123,0.12173090885880913,483,0.2877573546658796,0.35682322009492773,483,0.12190820022908191,0.14648830518344938,483,0.09103267328196123,0.13748933874982036,483,0.3135781569969345,0.3973704791782455,483
594999d9bb7345ad87d3,ILVIS0_gyro_54935_lvis_applanix_POSAV.013,c83dfe2728b03bcdcd84edce7c538adf730380d7f7eb78cdbe068103094fb79a,489,False,0,l1_broadcast,h3_v10_tau0,6.0,0.576397048874231,0.580906345290852,483,0.5722727768999741,0.5788792307579026,483,1.9089264310170646,1.9205520834117211,483,0.6656011495297954,0.6705386678673587,483,0.6606437985610335,0.6686303960157391,483,2.2037610337915767,2.2172358379765593,483
594999d9bb7345ad87d3,ILVIS0_gyro_54935_lvis_applanix_POSAV.013,c83dfe2728b03bcdcd84edce7c538adf730380d7f7eb78cdbe068103094fb79a,489,False,0,l1_broadcast,h3_v10_tau10,6.0,0.5061300574520607,0.5112594831341345,483,0.501428168620702,0.5089550478235135,483,1.6729683792545476,1.686221624359312,483,0.34871706789529106,0.35805140443642225,483,0.3391591540313417,0.3544648203227107,483,1.133673212033122,1.1596495229991877,483
594999d9bb7345ad87d3,ILVIS0_gyro_54935_lvis_applanix_POSAV.013,c83dfe2728b03bcdcd84edce7c538adf730380d7f7eb78cdbe068103094fb79a,489,False,0,l1_broadcast,h3_v10_tau60,6.0,0.24889374122495284,0.2591654265707236,483,0.23918751566676444,0.2545892719344248,483,0.8005175213796969,0.8278576136195681,483,0.181117983492392,0.19849669642844286,483,0.16195388932074697,0.1919516517569231,483,0.5463970488999941,0.5984327777996192,483
594999d9bb7345ad87d3,ILVIS0_gyro_54935_lvis_applanix_POSAV.013,c83dfe2728b03bcdcd84edce7c538adf730380d7f7eb78cdbe068103094fb79a,489,False,0,l1_broadcast,h3_v10_tau300,6.0,0.14635523844792167,0.16321298803859693,483,0.12916047789874774,0.15584432231726103,483,0.43647971294875704,0.4848029002616711,483,0.13463576819030137,0.15723868617086742,483,0.1074808280483498,0.14889090024919796,483,0.3680661517541257,0.44163869299036457,483
594999d9bb7345ad87d3,ILVIS0_gyro_54935_lvis_applanix_POSAV.013,c83dfe2728b03bcdcd84edce7c538adf730380d7f7eb78cdbe068103094fb79a,489,False,0,l1_broadcast,h10_v30_tau0,6.0,1.8927798814686274,1.8941579405561912,483,1.8915280206548029,1.8935372418233407,483,5.676159617424182,5.680079950223333,483,2.1854880973340296,2.1869968995096625,483,2.183983416125334,2.186412573166035,483,6.5537623384813255,6.558305639212436,483
594999d9bb7345ad87d3,ILVIS0_gyro_54935_lvis_applanix_POSAV.013,c83dfe2728b03bcdcd84edce7c538adf730380d7f7eb78cdbe068103094fb79a,489,False,0,l1_broadcast,h10_v30_tau10,6.0,1.6545207036004206,1.6560970330029294,483,1.6530884222788316,1.655387074101411,483,4.961068001250073,4.965552934910045,483,1.0977296940559158,1.1007305283675186,483,1.094730934766101,1.099569096343574,483,3.2878064279860824,3.2968535265613843,483
594999d9bb7345ad87d3,ILVIS0_gyro_54935_lvis_applanix_POSAV.013,c83dfe2728b03bcdcd84edce7c538adf730380d7f7eb78cdbe068103094fb79a,489,False,0,l1_broadcast,h10_v30_tau60,6.0,0.7612121009894264,0.7646322558953796,483,0.7580939492718707,0.7630933552577983,483,2.278210185536036,2.287960194806246,483,0.4672742926560597,0.47428101311170884,483,0.4601854005713211,0.47157924092969256,483,1.3891307203401475,1.4104099488731443,483
594999d9bb7345ad87d3,ILVIS0_gyro_54935_lvis_applanix_POSAV.013,c83dfe2728b03bcdcd84edce7c538adf730380d7f7eb78cdbe068103094fb79a,489,False,0,l1_broadcast,h10_v30_tau300,6.0,0.35934676911400293,0.366536116185671,483,0.35269345571268745,0.3633148844446521,483,1.0664979088116213,1.0871696509675786,483,0.2350919428600002,0.24872763470566253,483,0.2206661730294337,0.24353631296548692,483,0.6796990299955967,0.7221930698591743,483
594999d9bb7345ad87d3,ILVIS0_gyro_54935_lvis_applanix_POSAV.013,c83dfe2728b03bcdcd84edce7c538adf730380d7f7eb78cdbe068103094fb79a,489,False,0,dual_frequency,formal_only,6.0,0.23961782022330155,0.35474739971884395,483,0.18472586915704525,0.2509579525470925,483,0.6180518958186006,0.8590415682946219,483,0.278011343721762,0.4096575786090056,483,0.21358925283274557,0.2929716538564564,483,0.7147649766974686,0.9810488289146726,483
594999d9bb7345ad87d3,ILVIS0_gyro_54935_lvis_applanix_POSAV.013,c83dfe2728b03bcdcd84edce7c538adf730380d7f7eb78cdbe068103094fb79a,489,False,0,dual_frequency,h1_v3_tau0,6.0,0.3051805770734244,0.4019505510739603,483,0.2642766194541766,0.3141629849459515,483,0.8387219501203501,1.0292807611371781,483,0.3534251757543983,0.46415341727621123,483,0.3053513002177952,0.36531013333215195,483,0.9692576543338522,1.1794188196634625,483
594999d9bb7345ad87d3,ILVIS0_gyro_54935_lvis_applanix_POSAV.013,c83dfe2728b03bcdcd84edce7c538adf730380d7f7eb78cdbe068103094fb79a,489,False,0,dual_frequency,h1_v3_tau10,6.0,0.29100415016347914,0.39129588284465316,483,0.24777078596886287,0.3004107380211754,483,0.7920786493266856,0.9916415398859287,483,0.29865678869441603,0.42393974399100015,483,0.2398456568731898,0.312630739481623,483,0.7861546308906826,1.0342181130267722,483
594999d9bb7345ad87d3,ILVIS0_gyro_54935_lvis_applanix_POSAV.013,c83dfe2728b03bcdcd84edce7c538adf730380d7f7eb78cdbe068103094fb79a,489,False,0,dual_frequency,h1_v3_tau60,6.0,0.2512040335123458,0.36267408608134966,483,0.1995254706049609,0.2620432429190011,483,0.6581557916509694,0.8883317729185066,483,0.28165444300935916,0.4121386302925724,483,0.21831007066689148,0.29643095593048113,483,0.7274883051800398,0.9903570560749346,483
594999d9bb7345ad87d3,ILVIS0_gyro_54935_lvis_applanix_POSAV.013,c83dfe2728b03bcdcd84edce7c538adf730380d7f7eb78cdbe068103094fb79a,489,False,0,dual_frequency,h1_v3_tau300,6.0,0.2420750479307422,0.3564117681628335,483,0.18790230386541426,0.25330519759072595,483,0.6266105708363915,0.8652196730121271,483,0.27874442566106505,0.4101554333182157,483,0.21454257508659635,0.293667394011178,483,0.7173299800688445,0.9829191927709059,483
594999d9bb7345ad87d3,ILVIS0_gyro_54935_lvis_applanix_POSAV.013,c83dfe2728b03bcdcd84edce7c538adf730380d7f7eb78cdbe068103094fb79a,489,False,0,dual_frequency,h3_v10_tau0,6.0,0.6155347784303362,0.6688140406706289,483,0.5963136845860092,0.6200373077233204,483,1.9884256665400273,2.076006066793475,483,0.7112395769425435,0.7722634333129819,483,0.6886158562631847,0.7172195960136711,483,2.2962564608113993,2.3925640984190077,483
594999d9bb7345ad87d3,ILVIS0_gyro_54935_lvis_applanix_POSAV.013,c83dfe2728b03bcdcd84edce7c538adf730380d7f7eb78cdbe068103094fb79a,489,False,0,dual_frequency,h3_v10_tau10,6.0,0.5502882340762764,0.6092998333519093,483,0.5287003759503545,0.5553200336893349,483,1.7631391636241287,1.861350115863608,483,0.429465294285245,0.5243753337821253,483,0.3908586709837495,0.43929785873764327,483,1.3043948755808077,1.4673154925719625,483
594999d9bb7345ad87d3,ILVIS0_gyro_54935_lvis_applanix_POSAV.013,c83dfe2728b03bcdcd84edce7c538adf730380d7f7eb78cdbe068103094fb79a,489,False,0,dual_frequency,h3_v10_tau60,6.0,0.32954149955250583,0.4207453791162644,483,0.2920694213617262,0.3378768961705907,483,0.9750204174044239,1.1430788405761965,483,0.30925809528349213,0.4314737545415787,483,0.2529241609377093,0.32277341874929855,483,0.8454470857520282,1.0799763433342593,483
594999d9bb7345ad87d3,ILVIS0_gyro_54935_lvis_applanix_POSAV.013,c83dfe2728b03bcdcd84edce7c538adf730380d7f7eb78cdbe068103094fb79a,489,False,0,dual_frequency,h3_v10_tau300,6.0,0.2609010565856498,0.36945689108386565,483,0.21160413109097798,0.2713531949855893,483,0.7073549689762791,0.9253730979131308,483,0.284541096557625,0.41411672460869375,483,0.22202183973178513,0.29917507382138103,483,0.7427676163020746,1.0016344808405064,483
594999d9bb7345ad87d3,ILVIS0_gyro_54935_lvis_applanix_POSAV.013,c83dfe2728b03bcdcd84edce7c538adf730380d7f7eb78cdbe068103094fb79a,489,False,0,dual_frequency,h10_v30_tau0,6.0,1.9050630396915351,1.9229389981639484,483,1.8989397389506626,1.9065225898593108,483,5.703387108972758,5.734508621006102,483,2.199817053562123,2.22029821442946,483,2.1926069257462477,2.2017577762997522,483,6.58544089860779,6.619637550890234,483
594999d9bb7345ad87d3,ILVIS0_gyro_54935_lvis_applanix_POSAV.013,c83dfe2728b03bcdcd84edce7c538adf730380d7f7eb78cdbe068103094fb79a,489,False,0,dual_frequency,h10_v30_tau10,6.0,1.668558738597114,1.6889397466035883,483,1.6615640857686023,1.6702249742356399,483,4.992197134063017,5.027722827742483,483,1.1259872675861473,1.1654940636434326,483,1.1118351444588306,1.1297741169799338,483,3.3505077447554985,3.4172315582231954,483
594999d9bb7345ad87d3,ILVIS0_gyro_54935_lvis_applanix_POSAV.013,c83dfe2728b03bcdcd84edce7c538adf730380d7f7eb78cdbe068103094fb79a,489,False,0,dual_frequency,h10_v30_tau60,6.0,0.7912606196438042,0.8333801924413609,483,0.7764021607172126,0.7947682480567684,483,2.3452245440042074,2.4199261838921617,483,0.5302660748447369,0.609681205955766,483,0.49951193361011387,0.538260441636651,483,1.5316380766854525,1.67256812541226,483
594999d9bb7345ad87d3,ILVIS0_gyro_54935_lvis_applanix_POSAV.013,c83dfe2728b03bcdcd84edce7c538adf730380d7f7eb78cdbe068103094fb79a,489,False,0,dual_frequency,h10_v30_tau300,6.0,0.419260785167219,0.49417478497865647,483,0.39049526622776404,0.4258436383473392,483,1.2030188285389238,1.3428398181622299,483,0.3436641778709452,0.45676482492639037,483,0.2939985184305926,0.35587525960592314,483,0.9371348948454166,1.153165256681737,483
594999d9bb7345ad87d3,ILVIS0_gyro_54935_lvis_applanix_POSAV.013,c83dfe2728b03bcdcd84edce7c538adf730380d7f7eb78cdbe068103094fb79a,489,False,0,l1_broadcast,formal_only,12.0,0.04107731110489899,0.04950703803670854,477,0.030097150443913086,0.045565227007775704,477,0.10514448719436591,0.1309236423579487,477,0.02470130542186048,0.029636517052151097,477,0.018186191248306154,0.0274545947770822,477,0.06313337001706647,0.07909713913133871,477
594999d9bb7345ad87d3,ILVIS0_gyro_54935_lvis_applanix_POSAV.013,c83dfe2728b03bcdcd84edce7c538adf730380d7f7eb78cdbe068103094fb79a,489,False,0,l1_broadcast,h1_v3_tau0,12.0,0.08477057344462333,0.08916084441314295,477,0.08002838933381802,0.08703387019243257,477,0.24605630432496697,0.25812660047823127,477,0.05107011344755394,0.053631398646312695,477,0.048257015553409055,0.052457191670388155,477,0.1482155200771154,0.1556867868916749,477
594999d9bb7345ad87d3,ILVIS0_gyro_54935_lvis_applanix_POSAV.013,c83dfe2728b03bcdcd84edce7c538adf730380d7f7eb78cdbe068103094fb79a,489,False,0,l1_broadcast,h1_v3_tau10,12.0,0.11404018228393364,0.11734040276882847,477,0.11056064468239905,0.11573248297765476,477,0.3360293474937324,0.3449657364998156,477,0.04604782913703135,0.04887302774968771,477,0.04290670845927437,0.04758154078568895,477,0.13258225793036799,0.14088502518909465,477
594999d9bb7345ad87d3,ILVIS0_gyro_54935_lvis_applanix_POSAV.013,c83dfe2728b03bcdcd84edce7c538adf730380d7f7eb78cdbe068103094fb79a,489,False,0,l1_broadcast,h1_v3_tau60,12.0,0.06739489765264847,0.07284007985040757,477,0.06132344744749632,0.07022048608022613,477,0.191697427904985,0.20696265565301114,477,0.029750847491008075,0.03396000868692133,477,0.02461089167440211,0.0320735604438693,477,0.08037691423359394,0.09343973154765477,477
594999d9bb7345ad87d3,ILVIS0_gyro_54935_lvis_applanix_POSAV.013,c83dfe2728b03bcdcd84edce7c538adf730380d7f7eb78cdbe068103094fb79a,489,False,0,l1_broadcast,h1_v3_tau300,12.0,0.047992354693670525,0.05537931750505206,477,0.0390097306614383,0.05188555230581332,477,0.12883574341104245,0.1506130330776694,477,0.02579397769860704,0.03055320098036977,477,0.019644651895418527,0.028441687498599547,477,0.06695069509319271,0.08217621677534404,477
594999d9bb7345ad87d3,ILVIS0_gyro_54935_lvis_applanix_POSAV.013,c83dfe2728b03bcdcd84edce7c538adf730380d7f7eb78cdbe068103094fb79a,489,False,0,l1_broadcast,h3_v10_tau0,12.0,0.22622043939110195,0.22790194172340802,477,0.22448648105295366,0.22707825004019683,477,0.7489498158351654,0.7530016358725671,477,0.13635311683845736,0.13733296606957351,477,0.13532463018289737,0.1368786798655447,477,0.4514266520819428,0.4539345299664922,477
594999d9bb7345ad87d3,ILVIS0_gyro_54935_lvis_applanix_POSAV.013,c83dfe2728b03bcdcd84edce7c538adf730380d7f7eb78cdbe068103094fb79a,489,False,0,l1_broadcast,h3_v10_tau10,12.0,0.3217882917032657,0.3229726190913238,477,0.32057167319421864,0.32239191851023347,477,1.0690356083694228,1.07187815023432,477,0.11917376891643072,0.12029363349464277,477,0.11799563661560865,0.11977473742308781,477,0.39371389393648754,0.3965868953482079,477
594999d9bb7345ad87d3,ILVIS0_gyro_54935_lvis_applanix_POSAV.013,c83dfe2728b03bcdcd84edce7c538adf730380d7f7eb78cdbe068103094fb79a,489,False,0,l1_broadcast,h3_v10_tau60,12.0,0.16546868635977444,0.1677602269167773,477,0.16309009517093392,0.166639522946942,477,0.5445438801305149,0.5501033306330446,477,0.05554079961205746,0.057904671367583885,477,0.05296568213591378,0.05681884284537023,477,0.17743073605954124,0.18371772190057892,477
594999d9bb7345ad87d3,ILVIS0_gyro_54935_lvis_applanix_POSAV.013,c83dfe2728b03bcdcd84edce7c538adf730380d7f7eb78cdbe068103094fb79a,489,False,0,l1_broadcast,h3_v10_tau300,12.0,0.08503311755144846,0.0894104979665281,477,0.08030643845765627,0.08728960716541258,477,0.26953186329413514,0.28059412379642845,477,0.033267516488218116,0.03707960667704555,477,0.028763009506478934,0.035359977935470466,477,0.0974848809145919,0.10850731380789193,477
594999d9bb7345ad87d3,ILVIS0_gyro_54935_lvis_applanix_POSAV.013,c83dfe2728b03bcdcd84edce7c538adf730380d7f7eb78cdbe068103094fb79a,489,False,0,l1_broadcast,h10_v30_tau0,12.0,0.7426693806397101,0.743183299782654,477,0.7421430468023031,0.7429311229067495,477,2.227080944702465,2.22844680691403,477,0.44767215045135844,0.44797156773181696,477,0.4473599639577949,0.44783250756197607,477,1.3424558170053524,1.3433012156270763,477
594999d9bb7345ad87d3,ILVIS0_gyro_54935_lvis_applanix_POSAV.013,c83dfe2728b03bcdcd84edce7c538adf730380d7f7eb78cdbe068103094fb79a,489,False,0,l1_broadcast,h10_v30_tau10,12.0,1.06464506492165,1.0650036255401651,477,1.0642779746096689,1.0648276662003924,477,3.193288474622533,3.1942412117975225,477,0.3894033414834341,0.38974752540742247,477,0.3890444003208887,0.38958768319552745,477,1.1675654556511987,1.1685373885859818,477
594999d9bb7345ad87d3,ILVIS0_gyro_54935_lvis_applanix_POSAV.013,c83dfe2728b03bcdcd84edce7c538adf730380d7f7eb78cdbe068103094fb79a,489,False,0,l1_broadcast,h10_v30_tau60,12.0,0.5358731376807753,0.536585154282119,477,0.5351434505486113,0.5362358288397802,477,1.606334159192738,1.608227306066466,477,0.16764843625415296,0.16844633957584584,477,0.166813012804873,0.168076169375975,477,0.5014463237575689,0.5037052222258559,477
594999d9bb7345ad87d3,ILVIS0_gyro_54935_lvis_applanix_POSAV.013,c83dfe2728b03bcdcd84edce7c538adf730380d7f7eb78cdbe068103094fb79a,489,False,0,l1_broadcast,h10_v30_tau300,12.0,0.25155398552010827,0.25306721544913535,477,0.24999580118131126,0.2523256865129116,477,0.7519201569836692,0.75595605657048,477,0.07827920596661907,0.07997377664874121,477,0.07647363695640677,0.07919112700600117,477,0.23160988490281423,0.23646072411161842,477
594999d9bb7345ad87d3,ILVIS0_gyro_54935_lvis_applanix_POSAV.013,c83dfe2728b03bcdcd84edce7c538adf730380d7f7eb78cdbe068103094fb79a,489,False,0,dual_frequency,formal_only,12.0,0.09550472179504557,0.13605202390950444,477,0.0723337380807571,0.09549681075740687,477,0.24450127292922363,0.3227821463373471,477,0.05796672116122936,0.08243321541254262,477,0.04366262370565523,0.0575300225479338,477,0.14739582246043564,0.19260831168548712,477
594999d9bb7345ad87d3,ILVIS0_gyro_54935_lvis_applanix_POSAV.013,c83dfe2728b03bcdcd84edce7c538adf730380d7f7eb78cdbe068103094fb79a,489,False,0,dual_frequency,h1_v3_tau0,12.0,0.12091259868049595,0.15494792662834966,477,0.10358993338764723,0.12090635175189718,477,0.33055894205830416,0.39201614332411944,477,0.07319933579060477,0.09377227159258385,477,0.062485411952420085,0.07285401613979949,477,0.19926752485241098,0.23469131645329108,477
594999d9bb7345ad87d3,ILVIS0_gyro_54935_lvis_applanix_POSAV.013,c83dfe2728b03bcdcd84edce7c538adf730380d7f7eb78cdbe068103094fb79a,489,False,0,dual_frequency,h1_v3_tau10,12.0,0.1429649242747787,0.1727077717237858,477,0.12864675414669322,0.1429596416250608,477,0.40204630536010166,0.4539258470269001,477,0.06978817121026253,0.09113443156702687,477,0.05845231208045449,0.0694258841031869,477,0.1879302029663967,0.22514489248354003,477
594999d9bb7345ad87d3,ILVIS0_gyro_54935_lvis_applanix_POSAV.013,c83dfe2728b03bcdcd84edce7c538adf730380d7f7eb78cdbe068103094fb79a,489,False,0,dual_frequency,h1_v3_tau60,12.0,0.10943435761748391,0.14616730547481216,477,0.08992717279408864,0.10942745476759586,477,0.29235836424161266,0.3603898656156127,477,0.06029178384384479,0.08408444427108036,477,0.04670527963464981,0.05987205002543955,477,0.15556398815532774,0.1989286159132338,477
594999d9bb7345ad87d3,ILVIS0_gyro_54935_lvis_applanix_POSAV.013,c83dfe2728b03bcdcd84edce7c538adf730380d7f7eb78cdbe068103094fb79a,489,False,0,dual_frequency,h1_v3_tau300,12.0,0.09867660567015606,0.13829705032870013,477,0.07647280749501742,0.09866894928308068,477,0.2555859113036564,0.3312576032812828,477,0.05844070121204843,0.08276720284749546,477,0.04428994812408172,0.05800757179047174,477,0.14907079406288173,0.193893105295113,477
594999d9bb7345ad87d3,ILVIS0_gyro_54935_lvis_applanix_POSAV.013,c83dfe2728b03bcdcd84edce7c538adf730380d7f7eb78cdbe068103094fb79a,489,False,0,dual_frequency,h3_v10_tau0,12.0,0.2420939767855525,0.2607652232705487,477,0.23392415731478045,0.24209085786444576,477,0.7808017263788373,0.8087390060169696,477,0.14608955727293338,0.15740793854734933,477,0.14102639005122272,0.14591684742141595,477,0.47066519765007897,0.4867219434876858,477
594999d9bb7345ad87d3,ILVIS0_gyro_54935_lvis_applanix_POSAV.013,c83dfe2728b03bcdcd84edce7c538adf730380d7f7eb78cdbe068103094fb79a,489,False,0,dual_frequency,h3_v10_tau10,12.0,0.33313887655878055,0.346944549237018,477,0.32724994859347645,0.33313661014309354,477,1.091587211925106,1.1117419149201602,477,0.13020128060194536,0.14278470977096167,477,0.12449360392029962,0.13000746460760396,477,0.4156324534341708,0.43373131551731514,477
594999d9bb7345ad87d3,ILVIS0_gyro_54935_lvis_applanix_POSAV.013,c83dfe2728b03bcdcd84edce7c538adf730380d7f7eb78cdbe068103094fb79a,489,False,0,dual_frequency,h3_v10_tau60,12.0,0.18658427737397865,0.2102443798900291,477,0.17585423038060904,0.18658023024217352,477,0.5875827998369602,0.6242283158363342,477,0.07638564455567816,0.09628012873510033,477,0.06618950551911032,0.07605479537064988,477,0.22185890148404463,0.25415320214588216,477
594999d9bb7345ad87d3,ILVIS0_gyro_54935_lvis_applanix_POSAV.013,c83dfe2728b03bcdcd84edce7c538adf730380d7f7eb78cdbe068103094fb79a,489,False,0,dual_frequency,h3_v10_tau300,12.0,0.12109681035460367,0.1550917178254706,477,0.10380489033588623,0.12109057293749914,477,0.34838618601697297,0.40716136506449,477,0.06210244702049627,0.0853920882857732,477,0.049020382216089224,0.06169503555115427,477,0.1650545609064124,0.2064351106907947,477
594999d9bb7345ad87d3,ILVIS0_gyro_54935_lvis_applanix_POSAV.013,c83dfe2728b03bcdcd84edce7c538adf730380d7f7eb78cdbe068103094fb79a,489,False,0,dual_frequency,h10_v30_tau0,12.0,0.7476574184326075,0.7539102238547288,477,0.745052100941201,0.7476564086191186,477,2.237993530717519,2.247892899554547,477,0.45073311456158105,0.45452771420308036,477,0.44911760654539173,0.4506771671452,477,1.3490468215301443,1.3547323953681358,477
594999d9bb7345ad87d3,ILVIS0_gyro_54935_lvis_applanix_POSAV.013,c83dfe2728b03bcdcd84edce7c538adf730380d7f7eb78cdbe068103094fb79a,489,False,0,dual_frequency,h10_v30_tau10,12.0,1.0681305728512618,1.0725166344201218,477,1.0663085568629518,1.0681298660182799,477,3.2009087446276485,3.207837937894944,477,0.3929185012583445,0.3972657183313574,477,0.39106423075727803,0.3928543203592004,477,1.1751377788578954,1.1816604144202552,477
594999d9bb7345ad87d3,ILVIS0_gyro_54935_lvis_applanix_POSAV.013,c83dfe2728b03bcdcd84edce7c538adf730380d7f7eb78cdbe068103094fb79a,489,False,0,dual_frequency,h10_v30_tau60,12.0,0.5427649823684092,0.5513463848778197,477,0.5391705146472366,0.5427635913378257,477,1.6214299060601063,1.635066477103548,477,0.17565871584155018,0.18517852323753753,477,0.17147089664949094,0.1755151057501214,477,0.5188334238260456,0.5334422615788916,477
594999d9bb7345ad87d3,ILVIS0_gyro_54935_lvis_applanix_POSAV.013,c83dfe2728b03bcdcd84edce7c538adf730380d7f7eb78cdbe068103094fb79a,489,False,0,dual_frequency,h10_v30_tau300,12.0,0.26591956307987424,0.28302336031095965,477,0.2585038332562551,0.2659167236603421,477,0.7836513457877745,0.8114905271752848,477,0.09422112480438796,0.11096268915811003,477,0.08616208160253548,0.093953109077999,477,0.26717568162872024,0.2945425916397002,477
594999d9bb7345ad87d3,ILVIS0_gyro_54935_lvis_applanix_POSAV.013,c83dfe2728b03bcdcd84edce7c538adf730380d7f7eb78cdbe068103094fb79a,489,False,0,l1_broadcast,formal_only,30.0,0.011420068390928476,0.01303971262818232,459,0.008063606096431704,0.011801780483627915,459,0.028057686326921738,0.03401714114100806,459,0.0028447610453478157,0.003243025402210922,459,0.002023867530428243,0.0029465610544823343,459,0.007042743691365051,0.008490620392758077,459
594999d9bb7345ad87d3,ILVIS0_gyro_54935_lvis_applanix_POSAV.013,c83dfe2728b03bcdcd84edce7c538adf730380d7f7eb78cdbe068103094fb79a,489,False,0,l1_broadcast,h1_v3_tau0,30.0,0.023191440414972533,0.024030378245659425,459,0.02173583883235584,0.023381766962107038,459,0.06673873148501977,0.06945495406302878,459,0.0057769611587478184,0.005983128682669734,459,0.005420023487520535,0.005827764387708091,459,0.0166470950055328,0.017309424271581473,459
594999d9bb7345ad87d3,ILVIS0_gyro_54935_lvis_applanix_POSAV.013,c83dfe2728b03bcdcd84edce7c538adf730380d7f7eb78cdbe068103094fb79a,489,False,0,l1_broadcast,h1_v3_tau10,30.0,0.0519807295397944,0.05236040892139531,459,0.051347833690567515,0.05206592337492496,459,0.15469789363447023,0.1558889691990574,459,0.009422387909469702,0.009550180238262323,459,0.009207864480546732,0.009453621085825169,459,0.027853164906430188,0.028254011961168026,459
594999d9bb7345ad87d3,ILVIS0_gyro_54935_lvis_applanix_POSAV.013,c83dfe2728b03bcdcd84edce7c538adf730380d7f7eb78cdbe068103094fb79a,489,False,0,l1_broadcast,h1_v3_tau60,30.0,0.034399078282030086,0.03497016961149982,459,0.03343501709104036,0.03452768041747544,459,0.10130716353455803,0.10311679682537975,459,0.005207313955580181,0.005435132676733515,459,0.004808273391517315,0.005263618155997644,459,0.014859721321206788,0.015598131753347603,459
594999d9bb7345ad87d3,ILVIS0_gyro_54935_lvis_applanix_POSAV.013,c83dfe2728b03bcdcd84edce7c538adf730380d7f7eb78cdbe068103094fb79a,489,False,0,l1_broadcast,h1_v3_tau300,30.0,0.019554979310834265,0.020542964290538212,459,0.01780452181531655,0.019780326736809285,459,0.0552724800073507,0.058523323381396194,459,0.003459151110747313,0.0037934515755824213,459,0.002822959578629791,0.0035433435363778844,459,0.009190091823206447,0.01034157550384927,459
594999d9bb7345ad87d3,ILVIS0_gyro_54935_lvis_applanix_POSAV.013,c83dfe2728b03bcdcd84edce7c538adf730380d7f7eb78cdbe068103094fb79a,489,False,0,l1_broadcast,h3_v10_tau0,30.0,0.06162176953206652,0.061942381774205905,459,0.06108883909101604,0.061693651332979396,459,0.20378844032180454,0.20469406644544097,459,0.015349859895976292,0.015428634013353728,459,0.015219118673618871,0.015369051910118758,459,0.05077067776933371,0.05099168675185159,459
594999d9bb7345ad87d3,ILVIS0_gyro_54935_lvis_applanix_POSAV.013,c83dfe2728b03bcdcd84edce7c538adf730380d7f7eb78cdbe068103094fb79a,489,False,0,l1_broadcast,h3_v10_tau10,30.0,0.1525602257961603,0.15269000843532268,459,0.15234574584214794,0.15258927430151692,459,0.5078829214549323,0.5082469816358156,459,0.02709780843551117,0.027142508555955996,459,0.027023963372963145,0.02710868458312239,459,0.09010256982928681,0.0902272879260833,459
594999d9bb7345ad87d3,ILVIS0_gyro_54935_lvis_applanix_POSAV.013,c83dfe2728b03bcdcd84edce7c538adf730380d7f7eb78cdbe068103094fb79a,489,False,0,l1_broadcast,h3_v10_tau60,30.0,0.09801186450349385,0.09821375547275694,459,0.0976776809955896,0.0980570737870802,459,0.32569171960919574,0.3262591434064982,459,0.01339043481171518,0.013480663675571361,459,0.013240359467264743,0.013412430884179842,459,0.044180827984403294,0.04443462566538216,459
594999d9bb7345ad87d3,ILVIS0_gyro_54935_lvis_applanix_POSAV.013,c83dfe2728b03bcdcd84edce7c538adf730380d7f7eb78cdbe068103094fb79a,489,False,0,l1_broadcast,h3_v10_tau300,30.0,0.04897173926048099,0.04937456252798342,459,0.04829943092233554,0.049062158320765735,459,0.16119912884810259,0.16234251311820772,459,0.006553641310129212,0.006736079204362707,459,0.006241281022148054,0.006598467399161299,459,0.02090230463101759,0.021433542297940835,459
594999d9bb7345ad87d3,ILVIS0_gyro_54935_lvis_applanix_POSAV.013,c83dfe2728b03bcdcd84edce7c538adf730380d7f7eb78cdbe068103094fb79a,489,False,0,l1_broadcast,h10_v30_tau0,30.0,0.20217050380514773,0.2022684572293708,459,0.20200870374825974,0.20219242504583004,459,0.606192779223725,0.6064978301854969,459,0.050360243723202754,0.05038431002372116,459,0.05032054771399031,0.050366096788315294,459,0.151003819755659,0.15107827103014657,459
594999d9bb7345ad87d3,ILVIS0_gyro_54935_lvis_applanix_POSAV.013,c83dfe2728b03bcdcd84edce7c538adf730380d7f7eb78cdbe068103094fb79a,489,False,0,l1_broadcast,h10_v30_tau10,30.0,0.5072358880300472,0.5072749375702349,459,0.5071714206132434,0.5072446256422412,459,1.5215806541403623,1.521702211173974,459,0.08987193953923756,0.08988542743543829,459,0.08984970167407327,0.0898752194677528,459,0.26957272840358953,0.2696144400725151,459
594999d9bb7345ad87d3,ILVIS0_gyro_54935_lvis_applanix_POSAV.013,c83dfe2728b03bcdcd84edce7c538adf730380d7f7eb78cdbe068103094fb79a,489,False,0,l1_broadcast,h10_v30_tau60,30.0,0.32468181412273234,0.3247428160918231,459,0.32458109033530197,0.32469546433431346,459,0.9738470084678575,0.974036923498859,459,0.04370855737827891,0.04373628398476356,459,0.04366281441302075,0.043715301050301886,459,0.1310370487414487,0.1311228375971438,459
594999d9bb7345ad87d3,ILVIS0_gyro_54935_lvis_applanix_POSAV.013,c83dfe2728b03bcdcd84edce7c538adf730380d7f7eb78cdbe068103094fb79a,489,False,0,l1_broadcast,h10_v30_tau300,30.0,0.15914880879673818,0.15927322286701756,459,0.15894321980709228,0.15917665494143984,459,0.4770414679839952,0.4774290466786254,459,0.019884636420883475,0.019945508624472617,459,0.01978388586618713,0.01989945535431132,459,0.059458852497947155,0.059647678387506196,459
594999d9bb7345ad87d3,ILVIS0_gyro_54935_lvis_applanix_POSAV.013,c83dfe2728b03bcdcd84edce7c538adf730380d7f7eb78cdbe068103094fb79a,489,False,0,dual_frequency,formal_only,30.0,0.026564349891669215,0.0346245947089468,459,0.020052921415364577,0.02478141571741915,459,0.06781786610195019,0.08147836014971734,459,0.006724054318364779,0.009010676169807308,459,0.004962409167766105,0.0060693631769642015,459,0.016724013388934318,0.020807100420298277,459
594999d9bb7345ad87d3,ILVIS0_gyro_54935_lvis_applanix_POSAV.013,c83dfe2728b03bcdcd84edce7c538adf730380d7f7eb78cdbe068103094fb79a,489,False,0,dual_frequency,h1_v3_tau0,30.0,0.03336299794135359,0.04007851676776557,459,0.028452497320244578,0.03196159463443592,459,0.09091802616000681,0.1015162452186327,459,0.008396042002090782,0.010318571208411016,459,0.007064426344218023,0.007881483886340303,459,0.02252150432928998,0.02569943787390402,459
594999d9bb7345ad87d3,ILVIS0_gyro_54935_lvis_applanix_POSAV.013,c83dfe2728b03bcdcd84edce7c538adf730380d7f7eb78cdbe068103094fb79a,489,False,0,dual_frequency,h1_v3_tau10,30.0,0.057247209247288176,0.061403915535510806,459,0.05453162329077099,0.05644197805878618,459,0.16656370401604298,0.17257731158983397,459,0.011220589778960482,0.012723247957513789,459,0.01026227232437931,0.01084093652429877,459,0.03171578755818285,0.03404606070744381,459
594999d9bb7345ad87d3,ILVIS0_gyro_54935_lvis_applanix_POSAV.013,c83dfe2728b03bcdcd84edce7c538adf730380d7f7eb78cdbe068103094fb79a,489,False,0,dual_frequency,h1_v3_tau60,30.0,0.04193498908747654,0.047452515058160866,459,0.03814443972442822,0.04082887729870876,459,0.11863882410079678,0.12694341801214767,459,0.008014758867437731,0.010010781577572571,459,0.006606735803343494,0.0074739966544837095,459,0.021234493233296615,0.024579394353634404,459
594999d9bb7345ad87d3,ILVIS0_gyro_54935_lvis_applanix_POSAV.013,c83dfe2728b03bcdcd84edce7c538adf730380d7f7eb78cdbe068103094fb79a,489,False,0,dual_frequency,h1_v3_tau300,30.0,0.030945822641524633,0.038089917475498544,459,0.025575357496708813,0.029429540150160038,459,0.08286782395336019,0.09437444944995148,459,0.007006137843218331,0.009223087786857823,459,0.005338404794522898,0.006380456983837265,459,0.017735562377606134,0.02162852302892549,459
594999d9bb7345ad87d3,ILVIS0_gyro_54935_lvis_applanix_POSAV.013,c83dfe2728b03bcdcd84edce7c538adf730380d7f7eb78cdbe068103094fb79a,489,False,0,dual_frequency,h3_v10_tau0,30.0,0.06612480021426655,0.06975447713351536,459,0.0637882761602822,0.06542891659240868,459,0.2129360411236102,0.2176722735479421,459,0.016514794576297124,0.017570368678562896,459,0.015879264408948608,0.016259234648950373,459,0.052988244982151544,0.054415046374807916,459
594999d9bb7345ad87d3,ILVIS0_gyro_54935_lvis_applanix_POSAV.013,c83dfe2728b03bcdcd84edce7c538adf730380d7f7eb78cdbe068103094fb79a,489,False,0,dual_frequency,h3_v10_tau10,30.0,0.15443402869215372,0.15602264930361898,459,0.15344811562939675,0.1541373515638455,459,0.5116220197628314,0.5136112851976188,459,0.027774295005973632,0.028414624524386402,459,0.02740116897781664,0.02762310148154407,459,0.09137048470360928,0.09220525300175207,459
594999d9bb7345ad87d3,ILVIS0_gyro_54935_lvis_applanix_POSAV.013,c83dfe2728b03bcdcd84edce7c538adf730380d7f7eb78cdbe068103094fb79a,489,False,0,dual_frequency,h3_v10_tau60,30.0,0.10090377746429902,0.10331877943495052,459,0.09938826529670663,0.10044912261349691,459,0.33149227053220576,0.3345543103367138,459,0.014711355665538965,0.015887208633610952,459,0.01399416248976674,0.01442387800191445,459,0.04671228903102936,0.04832474620289129,459
594999d9bb7345ad87d3,ILVIS0_gyro_54935_lvis_applanix_POSAV.013,c83dfe2728b03bcdcd84edce7c538adf730380d7f7eb78cdbe068103094fb79a,489,False,0,dual_frequency,h3_v10_tau300,30.0,0.054529606355722744,0.05887848372437124,459,0.05167139384063332,0.053683627754356776,459,0.17261862107544856,0.17842827504708642,459,0.008948209625004533,0.010772643553780506,459,0.007712525770785653,0.00846727365992474,459,0.02582631843718441,0.02863986256734572,459
594999d9bb7345ad87d3,ILVIS0_gyro_54935_lvis_applanix_POSAV.013,c83dfe2728b03bcdcd84edce7c538adf730380d7f7eb78cdbe068103094fb79a,489,False,0,dual_frequency,h10_v30_tau0,30.0,0.20358821019877546,0.2047958915839371,459,0.20284135254938662,0.20336325445253053,459,0.6093289052585524,0.6110001439992144,459,0.05072745202483143,0.05108085567228902,459,0.0505241228246823,0.05064482857756364,459,0.15176378344628386,0.15226782058522184,459
594999d9bb7345ad87d3,ILVIS0_gyro_54935_lvis_applanix_POSAV.013,c83dfe2728b03bcdcd84edce7c538adf730380d7f7eb78cdbe068103094fb79a,489,False,0,dual_frequency,h10_v30_tau10,30.0,0.5078026120735734,0.5082879997664362,459,0.507503643140488,0.5077124646480117,459,1.5228327932687866,1.5235022735306614,459,0.09007822021785046,0.09027771145727613,459,0.08996387250384219,0.09003171680265105,459,0.26999916348775316,0.27028279913702213,459
594999d9bb7345ad87d3,ILVIS0_gyro_54935_lvis_applanix_POSAV.013,c83dfe2728b03bcdcd84edce7c538adf730380d7f7eb78cdbe068103094fb79a,489,False,0,dual_frequency,h10_v30_tau60,30.0,0.3255664711624065,0.3263230378366422,459,0.32509995711667794,0.3254258457393692,459,0.975802246924241,0.9768467056281718,459,0.044131148060768725,0.044536924635054674,459,0.04389727585435684,0.044036149943364515,459,0.13191209394138126,0.13249167424898067,459
594999d9bb7345ad87d3,ILVIS0_gyro_54935_lvis_applanix_POSAV.013,c83dfe2728b03bcdcd84edce7c538adf730380d7f7eb78cdbe068103094fb79a,489,False,0,dual_frequency,h10_v30_tau300,30.0,0.16094592279562187,0.16247088336739504,459,0.16000014073949445,0.16066127098235544,459,0.4810203648255729,0.4831356461179706,459,0.020797091302918232,0.021644824480259606,459,0.02029609826872954,0.020594739101476883,459,0.06136324246243535,0.06259944653395662,459
594999d9bb7345ad87d3,ILVIS0_gyro_54935_lvis_applanix_POSAV.013,c83dfe2728b03bcdcd84edce7c538adf730380d7f7eb78cdbe068103094fb79a,489,False,0,l1_broadcast,formal_only,60.0,0.004048265435925707,0.004586569382070157,429,0.0028965609828854647,0.004278404434417317,429,0.010206355643710682,0.0123229849179447,429,0.0005249794912003981,0.0005893989217438178,429,0.00037105953701453627,0.000540534385489502,429,0.001286609456182094,0.0015558550883727706,429
594999d9bb7345ad87d3,ILVIS0_gyro_54935_lvis_applanix_POSAV.013,c83dfe2728b03bcdcd84edce7c538adf730380d7f7eb78cdbe068103094fb79a,489,False,0,l1_broadcast,h1_v3_tau0,60.0,0.00857144480429619,0.008838429348258469,429,0.008091432414656865,0.008682509874953974,429,0.02485760673247474,0.02579897299262408,429,0.0010626516524325754,0.0010959093189791126,429,0.0009956456439145886,0.001070421664484057,429,0.0030558124135599473,0.0031785705894034418,429
594999d9bb7345ad87d3,ILVIS0_gyro_54935_lvis_applanix_POSAV.013,c83dfe2728b03bcdcd84edce7c538adf730380d7f7eb78cdbe068103094fb79a,489,False,0,l1_broadcast,h1_v3_tau10,60.0,0.024762317934773116,0.024855996406226405,429,0.024600284591659707,0.024800981974271018,429,0.0739947641640514,0.0743162939961806,429,0.002569086828148845,0.0025830207492575775,429,0.002542103232442834,0.002572310469208487,429,0.0076535479924162595,0.007703383570954885,429
594999d9bb7345ad87d3,ILVIS0_gyro_54935_lvis_applanix_POSAV.013,c83dfe2728b03bcdcd84edce7c538adf730380d7f7eb78cdbe068103094fb79a,489,False,0,l1_broadcast,h1_v3_tau60,60.0,0.021428529916861318,0.021536714285512227,429,0.021241080643076615,0.021473197514989682,429,0.06394771823723575,0.06431949234713155,429,0.0016265355991019832,0.0016484559444623235,429,0.0015835718389054726,0.0016316225268750266,429,0.004794319054195533,0.0048734809670918835,429
594999d9bb7345ad87d3,ILVIS0_gyro_54935_lvis_applanix_POSAV.013,c83dfe2728b03bcdcd84edce7c538adf730380d7f7eb78cdbe068103094fb79a,489,False,0,l1_broadcast,h1_v3_tau300,60.0,0.01188499378396691,0.012078958764694588,429,0.011543599513704369,0.011965341282668802,429,0.03504213625584058,0.035716070993453655,429,0.0008825215210268132,0.0009222975417015936,429,0.000800578508894595,0.0008918622275707812,429,0.002486871692063594,0.0026362572430922646,429
594999d9bb7345ad87d3,ILVIS0_gyro_54935_lvis_applanix_POSAV.013,c83dfe2728b03bcdcd84edce7c538adf730380d7f7eb78cdbe068103094fb79a,489,False,0,l1_broadcast,h3_v10_tau0,60.0,0.02302432127078189,0.0231250413580552,429,0.022849966793587317,0.02306589879543952,429,0.07623838268788528,0.07655048938295886,429,0.002821033335554707,0.002833728666295137,429,0.002796481860148449,0.0028239693872710026,429,0.009328336974852624,0.009369268503518886,429
594999d9bb7345ad87d3,ILVIS0_gyro_54935_lvis_applanix_POSAV.013,c83dfe2728b03bcdcd84edce7c538adf730380d7f7eb78cdbe068103094fb79a,489,False,0,l1_broadcast,h3_v10_tau10,60.0,0.07339920899578817,0.07343086577944717,429,0.07334470324226047,0.07341226191377488,429,0.24450473071462944,0.2446022276590564,429,0.007562872235180415,0.007567616902030784,429,0.007553748616381883,0.007563967904988563,429,0.025181654638474882,0.02519684607081018,429
594999d9bb7345ad87d3,ILVIS0_gyro_54935_lvis_applanix_POSAV.013,c83dfe2728b03bcdcd84edce7c538adf730380d7f7eb78cdbe068103094fb79a,489,False,0,l1_broadcast,h3_v10_tau60,60.0,0.06325764321615766,0.06329437252371999,429,0.06319439087253363,0.06327278833211472,429,0.21067395147795767,0.21078709700815296,429,0.004648196937186095,0.004655912787200049,429,0.00463333750990521,0.0046499794395610215,429,0.015448521702390784,0.015473271934896456,429
594999d9bb7345ad87d3,ILVIS0_gyro_54935_lvis_applanix_POSAV.013,c83dfe2728b03bcdcd84edce7c538adf730380d7f7eb78cdbe068103094fb79a,489,False,0,l1_broadcast,h3_v10_tau300,60.0,0.03376640447081541,0.033835162756601825,429,0.033647758965116334,0.033794768657866486,429,0.11220798597269287,0.11242027641111807,429,0.0021919786463903083,0.0022082933269169484,429,0.0021602898185335,0.00219575599841304,429,0.007209676884728073,0.00726255893945536,429
594999d9bb7345ad87d3,ILVIS0_gyro_54935_lvis_applanix_POSAV.013,c83dfe2728b03bcdcd84edce7c538adf730380d7f7eb78cdbe068103094fb79a,489,False,0,l1_broadcast,h10_v30_tau0,60.0,0.07566049003527701,0.07569120107575628,429,0.07560761446353215,0.07567315290426903,429,0.22688600968233535,0.22699107432549323,429,0.009254086140178641,0.009257964107898446,429,0.0092466313868173,0.009254981594362773,429,0.027747394928276162,0.027761182375588556,429
594999d9bb7345ad87d3,ILVIS0_gyro_54935_lvis_applanix_POSAV.013,c83dfe2728b03bcdcd84edce7c538adf730380d7f7eb78cdbe068103094fb79a,489,False,0,l1_broadcast,h10_v30_tau10,60.0,0.2443251565012233,0.244334668574206,429,0.2443087876271239,0.24432907812521837,429,0.7329459137701049,0.7329784437121071,429,0.025154243576479645,0.025155670514686486,429,0.025151501975402897,0.025154573022160627,429,0.07545726381098718,0.07546233486599142,429
594999d9bb7345ad87d3,ILVIS0_gyro_54935_lvis_applanix_POSAV.013,c83dfe2728b03bcdcd84edce7c538adf730380d7f7eb78cdbe068103094fb79a,489,False,0,l1_broadcast,h10_v30_tau60,60.0,0.2104655140132242,0.2104765563115527,429,0.21044651149719384,0.21047006653445907,429,0.6313622311461342,0.6313999947356164,429,0.015403800257166504,0.015406130322047011,429,0.015399322844739353,0.015404338232620558,429,0.04620247281219106,0.046210754327830075,429
594999d9bb7345ad87d3,ILVIS0_gyro_54935_lvis_applanix_POSAV.013,c83dfe2728b03bcdcd84edce7c538adf730380d7f7eb78cdbe068103094fb79a,489,False,0,l1_broadcast,h10_v30_tau300,60.0,0.11181614764228753,0.11183693057965541,429,0.11178037612233065,0.11182471637210953,429,0.3353838569165563,0.3354549417050963,429,0.007113345229610759,0.007118389528865959,429,0.007103644280892347,0.007114510129138621,429,0.021320695483443855,0.02133863579242558,429
594999d9bb7345ad87d3,ILVIS0_gyro_54935_lvis_applanix_POSAV.013,c83dfe2728b03bcdcd84edce7c538adf730380d7f7eb78cdbe068103094fb79a,489,False,0,dual_frequency,formal_only,60.0,0.010023902615864534,0.01251521711222455,429,0.007183728893016738,0.008698186654433953,429,0.02445657233219848,0.029883060118333332,429,0.001269995085903521,0.0015937981853086436,429,0.000922194831096453,0.00109103217588817,429,0.0030705511930627116,0.0037707895053626086,429
594999d9bb7345ad87d3,ILVIS0_gyro_54935_lvis_applanix_POSAV.013,c83dfe2728b03bcdcd84edce7c538adf730380d7f7eb78cdbe068103094fb79a,489,False,0,dual_frequency,h1_v3_tau0,60.0,0.012552284120657932,0.01461888754875204,429,0.010425314086479549,0.011521270510211172,429,0.03334448750814031,0.03750637613355239,429,0.0015705134785972852,0.0018422317346772886,429,0.0013053996992253634,0.001429677024815688,429,0.004136533602347349,0.00467990161309491,429
594999d9bb7345ad87d3,ILVIS0_gyro_54935_lvis_applanix_POSAV.013,c83dfe2728b03bcdcd84edce7c538adf730380d7f7eb78cdbe068103094fb79a,489,False,0,dual_frequency,h1_v3_tau10,60.0,0.026405729683449602,0.02744839882784012,429,0.02546350127675766,0.02593149452658297,429,0.07726046439420188,0.07914576951150709,429,0.002817355352561326,0.0029773808011097427,429,0.0026786278149246263,0.0027413418450527977,429,0.008145533598770594,0.008434470135940293,429
594999d9bb7345ad87d3,ILVIS0_gyro_54935_lvis_applanix_POSAV.013,c83dfe2728b03bcdcd84edce7c538adf730380d7f7eb78cdbe068103094fb79a,489,False,0,dual_frequency,h1_v3_tau60,60.0,0.023308197377970817,0.024483139156295783,429,0.022235093932036203,0.022769539136585793,429,0.06769981464127538,0.06984367093654141,429,0.001995720949227148,0.002215898761725855,429,0.0017945634275405352,0.001886893210073373,429,0.005546027040134587,0.005962296939524518,429
594999d9bb7345ad87d3,ILVIS0_gyro_54935_lvis_applanix_POSAV.013,c83dfe2728b03bcdcd84edce7c538adf730380d7f7eb78cdbe068103094fb79a,489,False,0,dual_frequency,h1_v3_tau300,60.0,0.015011437234907162,0.01677782122046324,429,0.013284223161840695,0.014160617567967958,429,0.04149584976942933,0.04490856242140192,429,0.0014546918186040447,0.0017445439091715077,429,0.0011634792973643608,0.00130138082890353,429,0.003735967284287819,0.0043298984299928655,429
594999d9bb7345ad87d3,ILVIS0_gyro_54935_lvis_applanix_POSAV.013,c83dfe2728b03bcdcd84edce7c538adf730380d7f7eb78cdbe068103094fb79a,489,False,0,dual_frequency,h3_v10_tau0,60.0,0.024783251211106354,0.025891341769249517,429,0.023776813868742634,0.024277343110136747,429,0.07941187083540217,0.0812472689003739,429,0.003048854396711817,0.003197314246471845,429,0.002921141715259789,0.002978754281246044,429,0.009736056257688953,0.009979046062540835,429
594999d9bb7345ad87d3,ILVIS0_gyro_54935_lvis_applanix_POSAV.013,c83dfe2728b03bcdcd84edce7c538adf730380d7f7eb78cdbe068103094fb79a,489,False,0,dual_frequency,h3_v10_tau10,60.0,0.07396981851958281,0.07434841014074839,429,0.07363872207592989,0.07380185568400402,429,0.2455127645898429,0.24611255772064353,429,0.007650772542541104,0.00771113647844393,429,0.007600781294444854,0.007623108582826511,429,0.02533552152745045,0.02542988831932729,429
594999d9bb7345ad87d3,ILVIS0_gyro_54935_lvis_applanix_POSAV.013,c83dfe2728b03bcdcd84edce7c538adf730380d7f7eb78cdbe068103094fb79a,489,False,0,dual_frequency,h3_v10_tau60,60.0,0.0639188516470323,0.06435659744333694,429,0.06353539905463214,0.06372440228316424,429,0.21184302694696142,0.21253785911359244,429,0.004789887140518475,0.0048857265682937835,429,0.0047096257396088475,0.004745575073434734,429,0.015698080886710982,0.015849930990109645,429
594999d9bb7345ad87d3,ILVIS0_gyro_54935_lvis_applanix_POSAV.013,c83dfe2728b03bcdcd84edce7c538adf730380d7f7eb78cdbe068103094fb79a,489,False,0,dual_frequency,h3_v10_tau300,60.0,0.03498943042547746,0.035782848962226256,429,0.03428392595160822,0.03463293361710656,429,0.11438787676481363,0.11566961500174776,429,0.0024783168559062724,0.002658826748540918,429,0.002319398677793681,0.002391551453142506,429,0.0077299651693047075,0.008033861486483987,429
594999d9bb7345ad87d3,ILVIS0_gyro_54935_lvis_applanix_POSAV.013,c83dfe2728b03bcdcd84edce7c538adf730380d7f7eb78cdbe068103094fb79a,489,False,0,dual_frequency,h10_v30_tau0,60.0,0.07621417140526346,0.07658166857435725,429,0.07589286699121929,0.07605116549792268,429,0.22797196236442527,0.228617779525576,429,0.009326059958089723,0.009375643958448867,429,0.009285092898305671,0.009303378865318327,429,0.027887108958122703,0.027972869264838832,429
594999d9bb7345ad87d3,ILVIS0_gyro_54935_lvis_applanix_POSAV.013,c83dfe2728b03bcdcd84edce7c538adf730380d7f7eb78cdbe068103094fb79a,489,False,0,dual_frequency,h10_v30_tau10,60.0,0.2444971825399219,0.2446119872546605,429,0.24439721685632165,0.244446419734139,429,0.7332828013440709,0.733483837749755,429,0.025180811225155267,0.025199217433377375,429,0.025165667281937656,0.02517241978694208,429,0.0755087516952664,0.07554046697924874,429
594999d9bb7345ad87d3,ILVIS0_gyro_54935_lvis_applanix_POSAV.013,c83dfe2728b03bcdcd84edce7c538adf730380d7f7eb78cdbe068103094fb79a,489,False,0,dual_frequency,h10_v30_tau60,60.0,0.2106651911433479,0.2107984221909046,429,0.21054916313445496,0.2106062739101852,429,0.6317532913666052,0.6319866253692069,429,0.015447146869720665,0.015477133187750949,429,0.01542244799644346,0.015433463978866377,429,0.046286514393478966,0.04633823457538391,429
594999d9bb7345ad87d3,ILVIS0_gyro_54935_lvis_applanix_POSAV.013,c83dfe2728b03bcdcd84edce7c538adf730380d7f7eb78cdbe068103094fb79a,489,False,0,dual_frequency,h10_v30_tau300,60.0,0.11219153731086168,0.11244150960770387,429,0.11197351642835236,0.11208086765787349,429,0.3361194515569417,0.336557809606551,429,0.007206730493619433,0.007270781917943434,429,0.00715363685099727,0.007177355249309048,429,0.02150220864549093,0.021613318706292413,429
f5cae9d0d107ecad9d45,ILVIS0_applanix_56916_510_POS510.013,627aedaaead70ff4e00ec27ff4b9dafc631a0ac09a57e403de4d49abde34f3a0,482,False,0,l1_broadcast,formal_only,2.0,0.45641885195583526,0.5134712582154228,480,0.42141533160825434,0.4756758618418764,480,1.1678614395829197,1.3315475511922754,480,1.5787544864036818,1.7941985582756275,480,1.4582961903037255,1.6627899924330272,480,4.026580704786591,4.6613449375974,480
f5cae9d0d107ecad9d45,ILVIS0_applanix_56916_510_POS510.013,627aedaaead70ff4e00ec27ff4b9dafc631a0ac09a57e403de4d49abde34f3a0,482,False,0,l1_broadcast,h1_v3_tau0,2.0,0.8416189700140502,0.8738747397484389,480,0.8231617173371243,0.8522158609347655,480,2.42155720864874,2.5046073365885326,480,2.9141835443396804,3.0363051137759305,480,2.850724079769751,2.960552407761357,480,8.379340800264579,8.702191583229174,480
f5cae9d0d107ecad9d45,ILVIS0_applanix_56916_510_POS510.013,627aedaaead70ff4e00ec27ff4b9dafc631a0ac09a57e403de4d49abde34f3a0,482,False,0,l1_broadcast,h1_v3_tau10,2.0,0.5467697085050676,0.5952240593887953,480,0.5179090957999717,0.5629444750394581,480,1.4763640773170832,1.6089653349863098,480,1.7003611059277095,1.9020806174637592,480,1.589147551548344,1.7786603725372374,480,4.449967600624234,5.031599787992533,480
f5cae9d0d107ecad9d45,ILVIS0_applanix_56916_510_POS510.013,627aedaaead70ff4e00ec27ff4b9dafc631a0ac09a57e403de4d49abde34f3a0,482,False,0,l1_broadcast,h1_v3_tau60,2.0,0.47404054724369343,0.5291965660453873,480,0.4404397288454613,0.4926091757986987,480,1.2294172600705342,1.3858518474159507,480,1.5997269450739806,1.8126800725856476,480,1.4809754721327424,1.6827154035463667,480,4.1004020911552885,4.725259974401826,480
f5cae9d0d107ecad9d45,ILVIS0_applanix_56916_510_POS510.013,627aedaaead70ff4e00ec27ff4b9dafc631a0ac09a57e403de4d49abde34f3a0,482,False,0,l1_broadcast,h1_v3_tau300,2.0,0.46004862519432943,0.5167003989162526,480,0.4253439209146191,0.4791597804536026,480,1.1806097857427813,1.3427427177878706,480,1.5829715766326615,1.7979103849604907,480,1.462860575287673,1.6667944813354985,480,4.041454160266989,4.67419898990144,480
f5cae9d0d107ecad9d45,ILVIS0_applanix_56916_510_POS510.013,627aedaaead70ff4e00ec27ff4b9dafc631a0ac09a57e403de4d49abde34f3a0,482,False,0,l1_broadcast,h3_v10_tau0,2.0,2.1698748970138233,2.18258828944164,480,2.162782881751521,2.174007005862302,480,7.166891422292326,7.195377076984285,480,7.516147000340107,7.5643340003586435,480,7.491770670480882,7.534246515688635,480,24.82364502378496,24.93447691372768,480
f5cae9d0d107ecad9d45,ILVIS0_applanix_56916_510_POS510.013,627aedaaead70ff4e00ec27ff4b9dafc631a0ac09a57e403de4d49abde34f3a0,482,False,0,l1_broadcast,h3_v10_tau10,2.0,1.0119627857959776,1.038943333761091,480,0.9966651408789646,1.0207928616144273,480,3.22920965488265,3.291946780062934,480,2.466034303618833,2.609216002557005,480,2.390708521703372,2.520660630844045,480,7.489296924822165,7.848844142857955,480
f5cae9d0d107ecad9d45,ILVIS0_applanix_56916_510_POS510.013,627aedaaead70ff4e00ec27ff4b9dafc631a0ac09a57e403de4d49abde34f3a0,482,False,0,l1_broadcast,h3_v10_tau60,2.0,0.5965606561855634,0.6412637398987413,480,0.5702256880231744,0.6114196500157678,480,1.7330688371973426,1.8473348825887492,480,1.7585251952539125,1.9542501546504325,480,1.6512337545819447,1.8343433954683477,480,4.783242544510044,5.328620293620337,480
f5cae9d0d107ecad9d45,ILVIS0_applanix_56916_510_POS510.013,627aedaaead70ff4e00ec27ff4b9dafc631a0ac09a57e403de4d49abde34f3a0,482,False,0,l1_broadcast,h3_v10_tau300,2.0,0.48811606255365847,0.5418411722727341,480,0.4555546131459561,0.5061686003891868,480,1.3025195863356966,1.4510946977100934,480,1.6163122486447812,1.8273335870847502,480,1.4988753568401858,1.6984905403358783,480,4.188875814217965,4.8022354351182965,480
f5cae9d0d107ecad9d45,ILVIS0_applanix_56916_510_POS510.013,627aedaaead70ff4e00ec27ff4b9dafc631a0ac09a57e403de4d49abde34f3a0,482,False,0,l1_broadcast,h10_v30_tau0,2.0,7.0858133191193655,7.0897168466975655,480,7.083644762319148,7.087079778575044,480,21.245418105108328,21.255044320941206,480,24.545721943565272,24.560520126632728,480,24.538268638579478,24.551270243292457,480,73.59492749007336,73.63238512391239,480
f5cae9d0d107ecad9d45,ILVIS0_applanix_56916_510_POS510.013,627aedaaead70ff4e00ec27ff4b9dafc631a0ac09a57e403de4d49abde34f3a0,482,False,0,l1_broadcast,h10_v30_tau10,2.0,3.045030827349674,3.0541033565114226,480,3.039981161889453,3.047976727805103,480,9.107082495206981,9.129516427333613,480,6.509122976063187,6.564706013823961,480,6.480960111426446,6.530014299064832,480,19.36748042329453,19.509333268696416,480
f5cae9d0d107ecad9d45,ILVIS0_applanix_56916_510_POS510.013,627aedaaead70ff4e00ec27ff4b9dafc631a0ac09a57e403de4d49abde34f3a0,482,False,0,l1_broadcast,h10_v30_tau60,2.0,1.3593915437821569,1.3795941218796497,480,1.3480423188802124,1.365977583782328,480,4.01503987978448,4.065668930156192,480,3.0263051348567904,3.144074711753565,480,2.9652461648394417,3.070981536612387,480,8.729711656218122,9.04005817205417,480
f5cae9d0d107ecad9d45,ILVIS0_applanix_56916_510_POS510.013,627aedaaead70ff4e00ec27ff4b9dafc631a0ac09a57e403de4d49abde34f3a0,482,False,0,l1_broadcast,h10_v30_tau300,2.0,0.7355100819488329,0.7722108843561811,480,0.7143163177562109,0.7476125066417943,480,2.0875374527987494,2.1833303011841707,480,1.955963736012606,2.133653439217533,480,1.8600957465173926,2.0244008907335105,480,5.311620080543344,5.807589272107198,480
f5cae9d0d107ecad9d45,ILVIS0_applanix_56916_510_POS510.013,627aedaaead70ff4e00ec27ff4b9dafc631a0ac09a57e403de4d49abde34f3a0,482,False,0,dual_frequency,formal_only,2.0,0.5736324124237444,0.7646367662989352,480,0.5310650358126557,0.7054620401144728,480,1.4686968330136891,1.9445119147074366,480,1.9817451730443487,2.670763646377528,480,1.8348177983672285,2.4697653010537,480,5.104864133747397,6.74173236738764,480
f5cae9d0d107ecad9d45,ILVIS0_applanix_56916_510_POS510.013,627aedaaead70ff4e00ec27ff4b9dafc631a0ac09a57e403de4d49abde34f3a0,482,False,0,dual_frequency,h1_v3_tau0,2.0,0.9105264789981682,1.0414767014905797,480,0.8843271387077465,0.9988400377899257,480,2.5801374728341058,2.8777018851168688,480,3.150764191148887,3.623945419618565,480,3.060483142745328,3.478468150416244,480,8.947605182999297,9.972514808035543,480
f5cae9d0d107ecad9d45,ILVIS0_applanix_56916_510_POS510.013,627aedaaead70ff4e00ec27ff4b9dafc631a0ac09a57e403de4d49abde34f3a0,482,False,0,dual_frequency,h1_v3_tau10,2.0,0.6478372411758615,0.8217714608735543,480,0.610466259209578,0.7670174451692399,480,1.7241870361739084,2.144033106718076,480,2.0799221749884778,2.7444017275749237,480,1.9404428961159716,2.5492161163804328,480,5.44504337945004,7.002844257719007,480
f5cae9d0d107ecad9d45,ILVIS0_applanix_56916_510_POS510.013,627aedaaead70ff4e00ec27ff4b9dafc631a0ac09a57e403de4d49abde34f3a0,482,False,0,dual_frequency,h1_v3_tau60,2.0,0.5877503013686078,0.7752842428173926,480,0.5462841314983751,0.7169888339461131,480,1.5181030413045868,1.9820931404598512,480,1.9984930649051778,2.6832143158265587,480,1.8528942077821784,2.483223955538314,480,5.163291874420341,6.786081545872619,480
f5cae9d0d107ecad9d45,ILVIS0_applanix_56916_510_POS510.013,627aedaaead70ff4e00ec27ff4b9dafc631a0ac09a57e403de4d49abde34f3a0,482,False,0,dual_frequency,h1_v3_tau300,2.0,0.5765246861500908,0.7668089420834877,480,0.5341878350300067,0.7078158408559322,480,1.478854121017333,1.9521951098173356,480,1.985106350016969,2.673258638223359,480,1.838447617332354,2.472463129452052,480,5.116604087219659,6.750626292059144,480
f5cae9d0d107ecad9d45,ILVIS0_applanix_56916_510_POS510.013,627aedaaead70ff4e00ec27ff4b9dafc631a0ac09a57e403de4d49abde34f3a0,482,False,0,dual_frequency,h3_v10_tau0,2.0,2.1975197491972245,2.2549297793557357,480,2.1867942542637984,2.2355572742183503,480,7.222015144096906,7.333591436562634,480,7.610999642734521,7.818758355986402,480,7.574071388767999,7.752402253416634,480,25.02118380092954,25.405730075528226,480
f5cae9d0d107ecad9d45,ILVIS0_applanix_56916_510_POS510.013,627aedaaead70ff4e00ec27ff4b9dafc631a0ac09a57e403de4d49abde34f3a0,482,False,0,dual_frequency,h3_v10_tau10,2.0,1.0699554469643022,1.1833933886731351,480,1.0477503006964959,1.146048737347961,480,3.3497708977355893,3.5839956201210783,480,2.741564192760067,3.2744219855458137,480,2.6373123411912553,3.112651622393229,480,8.120089570113556,9.237275264827915,480
f5cae9d0d107ecad9d45,ILVIS0_applanix_56916_510_POS510.013,627aedaaead70ff4e00ec27ff4b9dafc631a0ac09a57e403de4d49abde34f3a0,482,False,0,dual_frequency,h3_v10_tau60,2.0,0.6903771387808861,0.8557077995374313,480,0.6554361682910341,0.8032703930816575,480,1.948511649032362,2.328251546184923,480,2.1277357204868133,2.7808135354603145,480,1.991607806590621,2.588375123786473,480,5.7206376454502585,7.219212904250259,480
f5cae9d0d107ecad9d45,ILVIS0_applanix_56916_510_POS510.013,627aedaaead70ff4e00ec27ff4b9dafc631a0ac09a57e403de4d49abde34f3a0,482,False,0,dual_frequency,h3_v10_tau300,2.0,0.5991604684689655,0.7839697110611865,480,0.5585420381963966,0.7263717080940254,480,1.5778869786958571,2.0282465068570494,480,2.0117936125305254,2.6931353627285417,480,1.8672321623792207,2.4939406970027114,480,5.233829026723345,6.8399041479714455,480
f5cae9d0d107ecad9d45,ILVIS0_applanix_56916_510_POS510.013,627aedaaead70ff4e00ec27ff4b9dafc631a0ac09a57e403de4d49abde34f3a0,482,False,0,dual_frequency,h10_v30_tau0,2.0,7.094327760475016,7.112320411616094,480,7.091012793883786,7.10620220122933,480,21.26407676214078,21.302230433986374,480,24.574932668655176,24.640068641931656,480,24.5635208685834,24.6190930114115,480,73.66179225919905,73.7933000468307,480
f5cae9d0d107ecad9d45,ILVIS0_applanix_56916_510_POS510.013,627aedaaead70ff4e00ec27ff4b9dafc631a0ac09a57e403de4d49abde34f3a0,482,False,0,dual_frequency,h10_v30_tau10,2.0,3.0647917904887105,3.1062137695583716,480,3.0571105288363896,3.0921791727157757,480,9.15052575857214,9.238840966312672,480,6.618423657510217,6.856325420072496,480,6.575923780551566,6.780557269402499,480,19.620030184859782,20.10813414587005,480
f5cae9d0d107ecad9d45,ILVIS0_applanix_56916_510_POS510.013,627aedaaead70ff4e00ec27ff4b9dafc631a0ac09a57e403de4d49abde34f3a0,482,False,0,dual_frequency,h10_v30_tau60,2.0,1.4030970559375064,1.4914075922526877,480,1.386238579115168,1.4619522966043221,480,4.11262875941349,4.305551681847765,480,3.254746083928528,3.714705581270949,480,3.16743020960617,3.5729256519302464,480,9.276537710045126,10.268669318702631,480
f5cae9d0d107ecad9d45,ILVIS0_applanix_56916_510_POS510.013,627aedaaead70ff4e00ec27ff4b9dafc631a0ac09a57e403de4d49abde34f3a0,482,False,0,dual_frequency,h10_v30_tau300,2.0,0.8134562425640147,0.9577715316873219,480,0.7840198108611198,0.9112266067641916,480,2.2695776425608463,2.6028908837497076,480,2.293609117018706,2.9096919997818627,480,2.167921833629162,2.7263655405963942,480,6.169245805734015,7.579640355426948,480
f5cae9d0d107ecad9d45,ILVIS0_applanix_56916_510_POS510.013,627aedaaead70ff4e00ec27ff4b9dafc631a0ac09a57e403de4d49abde34f3a0,482,False,0,l1_broadcast,formal_only,6.0,0.12228003069383334,0.13370599324642057,476,0.11288672443154803,0.12323608478235518,476,0.31278617065905756,0.3466076031711345,476,0.1405200048384836,0.1544482538370125,476,0.13017187186796475,0.1425512013724095,476,0.3611304401353217,0.40187135910369476,476
f5cae9d0d107ecad9d45,ILVIS0_applanix_56916_510_POS510.013,627aedaaead70ff4e00ec27ff4b9dafc631a0ac09a57e403de4d49abde34f3a0,482,False,0,l1_broadcast,h1_v3_tau0,6.0,0.2251022298535188,0.23150788640633946,476,0.22014091083320442,0.22562300756581388,476,0.6475358385143009,0.6645333195429126,476,0.25954753780049755,0.26734492991184033,476,0.2540940059943572,0.260652822234251,476,0.7476540801843035,0.7681614979949719,476
f5cae9d0d107ecad9d45,ILVIS0_applanix_56916_510_POS510.013,627aedaaead70ff4e00ec27ff4b9dafc631a0ac09a57e403de4d49abde34f3a0,482,False,0,l1_broadcast,h1_v3_tau10,6.0,0.2054732213046322,0.21247148555955142,476,0.20002562686818495,0.20604361734596355,476,0.5858640961313353,0.6045978762267677,476,0.17790852878767616,0.1891027067942692,476,0.1698537207185362,0.17951717408475734,476,0.487406736410559,0.5183153084702555,476
f5cae9d0d107ecad9d45,ILVIS0_applanix_56916_510_POS510.013,627aedaaead70ff4e00ec27ff4b9dafc631a0ac09a57e403de4d49abde34f3a0,482,False,0,l1_broadcast,h1_v3_tau60,6.0,0.14366382880227652,0.15350629544270195,476,0.1357582498084431,0.14447845088263003,476,0.38602745700967767,0.4139069137569337,476,0.14759671558230691,0.16091358313954168,476,0.13778110995349951,0.14953181328945062,476,0.3857012536839166,0.4240882705743835,476
f5cae9d0d107ecad9d45,ILVIS0_applanix_56916_510_POS510.013,627aedaaead70ff4e00ec27ff4b9dafc631a0ac09a57e403de4d49abde34f3a0,482,False,0,l1_broadcast,h1_v3_tau300,6.0,0.12702817829024576,0.1380617430109093,476,0.11801340913981695,0.12794875875079664,476,0.3293766208283442,0.3616498664267773,476,0.1419648530523442,0.1557639583891925,476,0.1317302692092684,0.14397566684319701,476,0.36618099785978575,0.40641594429414407,476
f5cae9d0d107ecad9d45,ILVIS0_applanix_56916_510_POS510.013,627aedaaead70ff4e00ec27ff4b9dafc631a0ac09a57e403de4d49abde34f3a0,482,False,0,l1_broadcast,h3_v10_tau0,6.0,0.5800171356103745,0.582533059618419,476,0.5781097511425876,0.5802194460811136,476,1.9156450577803268,1.921457242169561,476,0.6695650133424405,0.672625968013975,476,0.6674699580101586,0.6699942351185229,476,2.2118589369617627,2.218874814696428,476
f5cae9d0d107ecad9d45,ILVIS0_applanix_56916_510_POS510.013,627aedaaead70ff4e00ec27ff4b9dafc631a0ac09a57e403de4d49abde34f3a0,482,False,0,l1_broadcast,h3_v10_tau10,6.0,0.5102489144593039,0.513107047928522,476,0.5080796802373004,0.5104788758583982,476,1.6806305561687718,1.6872525031451806,476,0.3562246615400714,0.3619452940350522,476,0.3522709866383609,0.3570307803226856,476,1.1493355535339818,1.162780156632556,476
f5cae9d0d107ecad9d45,ILVIS0_applanix_56916_510_POS510.013,627aedaaead70ff4e00ec27ff4b9dafc631a0ac09a57e403de4d49abde34f3a0,482,False,0,l1_broadcast,h3_v10_tau60,6.0,0.2571661215400066,0.2627913654361935,476,0.2528347697866421,0.25762209109911954,476,0.8164093152924095,0.8299554635454918,476,0.19518231842797756,0.20543740143162523,476,0.18786957846471736,0.19664970893051756,476,0.5781928725662722,0.60447700145642,476
f5cae9d0d107ecad9d45,ILVIS0_applanix_56916_510_POS510.013,627aedaaead70ff4e00ec27ff4b9dafc631a0ac09a57e403de4d49abde34f3a0,482,False,0,l1_broadcast,h3_v10_tau300,6.0,0.16001929715101942,0.16891140478217026,476,0.15296137474459737,0.16075105821656974,476,0.4649843084521875,0.4883771133598831,476,0.15303333382429618,0.16591441067367857,476,0.1435898486207472,0.15490052823243117,476,0.4137994137073643,0.44979480697678914,476
f5cae9d0d107ecad9d45,ILVIS0_applanix_56916_510_POS510.013,627aedaaead70ff4e00ec27ff4b9dafc631a0ac09a57e403de4d49abde34f3a0,482,False,0,l1_broadcast,h10_v30_tau0,6.0,1.8938883816952226,1.8946604155702036,476,1.8933051019549783,1.8939503505598634,476,5.678431329038137,5.68039473221509,476,2.186698571067328,2.1876377730873653,476,2.186057976857241,2.186830036488934,476,6.5564897660458135,6.55885992694625,476
f5cae9d0d107ecad9d45,ILVIS0_applanix_56916_510_POS510.013,627aedaaead70ff4e00ec27ff4b9dafc631a0ac09a57e403de4d49abde34f3a0,482,False,0,l1_broadcast,h10_v30_tau10,6.0,1.6557887187893756,1.656671714395065,476,1.6551215327094968,1.6558595983156403,476,4.963666998213099,4.965913010108286,476,1.1001376724051815,1.1020033048244633,476,1.098863838609687,1.1003989576938769,476,3.2932397985678055,3.297956012267922,476
f5cae9d0d107ecad9d45,ILVIS0_applanix_56916_510_POS510.013,627aedaaead70ff4e00ec27ff4b9dafc631a0ac09a57e403de4d49abde34f3a0,482,False,0,l1_broadcast,h10_v30_tau60,6.0,0.7639642565722884,0.7658761474909215,476,0.7625171421590891,0.7641178661407808,476,2.28386427039029,2.28874156572603,476,0.47290345854216537,0.4772274794107644,476,0.46993246234533087,0.4735109812266475,476,1.40194201775222,1.4129851035466716,476
f5cae9d0d107ecad9d45,ILVIS0_applanix_56916_510_POS510.013,627aedaaead70ff4e00ec27ff4b9dafc631a0ac09a57e403de4d49abde34f3a0,482,False,0,l1_broadcast,h10_v30_tau300,6.0,0.36514055252490335,0.3691239777408993,476,0.36210306523917957,0.36546183249706365,476,1.0785231316111505,1.0888131473393206,476,0.24609070774831082,0.2543010495479161,476,0.24033201238155844,0.24725615458625294,476,0.7055126038980117,0.727209388439207,476
f5cae9d0d107ecad9d45,ILVIS0_applanix_56916_510_POS510.013,627aedaaead70ff4e00ec27ff4b9dafc631a0ac09a57e403de4d49abde34f3a0,482,False,0,dual_frequency,formal_only,6.0,0.15442816898951137,0.19697215190343229,476,0.1426962499048799,0.18146009337261934,476,0.3989225094395261,0.5014936840398051,476,0.1787420370744863,0.22307662232265585,476,0.1655035130882333,0.20675691222732226,476,0.45978565253177217,0.5678514491091651,476
f5cae9d0d107ecad9d45,ILVIS0_applanix_56916_510_POS510.013,627aedaaead70ff4e00ec27ff4b9dafc631a0ac09a57e403de4d49abde34f3a0,482,False,0,dual_frequency,h1_v3_tau0,6.0,0.2440628348917623,0.2729773666229287,476,0.2368139225145022,0.2620045395652219,476,0.693258094729554,0.7569435759703009,476,0.28207759394530907,0.3120615246411895,476,0.2738803862979574,0.300611859977166,476,0.7999839377665265,0.8666179669717426,476
f5cae9d0d107ecad9d45,ILVIS0_applanix_56916_510_POS510.013,627aedaaead70ff4e00ec27ff4b9dafc631a0ac09a57e403de4d49abde34f3a0,482,False,0,dual_frequency,h1_v3_tau10,6.0,0.22608604150001893,0.25703087874832825,476,0.21824083957737123,0.24534589635003848,476,0.6360352580257616,0.7049096619362447,476,0.2094141555368676,0.2483320678766234,476,0.19823467325718386,0.23378194976235978,476,0.5644049884702629,0.6554429049857668,476
f5cae9d0d107ecad9d45,ILVIS0_applanix_56916_510_POS510.013,627aedaaead70ff4e00ec27ff4b9dafc631a0ac09a57e403de4d49abde34f3a0,482,False,0,dual_frequency,h1_v3_tau60,6.0,0.1718573512606047,0.2109144851488794,476,0.161397371894959,0.19650612402940604,476,0.45860792589076993,0.5501617767803404,476,0.1843573551685368,0.22760077102102944,476,0.17155270757854585,0.211630197942313,476,0.4793256842859498,0.5837855178737693,476
f5cae9d0d107ecad9d45,ILVIS0_applanix_56916_510_POS510.013,627aedaaead70ff4e00ec27ff4b9dafc631a0ac09a57e403de4d49abde34f3a0,482,False,0,dual_frequency,h1_v3_tau300,6.0,0.15821444798711998,0.1999544477469981,476,0.14678546400481976,0.18469303725921712,476,0.41205940318163115,0.512005564871088,476,0.17988013657449786,0.22398957524583415,476,0.1667320022422076,0.20774159127934683,476,0.4637630594660356,0.5710766995103433,476
f5cae9d0d107ecad9d45,ILVIS0_applanix_56916_510_POS510.013,627aedaaead70ff4e00ec27ff4b9dafc631a0ac09a57e403de4d49abde34f3a0,482,False,0,dual_frequency,h3_v10_tau0,6.0,0.5876355427521733,0.6002212189330469,476,0.5846620396098594,0.595311050130552,476,1.9315797093208014,1.955340642627393,476,0.6786163518877063,0.6916176085179653,476,0.675250212596209,0.6865274118932676,476,2.230091398378841,2.2548525531576806,476
f5cae9d0d107ecad9d45,ILVIS0_applanix_56916_510_POS510.013,627aedaaead70ff4e00ec27ff4b9dafc631a0ac09a57e403de4d49abde34f3a0,482,False,0,dual_frequency,h3_v10_tau10,6.0,0.5188926750398757,0.5331037313655913,476,0.5155228195729151,0.5275692592011857,476,1.6987710998509713,1.7257404501589573,476,0.37295958862006917,0.3961231451084879,476,0.36679906153914854,0.38716738284923186,476,1.1840438752717732,1.2300456467524006,476
f5cae9d0d107ecad9d45,ILVIS0_applanix_56916_510_POS510.013,627aedaaead70ff4e00ec27ff4b9dafc631a0ac09a57e403de4d49abde34f3a0,482,False,0,dual_frequency,h3_v10_tau60,6.0,0.27391616885747694,0.2999667381707289,476,0.26747754081716,0.2900168612912293,476,0.8531285472451997,0.905640728909776,476,0.22427434421482323,0.26098569740166777,476,0.21387304318864228,0.2471815032361126,476,0.644433602561747,0.7254978109980903,476
f5cae9d0d107ecad9d45,ILVIS0_applanix_56916_510_POS510.013,627aedaaead70ff4e00ec27ff4b9dafc631a0ac09a57e403de4d49abde34f3a0,482,False,0,dual_frequency,h3_v10_tau300,6.0,0.18574667948733126,0.22237760883634403,476,0.17611357876096628,0.2087619158824788,476,0.526796429964308,0.6081704044729941,476,0.18873803318198956,0.2311634301152798,476,0.17625192840870563,0.2154570779665417,476,0.5022127163181954,0.6027188639219407,476
f5cae9d0d107ecad9d45,ILVIS0_applanix_56916_510_POS510.013,627aedaaead70ff4e00ec27ff4b9dafc631a0ac09a57e403de4d49abde34f3a0,482,False,0,dual_frequency,h10_v30_tau0,6.0,1.896235443141709,1.9001733704085546,476,1.8953160754351097,1.898628076264446,476,5.683826752534048,5.691945486349856,476,2.1894870374054056,2.1935515225527693,476,2.188446065914917,2.191951921013007,476,6.562663006875496,6.571118484101282,476
f5cae9d0d107ecad9d45,ILVIS0_applanix_56916_510_POS510.013,627aedaaead70ff4e00ec27ff4b9dafc631a0ac09a57e403de4d49abde34f3a0,482,False,0,dual_frequency,h10_v30_tau10,6.0,1.6584727717923975,1.6629738171474682,476,1.6574215229493736,1.6612078891280098,476,4.969838454420996,4.979121521846909,476,1.1056698170830634,1.1136967852308048,476,1.1036070137941456,1.1105428765154721,476,3.305512979836168,3.3222685699023655,476
f5cae9d0d107ecad9d45,ILVIS0_applanix_56916_510_POS510.013,627aedaaead70ff4e00ec27ff4b9dafc631a0ac09a57e403de4d49abde34f3a0,482,False,0,dual_frequency,h10_v30_tau60,6.0,0.7697642748434561,0.7794145366450415,476,0.767496715642458,0.7756395777130778,476,2.297246219787823,2.317260678753561,476,0.4856341490836079,0.5036419948099364,476,0.4809191443727636,0.4966288937935549,476,1.4305345528550268,1.4688367846821921,476
f5cae9d0d107ecad9d45,ILVIS0_applanix_56916_510_POS510.013,627aedaaead70ff4e00ec27ff4b9dafc631a0ac09a57e403de4d49abde34f3a0,482,False,0,dual_frequency,h10_v30_tau300,6.0,0.377125014548197,0.39645082341123644,476,0.3724747578164431,0.38897685102546603,476,1.106578651795341,1.1475509332151894,476,0.2697470684757086,0.30096194816034594,476,0.26116312522210117,0.28907300296910443,476,0.7607468106984947,0.8305348343526109,476
f5cae9d0d107ecad9d45,ILVIS0_applanix_56916_510_POS510.013,627aedaaead70ff4e00ec27ff4b9dafc631a0ac09a57e403de4d49abde34f3a0,482,False,0,l1_broadcast,formal_only,12.0,0.04794986407267251,0.051202421232136544,470,0.04433007510806988,0.04730621424337935,470,0.12244788445689504,0.13372312825245802,470,0.028939154675778456,0.03084365614740286,470,0.026782678058786084,0.02846989880639183,470,0.07396359757836049,0.08016379222405326,470
f5cae9d0d107ecad9d45,ILVIS0_applanix_56916_510_POS510.013,627aedaaead70ff4e00ec27ff4b9dafc631a0ac09a57e403de4d49abde34f3a0,482,False,0,l1_broadcast,h1_v3_tau0,12.0,0.08830638277348998,0.09011390453104787,470,0.08639434774313706,0.08795854506768142,470,0.2539349015717862,0.2595598676655141,470,0.053249194389956,0.054307772488581284,470,0.05210867344578877,0.052995633359178895,470,0.1531425215260398,0.15623140609858696,470
f5cae9d0d107ecad9d45,ILVIS0_applanix_56916_510_POS510.013,627aedaaead70ff4e00ec27ff4b9dafc631a0ac09a57e403de4d49abde34f3a0,482,False,0,l1_broadcast,h1_v3_tau10,12.0,0.11669246032664404,0.11806620542763058,470,0.11525231615076652,0.11642945805802996,470,0.3418405355323688,0.34603950989632193,470,0.04845330516172049,0.04961431382358751,470,0.04719703304735999,0.048174508136564896,470,0.13806826795099458,0.14148663160873834,470
f5cae9d0d107ecad9d45,ILVIS0_applanix_56916_510_POS510.013,627aedaaead70ff4e00ec27ff4b9dafc631a0ac09a57e403de4d49abde34f3a0,482,False,0,l1_broadcast,h1_v3_tau60,12.0,0.07179163836845362,0.07400363418775063,470,0.06942625890664135,0.07136335024264788,470,0.20171051826911646,0.20874751216535298,470,0.03335315759268366,0.03501842232912013,470,0.031500321954762406,0.03294682961581464,470,0.08913607440264058,0.09434436800653098,470
f5cae9d0d107ecad9d45,ILVIS0_applanix_56916_510_POS510.013,627aedaaead70ff4e00ec27ff4b9dafc631a0ac09a57e403de4d49abde34f3a0,482,False,0,l1_broadcast,h1_v3_tau300,12.0,0.053992899575601834,0.056901069416858345,470,0.05080550458578326,0.05342210813112879,470,0.1433104254183793,0.15305642314439105,470,0.029877240035063327,0.031725478780976375,470,0.027793643888164507,0.029422949133778027,470,0.07724756919689416,0.08320340626600015,470
f5cae9d0d107ecad9d45,ILVIS0_applanix_56916_510_POS510.013,627aedaaead70ff4e00ec27ff4b9dafc631a0ac09a57e403de4d49abde34f3a0,482,False,0,l1_broadcast,h3_v10_tau0,12.0,0.22757117392658083,0.2282786406687,470,0.22683607579237297,0.22743642541093512,470,0.7515825031153047,0.7535015923514006,470,0.13718415614977703,0.13759851216735358,470,0.13674549292105465,0.13708593343499534,470,0.4530682219689632,0.45412160737601853,470
f5cae9d0d107ecad9d45,ILVIS0_applanix_56916_510_POS510.013,627aedaaead70ff4e00ec27ff4b9dafc631a0ac09a57e403de4d49abde34f3a0,482,False,0,l1_broadcast,h3_v10_tau10,12.0,0.322739301421857,0.3232385423622721,470,0.32222138780716536,0.3226443011781144,470,1.0708816761498996,1.072229432072334,470,0.1201237171590179,0.12059670498732243,470,0.11962250858557784,0.12001153224409734,470,0.39559502249801687,0.39680101101876514,470
f5cae9d0d107ecad9d45,ILVIS0_applanix_56916_510_POS510.013,627aedaaead70ff4e00ec27ff4b9dafc631a0ac09a57e403de4d49abde34f3a0,482,False,0,l1_broadcast,h3_v10_tau60,12.0,0.1673106038721198,0.16827161598522689,470,0.16630936307789226,0.16712727656196025,470,0.5481591645983404,0.5507874911593441,470,0.05755085263573305,0.058531685050893005,470,0.05649723694674863,0.05731632481470603,470,0.18156667541010046,0.18417947232841397,470
f5cae9d0d107ecad9d45,ILVIS0_applanix_56916_510_POS510.013,627aedaaead70ff4e00ec27ff4b9dafc631a0ac09a57e403de4d49abde34f3a0,482,False,0,l1_broadcast,h3_v10_tau300,12.0,0.08856400552157548,0.09036637441840298,470,0.08665765492683167,0.08821718361996735,470,0.2767631797249718,0.2819330564533663,470,0.03652461983254672,0.03805134438945149,470,0.03484085261930618,0.03615395292346042,470,0.10482410725869515,0.10928729848883594,470
f5cae9d0d107ecad9d45,ILVIS0_applanix_56916_510_POS510.013,627aedaaead70ff4e00ec27ff4b9dafc631a0ac09a57e403de4d49abde34f3a0,482,False,0,l1_broadcast,h10_v30_tau0,12.0,0.7430894723528731,0.7433064391691404,470,0.7428646781207278,0.7430482166867544,470,2.2279897787721272,2.2286378900581303,470,0.44792596990856604,0.4480530464554707,470,0.44779181731324724,0.4478958974638802,470,1.3430087163396793,1.3433644452318458,470
f5cae9d0d107ecad9d45,ILVIS0_applanix_56916_510_POS510.013,627aedaaead70ff4e00ec27ff4b9dafc631a0ac09a57e403de4d49abde34f3a0,482,False,0,l1_broadcast,h10_v30_tau10,12.0,1.0649381527788435,1.065089558597276,470,1.0647813086834836,1.064909365929148,470,3.19392238512673,3.194374522954921,470,0.38969511491317077,0.3898411734340494,470,0.3895409089189621,0.3896605484696393,470,1.168201131989969,1.1686100741181733,470
f5cae9d0d107ecad9d45,ILVIS0_applanix_56916_510_POS510.013,627aedaaead70ff4e00ec27ff4b9dafc631a0ac09a57e403de4d49abde34f3a0,482,False,0,l1_broadcast,h10_v30_tau60,12.0,0.5364551935339784,0.5367556923384196,470,0.5361437687294311,0.5363980453631735,470,1.6075939633642617,1.6084920707714354,470,0.16832503796554493,0.1686629072532399,470,0.16796772172424485,0.16824499651708455,470,0.502924653560723,0.5038738212005985,470
f5cae9d0d107ecad9d45,ILVIS0_applanix_56916_510_POS510.013,627aedaaead70ff4e00ec27ff4b9dafc631a0ac09a57e403de4d49abde34f3a0,482,False,0,l1_broadcast,h10_v30_tau300,12.0,0.2527915398339253,0.2534286116364117,470,0.252129983718711,0.2526702416443927,470,0.754607740836666,0.7565191558828301,470,0.07971796729587521,0.08042892526131841,470,0.07896069559451933,0.07954881997029509,470,0.2347933779275816,0.23681965877628136,470
f5cae9d0d107ecad9d45,ILVIS0_applanix_56916_510_POS510.013,627aedaaead70ff4e00ec27ff4b9dafc631a0ac09a57e403de4d49abde34f3a0,482,False,0,dual_frequency,formal_only,12.0,0.06112706963854894,0.07308211751015535,470,0.05637960397485173,0.06787179640790333,470,0.1576045355749876,0.18717331762861356,470,0.036939314908064624,0.04431111393731498,470,0.03419386529684792,0.04103078044102335,470,0.0946687232371814,0.11353037445087222,470
f5cae9d0d107ecad9d45,ILVIS0_applanix_56916_510_POS510.013,627aedaaead70ff4e00ec27ff4b9dafc631a0ac09a57e403de4d49abde34f3a0,482,False,0,dual_frequency,h1_v3_tau0,12.0,0.09610071021157586,0.10411447508852793,470,0.09315304532129662,0.100525685384075,470,0.27263279948647057,0.2907289682144651,470,0.057987196724101936,0.062940300675967,470,0.056278081269366,0.060675611713695,470,0.16414684042333905,0.17570192102084098,470
f5cae9d0d107ecad9d45,ILVIS0_applanix_56916_510_POS510.013,627aedaaead70ff4e00ec27ff4b9dafc631a0ac09a57e403de4d49abde34f3a0,482,False,0,dual_frequency,h1_v3_tau10,12.0,0.12269661603716372,0.1290695048059457,470,0.12040184157406576,0.1261924244322933,470,0.3559503640534903,0.3699937286212842,470,0.053616798343450206,0.058938331251632725,470,0.05176358286522542,0.056513498940012175,470,0.15018122365805106,0.16273100393134454,470
f5cae9d0d107ecad9d45,ILVIS0_applanix_56916_510_POS510.013,627aedaaead70ff4e00ec27ff4b9dafc631a0ac09a57e403de4d49abde34f3a0,482,False,0,dual_frequency,h1_v3_tau60,12.0,0.08118724394211436,0.09053091153306371,470,0.0776756806294236,0.0863795928795553,470,0.22479510975983016,0.2464295496317535,470,0.04049038679461823,0.04731209553334232,470,0.038002353396484584,0.04425476397789192,470,0.10694294327894968,0.12395068443419544,470
f5cae9d0d107ecad9d45,ILVIS0_applanix_56916_510_POS510.013,627aedaaead70ff4e00ec27ff4b9dafc631a0ac09a57e403de4d49abde34f3a0,482,False,0,dual_frequency,h1_v3_tau300,12.0,0.06597395244590035,0.07718186113147306,470,0.06160116947819999,0.07226773517660148,470,0.17430887618365143,0.20144044276230064,470,0.037678744430408244,0.04492938754819178,470,0.0349913592274452,0.0416977206818641,470,0.09725605548945877,0.11569666874918565,470
f5cae9d0d107ecad9d45,ILVIS0_applanix_56916_510_POS510.013,627aedaaead70ff4e00ec27ff4b9dafc631a0ac09a57e403de4d49abde34f3a0,482,False,0,dual_frequency,h3_v10_tau0,12.0,0.2307075389356696,0.23415901881754825,470,0.2294953440644893,0.23258555142766218,470,0.7581041945750262,0.764798455353888,470,0.13909180769534396,0.14122854201706725,470,0.13838799955190623,0.14023390402010813,470,0.4569052057852855,0.46118255341068864,470
f5cae9d0d107ecad9d45,ILVIS0_applanix_56916_510_POS510.013,627aedaaead70ff4e00ec27ff4b9dafc631a0ac09a57e403de4d49abde34f3a0,482,False,0,dual_frequency,h3_v10_tau10,12.0,0.3249584373540163,0.32741787305945014,470,0.3240989517702014,0.32629443236330685,470,1.0754688630015927,1.080198122701491,470,0.12229777469006523,0.12472255430120366,470,0.1214967207207343,0.12359515536952985,470,0.3999837185947117,0.40486288494213146,470
f5cae9d0d107ecad9d45,ILVIS0_applanix_56916_510_POS510.013,627aedaaead70ff4e00ec27ff4b9dafc631a0ac09a57e403de4d49abde34f3a0,482,False,0,dual_frequency,h3_v10_tau60,12.0,0.17155222959198435,0.17616652638864772,470,0.16991854439417192,0.174069632890201,470,0.5570674827682303,0.5661438733432281,470,0.061960785323653116,0.06661911041134598,470,0.060364280548045456,0.06448375045181405,470,0.190939809726042,0.20096017254849471,470
f5cae9d0d107ecad9d45,ILVIS0_applanix_56916_510_POS510.013,627aedaaead70ff4e00ec27ff4b9dafc631a0ac09a57e403de4d49abde34f3a0,482,False,0,dual_frequency,h3_v10_tau300,12.0,0.09633749186569487,0.10433307126462507,470,0.09339730025640622,0.10075206834546822,470,0.2940128688473713,0.310866947817705,470,0.04314030771384458,0.049598889468579085,470,0.04081413471017588,0.04669153382586521,470,0.12033140405572013,0.13567102162823075,470
f5cae9d0d107ecad9d45,ILVIS0_applanix_56916_510_POS510.013,627aedaaead70ff4e00ec27ff4b9dafc631a0ac09a57e403de4d49abde34f3a0,482,False,0,dual_frequency,h10_v30_tau0,12.0,0.7440559745421104,0.7451333913196566,470,0.7436810054510231,0.7446404260759402,470,2.2301982345485127,2.232482670830564,470,0.44851389363780536,0.44918112573082536,470,0.44829613007362096,0.44886939088076416,470,1.3443079875831354,1.3457677905482666,470
f5cae9d0d107ecad9d45,ILVIS0_applanix_56916_510_POS510.013,627aedaaead70ff4e00ec27ff4b9dafc631a0ac09a57e403de4d49abde34f3a0,482,False,0,dual_frequency,h10_v30_tau10,12.0,1.0656127807861258,1.0663653577383754,470,1.0653509953071296,1.0660209517206214,470,3.195463333117604,3.197058120156477,470,0.39037074794977233,0.3911371776666737,470,0.3901205304872808,0.3907791423861567,470,1.1696945918051056,1.1713720240347083,470
f5cae9d0d107ecad9d45,ILVIS0_applanix_56916_510_POS510.013,627aedaaead70ff4e00ec27ff4b9dafc631a0ac09a57e403de4d49abde34f3a0,482,False,0,dual_frequency,h10_v30_tau60,12.0,0.5377931795761932,0.5392828400781828,470,0.5372742768801366,0.5386014990937638,470,1.610653302883097,1.613814974504757,470,0.1698833619718568,0.17163719608238262,470,0.16930760209506773,0.17081971108008578,470,0.5063840049554438,0.51024674520499,470
f5cae9d0d107ecad9d45,ILVIS0_applanix_56916_510_POS510.013,627aedaaead70ff4e00ec27ff4b9dafc631a0ac09a57e403de4d49abde34f3a0,482,False,0,dual_frequency,h10_v30_tau300,12.0,0.2556186455116838,0.2587380325971078,470,0.25452511938571815,0.2573149087848564,470,0.7611035102900378,0.7677716202614171,470,0.08295777590528929,0.08649254990800369,470,0.08177224488468743,0.08485875709831392,470,0.24211460847161698,0.25009291045358534,470
f5cae9d0d107ecad9d45,ILVIS0_applanix_56916_510_POS510.013,627aedaaead70ff4e00ec27ff4b9dafc631a0ac09a57e403de4d49abde34f3a0,482,False,0,l1_broadcast,formal_only,30.0,0.012971313679160199,0.013757263358303368,452,0.011985084784032117,0.012674126675283167,452,0.03318196116891395,0.036053481839732046,452,0.00324023293034547,0.003451181986411798,452,0.0029991075565937294,0.0031756491225907804,452,0.008282333183122659,0.009030365621687365,452
f5cae9d0d107ecad9d45,ILVIS0_applanix_56916_510_POS510.013,627aedaaead70ff4e00ec27ff4b9dafc631a0ac09a57e403de4d49abde34f3a0,482,False,0,l1_broadcast,h1_v3_tau0,30.0,0.02399589639043608,0.02442970248026184,452,0.02347744265768449,0.023836561988623252,452,0.06905776605050742,0.07048253104117579,452,0.00598161552565449,0.006098464737167047,452,0.005854507750414993,0.005946878361436518,452,0.017208213155737652,0.017580473497015275,452
f5cae9d0d107ecad9d45,ILVIS0_applanix_56916_510_POS510.013,627aedaaead70ff4e00ec27ff4b9dafc631a0ac09a57e403de4d49abde34f3a0,482,False,0,l1_broadcast,h1_v3_tau10,30.0,0.05234459266684272,0.05254487322884475,452,0.05210895939103333,0.05227174253343839,452,0.15571241140834097,0.15634950436193032,452,0.009549232324694238,0.00962285747063006,452,0.009470130658819007,0.00952751152977195,452,0.02819211995692992,0.02842087391600047,452
f5cae9d0d107ecad9d45,ILVIS0_applanix_56916_510_POS510.013,627aedaaead70ff4e00ec27ff4b9dafc631a0ac09a57e403de4d49abde34f3a0,482,False,0,l1_broadcast,h1_v3_tau60,30.0,0.03494648370951135,0.03524576633183358,452,0.03459254243253734,0.034837270212177675,452,0.10284968718997531,0.10381170695049252,452,0.005433466913166096,0.005561844166421481,452,0.005293212578280007,0.005395201631255497,452,0.015485740019791396,0.015898383347556156,452
f5cae9d0d107ecad9d45,ILVIS0_applanix_56916_510_POS510.013,627aedaaead70ff4e00ec27ff4b9dafc631a0ac09a57e403de4d49abde34f3a0,482,False,0,l1_broadcast,h1_v3_tau300,30.0,0.020502618114389255,0.021008680792142485,452,0.019893331068974042,0.020315904442850002,452,0.058051389456405256,0.059739231596041664,452,0.0037910645544394763,0.003972872787485063,452,0.0035871586463145405,0.0037360150400348527,452,0.010171263556600477,0.010789117528135043,452
f5cae9d0d107ecad9d45,ILVIS0_applanix_56916_510_POS510.013,627aedaaead70ff4e00ec27ff4b9dafc631a0ac09a57e403de4d49abde34f3a0,482,False,0,l1_broadcast,h3_v10_tau0,30.0,0.061936963886516885,0.062106318654228096,452,0.06173795236825376,0.061875408561654376,452,0.20458701854378278,0.2050723302597626,452,0.015428047280959166,0.015473725822679939,452,0.015379212580882831,0.01541461257594142,452,0.05095741904140166,0.0510843322468801,452
f5cae9d0d107ecad9d45,ILVIS0_applanix_56916_510_POS510.013,627aedaaead70ff4e00ec27ff4b9dafc631a0ac09a57e403de4d49abde34f3a0,482,False,0,l1_broadcast,h3_v10_tau10,30.0,0.15268781061582437,0.15275658687014673,452,0.15260719110629342,0.15266285142903263,452,0.5082038780385658,0.5083994435228977,452,0.027142175043395264,0.02716816545201454,452,0.02711444638547708,0.02713454079307037,452,0.09020792606305908,0.09027967861114264,452
f5cae9d0d107ecad9d45,ILVIS0_applanix_56916_510_POS510.013,627aedaaead70ff4e00ec27ff4b9dafc631a0ac09a57e403de4d49abde34f3a0,482,False,0,l1_broadcast,h3_v10_tau60,30.0,0.0982103385545573,0.09831723104568092,452,0.09808495229047226,0.09817152995115676,452,0.326191992498031,0.3264965979606476,452,0.013479992155918975,0.01353224801912657,452,0.013424072602159425,0.01346461386322489,452,0.04439529699566078,0.044540911993165705,452
f5cae9d0d107ecad9d45,ILVIS0_applanix_56916_510_POS510.013,627aedaaead70ff4e00ec27ff4b9dafc631a0ac09a57e403de4d49abde34f3a0,482,False,0,l1_broadcast,h3_v10_tau300,30.0,0.049367765405128175,0.04958007243056812,452,0.049117853460297886,0.0492905157788127,452,0.16220751797998595,0.16281919832488123,452,0.006734735220591202,0.006838728417191015,452,0.00662209900219398,0.006703901583700272,452,0.021351889126618423,0.02165302788463265,452
f5cae9d0d107ecad9d45,ILVIS0_applanix_56916_510_POS510.013,627aedaaead70ff4e00ec27ff4b9dafc631a0ac09a57e403de4d49abde34f3a0,482,False,0,l1_broadcast,h10_v30_tau0,30.0,0.20229448979328754,0.20234640575585192,452,0.20223364672424715,0.20227565176529183,452,0.6065429028795248,0.6067067706534651,452,0.050384130358074555,0.05039813627391897,452,0.050369198213234385,0.05038001816101789,452,0.1510667084956948,0.15110956575012546,452
f5cae9d0d107ecad9d45,ILVIS0_applanix_56916_510_POS510.013,627aedaaead70ff4e00ec27ff4b9dafc631a0ac09a57e403de4d49abde34f3a0,482,False,0,l1_broadcast,h10_v30_tau10,30.0,0.5072853182357768,0.5073060234406682,452,0.5072610583951742,0.5072778063295709,452,1.5217201761509078,1.521785499678752,452,0.08988532672590982,0.08989317832054637,452,0.08987695754378991,0.08988302174820756,452,0.2696079611842769,0.26963197729384086,452
f5cae9d0d107ecad9d45,ILVIS0_applanix_56916_510_POS510.013,627aedaaead70ff4e00ec27ff4b9dafc631a0ac09a57e403de4d49abde34f3a0,482,False,0,l1_broadcast,h10_v30_tau60,30.0,0.3247590313046883,0.3247913726310524,452,0.3247211352539129,0.32474729731093777,452,0.9740649892857931,0.9741670369494445,452,0.04373607700936735,0.04375221114542581,452,0.04371887428644463,0.04373133967916236,452,0.13110951520680025,0.13115889380153434,452
f5cae9d0d107ecad9d45,ILVIS0_applanix_56916_510_POS510.013,627aedaaead70ff4e00ec27ff4b9dafc631a0ac09a57e403de4d49abde34f3a0,482,False,0,l1_broadcast,h10_v30_tau300,30.0,0.15930628152489235,0.15937220163772395,452,0.15922901305974368,0.15928235944128538,452,0.47748630307775525,0.4776944443331951,452,0.019945054767256734,0.01998040934532163,452,0.01990730384490632,0.019934664472538766,452,0.05961838621428031,0.0597268986341838,452
f5cae9d0d107ecad9d45,ILVIS0_applanix_56916_510_POS510.013,627aedaaead70ff4e00ec27ff4b9dafc631a0ac09a57e403de4d49abde34f3a0,482,False,0,dual_frequency,formal_only,30.0,0.016549558855362065,0.01879005856901479,452,0.015300238988681492,0.017453822579478175,452,0.04241279168507403,0.04761870859343862,452,0.004098917877100154,0.0047718216112790195,452,0.003784014131831358,0.00440475215315491,452,0.010578860855161167,0.012120039696029403,452
f5cae9d0d107ecad9d45,ILVIS0_applanix_56916_510_POS510.013,627aedaaead70ff4e00ec27ff4b9dafc631a0ac09a57e403de4d49abde34f3a0,482,False,0,dual_frequency,h1_v3_tau0,30.0,0.02610432828312214,0.027579239921436037,452,0.025330719871469842,0.026686780561638163,452,0.07393766090817314,0.07704202696816947,452,0.006487044268429135,0.006931875387909649,452,0.006292803659274704,0.00668449373678336,452,0.018423839010228094,0.019349959550996956,452
f5cae9d0d107ecad9d45,ILVIS0_applanix_56916_510_POS510.013,627aedaaead70ff4e00ec27ff4b9dafc631a0ac09a57e403de4d49abde34f3a0,482,False,0,dual_frequency,h1_v3_tau10,30.0,0.0533440651848341,0.05408112318504852,452,0.05296979048641697,0.05363149958843982,452,0.15793719583774235,0.1594140957917627,452,0.00987369522072368,0.010171480232419315,452,0.009747178649258963,0.010004527488726626,452,0.028950144576423736,0.029548163600787696,452
f5cae9d0d107ecad9d45,ILVIS0_applanix_56916_510_POS510.013,627aedaaead70ff4e00ec27ff4b9dafc631a0ac09a57e403de4d49abde34f3a0,482,False,0,dual_frequency,h1_v3_tau60,30.0,0.03642649631074975,0.037497575915220085,452,0.03587616266184122,0.03684614001078703,452,0.10618785655076537,0.10837230746139405,452,0.0059853639534681626,0.006464807405108218,452,0.005774271926724096,0.006198813991335094,452,0.016826270774552177,0.017835539683212043,452
f5cae9d0d107ecad9d45,ILVIS0_applanix_56916_510_POS510.013,627aedaaead70ff4e00ec27ff4b9dafc631a0ac09a57e403de4d49abde34f3a0,482,False,0,dual_frequency,h1_v3_tau300,30.0,0.022934477589384328,0.024600177963115005,452,0.022049935975707778,0.023595306864756475,452,0.06377904370856587,0.06735326780549591,452,0.004546887836731739,0.00516171894949508,452,0.004265187450943217,0.0048244069666822315,452,0.012114860741213443,0.013481577190700474,452
f5cae9d0d107ecad9d45,ILVIS0_applanix_56916_510_POS510.013,627aedaaead70ff4e00ec27ff4b9dafc631a0ac09a57e403de4d49abde34f3a0,482,False,0,dual_frequency,h3_v10_tau0,30.0,0.06278391835714325,0.06341134761205558,452,0.06246622942018944,0.06302831804918242,452,0.20628536286499127,0.20741829000239254,452,0.01563095206157026,0.01582074002844008,452,0.015551343882356645,0.01571392297344099,452,0.05138067534276662,0.05171998555008396,452
f5cae9d0d107ecad9d45,ILVIS0_applanix_56916_510_POS510.013,627aedaaead70ff4e00ec27ff4b9dafc631a0ac09a57e403de4d49abde34f3a0,482,False,0,dual_frequency,h3_v10_tau10,30.0,0.1530333310722122,0.15329181007691095,452,0.15290326952909816,0.15313376153473054,452,0.508889953177297,0.5093502532882208,452,0.02725802057359448,0.027367295047887916,452,0.02721244788210623,0.027305684360803453,452,0.09044769299401373,0.09064087530667622,452
f5cae9d0d107ecad9d45,ILVIS0_applanix_56916_510_POS510.013,627aedaaead70ff4e00ec27ff4b9dafc631a0ac09a57e403de4d49abde34f3a0,482,False,0,dual_frequency,h3_v10_tau60,30.0,0.09874666327280973,0.09914677060070241,452,0.0985449791778549,0.09890223456236685,452,0.32725986426206727,0.3279751741230501,452,0.013711754371559838,0.01392771914795128,452,0.01362093396814747,0.013806263825861415,452,0.04488048171136591,0.04526854033934924,452
f5cae9d0d107ecad9d45,ILVIS0_applanix_56916_510_POS510.013,627aedaaead70ff4e00ec27ff4b9dafc631a0ac09a57e403de4d49abde34f3a0,482,False,0,dual_frequency,h3_v10_tau300,30.0,0.050426274601287686,0.05120534895528569,452,0.05003017673273955,0.05073024365980931,452,0.16434439952173135,0.16576422340119615,452,0.007187397138426391,0.007591299664582916,452,0.007012582413030083,0.007366097388113161,452,0.022343196117801847,0.023112799677150797,452
f5cae9d0d107ecad9d45,ILVIS0_applanix_56916_510_POS510.013,627aedaaead70ff4e00ec27ff4b9dafc631a0ac09a57e403de4d49abde34f3a0,482,False,0,dual_frequency,h10_v30_tau0,30.0,0.20255540849134784,0.20275076356971208,452,0.20245716317957624,0.20263129574307365,452,0.6071178599133693,0.6075037381818195,452,0.050446631319279234,0.0505057597120774,452,0.05042202143500041,0.05047240160988788,452,0.1512100051553264,0.1513256381716392,452
f5cae9d0d107ecad9d45,ILVIS0_applanix_56916_510_POS510.013,627aedaaead70ff4e00ec27ff4b9dafc631a0ac09a57e403de4d49abde34f3a0,482,False,0,dual_frequency,h10_v30_tau10,30.0,0.5073894234273185,0.5074674429226844,452,0.5073502108204202,0.507419723221665,452,1.5219494397971425,1.522103410868055,452,0.08992037577853501,0.08995356097886847,452,0.08990657158559853,0.08993483581435668,452,0.2696882792731214,0.2697531298919287,452
f5cae9d0d107ecad9d45,ILVIS0_applanix_56916_510_POS510.013,627aedaaead70ff4e00ec27ff4b9dafc631a0ac09a57e403de4d49abde34f3a0,482,False,0,dual_frequency,h10_v30_tau60,30.0,0.3249216233529294,0.32504344316176215,452,0.32486038652923327,0.32496893671537613,452,0.9744231145379936,0.9746635841272284,452,0.0438080637747265,0.04387613935071751,452,0.043779722313203547,0.04383773676296508,452,0.13127459853723022,0.13140777499824327,452
f5cae9d0d107ecad9d45,ILVIS0_applanix_56916_510_POS510.013,627aedaaead70ff4e00ec27ff4b9dafc631a0ac09a57e403de4d49abde34f3a0,482,False,0,dual_frequency,h10_v30_tau300,30.0,0.1596374775598933,0.15988528030919236,452,0.15951280091364156,0.1597337558092017,452,0.47821644933838126,0.4787062444737765,452,0.020102418490067366,0.0202503427580236,452,0.02004058041365951,0.02016700131374741,452,0.05998055700075251,0.06027147190375093,452
f5cae9d0d107ecad9d45,ILVIS0_applanix_56916_510_POS510.013,627aedaaead70ff4e00ec27ff4b9dafc631a0ac09a57e403de4d49abde34f3a0,482,False,0,l1_broadcast,formal_only,60.0,0.0046953621031614046,0.004900894329631993,422,0.004336188331358674,0.0045101752580300036,422,0.011924946251980146,0.012874701809997953,422,0.0005964857046180366,0.0006252577968535899,422,0.0005510007093182008,0.0005754244363925618,422,0.0015214033550274872,0.0016420075755717264,422
f5cae9d0d107ecad9d45,ILVIS0_applanix_56916_510_POS510.013,627aedaaead70ff4e00ec27ff4b9dafc631a0ac09a57e403de4d49abde34f3a0,482,False,0,l1_broadcast,h1_v3_tau0,60.0,0.008902288913623106,0.009012385271628776,422,0.00871819086168198,0.008806020865375463,422,0.025632854830820943,0.02608825126421399,422,0.0010997364534512427,0.0011156040469185607,422,0.0010757447895915874,0.0010884568993586002,422,0.0031618497409454695,0.0032216167545862182,422
f5cae9d0d107ecad9d45,ILVIS0_applanix_56916_510_POS510.013,627aedaaead70ff4e00ec27ff4b9dafc631a0ac09a57e403de4d49abde34f3a0,482,False,0,l1_broadcast,h1_v3_tau10,60.0,0.024878775519935184,0.024918383011576596,422,0.024813495831506417,0.024844490877286917,422,0.07425878909612024,0.0744172114924048,422,0.002584646758112893,0.002591438015640985,422,0.0025745301414425758,0.002579867640145245,422,0.007696499278895829,0.007721244840366479,422
f5cae9d0d107ecad9d45,ILVIS0_applanix_56916_510_POS510.013,627aedaaead70ff4e00ec27ff4b9dafc631a0ac09a57e403de4d49abde34f3a0,482,False,0,l1_broadcast,h1_v3_tau60,60.0,0.02156300016849138,0.021608686142355792,422,0.021487649482313347,0.0215234344807376,422,0.06425304118932121,0.06443606839582436,422,0.0016510026615585175,0.0016616142489838037,422,0.0016351196817210398,0.0016435108633758462,422,0.004862591847063944,0.004901665044062447,422
f5cae9d0d107ecad9d45,ILVIS0_applanix_56916_510_POS510.013,627aedaaead70ff4e00ec27ff4b9dafc631a0ac09a57e403de4d49abde34f3a0,482,False,0,l1_broadcast,h1_v3_tau300,60.0,0.012125764269251769,0.012206821845944646,422,0.011991257778807496,0.012055265019630099,422,0.03559626311417688,0.03592558357910091,422,0.0009268419321531758,0.0009456151905460113,422,0.0008982441497812792,0.0009134298608999779,422,0.0026160724550419326,0.00268800219793903,422
f5cae9d0d107ecad9d45,ILVIS0_applanix_56916_510_POS510.013,627aedaaead70ff4e00ec27ff4b9dafc631a0ac09a57e403de4d49abde34f3a0,482,False,0,l1_broadcast,h3_v10_tau0,60.0,0.023170786108280425,0.023213308023898087,422,0.02310068035544256,0.02313397035651117,422,0.07656785621509041,0.07672151076240999,422,0.002835210894096724,0.002841403339685683,422,0.0028259914010776797,0.0028308548163489913,422,0.00936360907952977,0.009383959491040287,422
f5cae9d0d107ecad9d45,ILVIS0_applanix_56916_510_POS510.013,627aedaaead70ff4e00ec27ff4b9dafc631a0ac09a57e403de4d49abde34f3a0,482,False,0,l1_broadcast,h3_v10_tau10,60.0,0.07344528466894859,0.07345871072013305,422,0.07342319758845275,0.07343367821158914,422,0.24460766331483916,0.2446558042654226,422,0.007568172050073804,0.007570494059482403,422,0.007564723046115074,0.007566541241552573,422,0.02519474220168402,0.025202312499952386,422
f5cae9d0d107ecad9d45,ILVIS0_applanix_56916_510_POS510.013,627aedaaead70ff4e00ec27ff4b9dafc631a0ac09a57e403de4d49abde34f3a0,482,False,0,l1_broadcast,h3_v10_tau60,60.0,0.06331110000748844,0.06332667466967261,422,0.06328547612342209,0.06329763534081288,422,0.2107934046450435,0.2108492661838297,422,0.004656815059746133,0.0046605877983060765,422,0.004651207701833922,0.0046541642300609335,422,0.015469845735078338,0.015482171934288564,422
f5cae9d0d107ecad9d45,ILVIS0_applanix_56916_510_POS510.013,627aedaaead70ff4e00ec27ff4b9dafc631a0ac09a57e403de4d49abde34f3a0,482,False,0,l1_broadcast,h3_v10_tau300,60.0,0.03386644400851979,0.033895550892903484,422,0.03381851761670965,0.03384126601299813,422,0.11243210274009602,0.11253679991418135,422,0.00221019504112273,0.002218133053786916,422,0.002198355909493165,0.0022046043396746267,422,0.007255256374518946,0.007281501616747004,422
f5cae9d0d107ecad9d45,ILVIS0_applanix_56916_510_POS510.013,627aedaaead70ff4e00ec27ff4b9dafc631a0ac09a57e403de4d49abde34f3a0,482,False,0,l1_broadcast,h10_v30_tau0,60.0,0.07577914414570444,0.07579215677111262,422,0.07575773750228777,0.07576789519998411,422,0.22721376433390036,0.2272655898089153,422,0.009258417900684258,0.009260316093356143,422,0.009255598770939347,0.009257084865360669,422,0.027759272857616805,0.027766143958417772,422
f5cae9d0d107ecad9d45,ILVIS0_applanix_56916_510_POS510.013,627aedaaead70ff4e00ec27ff4b9dafc631a0ac09a57e403de4d49abde34f3a0,482,False,0,l1_broadcast,h10_v30_tau10,60.0,0.2443619263191884,0.2443659619811815,422,0.24435528874660084,0.24435843813955924,422,0.7330474376365439,0.7330635030022499,422,0.025155837526084218,0.025156536203617977,422,0.02515480010303491,0.02515534694294319,422,0.07546163241090677,0.07546416028059183,422
f5cae9d0d107ecad9d45,ILVIS0_applanix_56916_510_POS510.013,627aedaaead70ff4e00ec27ff4b9dafc631a0ac09a57e403de4d49abde34f3a0,482,False,0,l1_broadcast,h10_v30_tau60,60.0,0.2105081982344818,0.21051288289435297,422,0.21050049317742248,0.2105041490790816,422,0.6314800869631862,0.6314987362136679,422,0.015406403022657769,0.015407543808853645,422,0.015404709042414852,0.015405601977124114,422,0.04620960720715069,0.0462137351766244,422
f5cae9d0d107ecad9d45,ILVIS0_applanix_56916_510_POS510.013,627aedaaead70ff4e00ec27ff4b9dafc631a0ac09a57e403de4d49abde34f3a0,482,False,0,l1_broadcast,h10_v30_tau300,60.0,0.11189646915179693,0.1119052820433508,422,0.11188197313530546,0.1118888513848425,422,0.33560566859550167,0.3356407579568593,422,0.0071189797084609124,0.00712144818240015,422,0.007115312970937089,0.007117245975094911,422,0.021336151484643018,0.021345090323339658,422
f5cae9d0d107ecad9d45,ILVIS0_applanix_56916_510_POS510.013,627aedaaead70ff4e00ec27ff4b9dafc631a0ac09a57e403de4d49abde34f3a0,482,False,0,dual_frequency,formal_only,60.0,0.005899016343440791,0.006755259534072906,422,0.005451443220889313,0.006260003654847976,422,0.015267611819234849,0.01716319859044777,422,0.0007538919422491414,0.0008522918997503516,422,0.0006965196872962883,0.0007913632614470743,422,0.0019502466912474088,0.002152565792839476,422
f5cae9d0d107ecad9d45,ILVIS0_applanix_56916_510_POS510.013,627aedaaead70ff4e00ec27ff4b9dafc631a0ac09a57e403de4d49abde34f3a0,482,False,0,dual_frequency,h1_v3_tau0,60.0,0.009591804650913971,0.010140900122468984,422,0.009323226693724086,0.009817941176508863,422,0.02734847117057921,0.02845020720913571,422,0.001192467255702,0.0012569910845628123,422,0.0011570502465461003,0.0012165035562265525,422,0.003389113130600527,0.0035094394469753335,422
f5cae9d0d107ecad9d45,ILVIS0_applanix_56916_510_POS510.013,627aedaaead70ff4e00ec27ff4b9dafc631a0ac09a57e403de4d49abde34f3a0,482,False,0,dual_frequency,h1_v3_tau10,60.0,0.025133751012155855,0.02534838416218139,422,0.02503248448573233,0.025220917761715846,422,0.07486830695982427,0.0752777443993788,422,0.002625444108411203,0.002655372894077055,422,0.0026095486412752176,0.0026364482758905908,422,0.0077926179935810195,0.007845697716440949,422
f5cae9d0d107ecad9d45,ILVIS0_applanix_56916_510_POS510.013,627aedaaead70ff4e00ec27ff4b9dafc631a0ac09a57e403de4d49abde34f3a0,482,False,0,dual_frequency,h1_v3_tau60,60.0,0.021856691077002645,0.022103169104821394,422,0.02174016523441041,0.021956871307623756,422,0.0649565156936836,0.06542800887916865,422,0.0017141667614209177,0.0017596636389973033,422,0.0016897203773816114,0.0017309738390253223,422,0.0050133415512638195,0.005095455912698471,422
f5cae9d0d107ecad9d45,ILVIS0_applanix_56916_510_POS510.013,627aedaaead70ff4e00ec27ff4b9dafc631a0ac09a57e403de4d49abde34f3a0,482,False,0,dual_frequency,h1_v3_tau300,60.0,0.012640653767828868,0.01306220758207678,422,0.012438085352382573,0.012813094096155178,422,0.03685091011766418,0.03767578786626696,422,0.001035178173398293,0.0011088923656470844,422,0.00099417345916489,0.0010627777744428633,422,0.002886629368349501,0.0030269962854119798,422
f5cae9d0d107ecad9d45,ILVIS0_applanix_56916_510_POS510.013,627aedaaead70ff4e00ec27ff4b9dafc631a0ac09a57e403de4d49abde34f3a0,482,False,0,dual_frequency,h3_v10_tau0,60.0,0.023444344679370864,0.023674299083893055,422,0.02333574804952557,0.0235377685909032,422,0.07715913578045666,0.07755648038181277,422,0.002872451690933494,0.002899832263675038,422,0.0028579303824219143,0.0028825130462433873,422,0.009442773376466028,0.009486624610825799,422
f5cae9d0d107ecad9d45,ILVIS0_applanix_56916_510_POS510.013,627aedaaead70ff4e00ec27ff4b9dafc631a0ac09a57e403de4d49abde34f3a0,482,False,0,dual_frequency,h3_v10_tau10,60.0,0.07353204613414567,0.07360568557191177,422,0.07349749416320833,0.07356188592964776,422,0.24479339162120528,0.24491892535334697,422,0.007582201928514011,0.007592617106618641,422,0.007576712577263934,0.0075860193006364075,422,0.025224270626850117,0.025240719207871666,422
f5cae9d0d107ecad9d45,ILVIS0_applanix_56916_510_POS510.013,627aedaaead70ff4e00ec27ff4b9dafc631a0ac09a57e403de4d49abde34f3a0,482,False,0,dual_frequency,h3_v10_tau60,60.0,0.06341172882621451,0.06349710617468873,422,0.0633716592202355,0.06344632854294599,422,0.21100889808468748,0.21115451803297902,422,0.004679581648527964,0.0046964383151029375,422,0.004670682154483682,0.004685764308001859,422,0.01551789035641717,0.015544613169392409,422
f5cae9d0d107ecad9d45,ILVIS0_applanix_56916_510_POS510.013,627aedaaead70ff4e00ec27ff4b9dafc631a0ac09a57e403de4d49abde34f3a0,482,False,0,dual_frequency,h3_v10_tau300,60.0,0.03405419208192591,0.03421290893974305,422,0.033979520861026256,0.034118576335783544,422,0.112835603227014,0.11310768661072682,422,0.002257768814724707,0.0022925026630120316,422,0.0022392649118942653,0.002270555607309996,422,0.00735714204724744,0.007413340445839247,422
f5cae9d0d107ecad9d45,ILVIS0_applanix_56916_510_POS510.013,627aedaaead70ff4e00ec27ff4b9dafc631a0ac09a57e403de4d49abde34f3a0,482,False,0,dual_frequency,h10_v30_tau0,60.0,0.07586323652485896,0.07593461526777417,422,0.075829746772777,0.07589215973260663,422,0.22741369864598598,0.22754882057851436,422,0.009269889963159913,0.009278410875369712,422,0.009265400548545126,0.009273012599686898,422,0.027786076074734635,0.027801008994372496,422
f5cae9d0d107ecad9d45,ILVIS0_applanix_56916_510_POS510.013,627aedaaead70ff4e00ec27ff4b9dafc631a0ac09a57e403de4d49abde34f3a0,482,False,0,dual_frequency,h10_v30_tau10,60.0,0.24438801730648718,0.24441018420444469,422,0.24437762344902553,0.24439699723166472,422,0.7331094334780962,0.7331513601360913,422,0.025160061994048664,0.02516320265760473,422,0.02515840827524789,0.025161212655379277,422,0.07547149634243641,0.07547699542007094,422
f5cae9d0d107ecad9d45,ILVIS0_applanix_56916_510_POS510.013,627aedaaead70ff4e00ec27ff4b9dafc631a0ac09a57e403de4d49abde34f3a0,482,False,0,dual_frequency,h10_v30_tau60,60.0,0.21053848458773344,0.21056421498524713,422,0.2105264195584418,0.21054890820272026,422,0.6315520531675165,0.6316007214015282,422,0.015413299841439533,0.015418426004147568,422,0.015410600228440686,0.0154151780640695,422,0.046225713540048924,0.04623469119353428,422
f5cae9d0d107ecad9d45,ILVIS0_applanix_56916_510_POS510.013,627aedaaead70ff4e00ec27ff4b9dafc631a0ac09a57e403de4d49abde34f3a0,482,False,0,dual_frequency,h10_v30_tau300,60.0,0.11195343575438133,0.11200181657927898,422,0.11193074473444639,0.11197303706726262,422,0.3357410615675473,0.3358326009149932,422,0.007133893046203248,0.007144961752002098,422,0.007128058458480871,0.007137950177714644,422,0.02137101200745413,0.02139042383162074,422
f166954fecd1d93111ee,ILVIS0_applanix_55495_20101026_510_lvis_LVIS.013,3509e0d5099f758d963684048dc7043f9c70d33dda23345c0d74f710a4433ccb,486,False,0,l1_broadcast,formal_only,2.0,0.519065515758743,0.6267657385297203,484,0.5662371367938013,0.6836504845439421,484,1.180943715886292,1.4276888008317037,484,1.8150648843265023,2.1823410807323627,484,1.9801622737496583,2.3801839033334584,484,4.131619298287596,4.947377314573278,484
f166954fecd1d93111ee,ILVIS0_applanix_55495_20101026_510_lvis_LVIS.013,3509e0d5099f758d963684048dc7043f9c70d33dda23345c0d74f710a4433ccb,486,False,0,l1_broadcast,h1_v3_tau0,2.0,0.8771734804884959,0.9449018933221367,484,0.9058856143785307,0.9835559178325043,484,2.4278934608803713,2.5570166217685357,484,3.0486818633442323,3.280642110003917,484,3.14976870297453,3.415446592743789,484,8.43031898384706,8.858698679825912,484
f166954fecd1d93111ee,ILVIS0_applanix_55495_20101026_510_lvis_LVIS.013,3509e0d5099f758d963684048dc7043f9c70d33dda23345c0d74f710a4433ccb,486,False,0,l1_broadcast,h1_v3_tau10,2.0,0.6000565850547177,0.6953230767266305,484,0.6412981910125455,0.7470052623654551,484,1.4867340363826826,1.6893920099750348,484,1.9217759472548366,2.271865921002801,484,2.078414018113804,2.4625266653117124,484,4.54523239401351,5.29767890220859,484
f166954fecd1d93111ee,ILVIS0_applanix_55495_20101026_510_lvis_LVIS.013,3509e0d5099f758d963684048dc7043f9c70d33dda23345c0d74f710a4433ccb,486,False,0,l1_broadcast,h1_v3_tau60,2.0,0.534626238995279,0.6397120409042706,484,0.580534836243804,0.6955387742603728,484,1.2418510020460194,1.478465814068542,484,1.833336063629602,2.1975607305739446,484,1.9969234356214134,2.394146191108597,484,4.2035964561207955,5.007642901258447,484
f166954fecd1d93111ee,ILVIS0_applanix_55495_20101026_510_lvis_LVIS.013,3509e0d5099f758d963684048dc7043f9c70d33dda23345c0d74f710a4433ccb,486,False,0,l1_broadcast,h1_v3_tau300,2.0,0.5222600011336669,0.6294138462112634,484,0.5691669291216845,0.6860790648587285,484,1.1935520736164649,1.4381355305317531,484,1.8187341262387755,2.1853937578919043,484,1.9835261318839745,2.3829831509740886,484,4.146115963641776,4.959490079581797,484
f166954fecd1d93111ee,ILVIS0_applanix_55495_20101026_510_lvis_LVIS.013,3509e0d5099f758d963684048dc7043f9c70d33dda23345c0d74f710a4433ccb,486,False,0,l1_broadcast,h3_v10_tau0,2.0,2.1839110213684645,2.2119840929269223,484,2.195600773440135,2.2287701224979983,484,7.1690343570965105,7.213786872236703,484,7.569310494747066,7.665677575638863,484,7.610587560670724,7.7243300964335,484,24.84089930355846,24.989528653073894,484
f166954fecd1d93111ee,ILVIS0_applanix_55495_20101026_510_lvis_LVIS.013,3509e0d5099f758d963684048dc7043f9c70d33dda23345c0d74f710a4433ccb,486,False,0,l1_broadcast,h3_v10_tau10,2.0,1.0417192253549472,1.0993567294241635,484,1.0660086151051151,1.1327523411175202,484,3.233962880519144,3.3319938916322234,484,2.6236082884361385,2.8898913641699746,484,2.740420093016568,3.042060959482433,484,7.546290104746544,8.022017108312742,484
f166954fecd1d93111ee,ILVIS0_applanix_55495_20101026_510_lvis_LVIS.013,3509e0d5099f758d963684048dc7043f9c70d33dda23345c0d74f710a4433ccb,486,False,0,l1_broadcast,h3_v10_tau60,2.0,0.6457513825865338,0.7351198013818081,484,0.6842443307453099,0.784183522810713,484,1.7419094117504361,1.9177892720204657,484,1.9734248918458435,2.315719702051799,484,2.1262614653810648,2.503042258902293,484,4.871994983382416,5.580555468239672,484
f166954fecd1d93111ee,ILVIS0_applanix_55495_20101026_510_lvis_LVIS.013,3509e0d5099f758d963684048dc7043f9c70d33dda23345c0d74f710a4433ccb,486,False,0,l1_broadcast,h3_v10_tau300,2.0,0.5471448629455493,0.6502105657979129,484,0.5920835905315125,0.7052066852716529,484,1.3142594709558526,1.5397873918204001,484,1.8478257823691995,2.2096633571698123,484,2.0102343643000484,2.4052598551768214,484,4.289942475960137,5.080341592913091,484
f166954fecd1d93111ee,ILVIS0_applanix_55495_20101026_510_lvis_LVIS.013,3509e0d5099f758d963684048dc7043f9c70d33dda23345c0d74f710a4433ccb,486,False,0,l1_broadcast,h10_v30_tau0,2.0,7.09012370957959,7.098821063875275,484,7.093733122973587,7.104069476276834,484,21.246139758150395,21.261282229883502,484,24.562053281674224,24.591921695989782,484,24.574805045902693,24.610267683246178,484,73.6007491688377,73.65104576517001,484
f166954fecd1d93111ee,ILVIS0_applanix_55495_20101026_510_lvis_LVIS.013,3509e0d5099f758d963684048dc7043f9c70d33dda23345c0d74f710a4433ccb,486,False,0,l1_broadcast,h10_v30_tau10,2.0,3.055047718332898,3.0751785054312237,484,3.0634150822363706,3.0872747641427063,484,9.10876587314262,9.144029919092057,484,6.570439676012475,6.681229593245807,484,6.617949772880824,6.74844364462536,484,19.389590606499162,19.579644735898604,484
f166954fecd1d93111ee,ILVIS0_applanix_55495_20101026_510_lvis_LVIS.013,3509e0d5099f758d963684048dc7043f9c70d33dda23345c0d74f710a4433ccb,486,False,0,l1_broadcast,h10_v30_tau60,2.0,1.3816834593224976,1.4256421211788242,484,1.400087352943045,1.4515502391211847,484,4.01885672415742,4.09815528851923,484,3.1560288598021256,3.380631552812648,484,3.253782403864734,3.511599702089687,484,8.77865545085942,9.190813655609912,484
f166954fecd1d93111ee,ILVIS0_applanix_55495_20101026_510_lvis_LVIS.013,3509e0d5099f758d963684048dc7043f9c70d33dda23345c0d74f710a4433ccb,486,False,0,l1_broadcast,h10_v30_tau300,2.0,0.775937412210566,0.8517541550198877,484,0.8082538631006349,0.8944427331966429,484,2.094869129458822,2.24324407801738,484,2.1512296938978137,2.4689959546513895,484,2.292241510715103,2.6454874458849535,484,5.391681905528129,6.039577631150082,484
f166954fecd1d93111ee,ILVIS0_applanix_55495_20101026_510_lvis_LVIS.013,3509e0d5099f758d963684048dc7043f9c70d33dda23345c0d74f710a4433ccb,486,False,0,dual_frequency,formal_only,2.0,0.7417129966940974,1.0702620726910805,484,0.8091925485528546,1.1653891010996846,484,1.6906842034047544,2.4224892715319926,484,2.5504809712450314,3.776778067122641,484,2.781156639164635,4.115485933539051,484,5.80519320835263,8.510995693947201,484
f166954fecd1d93111ee,ILVIS0_applanix_55495_20101026_510_lvis_LVIS.013,3509e0d5099f758d963684048dc7043f9c70d33dda23345c0d74f710a4433ccb,486,False,0,dual_frequency,h1_v3_tau0,2.0,1.0247645838783446,1.282756895829056,484,1.0746147568160986,1.3631346485449536,484,2.712646613298565,3.2200149927417225,484,3.5362348295782153,4.501563127450238,484,3.706054617337851,4.7892843208513485,484,9.364842491497393,11.244424990360718,484
f166954fecd1d93111ee,ILVIS0_applanix_55495_20101026_510_lvis_LVIS.013,3509e0d5099f758d963684048dc7043f9c70d33dda23345c0d74f710a4433ccb,486,False,0,dual_frequency,h1_v3_tau10,2.0,0.8004855111616846,1.1118002530486617,484,0.8633837313796823,1.2036488881957361,484,1.9168106482423521,2.585383003499882,484,2.6274922983997824,3.829205712322277,484,2.8519458928621235,4.163650847163169,484,6.106482513775579,8.719283927633494,484
f166954fecd1d93111ee,ILVIS0_applanix_55495_20101026_510_lvis_LVIS.013,3509e0d5099f758d963684048dc7043f9c70d33dda23345c0d74f710a4433ccb,486,False,0,dual_frequency,h1_v3_tau60,2.0,0.7526847762490123,1.0778947582281464,484,0.8192611208314102,1.1724026444495168,484,1.7337759110503328,2.452757694366138,484,2.5635159119596027,3.785592875911664,484,2.793115283995304,4.123576765037779,484,5.856638413823185,8.546168364536094,484
f166954fecd1d93111ee,ILVIS0_applanix_55495_20101026_510_lvis_LVIS.013,3509e0d5099f758d963684048dc7043f9c70d33dda23345c0d74f710a4433ccb,486,False,0,dual_frequency,h1_v3_tau300,2.0,0.7439520602739452,1.0718150042331889,484,0.8112453878233883,1.166815433410514,484,1.699515096731424,2.4286607010573973,484,2.553093512592409,3.7785428288273786,484,2.7835526884581814,4.117105513943876,484,5.815519562481207,8.518042465029865,484
f166954fecd1d93111ee,ILVIS0_applanix_55495_20101026_510_lvis_LVIS.013,3509e0d5099f758d963684048dc7043f9c70d33dda23345c0d74f710a4433ccb,486,False,0,dual_frequency,h3_v10_tau0,2.0,2.2472597735799544,2.376025972759055,484,2.270425275130127,2.4203657150730287,484,7.270408426130009,7.47454932948309,484,7.7784934179790675,8.262209185214964,484,7.857152755405583,8.422427326886126,484,25.17340418965024,25.931393001392802,484
f166954fecd1d93111ee,ILVIS0_applanix_55495_20101026_510_lvis_LVIS.013,3509e0d5099f758d963684048dc7043f9c70d33dda23345c0d74f710a4433ccb,486,False,0,dual_frequency,h3_v10_tau10,2.0,1.1687121465796335,1.400432401502792,484,1.2126592715968663,1.4744089377096834,484,3.452868508094012,3.8642395582726223,484,3.177076533268398,4.225272093667888,484,3.3650702711357683,4.530573604940569,484,8.5776739431051,10.597797028373948,484
f166954fecd1d93111ee,ILVIS0_applanix_55495_20101026_510_lvis_LVIS.013,3509e0d5099f758d963684048dc7043f9c70d33dda23345c0d74f710a4433ccb,486,False,0,dual_frequency,h3_v10_tau60,2.0,0.8352867726702029,1.137113340982312,484,0.8957446110691436,1.2270686975726934,484,2.1208567519400447,2.740086932209933,484,2.665501631806702,3.855385864099947,484,2.8870016969256067,4.187740703457481,484,6.353450009521115,8.89399312786326,484
f166954fecd1d93111ee,ILVIS0_applanix_55495_20101026_510_lvis_LVIS.013,3509e0d5099f758d963684048dc7043f9c70d33dda23345c0d74f710a4433ccb,486,False,0,dual_frequency,h3_v10_tau300,2.0,0.7616276360454142,1.0841583812226487,484,0.8274847842325492,1.1781639296007322,484,1.7863546514937647,2.4902017147907234,484,2.573898381190323,3.792631360064234,484,2.8026473392348614,4.130039292777555,484,5.918918567448149,8.58896839230491,484
f166954fecd1d93111ee,ILVIS0_applanix_55495_20101026_510_lvis_LVIS.013,3509e0d5099f758d963684048dc7043f9c70d33dda23345c0d74f710a4433ccb,486,False,0,dual_frequency,h10_v30_tau0,2.0,7.109891937301947,7.151635221763854,484,7.117247909487393,7.166488478013313,484,21.28056013609923,21.351165999282042,484,24.627321425131626,24.784352157319123,484,24.652278832419626,24.838222521014362,484,73.71363699483979,73.9759227928901,484
f166954fecd1d93111ee,ILVIS0_applanix_55495_20101026_510_lvis_LVIS.013,3509e0d5099f758d963684048dc7043f9c70d33dda23345c0d74f710a4433ccb,486,False,0,dual_frequency,h10_v30_tau10,2.0,3.1006492389709344,3.195207139180336,484,3.1174797747074674,3.228315261518491,484,9.188764922828472,9.351120261394765,484,6.810372662031169,7.358010159391609,484,6.90007716471501,7.53747263906859,484,19.813788729602727,20.768319196696822,484
f166954fecd1d93111ee,ILVIS0_applanix_55495_20101026_510_lvis_LVIS.013,3509e0d5099f758d963684048dc7043f9c70d33dda23345c0d74f710a4433ccb,486,False,0,dual_frequency,h10_v30_tau60,2.0,1.4797832003473406,1.668856253673582,484,1.5147319081319768,1.7314017394689796,484,4.197022088305769,4.54148013346597,484,3.629189166410713,4.574945791067613,484,3.7948515619298693,4.858323056710392,484,9.679606836551145,11.507893355665356,484
f166954fecd1d93111ee,ILVIS0_applanix_55495_20101026_510_lvis_LVIS.013,3509e0d5099f758d963684048dc7043f9c70d33dda23345c0d74f710a4433ccb,486,False,0,dual_frequency,h10_v30_tau300,2.0,0.9395679893695955,1.2157757972520877,484,0.9937013770499733,1.3003005861403085,484,2.4191448169948475,2.9769624973824707,484,2.799693351624316,3.949352628380468,484,3.0113391614341163,4.274407375881585,484,6.7601942806274815,9.188961778862643,484
f166954fecd1d93111ee,ILVIS0_applanix_55495_20101026_510_lvis_LVIS.013,3509e0d5099f758d963684048dc7043f9c70d33dda23345c0d74f710a4433ccb,486,False,0,l1_broadcast,formal_only,6.0,0.1400121912551459,0.15926173644742117,480,0.15273098785284786,0.17357945699108354,480,0.3176672628711369,0.35974424083684114,480,0.1610885312166876,0.1874360764393504,480,0.17561003290122845,0.20416076843307454,480,0.36486097646561844,0.42297702882866395,480
f166954fecd1d93111ee,ILVIS0_applanix_55495_20101026_510_lvis_LVIS.013,3509e0d5099f758d963684048dc7043f9c70d33dda23345c0d74f710a4433ccb,486,False,0,l1_broadcast,h1_v3_tau0,6.0,0.23520618851046368,0.24714945506452743,480,0.24299237377649957,0.2566093876777816,480,0.6499071685065506,0.6714780442014572,480,0.2712352558954032,0.2876653114040684,480,0.2801034319995003,0.2988321835460579,480,0.7494631211556493,0.7794106982790076,480
f166954fecd1d93111ee,ILVIS0_applanix_55495_20101026_510_lvis_LVIS.013,3509e0d5099f758d963684048dc7043f9c70d33dda23345c0d74f710a4433ccb,486,False,0,l1_broadcast,h1_v3_tau10,6.0,0.21649522363908963,0.2294146511432219,480,0.22493004306659636,0.23957588989146444,480,0.5884839882524321,0.6122228678669073,480,0.19456383484408651,0.21688211865583285,480,0.20674732033885096,0.23148907630923934,480,0.49017718155110734,0.5348455108541316,480
f166954fecd1d93111ee,ILVIS0_applanix_55495_20101026_510_lvis_LVIS.013,3509e0d5099f758d963684048dc7043f9c70d33dda23345c0d74f710a4433ccb,486,False,0,l1_broadcast,h1_v3_tau60,6.0,0.1590290308404258,0.17621329214687917,480,0.1703337139969784,0.18925287442973335,480,0.38999212978792797,0.4249674021187216,480,0.16729743898490873,0.19279834251525924,480,0.18132236988787556,0.20909456712714564,480,0.3891963461764022,0.4441394314730851,480
f166954fecd1d93111ee,ILVIS0_applanix_55495_20101026_510_lvis_LVIS.013,3509e0d5099f758d963684048dc7043f9c70d33dda23345c0d74f710a4433ccb,486,False,0,l1_broadcast,h1_v3_tau300,6.0,0.14417730372943247,0.1629355180577036,480,0.15655809141989918,0.17695623742584393,480,0.3340144025023196,0.37425800014256067,480,0.162350431244696,0.18852169734639113,480,0.1767682982992617,0.20515790770114767,480,0.3698605965297497,0.4272971992410408,480
f166954fecd1d93111ee,ILVIS0_applanix_55495_20101026_510_lvis_LVIS.013,3509e0d5099f758d963684048dc7043f9c70d33dda23345c0d74f710a4433ccb,486,False,0,l1_broadcast,h3_v10_tau0,6.0,0.5840121976683936,0.5889237284530943,480,0.5871912725465342,0.5929558857839142,480,1.916446240502602,1.9238684029481992,480,0.6741816859665999,0.6809579377270083,480,0.6777981368310507,0.6857499980345436,480,2.212471085878912,2.2227942741082725,480
f166954fecd1d93111ee,ILVIS0_applanix_55495_20101026_510_lvis_LVIS.013,3509e0d5099f758d963684048dc7043f9c70d33dda23345c0d74f710a4433ccb,486,False,0,l1_broadcast,h3_v10_tau10,6.0,0.5147857069883159,0.5203510685045963,480,0.51838949410057,0.5249102390142747,480,1.6815437168362513,1.6899978433811007,480,0.3648282452778857,0.37720341440299,480,0.3714687296821741,0.3857871958658869,480,1.150513173581123,1.1702421275597024,480
f166954fecd1d93111ee,ILVIS0_applanix_55495_20101026_510_lvis_LVIS.013,3509e0d5099f758d963684048dc7043f9c70d33dda23345c0d74f710a4433ccb,486,False,0,l1_broadcast,h3_v10_tau60,6.0,0.2660540985258032,0.27666891321614684,480,0.27296176687020046,0.28515120919966963,480,0.8182874647150509,0.8355224786028415,480,0.21047512473067087,0.2312629361063588,480,0.22178626364501053,0.24501405184570837,480,0.5805302252061959,0.6187094639891881,480
f166954fecd1d93111ee,ILVIS0_applanix_55495_20101026_510_lvis_LVIS.013,3509e0d5099f758d963684048dc7043f9c70d33dda23345c0d74f710a4433ccb,486,False,0,l1_broadcast,h3_v10_tau300,6.0,0.17394408435976003,0.1897826099894893,480,0.18433634008750527,0.20194792565731168,480,0.46827407638309393,0.4977791118398919,480,0.17211288032942684,0.19699139907654192,480,0.1857746276631204,0.2129670134360837,480,0.4170591024147328,0.4687476268097277,480
f166954fecd1d93111ee,ILVIS0_applanix_55495_20101026_510_lvis_LVIS.013,3509e0d5099f758d963684048dc7043f9c70d33dda23345c0d74f710a4433ccb,486,False,0,l1_broadcast,h10_v30_tau0,6.0,1.895114009948466,1.8966333391922163,480,1.8960961089587052,1.8978892349103071,480,5.678696660623107,5.681205787759517,480,2.188116605473393,2.1902139270874073,480,2.1892335754229837,2.191708555940125,480,6.556696302359944,6.560186924327663,480
f166954fecd1d93111ee,ILVIS0_applanix_55495_20101026_510_lvis_LVIS.013,3509e0d5099f758d963684048dc7043f9c70d33dda23345c0d74f710a4433ccb,486,False,0,l1_broadcast,h10_v30_tau10,6.0,1.6571904506277555,1.6589276965039177,480,1.6583134605229073,1.6603634020529128,480,4.963970535157909,4.9668407376723005,480,1.1029535514853377,1.107108533068608,480,1.1051678177277147,1.1100624538629804,480,3.2936509711685735,3.3005943101225363,480
f166954fecd1d93111ee,ILVIS0_applanix_55495_20101026_510_lvis_LVIS.013,3509e0d5099f758d963684048dc7043f9c70d33dda23345c0d74f710a4433ccb,486,False,0,l1_broadcast,h10_v30_tau60,6.0,0.766997583883978,0.7707439298409666,480,0.7694209753408277,0.7738292641008151,480,2.2845238913756964,2.29075377321889,480,0.4794176883287739,0.4889008970634824,480,0.48449013248081196,0.49555366315702454,480,1.402907612601179,1.4191320749206537,480
f166954fecd1d93111ee,ILVIS0_applanix_55495_20101026_510_lvis_LVIS.013,3509e0d5099f758d963684048dc7043f9c70d33dda23345c0d74f710a4433ccb,486,False,0,l1_broadcast,h10_v30_tau300,6.0,0.3714451929799534,0.3791206135355874,480,0.3764237965905847,0.3853543357586866,480,1.0799192330145706,1.0930365904593358,480,0.2583878407554117,0.27558491180169736,480,0.2676819845076892,0.28722184059750866,480,0.7074294171666997,0.7390821641179165,480
f166954fecd1d93111ee,ILVIS0_applanix_55495_20101026_510_lvis_LVIS.013,3509e0d5099f758d963684048dc7043f9c70d33dda23345c0d74f710a4433ccb,486,False,0,dual_frequency,formal_only,6.0,0.1992109196314918,0.2704859883412442,480,0.2174480259444864,0.29499088141209845,480,0.4546760921456584,0.612850683882206,480,0.23056868761698462,0.3132004798648709,480,0.25143778721181814,0.34125168432741193,480,0.5231196511000151,0.7062473876398695,480
f166954fecd1d93111ee,ILVIS0_applanix_55495_20101026_510_lvis_LVIS.013,3509e0d5099f758d963684048dc7043f9c70d33dda23345c0d74f710a4433ccb,486,False,0,dual_frequency,h1_v3_tau0,6.0,0.27459709372692076,0.3299715973116809,480,0.288101056081462,0.35034011258759085,480,0.7267717678544858,0.8348969127587084,480,0.3174601896069098,0.3817244966199493,480,0.33292643119647924,0.4050577283580078,480,0.8379890968186292,0.9629937459802785,480
f166954fecd1d93111ee,ILVIS0_applanix_55495_20101026_510_lvis_LVIS.013,3509e0d5099f758d963684048dc7043f9c70d33dda23345c0d74f710a4433ccb,486,False,0,dual_frequency,h1_v3_tau10,6.0,0.2587504387720422,0.3169061020294843,480,0.2730392712909727,0.3380627434804668,480,0.6724070771277733,0.7880272350782053,480,0.2550833034677312,0.33166264760085606,480,0.27409219449306066,0.35827124279022154,480,0.6170934778015493,0.7784186296925122,480
f166954fecd1d93111ee,ILVIS0_applanix_55495_20101026_510_lvis_LVIS.013,3509e0d5099f758d963684048dc7043f9c70d33dda23345c0d74f710a4433ccb,486,False,0,dual_frequency,h1_v3_tau60,6.0,0.21300661710380092,0.2808015300150432,480,0.23015314934165504,0.30447733377968483,480,0.5078501007099101,0.653274326650216,480,0.23494858608296074,0.3164387125659757,480,0.25546013167718007,0.3442261325062319,480,0.5403743562139183,0.7191214407812749,480
f166954fecd1d93111ee,ILVIS0_applanix_55495_20101026_510_lvis_LVIS.013,3509e0d5099f758d963684048dc7043f9c70d33dda23345c0d74f710a4433ccb,486,False,0,dual_frequency,h1_v3_tau300,6.0,0.20216002052361987,0.27266527720615413,480,0.2201529633912307,0.29699040895263795,480,0.4662440144462805,0.6214813713611987,480,0.23145208442277102,0.3138513792006942,480,0.2522481088910018,0.3418491768295851,480,0.526618932955282,0.7088432149408693,480
f166954fecd1d93111ee,ILVIS0_applanix_55495_20101026_510_lvis_LVIS.013,3509e0d5099f758d963684048dc7043f9c70d33dda23345c0d74f710a4433ccb,486,False,0,dual_frequency,h3_v10_tau0,6.0,0.6009591430402677,0.6281955289060492,480,0.6072483452053354,0.6391295284975071,480,1.943858039536683,1.9868164932631962,480,0.6940701384217975,0.7257175600160745,480,0.7012791096828441,0.7382575095869938,480,2.2440051538043093,2.293619505477483,480
f166954fecd1d93111ee,ILVIS0_applanix_55495_20101026_510_lvis_LVIS.013,3509e0d5099f758d963684048dc7043f9c70d33dda23345c0d74f710a4433ccb,486,False,0,dual_frequency,h3_v10_tau10,6.0,0.5339344214929701,0.5644144692453013,480,0.5410033520701105,0.5765592987698093,480,1.7127192286754356,1.761324176119468,480,0.4003898825573685,0.4530393772284803,480,0.41276033335222184,0.472866630038716,480,1.2100460156647734,1.2997471394924685,480
f166954fecd1d93111ee,ILVIS0_applanix_55495_20101026_510_lvis_LVIS.013,3509e0d5099f758d963684048dc7043f9c70d33dda23345c0d74f710a4433ccb,486,False,0,dual_frequency,h3_v10_tau60,6.0,0.301440546283731,0.35262458721575746,480,0.31379142515247527,0.37175400048760043,480,0.8805749562193681,0.9717344907044978,480,0.2674176218927983,0.3412400978033631,480,0.2856067631685096,0.36715524784154363,480,0.6910470766311018,0.8382584755757682,480
f166954fecd1d93111ee,ILVIS0_applanix_55495_20101026_510_lvis_LVIS.013,3509e0d5099f758d963684048dc7043f9c70d33dda23345c0d74f710a4433ccb,486,False,0,dual_frequency,h3_v10_tau300,6.0,0.2243616217393485,0.2895096182726958,480,0.24070062437851497,0.3125264223421147,480,0.5701740773564736,0.702818689121933,480,0.2384014444977956,0.31901076678309653,480,0.25863930336882085,0.34659203803688265,480,0.5607753173928469,0.7345748141486894,480
f166954fecd1d93111ee,ILVIS0_applanix_55495_20101026_510_lvis_LVIS.013,3509e0d5099f758d963684048dc7043f9c70d33dda23345c0d74f710a4433ccb,486,False,0,dual_frequency,h10_v30_tau0,6.0,1.9004048944497054,1.9091926332009725,480,1.9024030662424356,1.9128181937512356,480,5.688006122537122,5.7028299430693075,480,2.1943260221218255,2.204540612425641,480,2.196616881262279,2.2087004066128144,480,6.567404147426949,6.584521892968533,480
f166954fecd1d93111ee,ILVIS0_applanix_55495_20101026_510_lvis_LVIS.013,3509e0d5099f758d963684048dc7043f9c70d33dda23345c0d74f710a4433ccb,486,False,0,dual_frequency,h10_v30_tau10,6.0,1.6632383598090579,1.6732721203440015,480,1.6655210911457046,1.677407678642791,480,4.974617709985564,4.991560584591365,480,1.1152214796496316,1.1351879002717775,480,1.119722278361163,1.1432452680759477,480,3.314915919046081,3.348701071545813,480
f166954fecd1d93111ee,ILVIS0_applanix_55495_20101026_510_lvis_LVIS.013,3509e0d5099f758d963684048dc7043f9c70d33dda23345c0d74f710a4433ccb,486,False,0,dual_frequency,h10_v30_tau60,6.0,0.7799788084802608,0.8011520952672956,480,0.784834762156043,0.809754043666489,480,2.3075673979101277,2.3438692367457308,480,0.507004665087063,0.5495328469850208,480,0.5168295308572497,0.565989861135068,480,1.4521296700223791,1.5276818583515852,480
f166954fecd1d93111ee,ILVIS0_applanix_55495_20101026_510_lvis_LVIS.013,3509e0d5099f758d963684048dc7043f9c70d33dda23345c0d74f710a4433ccb,486,False,0,dual_frequency,h10_v30_tau300,6.0,0.3975590084113755,0.43764240870673726,480,0.4070034686000681,0.45319732059470963,480,1.1278490287383227,1.2003745720606285,480,0.3065561676161869,0.37270538405044396,480,0.3225456880388112,0.39656963475954393,480,0.8006167180388291,0.9306547978629678,480
f166954fecd1d93111ee,ILVIS0_applanix_55495_20101026_510_lvis_LVIS.013,3509e0d5099f758d963684048dc7043f9c70d33dda23345c0d74f710a4433ccb,486,False,0,l1_broadcast,formal_only,12.0,0.05464869201244353,0.061663808413693656,474,0.059624392926617614,0.06721028353517969,474,0.12417861895539567,0.14027384101704543,474,0.03314295723667937,0.03640247911630893,474,0.03614622028844604,0.03970780013424239,474,0.07518572903491441,0.08250275501178735,474
f166954fecd1d93111ee,ILVIS0_applanix_55495_20101026_510_lvis_LVIS.013,3509e0d5099f758d963684048dc7043f9c70d33dda23345c0d74f710a4433ccb,486,False,0,l1_broadcast,h1_v3_tau0,12.0,0.09211534227384818,0.09644263608593963,474,0.0951515895041179,0.10007986658999089,474,0.2547727226180315,0.26299350749178096,474,0.05564582296016996,0.05764670501079564,474,0.05748522681974748,0.059788890204160075,474,0.15373650131248712,0.1574443476811562,474
f166954fecd1d93111ee,ILVIS0_applanix_55495_20101026_510_lvis_LVIS.013,3509e0d5099f758d963684048dc7043f9c70d33dda23345c0d74f710a4433ccb,486,False,0,l1_broadcast,h1_v3_tau10,12.0,0.11960079153377462,0.12296460921780947,474,0.12195465567541017,0.12583756582789107,474,0.34246336692030355,0.34862244125359415,474,0.05107547056609764,0.05324836773264559,474,0.05307350917386987,0.055560394817174084,474,0.13872680549105987,0.1428248484642673,474
f166954fecd1d93111ee,ILVIS0_applanix_55495_20101026_510_lvis_LVIS.013,3509e0d5099f758d963684048dc7043f9c70d33dda23345c0d74f710a4433ccb,486,False,0,l1_broadcast,h1_v3_tau60,12.0,0.07642812564526265,0.08159169167661659,474,0.08006152065742103,0.08586036097031527,474,0.20276424522199052,0.2130018285852787,474,0.03705960133950382,0.0400012369246992,474,0.039768174414391705,0.04303101008589472,474,0.09015275804890724,0.09633966231508756,474
f166954fecd1d93111ee,ILVIS0_applanix_55495_20101026_510_lvis_LVIS.013,3509e0d5099f758d963684048dc7043f9c70d33dda23345c0d74f710a4433ccb,486,False,0,l1_broadcast,h1_v3_tau300,12.0,0.06002043209573584,0.06647103134926532,474,0.06458359671400826,0.07164631954908462,474,0.14478979249427354,0.15880967338367377,474,0.033965135218384165,0.03715259465253966,474,0.0369015452435275,0.04039658633615993,474,0.07841853744242477,0.08545921689899308,474
f166954fecd1d93111ee,ILVIS0_applanix_55495_20101026_510_lvis_LVIS.013,3509e0d5099f758d963684048dc7043f9c70d33dda23345c0d74f710a4433ccb,486,False,0,l1_broadcast,h3_v10_tau0,12.0,0.2290748572602841,0.23084894634088235,474,0.2303125679093332,0.23239198380923803,474,0.7518616919736845,0.7546869927003381,474,0.13813208750022618,0.13895020203532732,474,0.1388832866866147,0.13985252009660612,474,0.45326933897507016,0.4545403221405633,474
f166954fecd1d93111ee,ILVIS0_applanix_55495_20101026_510_lvis_LVIS.013,3509e0d5099f758d963684048dc7043f9c70d33dda23345c0d74f710a4433ccb,486,False,0,l1_broadcast,h3_v10_tau10,12.0,0.32380133987961385,0.3250588462237564,474,0.3246781428069055,0.32615648341457665,474,1.0710776391940524,1.0730627953923007,474,0.12120514973936175,0.12213669951323378,474,0.12206056711718685,0.12316225924957161,474,0.3958253424473735,0.397280143626211,474
f166954fecd1d93111ee,ILVIS0_applanix_55495_20101026_510_lvis_LVIS.013,3509e0d5099f758d963684048dc7043f9c70d33dda23345c0d74f710a4433ccb,486,False,0,l1_broadcast,h3_v10_tau60,12.0,0.16935019691788866,0.17174235060041276,474,0.17102069437182485,0.17381091167478424,474,0.5485418986755901,0.5524080617638536,474,0.05977525865233392,0.06164224640742136,474,0.06149126150716398,0.06365010075454124,474,0.18206794759924275,0.18520947148813757,474
f166954fecd1d93111ee,ILVIS0_applanix_55495_20101026_510_lvis_LVIS.013,3509e0d5099f758d963684048dc7043f9c70d33dda23345c0d74f710a4433ccb,486,False,0,l1_broadcast,h3_v10_tau300,12.0,0.09235926651355987,0.09667564266165872,474,0.09538774981037107,0.10030442426974698,474,0.2775204542503501,0.2850860374117526,474,0.0399378113871202,0.04268153818221843,474,0.04246318916140277,0.04553331259917759,474,0.10568998746266348,0.11101434237399785,474
f166954fecd1d93111ee,ILVIS0_applanix_55495_20101026_510_lvis_LVIS.013,3509e0d5099f758d963684048dc7043f9c70d33dda23345c0d74f710a4433ccb,486,False,0,l1_broadcast,h10_v30_tau0,12.0,0.7435470085139432,0.7440954909638076,474,0.7439292591229235,0.7445756495359366,474,2.2280712283292026,2.2290262117387134,474,0.4482171966975317,0.4484699995269353,474,0.4484492715408033,0.4487503862904837,474,1.343076577137953,1.3435060486857744,474
f166954fecd1d93111ee,ILVIS0_applanix_55495_20101026_510_lvis_LVIS.013,3509e0d5099f758d963684048dc7043f9c70d33dda23345c0d74f710a4433ccb,486,False,0,l1_broadcast,h10_v30_tau10,12.0,1.0652574614581625,1.065640373200633,474,1.0655243065746973,1.0659757047933813,474,3.193979202563611,3.194645457728642,474,0.3900298238392966,0.39032031531039574,474,0.3902964991054614,0.3906424417092543,474,1.1682791467261056,1.168772850246643,474
f166954fecd1d93111ee,ILVIS0_applanix_55495_20101026_510_lvis_LVIS.013,3509e0d5099f758d963684048dc7043f9c70d33dda23345c0d74f710a4433ccb,486,False,0,l1_broadcast,h10_v30_tau60,12.0,0.537088786531706,0.5378478506234575,474,0.5376178506403537,0.5385119391618959,474,1.607706843687823,1.6090300647376221,474,0.16909848995211746,0.16976744198133478,474,0.16971267787093114,0.17050675377938249,474,0.5031058408078648,0.5042512249386644,474
f166954fecd1d93111ee,ILVIS0_applanix_55495_20101026_510_lvis_LVIS.013,3509e0d5099f758d963684048dc7043f9c70d33dda23345c0d74f710a4433ccb,486,False,0,l1_broadcast,h10_v30_tau300,12.0,0.25413333618653505,0.25573364729763187,474,0.2552495666395357,0.2571273935074574,474,0.7548481878675639,0.7576623521262561,474,0.08133839937129982,0.08272013199327487,474,0.08260768077551933,0.0842270086847469,474,0.23518122847999365,0.23762159207523326,474
f166954fecd1d93111ee,ILVIS0_applanix_55495_20101026_510_lvis_LVIS.013,3509e0d5099f758d963684048dc7043f9c70d33dda23345c0d74f710a4433ccb,486,False,0,dual_frequency,formal_only,12.0,0.07854856771743995,0.10465926627713987,474,0.08566395815498101,0.11405097236821735,474,0.1785122759518192,0.2358297872817839,474,0.047781547129997645,0.06264432320183398,474,0.05213889023872671,0.06824886311264854,474,0.10846160071966637,0.1408878573433393,474
f166954fecd1d93111ee,ILVIS0_applanix_55495_20101026_510_lvis_LVIS.013,3509e0d5099f758d963684048dc7043f9c70d33dda23345c0d74f710a4433ccb,486,False,0,dual_frequency,h1_v3_tau0,12.0,0.10802145356741008,0.12826664666440987,474,0.11330079648904244,0.13603821453176054,474,0.28522876417390847,0.32419840504280656,474,0.06542994916267564,0.07695656800272789,474,0.06867653076276767,0.08158375646879198,474,0.17247010519550948,0.19450298842813316,474
f166954fecd1d93111ee,ILVIS0_applanix_55495_20101026_510_lvis_LVIS.013,3509e0d5099f758d963684048dc7043f9c70d33dda23345c0d74f710a4433ccb,486,False,0,dual_frequency,h1_v3_tau10,12.0,0.13224124756523065,0.14923623196567992,474,0.13658764052615655,0.15596639775918805,474,0.3656876625486926,0.39683329393453237,474,0.061589969375165414,0.07371946429737287,474,0.06502854725137781,0.07853760500074507,474,0.15923615126609025,0.1828705179579102,474
f166954fecd1d93111ee,ILVIS0_applanix_55495_20101026_510_lvis_LVIS.013,3509e0d5099f758d963684048dc7043f9c70d33dda23345c0d74f710a4433ccb,486,False,0,dual_frequency,h1_v3_tau60,12.0,0.0949981919487009,0.1175089335174385,474,0.10096084680385928,0.1259460681991635,474,0.23991591374156154,0.2851469265739276,474,0.050577017347641154,0.06480177228899464,474,0.05471217700972529,0.0702343630572579,474,0.11932537395727517,0.14941223416933447,474
f166954fecd1d93111ee,ILVIS0_applanix_55495_20101026_510_lvis_LVIS.013,3509e0d5099f758d963684048dc7043f9c70d33dda23345c0d74f710a4433ccb,486,False,0,dual_frequency,h1_v3_tau300,12.0,0.08237627242501142,0.10756178205601266,474,0.08918680653384836,0.11672017510028032,474,0.19341765262663158,0.24730439472034654,474,0.04835546548503943,0.0630831675709566,474,0.05266534602088209,0.06865189081410189,474,0.11072710607364117,0.14263927168817453,474
f166954fecd1d93111ee,ILVIS0_applanix_55495_20101026_510_lvis_LVIS.013,3509e0d5099f758d963684048dc7043f9c70d33dda23345c0d74f710a4433ccb,486,False,0,dual_frequency,h3_v10_tau0,12.0,0.23592093707858464,0.24585037470834223,474,0.238384404789802,0.24999294865859897,474,0.7627203380514205,0.7781333873859616,474,0.1423555205617732,0.14800786982803485,474,0.14387662029017545,0.15046569480264851,474,0.4599609974925044,0.4686678994489225,474
f166954fecd1d93111ee,ILVIS0_applanix_55495_20101026_510_lvis_LVIS.013,3509e0d5099f758d963684048dc7043f9c70d33dda23345c0d74f710a4433ccb,486,False,0,dual_frequency,h3_v10_tau10,12.0,0.32868024895559367,0.3358785907502755,474,0.3304529345128508,0.33892255248605635,474,1.0787277782669413,1.0896801751401541,474,0.12599725774943882,0.1323500821296886,474,0.12771333756484068,0.1350930791629989,474,0.40347085058616994,0.41336933571208273,474
f166954fecd1d93111ee,ILVIS0_applanix_55495_20101026_510_lvis_LVIS.013,3509e0d5099f758d963684048dc7043f9c70d33dda23345c0d74f710a4433ccb,486,False,0,dual_frequency,h3_v10_tau60,12.0,0.1785017856626298,0.19143301913624694,474,0.18174521564834833,0.19672485093421718,474,0.563333404373872,0.5840323305875943,474,0.06897609862704523,0.07999335792411388,474,0.07206309604884255,0.0844543264397938,474,0.19814076549831133,0.21758961276974806,474
f166954fecd1d93111ee,ILVIS0_applanix_55495_20101026_510_lvis_LVIS.013,3509e0d5099f758d963684048dc7043f9c70d33dda23345c0d74f710a4433ccb,486,False,0,dual_frequency,h3_v10_tau300,12.0,0.10822953506487651,0.12844193454905087,474,0.11349919961750846,0.13620350115349825,474,0.3057186788941576,0.3423639591798813,474,0.05272238055272337,0.06648973181546632,474,0.056701296639819626,0.07179471068016127,474,0.13145873354453347,0.15926980495691673,474
f166954fecd1d93111ee,ILVIS0_applanix_55495_20101026_510_lvis_LVIS.013,3509e0d5099f758d963684048dc7043f9c70d33dda23345c0d74f710a4433ccb,486,False,0,dual_frequency,h10_v30_tau0,12.0,0.7456846198192263,0.7488853564565737,474,0.7464676738427685,0.7502555212960914,474,2.2317588823812393,2.2370733071404225,474,0.4495367349319854,0.45135851760155593,474,0.4500207369505283,0.45217044035840026,474,1.345349663710603,1.3483512893192868,474
f166954fecd1d93111ee,ILVIS0_applanix_55495_20101026_510_lvis_LVIS.013,3509e0d5099f758d963684048dc7043f9c70d33dda23345c0d74f710a4433ccb,486,False,0,dual_frequency,h10_v30_tau10,12.0,1.066750607011578,1.0689904503087813,474,1.0672981277106797,1.0699507713641283,474,3.196552745851757,3.2002654156662054,474,0.39154550708954006,0.39363577006902334,474,0.39210109889437167,0.3945664902174306,474,1.1708916219118786,1.1743392491023437,474
f166954fecd1d93111ee,ILVIS0_applanix_55495_20101026_510_lvis_LVIS.013,3509e0d5099f758d963684048dc7043f9c70d33dda23345c0d74f710a4433ccb,486,False,0,dual_frequency,h10_v30_tau60,12.0,0.5400442231695535,0.5444552205076086,474,0.5411249382904902,0.546338317312308,474,1.6128135682019578,1.6201595217657476,474,0.17256569746496006,0.1772573136969421,474,0.17382263251211572,0.1793146703993772,474,0.5091429196411208,0.5170222370300243,474
f166954fecd1d93111ee,ILVIS0_applanix_55495_20101026_510_lvis_LVIS.013,3509e0d5099f758d963684048dc7043f9c70d33dda23345c0d74f710a4433ccb,486,False,0,dual_frequency,h10_v30_tau300,12.0,0.26032124556554026,0.2693526876333829,474,0.26255587363503285,0.2731390458971268,474,0.7656644806635668,0.7810194309924448,474,0.08832075547879979,0.09716887904132206,474,0.09075209903532266,0.10087312289763954,474,0.24783308032849852,0.263641260066938,474
f166954fecd1d93111ee,ILVIS0_applanix_55495_20101026_510_lvis_LVIS.013,3509e0d5099f758d963684048dc7043f9c70d33dda23345c0d74f710a4433ccb,486,False,0,l1_broadcast,formal_only,30.0,0.014939420196025645,0.016134575055075446,456,0.016298379931633057,0.01759557232190176,456,0.033877709648341775,0.036628159293905865,456,0.003734444810463623,0.0040448223208016726,456,0.004068565038536752,0.004408936541741357,456,0.008479642473075626,0.009169727799435633,456
f166954fecd1d93111ee,ILVIS0_applanix_55495_20101026_510_lvis_LVIS.013,3509e0d5099f758d963684048dc7043f9c70d33dda23345c0d74f710a4433ccb,486,False,0,l1_broadcast,h1_v3_tau0,30.0,0.02511301119108228,0.025841856889800164,456,0.025944445333460613,0.026778372257124164,456,0.06939014865736551,0.07077369264982204,456,0.006263121655151944,0.006452999568258189,456,0.00646790818560484,0.006687251968134463,456,0.01730404201073342,0.01765246278279584,456
f166954fecd1d93111ee,ILVIS0_applanix_55495_20101026_510_lvis_LVIS.013,3509e0d5099f758d963684048dc7043f9c70d33dda23345c0d74f710a4433ccb,486,False,0,l1_broadcast,h1_v3_tau10,30.0,0.0528660256314573,0.05321611506400028,456,0.053266007721937375,0.05367713252209638,456,0.15586010634866398,0.15648097517601495,456,0.00972804227756871,0.009851361199503956,456,0.009861133301212171,0.010006370655359644,456,0.028250714912974432,0.028465460925448053,456
f166954fecd1d93111ee,ILVIS0_applanix_55495_20101026_510_lvis_LVIS.013,3509e0d5099f758d963684048dc7043f9c70d33dda23345c0d74f710a4433ccb,486,False,0,l1_broadcast,h1_v3_tau60,30.0,0.03572277997615627,0.03623886374681666,456,0.03631209057319405,0.03691253037827511,456,0.10307315769737241,0.10400960858763085,456,0.005741910071526971,0.00594844868147764,456,0.005964618571183458,0.006201788206503824,456,0.015592158783461327,0.0159779531805646,456
f166954fecd1d93111ee,ILVIS0_applanix_55495_20101026_510_lvis_LVIS.013,3509e0d5099f758d963684048dc7043f9c70d33dda23345c0d74f710a4433ccb,486,False,0,l1_broadcast,h1_v3_tau300,30.0,0.02179948711330744,0.022635279429009263,456,0.022752330671495527,0.02369885077457407,456,0.0584463984669498,0.06008247942858025,456,0.004221272206853019,0.004498182846757609,456,0.004519544498583649,0.00482822774982774,456,0.010332564323304491,0.010906028485120001,456
f166954fecd1d93111ee,ILVIS0_applanix_55495_20101026_510_lvis_LVIS.013,3509e0d5099f758d963684048dc7043f9c70d33dda23345c0d74f710a4433ccb,486,False,0,l1_broadcast,h3_v10_tau0,30.0,0.062373710593058726,0.06267071093889506,456,0.06271308225333408,0.06306264871444957,456,0.20468367000124604,0.20515683660620374,456,0.015539356854895374,0.015616853798359816,456,0.015623020031154856,0.01571509653612478,456,0.050989859962038336,0.05110915174061477,456
f166954fecd1d93111ee,ILVIS0_applanix_55495_20101026_510_lvis_LVIS.013,3509e0d5099f758d963684048dc7043f9c70d33dda23345c0d74f710a4433ccb,486,False,0,l1_broadcast,h3_v10_tau10,30.0,0.1528654957400834,0.1529869210890371,456,0.15300428327477172,0.15314789478674334,456,0.5082427945998411,0.5084335365648331,456,0.02720559932523744,0.027249938455249534,456,0.027253472770922778,0.027306359745790307,456,0.09022625553370091,0.09029372492237754,456
f166954fecd1d93111ee,ILVIS0_applanix_55495_20101026_510_lvis_LVIS.013,3509e0d5099f758d963684048dc7043f9c70d33dda23345c0d74f710a4433ccb,486,False,0,l1_broadcast,h3_v10_tau60,30.0,0.09848635883378251,0.09867472377857381,456,0.09870164025436542,0.09892411620066348,456,0.3262526207999994,0.32654968292744097,456,0.01360724649164807,0.013695680638324034,456,0.013702711429295899,0.01380759952533767,456,0.044432529290802256,0.04456937549328857,456
f166954fecd1d93111ee,ILVIS0_applanix_55495_20101026_510_lvis_LVIS.013,3509e0d5099f758d963684048dc7043f9c70d33dda23345c0d74f710a4433ccb,486,False,0,l1_broadcast,h3_v10_tau300,30.0,0.049914612480498756,0.0502852540564031,456,0.050338051726763304,0.0507728906878891,456,0.1623294042904668,0.16292562210508665,456,0.006985959279828001,0.00715668482893511,456,0.007170130437416908,0.0073686005071869395,456,0.021429195894287024,0.02171151789219363,456
f166954fecd1d93111ee,ILVIS0_applanix_55495_20101026_510_lvis_LVIS.013,3509e0d5099f758d963684048dc7043f9c70d33dda23345c0d74f710a4433ccb,486,False,0,l1_broadcast,h10_v30_tau0,30.0,0.20241267697810025,0.2025043951075698,456,0.20251751211686791,0.2026260340903705,456,0.6065286876732636,0.6066885294875974,456,0.05041832564155704,0.050442264735965546,456,0.05044417413268011,0.05047276699870086,456,0.15107765446481775,0.15111795807025966,456
f166954fecd1d93111ee,ILVIS0_applanix_55495_20101026_510_lvis_LVIS.013,3509e0d5099f758d963684048dc7043f9c70d33dda23345c0d74f710a4433ccb,486,False,0,l1_broadcast,h10_v30_tau10,30.0,0.5073324603238436,0.5073690604822947,456,0.5073742959697595,0.5074176220708115,456,1.5217145101634397,1.5217782273653213,456,0.089904498937384,0.08991792613480618,456,0.08991899728428995,0.08993504087514215,456,0.2696140945810267,0.2696366806825139,456
f166954fecd1d93111ee,ILVIS0_applanix_55495_20101026_510_lvis_LVIS.013,3509e0d5099f758d963684048dc7043f9c70d33dda23345c0d74f710a4433ccb,486,False,0,l1_broadcast,h10_v30_tau60,30.0,0.3248326640204803,0.32488982417287915,456,0.3248980001896089,0.32496565588442494,456,0.9740561376478867,0.974155676537738,456,0.04377546573970406,0.04380303541901756,456,0.04380523420960182,0.04383815745128311,456,0.13112212719697652,0.13116856259558698,456
f166954fecd1d93111ee,ILVIS0_applanix_55495_20101026_510_lvis_LVIS.013,3509e0d5099f758d963684048dc7043f9c70d33dda23345c0d74f710a4433ccb,486,False,0,l1_broadcast,h10_v30_tau300,30.0,0.15945633425497424,0.15957274444740216,456,0.15958939014420465,0.15972708105948805,456,0.47746824560795287,0.4776712765125211,456,0.020031279994758653,0.02009145811949883,456,0.020096251433003438,0.020167915758659574,456,0.05964611670648449,0.05974812809512678,456
f166954fecd1d93111ee,ILVIS0_applanix_55495_20101026_510_lvis_LVIS.013,3509e0d5099f758d963684048dc7043f9c70d33dda23345c0d74f710a4433ccb,486,False,0,dual_frequency,formal_only,30.0,0.021258697301319997,0.026830871855697786,456,0.023189930400175134,0.02925533238321988,456,0.04844669764438364,0.06081127543887187,456,0.005368193614620131,0.006800003024413397,456,0.005855309032880323,0.007409170068252653,456,0.012214960489681945,0.015298838681922085,456
f166954fecd1d93111ee,ILVIS0_applanix_55495_20101026_510_lvis_LVIS.013,3509e0d5099f758d963684048dc7043f9c70d33dda23345c0d74f710a4433ccb,486,False,0,dual_frequency,h1_v3_tau0,30.0,0.029315682949366904,0.03357637850910758,456,0.03074491782933697,0.03554366036372355,456,0.07755240864187804,0.0858213535266201,456,0.0073551422714922855,0.008456989168401801,456,0.007717853263981572,0.008954129015084134,456,0.01940955435130222,0.02148441318061663,456
f166954fecd1d93111ee,ILVIS0_applanix_55495_20101026_510_lvis_LVIS.013,3509e0d5099f758d963684048dc7043f9c70d33dda23345c0d74f710a4433ccb,486,False,0,dual_frequency,h1_v3_tau10,30.0,0.05498693119477038,0.05737183156169033,456,0.055762024252518805,0.05854490137803446,456,0.15966137960738885,0.1638373728374996,456,0.010464522526534663,0.01126626767571063,456,0.010722563727640778,0.0116440778691488,456,0.02958722403144217,0.030987949898695848,456
f166954fecd1d93111ee,ILVIS0_applanix_55495_20101026_510_lvis_LVIS.013,3509e0d5099f758d963684048dc7043f9c70d33dda23345c0d74f710a4433ccb,486,False,0,dual_frequency,h1_v3_tau60,30.0,0.03879256301402382,0.04210495415274739,456,0.039883626648321666,0.043689880496124,456,0.10873573107910715,0.11477973612886648,456,0.006916715708173524,0.008078582949448226,456,0.007301239439808828,0.008597631237249397,456,0.017900177232029066,0.02013120845164617,456
f166954fecd1d93111ee,ILVIS0_applanix_55495_20101026_510_lvis_LVIS.013,3509e0d5099f758d963684048dc7043f9c70d33dda23345c0d74f710a4433ccb,486,False,0,dual_frequency,h1_v3_tau300,30.0,0.02653231188515296,0.031175749754920115,456,0.028103456512337636,0.033285222270148976,456,0.06793647648580425,0.0772417858822923,456,0.005717566245210894,0.0070790609747618406,456,0.006177192319035296,0.007666085330531279,456,0.013566975011196783,0.016398537038340093,456
f166954fecd1d93111ee,ILVIS0_applanix_55495_20101026_510_lvis_LVIS.013,3509e0d5099f758d963684048dc7043f9c70d33dda23345c0d74f710a4433ccb,486,False,0,dual_frequency,h3_v10_tau0,30.0,0.064181194358993,0.06623586817248181,456,0.06484648379468158,0.06725450642159016,456,0.2075928422571794,0.2108215281991819,456,0.016010716308862062,0.016545863461724278,456,0.016180549370301577,0.016805396792254276,456,0.051742311052521195,0.05255583667316748,456
f166954fecd1d93111ee,ILVIS0_applanix_55495_20101026_510_lvis_LVIS.013,3509e0d5099f758d963684048dc7043f9c70d33dda23345c0d74f710a4433ccb,486,False,0,dual_frequency,h3_v10_tau10,30.0,0.15361186713327335,0.15448161837534052,456,0.15389102146081507,0.1549211050005563,456,0.5094213596414012,0.5107455827019007,456,0.027477555567337233,0.027792780068109126,456,0.027576859885942377,0.027948065919879923,456,0.09065361615606429,0.09112040023175497,456
f166954fecd1d93111ee,ILVIS0_applanix_55495_20101026_510_lvis_LVIS.013,3509e0d5099f758d963684048dc7043f9c70d33dda23345c0d74f710a4433ccb,486,False,0,dual_frequency,h3_v10_tau60,30.0,0.09964089929649292,0.10097659854356343,456,0.10007072284882042,0.10164768479604717,456,0.3280855924506547,0.33013797807245654,456,0.014143146125297698,0.014746224672637668,456,0.014335122026662673,0.015036851577135843,456,0.04529404589005839,0.046221205177693306,456
f166954fecd1d93111ee,ILVIS0_applanix_55495_20101026_510_lvis_LVIS.013,3509e0d5099f758d963684048dc7043f9c70d33dda23345c0d74f710a4433ccb,486,False,0,dual_frequency,h3_v10_tau300,30.0,0.05215567538831131,0.05466423786917292,456,0.05297221176989761,0.05589416186427282,456,0.16598258609012898,0.17000337492100603,456,0.00797966491037147,0.009005420707129331,456,0.00831517848603361,0.009473825153718068,456,0.023162715044535112,0.024927105316589215,456
f166954fecd1d93111ee,ILVIS0_applanix_55495_20101026_510_lvis_LVIS.013,3509e0d5099f758d963684048dc7043f9c70d33dda23345c0d74f710a4433ccb,486,False,0,dual_frequency,h10_v30_tau0,30.0,0.2029769389309031,0.20363595567965656,456,0.2031882833749164,0.20396955851435905,456,0.6075166107747059,0.6086274401943181,456,0.050565590927305004,0.05073757533559144,456,0.05061962195675429,0.05082280311187787,456,0.15133327001443758,0.15161334977423824,456
f166954fecd1d93111ee,ILVIS0_applanix_55495_20101026_510_lvis_LVIS.013,3509e0d5099f758d963684048dc7043f9c70d33dda23345c0d74f710a4433ccb,486,False,0,dual_frequency,h10_v30_tau10,30.0,0.5075578501358975,0.5078217560923469,456,0.5076424056349049,0.5079556223839762,456,1.522108548638724,1.5225522527745226,456,0.08998716772138629,0.09008392153964347,456,0.09001753993381167,0.09013195152284145,456,0.26975741126328634,0.2699146349275655,456
f166954fecd1d93111ee,ILVIS0_applanix_55495_20101026_510_lvis_LVIS.013,3509e0d5099f758d963684048dc7043f9c70d33dda23345c0d74f710a4433ccb,486,False,0,dual_frequency,h10_v30_tau60,30.0,0.32518457151434643,0.3255963302497089,456,0.32531653249547277,0.3258050776522668,456,0.974671607612781,0.9753643787202507,456,0.043944997736431,0.04414278413290183,456,0.04400715813673371,0.044240718305110734,456,0.13141656355006223,0.1317389934368679,456
f166954fecd1d93111ee,ILVIS0_applanix_55495_20101026_510_lvis_LVIS.013,3509e0d5099f758d963684048dc7043f9c70d33dda23345c0d74f710a4433ccb,486,False,0,dual_frequency,h10_v30_tau300,30.0,0.1601719965235649,0.16100631405337162,456,0.16043973707475231,0.1614280382185057,456,0.47872258037410526,0.48013147944160983,456,0.02039910790984579,0.020821771447052145,456,0.020532675050405777,0.021028597919263536,456,0.06029063088440423,0.060990240105538315,456
f166954fecd1d93111ee,ILVIS0_applanix_55495_20101026_510_lvis_LVIS.013,3509e0d5099f758d963684048dc7043f9c70d33dda23345c0d74f710a4433ccb,486,False,0,l1_broadcast,formal_only,60.0,0.005388616325096841,0.005662843762536409,426,0.005878994029618603,0.006174481230048886,426,0.012258847978725732,0.012826984424562989,426,0.0006858143865293944,0.0007200022597200544,426,0.0007479047149958882,0.000785369125256776,426,0.0015554456468833383,0.0016358917696842868,426
f166954fecd1d93111ee,ILVIS0_applanix_55495_20101026_510_lvis_LVIS.013,3509e0d5099f758d963684048dc7043f9c70d33dda23345c0d74f710a4433ccb,486,False,0,l1_broadcast,h1_v3_tau0,60.0,0.009282807103722916,0.009444634942655272,426,0.00957579725373336,0.009759997737538197,426,0.02577749504967848,0.026052474615623634,426,0.001150637406931533,0.0011713361394386098,426,0.0011886911062420416,0.0012126127784917009,426,0.0031783701443576715,0.0032185039338017926,426
f166954fecd1d93111ee,ILVIS0_applanix_55495_20101026_510_lvis_LVIS.013,3509e0d5099f758d963684048dc7043f9c70d33dda23345c0d74f710a4433ccb,486,False,0,l1_broadcast,h1_v3_tau10,60.0,0.025017458528275884,0.025077955588351835,426,0.025127646462682604,0.025198418365913668,426,0.07430884040665184,0.07440467691689981,426,0.002606711537344092,0.0026159141732737725,426,0.0026237311504949696,0.002634655263553011,426,0.007703300860014339,0.007719946564518137,426
f166954fecd1d93111ee,ILVIS0_applanix_55495_20101026_510_lvis_LVIS.013,3509e0d5099f758d963684048dc7043f9c70d33dda23345c0d74f710a4433ccb,486,False,0,l1_broadcast,h1_v3_tau60,60.0,0.021722862060696048,0.021792506996250283,426,0.021849670973163128,0.021931023517825575,426,0.06431088015741965,0.06442159180784816,426,0.0016853355640103784,0.0016995346073638484,426,0.001711542015818599,0.0017282416724554587,426,0.00487335022967779,0.004899619707021163,426
f166954fecd1d93111ee,ILVIS0_applanix_55495_20101026_510_lvis_LVIS.013,3509e0d5099f758d963684048dc7043f9c70d33dda23345c0d74f710a4433ccb,486,False,0,l1_broadcast,h1_v3_tau300,60.0,0.012407816848529887,0.012529347242970036,426,0.012628511566111724,0.01276874979674101,426,0.035700559549055655,0.03589961191623271,426,0.000986702661720057,0.0010107640902346194,426,0.0010308260005704385,0.0010583219958171413,426,0.0026360155690859496,0.0026842706395382096,426
f166954fecd1d93111ee,ILVIS0_applanix_55495_20101026_510_lvis_LVIS.013,3509e0d5099f758d963684048dc7043f9c70d33dda23345c0d74f710a4433ccb,486,False,0,l1_broadcast,h3_v10_tau0,60.0,0.023307446921458787,0.02337237059390647,426,0.023425679659948608,0.02350157736607078,426,0.07657422238248263,0.07666722714449056,426,0.002855340082842618,0.0028637438628949475,426,0.0028708861175873075,0.0028808731849904097,426,0.009369200498659497,0.009382891281725383,426
f166954fecd1d93111ee,ILVIS0_applanix_55495_20101026_510_lvis_LVIS.013,3509e0d5099f758d963684048dc7043f9c70d33dda23345c0d74f710a4433ccb,486,False,0,l1_broadcast,h3_v10_tau10,60.0,0.07348851334206617,0.07350913017482674,426,0.0735260972634871,0.07355031374188747,426,0.24460965614727448,0.24463878691913285,426,0.007575735895220571,0.007578907327588357,426,0.007581608962941929,0.007585396342675526,426,0.025196820783565187,0.025201914776904734,426
f166954fecd1d93111ee,ILVIS0_applanix_55495_20101026_510_lvis_LVIS.013,3509e0d5099f758d963684048dc7043f9c70d33dda23345c0d74f710a4433ccb,486,False,0,l1_broadcast,h3_v10_tau60,60.0,0.06336124317974057,0.06338515412215685,426,0.06340483043785732,0.06343291098099121,426,0.2107957171528631,0.21082952012172793,426,0.004669097629661588,0.004674241607007863,426,0.004678620821114814,0.004684755702925965,426,0.01547323075692074,0.015481524501142506,426
f166954fecd1d93111ee,ILVIS0_applanix_55495_20101026_510_lvis_LVIS.013,3509e0d5099f758d963684048dc7043f9c70d33dda23345c0d74f710a4433ccb,486,False,0,l1_broadcast,h3_v10_tau300,60.0,0.033960091032048605,0.034004682155094244,426,0.034041344986085326,0.03409361876569721,426,0.11243643828709379,0.11249979928590731,426,0.0022359580261129344,0.0022466798206083115,426,0.002255776674456896,0.0022684734101139693,426,0.007262471208194973,0.007280124921209027,426
f166954fecd1d93111ee,ILVIS0_applanix_55495_20101026_510_lvis_LVIS.013,3509e0d5099f758d963684048dc7043f9c70d33dda23345c0d74f710a4433ccb,486,False,0,l1_broadcast,h10_v30_tau0,60.0,0.07577842281365568,0.07579841680379683,426,0.07581487156025632,0.07583835719765473,426,0.2270908825972452,0.22712226034356198,426,0.00926460189097849,0.009267195375327796,426,0.009269404959932732,0.009272502980305665,426,0.02776115942415599,0.02776578296026869,426
f166954fecd1d93111ee,ILVIS0_applanix_55495_20101026_510_lvis_LVIS.013,3509e0d5099f758d963684048dc7043f9c70d33dda23345c0d74f710a4433ccb,486,False,0,l1_broadcast,h10_v30_tau10,60.0,0.24436170262767137,0.2443679036555202,426,0.24437300811806367,0.24438029537907435,426,0.7330093587953166,0.7330190804244601,426,0.025158114154549667,0.025159069333736565,426,0.025159883305102736,0.025161024842700778,426,0.07546232642258383,0.07546402745634666,426
f166954fecd1d93111ee,ILVIS0_applanix_55495_20101026_510_lvis_LVIS.013,3509e0d5099f758d963684048dc7043f9c70d33dda23345c0d74f710a4433ccb,486,False,0,l1_broadcast,h10_v30_tau60,60.0,0.21050793856906652,0.21051513681085904,426,0.21052106209634816,0.21052952111060644,426,0.6314358831164504,0.6314471685516141,426,0.015410120060244998,0.015411679408731381,426,0.015413008154937373,0.015414871507501027,426,0.0462107405397158,0.046213518282559936,426
f166954fecd1d93111ee,ILVIS0_applanix_55495_20101026_510_lvis_LVIS.013,3509e0d5099f758d963684048dc7043f9c70d33dda23345c0d74f710a4433ccb,486,False,0,l1_broadcast,h10_v30_tau300,60.0,0.11189598064858697,0.11190952198621487,426,0.11192066775571066,0.11193657822050743,426,0.33552248665246065,0.33554372477255423,426,0.007127020293509396,0.007130391306939659,426,0.007133262814231168,0.007137288111418241,426,0.02133860593303654,0.021344620727211796,426
f166954fecd1d93111ee,ILVIS0_applanix_55495_20101026_510_lvis_LVIS.013,3509e0d5099f758d963684048dc7043f9c70d33dda23345c0d74f710a4433ccb,486,False,0,dual_frequency,formal_only,60.0,0.007765033906045276,0.009390801559334756,426,0.00846810346610968,0.010233796573550575,426,0.01760494404688461,0.02116768236330071,426,0.0009877207671624812,0.0011918535231963674,426,0.0010780753463242815,0.001298761840338202,426,0.0022523894364908075,0.0026848153966604177,426
f166954fecd1d93111ee,ILVIS0_applanix_55495_20101026_510_lvis_LVIS.013,3509e0d5099f758d963684048dc7043f9c70d33dda23345c0d74f710a4433ccb,486,False,0,dual_frequency,h1_v3_tau0,60.0,0.010836469896483337,0.012054894492560721,426,0.011350863359298552,0.01272257536813668,426,0.028707734080159156,0.031020495765809643,426,0.0013524856784267775,0.0015080251902447749,426,0.0014198139530265533,0.001593865582866324,426,0.003571538014965308,0.0038588679100659763,426
f166954fecd1d93111ee,ILVIS0_applanix_55495_20101026_510_lvis_LVIS.013,3509e0d5099f758d963684048dc7043f9c70d33dda23345c0d74f710a4433ccb,486,False,0,dual_frequency,h1_v3_tau10,60.0,0.025634582284450855,0.026172948083939513,426,0.02585623374334101,0.026487103681446827,426,0.0753754504495952,0.0762862767535073,426,0.002701887528438006,0.0027830053307414462,426,0.0027362109562801564,0.0028304392310903497,426,0.007873670755124657,0.008008100305941068,426
f166954fecd1d93111ee,ILVIS0_applanix_55495_20101026_510_lvis_LVIS.013,3509e0d5099f758d963684048dc7043f9c70d33dda23345c0d74f710a4433ccb,486,False,0,dual_frequency,h1_v3_tau60,60.0,0.022430811697744066,0.023044147104546015,426,0.022683789987999227,0.023400345406623935,426,0.06554040031356814,0.06658589597786588,426,0.001829100078590987,0.001946928234935896,426,0.001879431101192724,0.0020141492244281954,426,0.005138422859250367,0.0053421314312633965,426
f166954fecd1d93111ee,ILVIS0_applanix_55495_20101026_510_lvis_LVIS.013,3509e0d5099f758d963684048dc7043f9c70d33dda23345c0d74f710a4433ccb,486,False,0,dual_frequency,h1_v3_tau300,60.0,0.013609279684451001,0.014598078474483715,426,0.014022321869283962,0.01515411959067809,426,0.03787063121316964,0.039652515963163784,426,0.0012160728499085599,0.0013869951871522492,426,0.0012905376095207084,0.0014798726844235629,426,0.003098778000642443,0.0034259892431345706,426
f166954fecd1d93111ee,ILVIS0_applanix_55495_20101026_510_lvis_LVIS.013,3509e0d5099f758d963684048dc7043f9c70d33dda23345c0d74f710a4433ccb,486,False,0,dual_frequency,h3_v10_tau0,60.0,0.023968639083305356,0.024543574758782598,426,0.024205550482119278,0.024878314083872297,426,0.07760970494468597,0.07849460997850913,426,0.002942485033408243,0.0030171411347335335,426,0.002974033011741078,0.0030609489052629262,426,0.009509772079523533,0.009621369159457414,426
f166954fecd1d93111ee,ILVIS0_applanix_55495_20101026_510_lvis_LVIS.013,3509e0d5099f758d963684048dc7043f9c70d33dda23345c0d74f710a4433ccb,486,False,0,dual_frequency,h3_v10_tau10,60.0,0.07370088311534516,0.07388986111094044,426,0.07377827041611273,0.07400172313596576,426,0.244935784751668,0.24521760989321373,426,0.007609009499502209,0.007638190101208761,426,0.007621264970939481,0.0076556002779337865,426,0.025249428203820257,0.025291670652680703,426
f166954fecd1d93111ee,ILVIS0_applanix_55495_20101026_510_lvis_LVIS.013,3509e0d5099f758d963684048dc7043f9c70d33dda23345c0d74f710a4433ccb,486,False,0,dual_frequency,h3_v10_tau60,60.0,0.06360743443958797,0.06382630428727878,426,0.06369708572328217,0.06395577042742687,426,0.2111740730802196,0.2115008905156705,426,0.004722893591573952,0.004769763760894756,426,0.004742613000019914,0.004797594597518009,426,0.015558750498596924,0.015627210140748117,426
f166954fecd1d93111ee,ILVIS0_applanix_55495_20101026_510_lvis_LVIS.013,3509e0d5099f758d963684048dc7043f9c70d33dda23345c0d74f710a4433ccb,486,False,0,dual_frequency,h3_v10_tau300,60.0,0.03441723930142404,0.034820077022886184,426,0.034582645578044774,0.03505682836364406,426,0.11314418864773276,0.11375299974661146,426,0.002346222380767644,0.002439196981387576,426,0.00238566838363342,0.002493180594470733,426,0.0074429386044756705,0.0075850058908744685,426
f166954fecd1d93111ee,ILVIS0_applanix_55495_20101026_510_lvis_LVIS.013,3509e0d5099f758d963684048dc7043f9c70d33dda23345c0d74f710a4433ccb,486,False,0,dual_frequency,h10_v30_tau0,60.0,0.07598439275857002,0.0761677054000285,426,0.07605945671967926,0.0762762269519262,426,0.22744213270668293,0.22774560649763198,426,0.009291829712668207,0.009315740543199003,426,0.009301868285652996,0.009330020871507298,426,0.027808916188772743,0.02784727633694989,426
f166954fecd1d93111ee,ILVIS0_applanix_55495_20101026_510_lvis_LVIS.013,3509e0d5099f758d963684048dc7043f9c70d33dda23345c0d74f710a4433ccb,486,False,0,dual_frequency,h10_v30_tau10,60.0,0.2444256539113339,0.24448270223692115,426,0.24444899939145726,0.24451653348075753,426,0.7331182543446022,0.7332124606202224,426,0.025168153667421186,0.025176991112649566,426,0.02517186153669429,0.02518227847283195,426,0.0754799082943893,0.07549404967251482,426
f166954fecd1d93111ee,ILVIS0_applanix_55495_20101026_510_lvis_LVIS.013,3509e0d5099f758d963684048dc7043f9c70d33dda23345c0d74f710a4433ccb,486,False,0,dual_frequency,h10_v30_tau60,60.0,0.21058217108644767,0.2106483851885964,426,0.21060926806051827,0.21068764945988833,426,0.6315622924611578,0.6316716447760099,426,0.015426504836936934,0.015440918817978596,426,0.01543255344002779,0.015449538554262007,426,0.04623944623640887,0.04626252660704382,426
f166954fecd1d93111ee,ILVIS0_applanix_55495_20101026_510_lvis_LVIS.013,3509e0d5099f758d963684048dc7043f9c70d33dda23345c0d74f710a4433ccb,486,False,0,dual_frequency,h10_v30_tau300,60.0,0.11203557053073483,0.1121599771184178,426,0.11208649373448185,0.11223370224436585,426,0.33576032198735306,0.33596596758280917,426,0.00716237875798835,0.007193371388400637,426,0.007175397108619218,0.007211855484150253,426,0.021400699759264175,0.021450522836311055,426
46f49500c8df79c821b2,ILVIS0_applanix_55520_20101120_510_lvis_LVIS.013,965e7d47fa947841b4863b102c0c369af8397807c90869cb535e0a9b5a8e4d69,483,False,0,l1_broadcast,formal_only,2.0,0.5182774568394338,0.6127060042180179,481,0.40082480448909263,0.46702374626648196,481,0.9226185931290355,1.0321024959844847,481,1.797862840403368,2.121068679503371,481,1.3988588010932088,1.6078379909455862,481,3.19110085070999,3.567506388594103,481
46f49500c8df79c821b2,ILVIS0_applanix_55520_20101120_510_lvis_LVIS.013,965e7d47fa947841b4863b102c0c369af8397807c90869cb535e0a9b5a8e4d69,483,False,0,l1_broadcast,h1_v3_tau0,2.0,0.8767073779782822,0.9356350527520937,481,0.8128129109624936,0.8474169480901257,481,2.313279880902834,2.3590833603795844,481,3.0384717857671926,3.240205601990432,481,2.8207810878187507,2.9300414681584193,481,8.011437114488391,8.168665853899263,481
46f49500c8df79c821b2,ILVIS0_applanix_55520_20101120_510_lvis_LVIS.013,965e7d47fa947841b4863b102c0c369af8397807c90869cb535e0a9b5a8e4d69,483,False,0,l1_broadcast,h1_v3_tau10,2.0,0.5993750495829497,0.6826767722717845,481,0.5012977674878789,0.5556528658896591,481,1.2911140222842097,1.3714903982051472,481,1.9055374451244862,2.213073542618605,481,1.534786013509446,1.7273983810911213,481,3.7110623945464205,4.0393020795026375,481
46f49500c8df79c821b2,ILVIS0_applanix_55520_20101120_510_lvis_LVIS.013,965e7d47fa947841b4863b102c0c369af8397807c90869cb535e0a9b5a8e4d69,483,False,0,l1_broadcast,h1_v3_tau60,2.0,0.5338611957808428,0.6259432096423844,481,0.42078115212818107,0.484259675865521,481,0.9993954948971913,1.1012728313414457,481,1.8163070674570252,2.13672480997466,481,1.4224860335999794,1.6284359292029305,481,3.2837584827331123,3.6506228189419114,481
46f49500c8df79c821b2,ILVIS0_applanix_55520_20101120_510_lvis_LVIS.013,965e7d47fa947841b4863b102c0c369af8397807c90869cb535e0a9b5a8e4d69,483,False,0,l1_broadcast,h1_v3_tau300,2.0,0.5214768196900387,0.6154146559929294,481,0.4049531764288375,0.4705717063135704,481,0.938703376601029,1.0465058638498763,481,1.8015671169782015,2.124209412285911,481,1.4036164823304877,1.611978997754568,481,3.209848002019249,3.5842853387146345,481
46f49500c8df79c821b2,ILVIS0_applanix_55520_20101120_510_lvis_LVIS.013,965e7d47fa947841b4863b102c0c369af8397807c90869cb535e0a9b5a8e4d69,483,False,0,l1_broadcast,h3_v10_tau0,2.0,2.1837239434668434,2.2080415273738034,481,2.158865272057557,2.172130272009303,481,7.131034672594695,7.1460244888733575,481,7.565203949194187,7.648459475160355,481,7.480428192650202,7.522309685537281,481,24.70188504222709,24.75332506619384,481
46f49500c8df79c821b2,ILVIS0_applanix_55520_20101120_510_lvis_LVIS.013,965e7d47fa947841b4863b102c0c369af8397807c90869cb535e0a9b5a8e4d69,483,False,0,l1_broadcast,h3_v10_tau10,2.0,1.041326976707826,1.0914023079306363,481,0.9881350484853926,1.0167898159050812,481,3.148828011792422,3.1826291555377013,481,2.6117370177178745,2.843904323282477,481,2.3549236510363816,2.4847540043115997,481,7.075262597687156,7.252814489526705,481
46f49500c8df79c821b2,ILVIS0_applanix_55520_20101120_510_lvis_LVIS.013,965e7d47fa947841b4863b102c0c369af8397807c90869cb535e0a9b5a8e4d69,483,False,0,l1_broadcast,h3_v10_tau60,2.0,0.6451184457922068,0.7231700591411475,481,0.5551817816959779,0.6047127139478552,481,1.578242844953657,1.6446461538815624,481,1.9576148565085307,2.2580694136119517,481,1.598984389828612,1.7846815230308146,481,4.1047754723625545,4.403766441555109,481
46f49500c8df79c821b2,ILVIS0_applanix_55520_20101120_510_lvis_LVIS.013,965e7d47fa947841b4863b102c0c369af8397807c90869cb535e0a9b5a8e4d69,483,False,0,l1_broadcast,h3_v10_tau300,2.0,0.5463977334531357,0.6366691514904601,481,0.43657700895545565,0.49804632357999795,481,1.088062585054732,1.1823242714357125,481,1.8309315523984528,2.1491700490736223,481,1.4411125917362848,1.6447317598298152,481,3.3935899939135648,3.7497240218512062,481
46f49500c8df79c821b2,ILVIS0_applanix_55520_20101120_510_lvis_LVIS.013,965e7d47fa947841b4863b102c0c369af8397807c90869cb535e0a9b5a8e4d69,483,False,0,l1_broadcast,h10_v30_tau0,2.0,7.090066428153426,7.0975938937759135,481,7.082449502626478,7.08650418845125,481,21.23334874598518,21.238387638011986,481,24.560788073531025,24.58655999409374,481,24.534808047861237,24.54760972080843,481,73.55394703643991,73.57123827850572,481
46f49500c8df79c821b2,ILVIS0_applanix_55520_20101120_510_lvis_LVIS.013,965e7d47fa947841b4863b102c0c369af8397807c90869cb535e0a9b5a8e4d69,483,False,0,l1_broadcast,h10_v30_tau10,2.0,3.0549147781450743,3.0723446139822967,481,3.0371949728910947,3.046638140481734,481,9.078890906026924,9.090669424050596,481,6.565708414157002,6.661467445690849,481,6.467845246465372,6.516238116578976,481,19.211170456816554,19.27726763610753,481
46f49500c8df79c821b2,ILVIS0_applanix_55520_20101120_510_lvis_LVIS.013,965e7d47fa947841b4863b102c0c369af8397807c90869cb535e0a9b5a8e4d69,483,False,0,l1_broadcast,h10_v30_tau60,2.0,1.3813894930568873,1.4195189526261431,481,1.341747343263154,1.3629881103064663,481,3.9506776319673964,3.9776707060235035,481,3.1461671652997842,3.341405300510159,481,2.936471178898772,3.0415785448078028,481,8.377209439387734,8.527696944933295,481
46f49500c8df79c821b2,ILVIS0_applanix_55520_20101120_510_lvis_LVIS.013,965e7d47fa947841b4863b102c0c369af8397807c90869cb535e0a9b5a8e4d69,483,False,0,l1_broadcast,h10_v30_tau300,2.0,0.7754138526467893,0.8414652507462178,481,0.7023643246224176,0.7421363083594312,481,1.9608980477996987,2.0147286784315828,481,2.13673564118061,2.4150074017605867,481,1.813872749887427,1.9795129230485424,481,4.709891750974351,4.972630842839026,481
46f49500c8df79c821b2,ILVIS0_applanix_55520_20101120_510_lvis_LVIS.013,965e7d47fa947841b4863b102c0c369af8397807c90869cb535e0a9b5a8e4d69,483,False,0,dual_frequency,formal_only,2.0,0.7472846277954204,1.1080245958151715,481,0.6087320422017877,0.710524968179074,481,1.3664582390275648,1.8261810935816976,481,2.6173127173146136,3.83607950056583,481,2.110814368479221,2.480436209698091,481,4.780328976112235,6.336849452977825,481
46f49500c8df79c821b2,ILVIS0_applanix_55520_20101120_510_lvis_LVIS.013,965e7d47fa947841b4863b102c0c369af8397807c90869cb535e0a9b5a8e4d69,483,False,0,dual_frequency,h1_v3_tau0,2.0,1.0288044611455296,1.3144287007156292,481,0.9330375145388112,1.0024220841239868,481,2.523340416592407,2.799102735799041,481,3.584735117162328,4.551428999189309,481,3.233502326917106,3.4860527520938978,481,8.766501304389243,9.70338399681809,481
46f49500c8df79c821b2,ILVIS0_applanix_55520_20101120_510_lvis_LVIS.013,965e7d47fa947841b4863b102c0c369af8397807c90869cb535e0a9b5a8e4d69,483,False,0,dual_frequency,h1_v3_tau10,2.0,0.805650819359077,1.1481974711372545,481,0.6791123817143752,0.7716765243290004,481,1.6379738914762418,2.037323670089452,481,2.6924130481939605,3.887707305923335,481,2.2032474804357816,2.559555811512951,481,5.142023393244418,6.613964049382182,481
46f49500c8df79c821b2,ILVIS0_applanix_55520_20101120_510_lvis_LVIS.013,965e7d47fa947841b4863b102c0c369af8397807c90869cb535e0a9b5a8e4d69,483,False,0,dual_frequency,h1_v3_tau60,2.0,0.7581758167021289,1.1153989237147284,481,0.6220538186489647,0.7219709028059748,481,1.4194274922797974,1.8661467448699327,481,2.630016431623171,3.844758315558009,481,2.1265459949338985,2.4938372763218744,481,4.842673874356801,6.384011757760555,481
46f49500c8df79c821b2,ILVIS0_applanix_55520_20101120_510_lvis_LVIS.013,965e7d47fa947841b4863b102c0c369af8397807c90869cb535e0a9b5a8e4d69,483,False,0,dual_frequency,h1_v3_tau300,2.0,0.7495070821182584,1.1095246982998892,481,0.6114582981767807,0.7128620354682664,481,1.3773696235437625,1.834359928533661,481,2.6198586115076306,3.837816986091868,481,2.1139703361807647,2.483122444515235,481,4.792863932610981,6.3463107823656335,481
46f49500c8df79c821b2,ILVIS0_applanix_55520_20101120_510_lvis_LVIS.013,965e7d47fa947841b4863b102c0c369af8397807c90869cb535e0a9b5a8e4d69,483,False,0,dual_frequency,h3_v10_tau0,2.0,2.2491049450707647,2.3932733324745428,481,2.20694210123546,2.2371599114520855,481,7.20191908815745,7.303106723848117,481,7.800661886033573,8.289481644509591,481,7.645622100141909,7.75580839051491,481,24.956993911924943,25.301297614741145,481
46f49500c8df79c821b2,ILVIS0_applanix_55520_20101120_510_lvis_LVIS.013,965e7d47fa947841b4863b102c0c369af8397807c90869cb535e0a9b5a8e4d69,483,False,0,dual_frequency,h3_v10_tau10,2.0,1.1722562284291134,1.4294995120960636,481,1.089176316927002,1.149171910793761,481,3.3062215440692313,3.5211972631502007,481,3.2309728127966966,4.27836012877317,481,2.8362645777488606,3.1211253174449793,481,7.920085940612453,8.94605372086118,481
46f49500c8df79c821b2,ILVIS0_applanix_55520_20101120_510_lvis_LVIS.013,965e7d47fa947841b4863b102c0c369af8397807c90869cb535e0a9b5a8e4d69,483,False,0,dual_frequency,h3_v10_tau60,2.0,0.840238419600497,1.1727253692850579,481,0.7198062142247454,0.8077202592725251,481,1.872654140055319,2.2303727930135935,481,2.729518454551362,3.9134960161192236,481,2.248439999577036,2.5985590091243034,481,5.433010414030647,6.842639697427636,481
46f49500c8df79c821b2,ILVIS0_applanix_55520_20101120_510_lvis_LVIS.013,965e7d47fa947841b4863b102c0c369af8397807c90869cb535e0a9b5a8e4d69,483,False,0,dual_frequency,h3_v10_tau300,2.0,0.767054936620652,1.121453282926287,481,0.6328456842374227,0.7312897450810087,481,1.4831935947862298,1.9150959524691784,481,2.6401373859861437,3.8516886545158773,481,2.1390504563575106,2.5045086039074365,481,4.917811863750636,6.441194718147683,481
46f49500c8df79c821b2,ILVIS0_applanix_55520_20101120_510_lvis_LVIS.013,965e7d47fa947841b4863b102c0c369af8397807c90869cb535e0a9b5a8e4d69,483,False,0,dual_frequency,h10_v30_tau0,2.0,7.110475704782322,7.15738422458175,481,7.097251942305803,7.106706421667227,481,21.257259513381523,21.29175453753866,481,24.634332259272167,24.79345691779712,481,24.585677483001742,24.620165795347155,481,73.64001320695063,73.7574108885996,481
46f49500c8df79c821b2,ILVIS0_applanix_55520_20101120_510_lvis_LVIS.013,965e7d47fa947841b4863b102c0c369af8397807c90869cb535e0a9b5a8e4d69,483,False,0,dual_frequency,h10_v30_tau10,2.0,3.1019876038437935,3.20805412741004,481,3.0715545703542984,3.093337762008393,481,9.13467257947198,9.21466073177446,481,6.835681534934581,7.388621124505585,481,6.658209480408912,6.784451339438601,481,19.538103562048118,19.976025797719736,481
46f49500c8df79c821b2,ILVIS0_applanix_55520_20101120_510_lvis_LVIS.013,965e7d47fa947841b4863b102c0c369af8397807c90869cb535e0a9b5a8e4d69,483,False,0,dual_frequency,h10_v30_tau60,2.0,1.4825854863040284,1.6933233342133411,481,1.417808205810353,1.464401290516328,481,4.077233964631712,4.253418163065484,481,3.6764633684186245,4.624020217707596,481,3.3349054465285133,3.580310158280794,481,9.101981019087173,10.007505900156655,481
46f49500c8df79c821b2,ILVIS0_applanix_55520_20101120_510_lvis_LVIS.013,965e7d47fa947841b4863b102c0c369af8397807c90869cb535e0a9b5a8e4d69,483,False,0,dual_frequency,h10_v30_tau300,2.0,0.9439753363027688,1.2491491606449405,481,0.8385760668011843,0.9151507258449066,481,2.204791192944035,2.515717287779474,481,2.860708700235844,4.0060996420520585,481,2.4060061732187177,2.736035854620637,481,5.903515968162742,7.221884564031717,481
46f49500c8df79c821b2,ILVIS0_applanix_55520_20101120_510_lvis_LVIS.013,965e7d47fa947841b4863b102c0c369af8397807c90869cb535e0a9b5a8e4d69,483,False,0,l1_broadcast,formal_only,6.0,0.1388184024032585,0.1621424005407393,477,0.10807790374261672,0.1226408150609143,477,0.24770088720253186,0.27168693922532444,477,0.16015126626855208,0.18612906995776818,477,0.12481656974630104,0.14201847007416812,477,0.2857262980531241,0.3133811683406423,477
46f49500c8df79c821b2,ILVIS0_applanix_55520_20101120_510_lvis_LVIS.013,965e7d47fa947841b4863b102c0c369af8397807c90869cb535e0a9b5a8e4d69,483,False,0,l1_broadcast,h1_v3_tau0,6.0,0.23449763089140538,0.2490155606419872,477,0.21771408618940374,0.2252983794311632,477,0.6187269510470031,0.6287138603555168,477,0.2706796551395547,0.286815417186283,477,0.2513925689082333,0.26036185738151585,477,0.7142905193060952,0.7257955538725758,477
46f49500c8df79c821b2,ILVIS0_applanix_55520_20101120_510_lvis_LVIS.013,965e7d47fa947841b4863b102c0c369af8397807c90869cb535e0a9b5a8e4d69,483,False,0,l1_broadcast,h1_v3_tau10,6.0,0.2157252180047159,0.23142381051993233,477,0.19735160023366297,0.20568809043389386,477,0.5538565852794605,0.5649913224970281,477,0.193788540122222,0.21575357051581273,477,0.16578524143757373,0.17909443818899956,477,0.43449930858020375,0.4531643067672064,477
46f49500c8df79c821b2,ILVIS0_applanix_55520_20101120_510_lvis_LVIS.013,965e7d47fa947841b4863b102c0c369af8397807c90869cb535e0a9b5a8e4d69,483,False,0,l1_broadcast,h1_v3_tau60,6.0,0.15797917813333898,0.17882122453697855,477,0.13178658943644675,0.1439709744276174,477,0.3354662075708248,0.3535472349056081,477,0.16639515051933848,0.19152793324885853,477,0.13273316884699873,0.1490240393513167,477,0.3162116058267573,0.34140594470763624,477
46f49500c8df79c821b2,ILVIS0_applanix_55520_20101120_510_lvis_LVIS.013,965e7d47fa947841b4863b102c0c369af8397807c90869cb535e0a9b5a8e4d69,483,False,0,l1_broadcast,h1_v3_tau300,6.0,0.1430184711898593,0.16575250347754675,477,0.1134220769210736,0.12737544424267994,477,0.26834555674008453,0.29063276405986954,477,0.16142049339088888,0.18722227001002256,477,0.12644098893306144,0.14344822597363138,477,0.29208362807829313,0.3191881656598674,477
46f49500c8df79c821b2,ILVIS0_applanix_55520_20101120_510_lvis_LVIS.013,965e7d47fa947841b4863b102c0c369af8397807c90869cb535e0a9b5a8e4d69,483,False,0,l1_broadcast,h3_v10_tau0,6.0,0.5837275556942572,0.5897096494345494,477,0.57718986798834,0.5800931651309734,477,1.9060993505874244,1.9093645056925372,477,0.6739583493502022,0.6805993444175316,477,0.6664462503868273,0.6698810931242793,477,2.2008053706095647,2.2045662883011166,477
46f49500c8df79c821b2,ILVIS0_applanix_55520_20101120_510_lvis_LVIS.013,965e7d47fa947841b4863b102c0c369af8397807c90869cb535e0a9b5a8e4d69,483,False,0,l1_broadcast,h3_v10_tau10,6.0,0.514462764816168,0.5212403933814294,477,0.5070327610854166,0.5103353381192822,477,1.669741840303417,1.673468223312607,477,0.36441536719100237,0.37655566557104536,477,0.3503274294724375,0.3568184154091876,477,1.1279169016054689,1.1352377623579553,477
46f49500c8df79c821b2,ILVIS0_applanix_55520_20101120_510_lvis_LVIS.013,965e7d47fa947841b4863b102c0c369af8397807c90869cb535e0a9b5a8e4d69,483,False,0,l1_broadcast,h3_v10_tau60,6.0,0.26542870181429756,0.2783379357759689,477,0.2507243111037073,0.2573375539012275,477,0.7937524282231498,0.8015615989255975,477,0.20975864784989068,0.2302049001948163,477,0.1841994526148952,0.19626387938771397,477,0.5343513079355257,0.5496358432728176,477
46f49500c8df79c821b2,ILVIS0_applanix_55520_20101120_510_lvis_LVIS.013,965e7d47fa947841b4863b102c0c369af8397807c90869cb535e0a9b5a8e4d69,483,False,0,l1_broadcast,h3_v10_tau300,6.0,0.17298600274882794,0.19220761437964148,477,0.14944711967322363,0.16029465974371618,477,0.423944754761847,0.4383916396808383,477,0.17123596724887163,0.19574820546293187,477,0.1387533944646732,0.15441041079486598,477,0.3499346757794599,0.37285723389180403,477
46f49500c8df79c821b2,ILVIS0_applanix_55520_20101120_510_lvis_LVIS.013,965e7d47fa947841b4863b102c0c369af8397807c90869cb535e0a9b5a8e4d69,483,False,0,l1_broadcast,h10_v30_tau0,6.0,1.8950275865101998,1.8968787955884696,477,1.8930239929980492,1.8939112372551952,477,5.675216892121466,5.676314372393163,477,2.188047803406539,2.19010246371406,477,2.1857456251787384,2.186795375075422,477,6.552769061590832,6.554033156367842,477
46f49500c8df79c821b2,ILVIS0_applanix_55520_20101120_510_lvis_LVIS.013,965e7d47fa947841b4863b102c0c369af8397807c90869cb535e0a9b5a8e4d69,483,False,0,l1_broadcast,h10_v30_tau10,6.0,1.6570916186453641,1.6592083184754043,477,1.6547999628403183,1.6558148608921117,477,4.959989363211498,4.961245061955178,477,1.102817050836429,1.1068880065296716,477,1.09824232098903,1.1003300732124959,477,3.2858260290454187,3.28834623076295,477
46f49500c8df79c821b2,ILVIS0_applanix_55520_20101120_510_lvis_LVIS.013,965e7d47fa947841b4863b102c0c369af8397807c90869cb535e0a9b5a8e4d69,483,False,0,l1_broadcast,h10_v30_tau60,6.0,0.766784022156838,0.7713477478204028,477,0.7618188899381687,0.7640209143704664,477,2.2758603690964763,2.2785957300545183,477,0.4791035702023989,0.4884013117365068,477,0.4684772982509372,0.4733508772931119,477,1.384436977055482,1.3904078479421327,477
46f49500c8df79c821b2,ILVIS0_applanix_55520_20101120_510_lvis_LVIS.013,965e7d47fa947841b4863b102c0c369af8397807c90869cb535e0a9b5a8e4d69,483,False,0,l1_broadcast,h10_v30_tau300,6.0,0.37100400862383437,0.38034666493502944,477,0.36063036317891967,0.3652590797636021,477,1.0614690573179097,1.0673212450425802,477,0.25780455387978246,0.2746976437593955,477,0.23747407436805862,0.24694940558131476,477,0.6700539953039155,0.6823053544051053,477
46f49500c8df79c821b2,ILVIS0_applanix_55520_20101120_510_lvis_LVIS.013,965e7d47fa947841b4863b102c0c369af8397807c90869cb535e0a9b5a8e4d69,483,False,0,dual_frequency,formal_only,6.0,0.19955943640610072,0.2944343676888205,477,0.16240389637892133,0.1847627648207274,477,0.36365225860413153,0.48504706639999856,477,0.2302299395903346,0.34000800921210983,477,0.18796318217610808,0.21328166967337983,477,0.42049371337089253,0.5603092957037729,477
46f49500c8df79c821b2,ILVIS0_applanix_55520_20101120_510_lvis_LVIS.013,965e7d47fa947841b4863b102c0c369af8397807c90869cb535e0a9b5a8e4d69,483,False,0,dual_frequency,h1_v3_tau0,6.0,0.2748500658661179,0.34987176078778043,477,0.24918590571487828,0.2643026138151831,477,0.6735801924187537,0.746149077075599,477,0.3172142378627049,0.4040105137371523,477,0.28800903713740716,0.30513622898875337,477,0.7780658015591424,0.8616948049553267,477
46f49500c8df79c821b2,ILVIS0_applanix_55520_20101120_510_lvis_LVIS.013,965e7d47fa947841b4863b102c0c369af8397807c90869cb535e0a9b5a8e4d69,483,False,0,dual_frequency,h1_v3_tau10,6.0,0.25901889795169336,0.33757735203450406,477,0.2316070948750159,0.24779851119174248,477,0.614527747725348,0.6933054643279914,477,0.25477714826697173,0.35708684787844874,477,0.2173378201074313,0.2395717863511331,477,0.5328837534978663,0.6489195938286633,477
46f49500c8df79c821b2,ILVIS0_applanix_55520_20101120_510_lvis_LVIS.013,965e7d47fa947841b4863b102c0c369af8397807c90869cb535e0a9b5a8e4d69,483,False,0,dual_frequency,h1_v3_tau60,6.0,0.21333269917341038,0.3039382862403961,477,0.17905836321419805,0.19955989527041748,477,0.42828123013846453,0.5352127159578404,477,0.2346161612351156,0.3429932425461513,477,0.19331082712228365,0.21800914808308647,477,0.4417750844545628,0.5764518793901741,477
46f49500c8df79c821b2,ILVIS0_applanix_55520_20101120_510_lvis_LVIS.013,965e7d47fa947841b4863b102c0c369af8397807c90869cb535e0a9b5a8e4d69,483,False,0,dual_frequency,h1_v3_tau300,6.0,0.2025035874112164,0.296437740504989,477,0.16600831248689635,0.1879388562122423,477,0.37801663123348245,0.4959075526199305,477,0.2311146310446538,0.3406076833289958,477,0.18904577607792808,0.2142363606343879,477,0.4248391358816632,0.5635777100574652,477
46f49500c8df79c821b2,ILVIS0_applanix_55520_20101120_510_lvis_LVIS.013,965e7d47fa947841b4863b102c0c369af8397807c90869cb535e0a9b5a8e4d69,483,False,0,dual_frequency,h3_v10_tau0,6.0,0.6010751027032476,0.6388732855949886,477,0.5897816002471208,0.5963259124539461,477,1.9246043671302333,1.9511869308565295,477,0.6939576742534069,0.7376834540025078,477,0.6811032127550106,0.6885205147246869,477,2.2223230469239175,2.2529649955415865,477
46f49500c8df79c821b2,ILVIS0_applanix_55520_20101120_510_lvis_LVIS.013,965e7d47fa947841b4863b102c0c369af8397807c90869cb535e0a9b5a8e4d69,483,False,0,dual_frequency,h3_v10_tau10,6.0,0.5340649363094561,0.5762752309212489,477,0.5213217941881562,0.5287141674373909,477,1.6908356067124937,1.72103268517479,477,0.4001948985698113,0.47196989328559774,477,0.3774656138131011,0.39069067352749076,477,1.1693468187465088,1.2265820512247618,477
46f49500c8df79c821b2,ILVIS0_applanix_55520_20101120_510_lvis_LVIS.013,965e7d47fa947841b4863b102c0c369af8397807c90869cb535e0a9b5a8e4d69,483,False,0,dual_frequency,h3_v10_tau60,6.0,0.3016717016223942,0.37131324075679556,477,0.2784903453624303,0.29209438360085493,477,0.8372157147217864,0.8966372903269723,477,0.26712560218774034,0.36599960270698173,477,0.23169035395148108,0.25266446699362843,477,0.6170143968155902,0.7196098323005697,477
46f49500c8df79c821b2,ILVIS0_applanix_55520_20101120_510_lvis_LVIS.013,965e7d47fa947841b4863b102c0c369af8397807c90869cb535e0a9b5a8e4d69,483,False,0,dual_frequency,h3_v10_tau300,6.0,0.22467215439378566,0.31200196866169494,477,0.19242825639775443,0.21163858027751825,477,0.5006160112871415,0.5946800477532491,477,0.2380738403857196,0.34536759380970034,477,0.1974930030304992,0.22172595475372445,477,0.46650800946840704,0.595618390462794,477
46f49500c8df79c821b2,ILVIS0_applanix_55520_20101120_510_lvis_LVIS.013,965e7d47fa947841b4863b102c0c369af8397807c90869cb535e0a9b5a8e4d69,483,False,0,dual_frequency,h10_v30_tau0,6.0,1.9004428361430923,1.9127338575153794,477,1.896901165150134,1.8989460994512641,477,5.681458792272263,5.690518651475243,477,2.1942904518291395,2.2085085946085123,477,2.1902590987731405,2.1925769844023075,477,6.560027272818863,6.5704710155750785,477
46f49500c8df79c821b2,ILVIS0_applanix_55520_20101120_510_lvis_LVIS.013,965e7d47fa947841b4863b102c0c369af8397807c90869cb535e0a9b5a8e4d69,483,False,0,dual_frequency,h10_v30_tau10,6.0,1.66328171167654,1.677311505688646,477,1.659233892282211,1.6615713549402078,477,4.967130129042138,4.977490354735346,477,1.1151514895349004,1.1428746518330064,477,1.1071978944081797,1.111776097131924,477,3.30027697909398,3.320987757440375,477
46f49500c8df79c821b2,ILVIS0_applanix_55520_20101120_510_lvis_LVIS.013,965e7d47fa947841b4863b102c0c369af8397807c90869cb535e0a9b5a8e4d69,483,False,0,dual_frequency,h10_v30_tau60,6.0,0.7800712508790116,0.8095547970974059,477,0.7714027568969927,0.7764177170852705,477,2.291381167612869,2.313753690282573,477,0.5068506959421418,0.5652408796115803,477,0.48910322095344366,0.49938048972496635,477,1.4183938765462227,1.4659374935708156,477
46f49500c8df79c821b2,ILVIS0_applanix_55520_20101120_510_lvis_LVIS.013,965e7d47fa947841b4863b102c0c369af8397807c90869cb535e0a9b5a8e4d69,483,False,0,dual_frequency,h10_v30_tau300,6.0,0.3977403603205007,0.45284119216790675,477,0.38045821206568353,0.3905261942717991,477,1.0943508556721362,1.1404526143284113,477,0.3063014609783997,0.39549994610806427,477,0.2759436858627169,0.2937751360069106,477,0.7376637460306961,0.8253964789377242,477
46f49500c8df79c821b2,ILVIS0_applanix_55520_20101120_510_lvis_LVIS.013,965e7d47fa947841b4863b102c0c369af8397807c90869cb535e0a9b5a8e4d69,483,False,0,l1_broadcast,formal_only,12.0,0.05436681040285776,0.06327874313181396,471,0.04258559996084071,0.04746292114964205,471,0.09703991333439822,0.10597898655771976,471,0.03291219345988292,0.03818832763354768,471,0.02558653870413112,0.028718936941747094,471,0.05867624069126645,0.06371688716497015,471
46f49500c8df79c821b2,ILVIS0_applanix_55520_20101120_510_lvis_LVIS.013,965e7d47fa947841b4863b102c0c369af8397807c90869cb535e0a9b5a8e4d69,483,False,0,l1_broadcast,h1_v3_tau0,12.0,0.091948680803418,0.09748338289639703,471,0.08551223977965565,0.08804282317298748,471,0.24270565142353942,0.24641597765816695,471,0.055508688296002424,0.05879073417456815,471,0.05150410625241444,0.05312983508483138,471,0.1463725356878038,0.14846501219150218,471
46f49500c8df79c821b2,ILVIS0_applanix_55520_20101120_510_lvis_LVIS.013,965e7d47fa947841b4863b102c0c369af8397807c90869cb535e0a9b5a8e4d69,483,False,0,l1_broadcast,h1_v3_tau10,12.0,0.11947247781272215,0.12378256424066335,471,0.11459256609988215,0.11649314042256217,471,0.3335836487478477,0.3362928062333188,471,0.05092603025005935,0.054484828148357374,471,0.046528690520443394,0.048322101086968286,471,0.13051871103356114,0.13286111004585485,471
46f49500c8df79c821b2,ILVIS0_applanix_55520_20101120_510_lvis_LVIS.013,965e7d47fa947841b4863b102c0c369af8397807c90869cb535e0a9b5a8e4d69,483,False,0,l1_broadcast,h1_v3_tau60,12.0,0.0762271736913388,0.08281927208885118,471,0.06832543640266052,0.07146720100667522,471,0.18737724568434339,0.19215887440472357,471,0.03685337047313241,0.041633001580706944,471,0.0304898245279829,0.033162264545050044,471,0.0769254649232757,0.08083605453648,471
46f49500c8df79c821b2,ILVIS0_applanix_55520_20101120_510_lvis_LVIS.013,965e7d47fa947841b4863b102c0c369af8397807c90869cb535e0a9b5a8e4d69,483,False,0,l1_broadcast,h1_v3_tau300,12.0,0.059764336258354374,0.06797223938641314,471,0.049290558315423096,0.05356075708118828,471,0.12231507313140043,0.12952134158962708,471,0.033739995173576474,0.038904025076606834,471,0.02664293074776503,0.029663987231957848,471,0.0627652322978993,0.06750122142734874,471
46f49500c8df79c821b2,ILVIS0_applanix_55520_20101120_510_lvis_LVIS.013,965e7d47fa947841b4863b102c0c369af8397807c90869cb535e0a9b5a8e4d69,483,False,0,l1_broadcast,h3_v10_tau0,12.0,0.22900881757337943,0.23128659501399362,471,0.22650126219737024,0.22746871727157292,471,0.7478621046628877,0.7490744478375972,471,0.13807690053140215,0.13942871456199357,471,0.13651625890301847,0.13713786994797109,471,0.4508249117139148,0.4515086285930925,471
46f49500c8df79c821b2,ILVIS0_applanix_55520_20101120_510_lvis_LVIS.013,965e7d47fa947841b4863b102c0c369af8397807c90869cb535e0a9b5a8e4d69,483,False,0,l1_broadcast,h3_v10_tau10,12.0,0.3237546231412923,0.32536979970814295,471,0.32198577492803104,0.3226670649697313,471,1.0682738567020433,1.0691229273219522,471,0.1211422518634335,0.12268081010634402,471,0.11936039406377978,0.1200708544956447,471,0.3930238021934287,0.393807884331384,471
46f49500c8df79c821b2,ILVIS0_applanix_55520_20101120_510_lvis_LVIS.013,965e7d47fa947841b4863b102c0c369af8397807c90869cb535e0a9b5a8e4d69,483,False,0,l1_broadcast,h3_v10_tau60,12.0,0.16926085635398266,0.17233017123996058,471,0.16585240650749697,0.16717121852907427,471,0.5430469025221235,0.5447152826488897,471,0.05964761864771676,0.0627134304916732,471,0.055940118831306465,0.05744043273228555,471,0.17589412983547287,0.17763920052268584,471
46f49500c8df79c821b2,ILVIS0_applanix_55520_20101120_510_lvis_LVIS.013,965e7d47fa947841b4863b102c0c369af8397807c90869cb535e0a9b5a8e4d69,483,False,0,l1_broadcast,h3_v10_tau300,12.0,0.09219534916996952,0.09771608081944812,471,0.08577741928513047,0.08830040327967897,471,0.2664945145440791,0.26987798556830644,471,0.039746517358010006,0.04421449487747202,471,0.03392998860311966,0.03635038546646477,471,0.09465928807507358,0.09786379011291782,471
46f49500c8df79c821b2,ILVIS0_applanix_55520_20101120_510_lvis_LVIS.013,965e7d47fa947841b4863b102c0c369af8397807c90869cb535e0a9b5a8e4d69,483,False,0,l1_broadcast,h10_v30_tau0,12.0,0.7435299139135136,0.7442346293221376,471,0.74276141265879,0.7430570043375273,471,2.2267342881622985,2.2271417536587257,471,0.44820019218931667,0.4486184885507371,471,0.44772186764000893,0.447911796221357,471,1.3422535898344456,1.3424833854088938,471
46f49500c8df79c821b2,ILVIS0_applanix_55520_20101120_510_lvis_LVIS.013,965e7d47fa947841b4863b102c0c369af8397807c90869cb535e0a9b5a8e4d69,483,False,0,l1_broadcast,h10_v30_tau10,12.0,1.0652455295407208,1.0657375327957204,471,1.0647092661647757,1.0649154975946749,471,3.19304671716183,3.193330884639164,471,0.3900102823609407,0.39049091710055206,471,0.38946049713902686,0.38967882321585023,471,1.1673329311048923,1.1675971534383218,471
46f49500c8df79c821b2,ILVIS0_applanix_55520_20101120_510_lvis_LVIS.013,965e7d47fa947841b4863b102c0c369af8397807c90869cb535e0a9b5a8e4d69,483,False,0,l1_broadcast,h10_v30_tau60,12.0,0.5370651204763771,0.538040327690613,471,0.5360006780620244,0.5364102184365321,471,1.6058535072696618,1.6064184659118805,471,0.16905341217277906,0.17015931403787676,471,0.16778115106225955,0.1682873170550316,471,0.5009046759832936,0.5015201243168534,471
46f49500c8df79c821b2,ILVIS0_applanix_55520_20101120_510_lvis_LVIS.013,965e7d47fa947841b4863b102c0c369af8397807c90869cb535e0a9b5a8e4d69,483,False,0,l1_broadcast,h10_v30_tau300,12.0,0.2540833162085168,0.25613820898290107,471,0.2518255642824247,0.2526960830450994,471,0.7508927874864554,0.7521002453872597,471,0.08124464336533883,0.08352142267618319,471,0.07856303558339849,0.07963828843157574,471,0.23043484458007313,0.2317696232433372,471
46f49500c8df79c821b2,ILVIS0_applanix_55520_20101120_510_lvis_LVIS.013,965e7d47fa947841b4863b102c0c369af8397807c90869cb535e0a9b5a8e4d69,483,False,0,dual_frequency,formal_only,12.0,0.0773710216580014,0.11341817079986513,471,0.06404115589437458,0.07117443015851606,471,0.14108357977094782,0.18693413882446921,471,0.04643445801607801,0.0686151200169721,471,0.038420208488842804,0.0429257874061694,471,0.08449091675431383,0.1130993492987907,471
46f49500c8df79c821b2,ILVIS0_applanix_55520_20101120_510_lvis_LVIS.013,965e7d47fa947841b4863b102c0c369af8397807c90869cb535e0a9b5a8e4d69,483,False,0,dual_frequency,h1_v3_tau0,12.0,0.1071684880014246,0.13550827893115402,471,0.09797999528677348,0.10278428577962785,471,0.2634271529929337,0.29057472116863825,471,0.06445278030658497,0.08189039659420799,471,0.058941618728434536,0.06197277813388404,471,0.15849521442618497,0.17542372491668135,471
46f49500c8df79c821b2,ILVIS0_applanix_55520_20101120_510_lvis_LVIS.013,965e7d47fa947841b4863b102c0c369af8397807c90869cb535e0a9b5a8e4d69,483,False,0,dual_frequency,h1_v3_tau10,12.0,0.13154542133321867,0.15550436663469333,471,0.12417404128729438,0.12799891592621154,471,0.3489496846437396,0.3698725296489269,471,0.06055086266880193,0.07885609087600023,471,0.05464760286613996,0.05790398353614551,471,0.14398245630002005,0.1624305934776803,471
46f49500c8df79c821b2,ILVIS0_applanix_55520_20101120_510_lvis_LVIS.013,965e7d47fa947841b4863b102c0c369af8397807c90869cb535e0a9b5a8e4d69,483,False,0,dual_frequency,h1_v3_tau60,12.0,0.09402716058667396,0.12537350133283304,471,0.08340324684253508,0.08899792969607691,471,0.21353703168604893,0.24624756926417946,471,0.04930636194383133,0.07059031944089023,471,0.04184579856109017,0.04601718877901394,471,0.09804764630518714,0.12355601737252969,471
46f49500c8df79c821b2,ILVIS0_applanix_55520_20101120_510_lvis_LVIS.013,965e7d47fa947841b4863b102c0c369af8397807c90869cb535e0a9b5a8e4d69,483,False,0,dual_frequency,h1_v3_tau300,12.0,0.08125454330327805,0.11610214314668582,471,0.06868257030214402,0.07537788360859538,471,0.15952682788853326,0.20121780843683584,471,0.047024819906291135,0.06901600904838578,471,0.03913166513577402,0.04356372367938337,471,0.08738013605925674,0.11527374433717227,471
46f49500c8df79c821b2,ILVIS0_applanix_55520_20101120_510_lvis_LVIS.013,965e7d47fa947841b4863b102c0c369af8397807c90869cb535e0a9b5a8e4d69,483,False,0,dual_frequency,h3_v10_tau0,12.0,0.23553251037888595,0.24970577923635423,471,0.23149634576222727,0.23357030649820928,471,0.7548414133391477,0.7647387578091998,471,0.14190904436738652,0.15063217995599687,471,0.13949240266890564,0.14080000432881323,471,0.45490539105860683,0.46107663851512176,471
46f49500c8df79c821b2,ILVIS0_applanix_55520_20101120_510_lvis_LVIS.013,965e7d47fa947841b4863b102c0c369af8397807c90869cb535e0a9b5a8e4d69,483,False,0,dual_frequency,h3_v10_tau10,12.0,0.32840155438789087,0.338710782831379,471,0.3255189327524092,0.3269971032937464,471,1.073171405048651,1.0801558560772677,471,0.1254925957953285,0.1352784842615597,471,0.12275318785485347,0.12423709568729183,471,0.3976977783228168,0.4047422322632058,471
46f49500c8df79c821b2,ILVIS0_applanix_55520_20101120_510_lvis_LVIS.013,965e7d47fa947841b4863b102c0c369af8397807c90869cb535e0a9b5a8e4d69,483,False,0,dual_frequency,h3_v10_tau60,12.0,0.1779880962668745,0.1963598078696268,471,0.17261157860523393,0.17538325756976897,471,0.5526190098430478,0.5660632277241868,471,0.0680498701192706,0.08475058138366207,471,0.0628548991911437,0.06570577725257004,471,0.18610362356199073,0.20071698828309104,471
46f49500c8df79c821b2,ILVIS0_applanix_55520_20101120_510_lvis_LVIS.013,965e7d47fa947841b4863b102c0c369af8397807c90869cb535e0a9b5a8e4d69,483,False,0,dual_frequency,h3_v10_tau300,12.0,0.10738019988617659,0.13567577594990443,471,0.09821151655218395,0.10300500915283266,471,0.28549458485779067,0.3107200706885699,471,0.051504679932960866,0.07214296898817577,471,0.0444149252400134,0.048365239492050585,471,0.11249975382730723,0.13531054534946138,471
46f49500c8df79c821b2,ILVIS0_applanix_55520_20101120_510_lvis_LVIS.013,965e7d47fa947841b4863b102c0c369af8397807c90869cb535e0a9b5a8e4d69,483,False,0,dual_frequency,h10_v30_tau0,12.0,0.745565059403443,0.7501630969259807,471,0.7442998404266551,0.7449475031478938,471,2.22908802468155,2.2324590099015627,471,0.44939554814377786,0.4522258679910379,471,0.44863828661910454,0.44904657112412494,471,1.3436296041751168,1.3457314981861965,471
46f49500c8df79c821b2,ILVIS0_applanix_55520_20101120_510_lvis_LVIS.013,965e7d47fa947841b4863b102c0c369af8397807c90869cb535e0a9b5a8e4d69,483,False,0,dual_frequency,h10_v30_tau10,12.0,1.066667034798354,1.069885964672655,471,1.0657830725721804,1.0662354748221117,471,3.1946885872771666,3.1970415979213023,471,0.39138340123230425,0.39463000866662656,471,0.3905136621031921,0.3909826480894182,471,1.1689148753584513,1.171330328224876,471
46f49500c8df79c821b2,ILVIS0_applanix_55520_20101120_510_lvis_LVIS.013,965e7d47fa947841b4863b102c0c369af8397807c90869cb535e0a9b5a8e4d69,483,False,0,dual_frequency,h10_v30_tau60,12.0,0.5398791240188197,0.546211390011031,471,0.5381305261804173,0.5390259670862666,471,1.6091156945699436,1.6137822429117405,471,0.17219756845021264,0.1794543937036755,471,0.17021150404495258,0.17128475392255782,471,0.504580328802316,0.5101510168872043,471
46f49500c8df79c821b2,ILVIS0_applanix_55520_20101120_510_lvis_LVIS.013,965e7d47fa947841b4863b102c0c369af8397807c90869cb535e0a9b5a8e4d69,483,False,0,dual_frequency,h10_v30_tau300,12.0,0.25997856929858615,0.2728850847848365,471,0.25632762463383546,0.2582022097678295,471,0.7578441858325609,0.7677028190713624,471,0.08759930643827751,0.10112128829623457,471,0.08362769886554625,0.08579104167697643,471,0.23831917964982888,0.24989754410106263,471
46f49500c8df79c821b2,ILVIS0_applanix_55520_20101120_510_lvis_LVIS.013,965e7d47fa947841b4863b102c0c369af8397807c90869cb535e0a9b5a8e4d69,483,False,0,l1_broadcast,formal_only,30.0,0.01484540953668919,0.016948489996519902,453,0.011583223943700332,0.0127124052036265,453,0.026448356572255957,0.02804398229123889,453,0.003705022016755413,0.004250629916852538,453,0.002888205352836303,0.003193670414508511,453,0.006602885778228979,0.007042505335457976,453
46f49500c8df79c821b2,ILVIS0_applanix_55520_20101120_510_lvis_LVIS.013,965e7d47fa947841b4863b102c0c369af8397807c90869cb535e0a9b5a8e4d69,483,False,0,l1_broadcast,h1_v3_tau0,30.0,0.025058258606030604,0.026358708670386116,453,0.02327447565434283,0.02385655904147327,453,0.06608545093941144,0.06674006467475095,453,0.006245622704678445,0.006583955466402286,453,0.005798477816177692,0.005956521265016467,453,0.016465832320939972,0.01664699417147362,453
46f49500c8df79c821b2,ILVIS0_applanix_55520_20101120_510_lvis_LVIS.013,965e7d47fa947841b4863b102c0c369af8397807c90869cb535e0a9b5a8e4d69,483,False,0,l1_broadcast,h1_v3_tau10,30.0,0.05284003841155624,0.05346900873270664,453,0.05201782917378069,0.05228086410482953,453,0.15441718440826993,0.15469846881161753,453,0.009716785304617715,0.00993763469332953,453,0.009435595300326562,0.009533533409872603,453,0.02774520962621963,0.02785310464102757,453
46f49500c8df79c821b2,ILVIS0_applanix_55520_20101120_510_lvis_LVIS.013,965e7d47fa947841b4863b102c0c369af8397807c90869cb535e0a9b5a8e4d69,483,False,0,l1_broadcast,h1_v3_tau60,30.0,0.035684310312779195,0.03660922321652921,453,0.034455114208439504,0.03485095540035576,453,0.10087799526682452,0.10130804183066752,453,0.005722817607743065,0.006090263375056259,453,0.005231174188172669,0.005405828704230027,453,0.014656369933991291,0.014859608358192588,453
46f49500c8df79c821b2,ILVIS0_applanix_55520_20101120_510_lvis_LVIS.013,965e7d47fa947841b4863b102c0c369af8397807c90869cb535e0a9b5a8e4d69,483,False,0,l1_broadcast,h1_v3_tau300,30.0,0.021736389573538694,0.023223604715128653,453,0.019653384551026623,0.020339363637302252,453,0.05448188315209717,0.05527408973309357,453,0.0041952650865586935,0.0046841131191266835,453,0.0034949665466221915,0.003751345323165148,453,0.008857519382820579,0.009189909165985716,453
46f49500c8df79c821b2,ILVIS0_applanix_55520_20101120_510_lvis_LVIS.013,965e7d47fa947841b4863b102c0c369af8397807c90869cb535e0a9b5a8e4d69,483,False,0,l1_broadcast,h3_v10_tau0,30.0,0.062355091570810664,0.06288897108103023,453,0.06165989245386399,0.061881956478162026,453,0.20359894295118935,0.2038123621947964,453,0.015532312177058997,0.01567141947050696,453,0.015357970685644805,0.01541833532488458,453,0.05071153303791547,0.05077064470738491,453
46f49500c8df79c821b2,ILVIS0_applanix_55520_20101120_510_lvis_LVIS.013,965e7d47fa947841b4863b102c0c369af8397807c90869cb535e0a9b5a8e4d69,483,False,0,l1_broadcast,h3_v10_tau10,30.0,0.1528578995653037,0.15307646032458466,453,0.15257562830325938,0.15266550544710336,453,0.5078069151435858,0.5078925205993845,453,0.02720157614453939,0.027281246514922548,453,0.027102403708207955,0.027136655788319877,453,0.09006925641826728,0.09010255119967185,453
46f49500c8df79c821b2,ILVIS0_applanix_55520_20101120_510_lvis_LVIS.013,965e7d47fa947841b4863b102c0c369af8397807c90869cb535e0a9b5a8e4d69,483,False,0,l1_broadcast,h3_v10_tau60,30.0,0.09847456802643156,0.09881348992897869,453,0.09803583753204839,0.09817565707229534,453,0.3255731828391935,0.32570668829030447,453,0.013599200976024574,0.013757868070260314,453,0.013399731683948661,0.013468875595629249,453,0.04411284873237626,0.04418078999104131,453
46f49500c8df79c821b2,ILVIS0_applanix_55520_20101120_510_lvis_LVIS.013,965e7d47fa947841b4863b102c0c369af8397807c90869cb535e0a9b5a8e4d69,483,False,0,l1_broadcast,h3_v10_tau300,30.0,0.049891344046213024,0.050557011826735464,453,0.04901970117570574,0.049298735305399695,453,0.1609594989537279,0.16122936989149986,453,0.006970275257215176,0.007274984796179303,453,0.006572615854958817,0.006712457059537504,453,0.020758232120918575,0.020902224324688468,453
46f49500c8df79c821b2,ILVIS0_applanix_55520_20101120_510_lvis_LVIS.013,965e7d47fa947841b4863b102c0c369af8397807c90869cb535e0a9b5a8e4d69,483,False,0,l1_broadcast,h10_v30_tau0,30.0,0.20241887310668555,0.20258397132150419,453,0.20220579883474746,0.20227362478528974,453,0.6061985166713866,0.60627022937612,453,0.05041615485734604,0.05045918486522278,453,0.05036271649360672,0.05038115732321978,453,0.15098394432090328,0.15100380863954432,453
46f49500c8df79c821b2,ILVIS0_applanix_55520_20101120_510_lvis_LVIS.013,965e7d47fa947841b4863b102c0c369af8397807c90869cb535e0a9b5a8e4d69,483,False,0,l1_broadcast,h10_v30_tau10,30.0,0.507334932452501,0.5074008266980783,453,0.5072499567069491,0.5072769980796399,453,1.521582939929933,1.52161151168722,453,0.08990328158239767,0.08992741909977899,453,0.08987332519329301,0.08988366026097938,453,0.2695615954858064,0.26957272217678896,453
46f49500c8df79c821b2,ILVIS0_applanix_55520_20101120_510_lvis_LVIS.013,965e7d47fa947841b4863b102c0c369af8397807c90869cb535e0a9b5a8e4d69,483,False,0,l1_broadcast,h10_v30_tau60,30.0,0.32483652504449334,0.32493943012521714,453,0.32470379254883924,0.324746034767262,453,0.9738505798804048,0.97389522092812,453,0.043772965524736994,0.04382251906830975,453,0.043711406438655384,0.04373265202862578,453,0.13101414429277047,0.13103703593151544,453
46f49500c8df79c821b2,ILVIS0_applanix_55520_20101120_510_lvis_LVIS.013,965e7d47fa947841b4863b102c0c369af8397807c90869cb535e0a9b5a8e4d69,483,False,0,l1_broadcast,h10_v30_tau300,30.0,0.15946419950062132,0.15967371783884568,453,0.1591936425080846,0.1592797853347853,453,0.47704875873219776,0.4771398826560899,453,0.020025815547194063,0.020133900640179947,453,0.019890898178457135,0.019937543252772263,453,0.0594083580169551,0.059458824267045685,453
46f49500c8df79c821b2,ILVIS0_applanix_55520_20101120_510_lvis_LVIS.013,965e7d47fa947841b4863b102c0c369af8397807c90869cb535e0a9b5a8e4d69,483,False,0,dual_frequency,formal_only,30.0,0.020790694309776897,0.03037297038331794,453,0.0173417038500667,0.018786303907533313,453,0.0379083342809089,0.050051225832223836,453,0.005209126686027096,0.007653404331802211,453,0.004336566223315408,0.004672990460320337,453,0.009491563513695943,0.012606164002319207,453
46f49500c8df79c821b2,ILVIS0_applanix_55520_20101120_510_lvis_LVIS.013,965e7d47fa947841b4863b102c0c369af8397807c90869cb535e0a9b5a8e4d69,483,False,0,dual_frequency,h1_v3_tau0,30.0,0.0289790115417568,0.03646982270536766,453,0.026613245433018927,0.02757635619574914,453,0.07144797455803274,0.07856780335476034,453,0.0072398629583461166,0.00915724935821349,453,0.0066397606458179345,0.006864215517281094,453,0.01782176510212995,0.01965810069657472,453
46f49500c8df79c821b2,ILVIS0_applanix_55520_20101120_510_lvis_LVIS.013,965e7d47fa947841b4863b102c0c369af8397807c90869cb535e0a9b5a8e4d69,483,False,0,dual_frequency,h1_v3_tau10,30.0,0.05480817863152639,0.0591117754926617,453,0.05359494535351384,0.05407965235289942,453,0.15678709475960573,0.16015705238425573,453,0.010383820556157164,0.011800988618325568,453,0.009974694738215927,0.01012549101796726,453,0.028570760132293576,0.029750864752922754,453
46f49500c8df79c821b2,ILVIS0_applanix_55520_20101120_510_lvis_LVIS.013,965e7d47fa947841b4863b102c0c369af8397807c90869cb535e0a9b5a8e4d69,483,False,0,dual_frequency,h1_v3_tau60,30.0,0.038538769934564426,0.044446619836302666,453,0.03679291386408687,0.03749545473255025,453,0.10446959448391388,0.10946224877068854,453,0.006794001328961553,0.008808975742290169,453,0.006150549555613041,0.006392205649841425,453,0.016164803029303804,0.01816938266387946,453
46f49500c8df79c821b2,ILVIS0_applanix_55520_20101120_510_lvis_LVIS.013,965e7d47fa947841b4863b102c0c369af8397807c90869cb535e0a9b5a8e4d69,483,False,0,dual_frequency,h1_v3_tau300,30.0,0.026159843601658034,0.03427246892510342,453,0.023512106239212974,0.024596945208064096,453,0.06087529740690149,0.06909332701485203,453,0.005568488289736776,0.00790238315378968,453,0.004762233468768203,0.005070493155931615,453,0.01117798402893956,0.0139202343942161,453
46f49500c8df79c821b2,ILVIS0_applanix_55520_20101120_510_lvis_LVIS.013,965e7d47fa947841b4863b102c0c369af8397807c90869cb535e0a9b5a8e4d69,483,False,0,dual_frequency,h3_v10_tau0,30.0,0.06403143158148777,0.06775167813373366,453,0.06299607886936757,0.06340896299547681,453,0.20540218064427063,0.20798592350613374,453,0.01595808679798592,0.016914494952919936,453,0.015694946321353664,0.015791211899810698,453,0.05116787332291404,0.05183605775161553,453
46f49500c8df79c821b2,ILVIS0_applanix_55520_20101120_510_lvis_LVIS.013,965e7d47fa947841b4863b102c0c369af8397807c90869cb535e0a9b5a8e4d69,483,False,0,dual_frequency,h3_v10_tau10,30.0,0.15354935442745124,0.15513758464442745,453,0.15312049493006438,0.15329082363893137,453,0.50853258431513,0.5095816697431454,453,0.027446922549415474,0.0280138030984672,453,0.027294768055650006,0.027350235765828023,453,0.09032697619799838,0.09070715657091019,453
46f49500c8df79c821b2,ILVIS0_applanix_55520_20101120_510_lvis_LVIS.013,965e7d47fa947841b4863b102c0c369af8397807c90869cb535e0a9b5a8e4d69,483,False,0,dual_frequency,h3_v10_tau60,30.0,0.09954449926320824,0.10197731696705406,453,0.09888169221905384,0.09914524546233362,453,0.3267038775812477,0.32833445201511935,453,0.014083539323364175,0.015158683472321247,453,0.013784661245415697,0.0138941685208354,453,0.04463670127394827,0.045401109269352716,453
46f49500c8df79c821b2,ILVIS0_applanix_55520_20101120_510_lvis_LVIS.013,965e7d47fa947841b4863b102c0c369af8397807c90869cb535e0a9b5a8e4d69,483,False,0,dual_frequency,h3_v10_tau300,30.0,0.051971270874476054,0.05649140211151203,453,0.050690183653731145,0.05120239592326967,453,0.16323445269309744,0.166473946703824,453,0.007873534774660195,0.009666030764547622,453,0.0073255276687692475,0.007529567640971354,453,0.02184939079517141,0.023371381935755567,453
46f49500c8df79c821b2,ILVIS0_applanix_55520_20101120_510_lvis_LVIS.013,965e7d47fa947841b4863b102c0c369af8397807c90869cb535e0a9b5a8e4d69,483,False,0,dual_frequency,h10_v30_tau0,30.0,0.202941535855406,0.20414586188783201,453,0.20261724679279372,0.20274599710712976,453,0.6068065324773367,0.6076859852759992,453,0.05054895135694047,0.050858982396723984,453,0.05046649669894329,0.05049651792251754,453,0.15113782822322083,0.15136534855947506,453
46f49500c8df79c821b2,ILVIS0_applanix_55520_20101120_510_lvis_LVIS.013,965e7d47fa947841b4863b102c0c369af8397807c90869cb535e0a9b5a8e4d69,483,False,0,dual_frequency,h10_v30_tau10,30.0,0.5075436931655779,0.5080264426709857,453,0.5074141131213195,0.5074655385744562,453,1.5218252755583994,1.5221761587291296,453,0.08997781866643757,0.09015235692578412,453,0.08993152204732467,0.0899483723642798,453,0.26964781741780836,0.26977540855837556,453
46f49500c8df79c821b2,ILVIS0_applanix_55520_20101120_510_lvis_LVIS.013,965e7d47fa947841b4863b102c0c369af8397807c90869cb535e0a9b5a8e4d69,483,False,0,dual_frequency,h10_v30_tau60,30.0,0.32516247444708674,0.32591548100852363,453,0.32496017680801004,0.3250404700292202,453,0.9742291712815732,0.974777188408931,453,0.04392585028791419,0.04428227558047854,453,0.04383093803803851,0.04386550082387122,453,0.13119145430286633,0.13145350245059556,453
46f49500c8df79c821b2,ILVIS0_applanix_55520_20101120_510_lvis_LVIS.013,965e7d47fa947841b4863b102c0c369af8397807c90869cb535e0a9b5a8e4d69,483,False,0,dual_frequency,h10_v30_tau300,30.0,0.16012712983109553,0.16165074585998587,453,0.1597159335523083,0.1598792359092008,453,0.47782114274120446,0.47893750455723344,453,0.020357826529781534,0.021115887550276206,453,0.02015221840877071,0.020227282072226207,453,0.05979836686402814,0.060371104867628825,453
46f49500c8df79c821b2,ILVIS0_applanix_55520_20101120_510_lvis_LVIS.013,965e7d47fa947841b4863b102c0c369af8397807c90869cb535e0a9b5a8e4d69,483,False,0,l1_broadcast,formal_only,60.0,0.0053170025839105175,0.006055593168634515,423,0.004230907989848954,0.004603066616540307,423,0.00958739684454723,0.010181576762816336,423,0.0006793627808559697,0.000772554165190364,423,0.0005354832329781745,0.0005828315131395068,423,0.001221764880232409,0.0012836404107131579,423
46f49500c8df79c821b2,ILVIS0_applanix_55520_20101120_510_lvis_LVIS.013,965e7d47fa947841b4863b102c0c369af8397807c90869cb535e0a9b5a8e4d69,483,False,0,l1_broadcast,h1_v3_tau0,60.0,0.009244291376716953,0.009687962845746275,423,0.008665274894595093,0.008852944916861234,423,0.024629166398354305,0.024866487103050415,423,0.0011468037566423517,0.0012043525258024484,423,0.0010678798439138235,0.0010923907914635873,423,0.0030290815500245614,0.0030545635236705368,423
46f49500c8df79c821b2,ILVIS0_applanix_55520_20101120_510_lvis_LVIS.013,965e7d47fa947841b4863b102c0c369af8397807c90869cb535e0a9b5a8e4d69,483,False,0,l1_broadcast,h1_v3_tau10,60.0,0.0250031927266766,0.02517060492761481,423,0.024794953366937197,0.024861161652981863,423,0.07391833567326199,0.07399774790473555,423,0.0026050215838643678,0.002630863660961244,423,0.0025712537714484003,0.0025815298250324785,423,0.00764291452274923,0.00765304943704467,423
46f49500c8df79c821b2,ILVIS0_applanix_55520_20101120_510_lvis_LVIS.013,965e7d47fa947841b4863b102c0c369af8397807c90869cb535e0a9b5a8e4d69,483,False,0,l1_broadcast,h1_v3_tau60,60.0,0.021706431107447573,0.021899060643011923,423,0.02146623435453047,0.02154267540384304,423,0.0638592663030225,0.06395117073911193,423,0.0016827205284827825,0.0017224559579685087,423,0.001629956098109939,0.0016461188177273637,423,0.004777325687375153,0.004793523130949477,423
46f49500c8df79c821b2,ILVIS0_applanix_55520_20101120_510_lvis_LVIS.013,965e7d47fa947841b4863b102c0c369af8397807c90869cb535e0a9b5a8e4d69,483,False,0,l1_broadcast,h1_v3_tau300,60.0,0.012379028001805284,0.012713773542953315,423,0.011952840675368176,0.012089584184088472,423,0.03488046069627447,0.035048436247228525,423,0.000982229381003647,0.0010488473230459833,423,0.000888809913139592,0.0009181140135504805,423,0.0024539511695670256,0.002485336924008604,423
46f49500c8df79c821b2,ILVIS0_applanix_55520_20101120_510_lvis_LVIS.013,965e7d47fa947841b4863b102c0c369af8397807c90869cb535e0a9b5a8e4d69,483,False,0,l1_broadcast,h3_v10_tau0,60.0,0.023301248372143108,0.023480798143787444,423,0.023077656762365593,0.023148777243599903,423,0.07622702169367541,0.07630403123412151,423,0.002853797365291068,0.002877406045783221,423,0.0028230068910526317,0.0028323697123220364,423,0.009319614597516075,0.009327927933365246,423
46f49500c8df79c821b2,ILVIS0_applanix_55520_20101120_510_lvis_LVIS.013,965e7d47fa947841b4863b102c0c369af8397807c90869cb535e0a9b5a8e4d69,483,False,0,l1_broadcast,h3_v10_tau10,60.0,0.07348654765960579,0.07354367677487088,423,0.0734159570724837,0.07343834420339976,423,0.24450118851092947,0.24452520837300204,423,0.007575154570534791,0.007584080228851981,423,0.007563608614430187,0.00756710813670902,423,0.02517842480897595,0.02518150311528516,423
46f49500c8df79c821b2,ILVIS0_applanix_55520_20101120_510_lvis_LVIS.013,965e7d47fa947841b4863b102c0c369af8397807c90869cb535e0a9b5a8e4d69,483,False,0,l1_broadcast,h3_v10_tau60,60.0,0.06335896330419888,0.06342521531369022,423,0.06327707560344487,0.06330304845252971,423,0.21066984044414258,0.21069771716692082,423,0.004668154355706066,0.004682624396518091,423,0.004649394970690909,0.004655085807355947,423,0.015443256402684997,0.015448274712825416,423
46f49500c8df79c821b2,ILVIS0_applanix_55520_20101120_510_lvis_LVIS.013,965e7d47fa947841b4863b102c0c369af8397807c90869cb535e0a9b5a8e4d69,483,False,0,l1_broadcast,h3_v10_tau300,60.0,0.03395583715072896,0.034079298450596075,423,0.033802794892554104,0.03385138976349176,423,0.11220026718984075,0.11225260043289902,423,0.002233987624867787,0.0022640686513948106,423,0.002194517991006412,0.0022065492274560214,423,0.0071983877578256665,0.007209147633098135,423
46f49500c8df79c821b2,ILVIS0_applanix_55520_20101120_510_lvis_LVIS.013,965e7d47fa947841b4863b102c0c369af8397807c90869cb535e0a9b5a8e4d69,483,False,0,l1_broadcast,h10_v30_tau0,60.0,0.07580838459240864,0.07586376527141041,423,0.07573995801723023,0.07576165842246076,423,0.22706757606614356,0.22709343990338315,423,0.009264126543375677,0.00927142636069808,423,0.009254687953489634,0.009257548238968695,423,0.02774446378713342,0.027747257416173933,423
46f49500c8df79c821b2,ILVIS0_applanix_55520_20101120_510_lvis_LVIS.013,965e7d47fa947841b4863b102c0c369af8397807c90869cb535e0a9b5a8e4d69,483,False,0,l1_broadcast,h10_v30_tau10,60.0,0.24437099566331424,0.24438818144134658,423,0.2443497771380625,0.24435650438225037,423,0.7330021386212151,0.7330101510688022,423,0.025157939109289117,0.025160628099808405,423,0.025154464985991793,0.025155517466588815,423,0.07545618601129232,0.07545721324468996,423
46f49500c8df79c821b2,ILVIS0_applanix_55520_20101120_510_lvis_LVIS.013,965e7d47fa947841b4863b102c0c369af8397807c90869cb535e0a9b5a8e4d69,483,False,0,l1_broadcast,h10_v30_tau60,60.0,0.21051872603401098,0.21053867511150734,423,0.2104940951117732,0.21050190432253896,423,0.6314275014827955,0.6314368028357529,423,0.015409834284784318,0.01541422391282428,423,0.01540416181391583,0.015405880418517795,423,0.04620071254311005,0.04620239022794114,423
46f49500c8df79c821b2,ILVIS0_applanix_55520_20101120_510_lvis_LVIS.013,965e7d47fa947841b4863b102c0c369af8397807c90869cb535e0a9b5a8e4d69,483,False,0,l1_broadcast,h10_v30_tau300,60.0,0.11191627359635475,0.11195379405089158,423,0.11186993502114582,0.11188462811359948,423,0.33550671258740294,0.3355242175131701,423,0.00712640236567214,0.007135889350853669,423,0.007114128139290567,0.00711784865409562,423,0.021316880668324233,0.02132051652074671,423
46f49500c8df79c821b2,ILVIS0_applanix_55520_20101120_510_lvis_LVIS.013,965e7d47fa947841b4863b102c0c369af8397807c90869cb535e0a9b5a8e4d69,483,False,0,dual_frequency,formal_only,60.0,0.007544464935968345,0.010917069069250183,423,0.006272838508490107,0.006667421350588448,423,0.01370312571677159,0.017979202759645447,423,0.0009540111270002183,0.0013905039096535887,423,0.0007965106909620233,0.000850237496946337,423,0.0017364809803115092,0.0022905727214379635,423
46f49500c8df79c821b2,ILVIS0_applanix_55520_20101120_510_lvis_LVIS.013,965e7d47fa947841b4863b102c0c369af8397807c90869cb535e0a9b5a8e4d69,483,False,0,dual_frequency,h1_v3_tau0,60.0,0.01068201094131569,0.013280391892614807,423,0.009825218040019706,0.010081711865241379,423,0.02650383582866143,0.02894701012406252,423,0.0013280671288292926,0.0016694688351262764,423,0.0012198583315506165,0.0012555991162498054,423,0.0032707784714213687,0.003595740397600019,423
46f49500c8df79c821b2,ILVIS0_applanix_55520_20101120_510_lvis_LVIS.013,965e7d47fa947841b4863b102c0c369af8397807c90869cb535e0a9b5a8e4d69,483,False,0,dual_frequency,h1_v3_tau10,60.0,0.025569671120686678,0.02675951308261306,423,0.02522375136659135,0.025324763328813765,423,0.0745639177139979,0.07546690604832161,423,0.002689747366357497,0.002873691839480584,423,0.0026379979047003927,0.002654714281210927,423,0.007741886021795038,0.007884678583976205,423
46f49500c8df79c821b2,ILVIS0_applanix_55520_20101120_510_lvis_LVIS.013,965e7d47fa947841b4863b102c0c369af8397807c90869cb535e0a9b5a8e4d69,483,False,0,dual_frequency,h1_v3_tau60,60.0,0.02235660050443968,0.02370824845040784,423,0.021960126090226642,0.022076076249009317,423,0.0646054438024781,0.06564555927434759,423,0.0018111189412640036,0.002074491675701019,423,0.0017333331675652602,0.0017586696033928156,423,0.0049341156751406615,0.005155274453770713,423
46f49500c8df79c821b2,ILVIS0_applanix_55520_20101120_510_lvis_LVIS.013,965e7d47fa947841b4863b102c0c369af8397807c90869cb535e0a9b5a8e4d69,483,False,0,dual_frequency,h1_v3_tau300,60.0,0.013486614436626564,0.01562537113248729,423,0.01281867078701082,0.013016309975284118,423,0.03622849727133546,0.03805233366160893,423,0.001188855752114056,0.0015610066918389837,423,0.0010666161679401128,0.0011073142172824217,423,0.002746731351085082,0.0031266420186390324,423
46f49500c8df79c821b2,ILVIS0_applanix_55520_20101120_510_lvis_LVIS.013,965e7d47fa947841b4863b102c0c369af8397807c90869cb535e0a9b5a8e4d69,483,False,0,dual_frequency,h3_v10_tau0,60.0,0.023908086715441,0.0251765777906211,423,0.023537760347505172,0.02364597570056733,423,0.07685321276591418,0.07772961080637522,423,0.0029313414752584034,0.0031009880261119852,423,0.0028839304594505547,0.0028992291859885585,423,0.009400950644410863,0.009518888076704321,423
46f49500c8df79c821b2,ILVIS0_applanix_55520_20101120_510_lvis_LVIS.013,965e7d47fa947841b4863b102c0c369af8397807c90869cb535e0a9b5a8e4d69,483,False,0,dual_frequency,h3_v10_tau10,60.0,0.07368121281317415,0.0741025275083573,423,0.07356188329157838,0.0735965806139801,423,0.2446971365983098,0.24497380419831602,423,0.007604707108753236,0.007671696950720488,423,0.007586557998216225,0.007592386796978564,423,0.025208644006246547,0.025252863002675468,423
46f49500c8df79c821b2,ILVIS0_applanix_55520_20101120_510_lvis_LVIS.013,965e7d47fa947841b4863b102c0c369af8397807c90869cb535e0a9b5a8e4d69,483,False,0,dual_frequency,h3_v10_tau60,60.0,0.06358464174370698,0.06407238193687918,423,0.06344632548429503,0.0634865515060075,423,0.21089722413752937,0.21121816975081978,423,0.004715958919575678,0.004823238789944166,423,0.004686636382471118,0.004696065969088313,423,0.015492476402805508,0.015564324022895988,423
46f49500c8df79c821b2,ILVIS0_applanix_55520_20101120_510_lvis_LVIS.013,965e7d47fa947841b4863b102c0c369af8397807c90869cb535e0a9b5a8e4d69,483,False,0,dual_frequency,h3_v10_tau300,60.0,0.03437509725512889,0.03526911923516683,423,0.03411857064830105,0.03419331612676325,423,0.11262662843939912,0.11322647003894244,423,0.002332231581659567,0.0025421778151543525,423,0.0022723547700275277,0.002291739765550946,423,0.007303385727484803,0.007454582502230834,423
46f49500c8df79c821b2,ILVIS0_applanix_55520_20101120_510_lvis_LVIS.013,965e7d47fa947841b4863b102c0c369af8397807c90869cb535e0a9b5a8e4d69,483,False,0,dual_frequency,h10_v30_tau0,60.0,0.0759971026368985,0.07640564815987379,423,0.07588141512245818,0.0759150522996143,423,0.2272785550304047,0.22757639961271486,423,0.009288306845389295,0.009343233270548996,423,0.009273453299849101,0.00927822241171159,423,0.0277718909620496,0.027812034891503336,423
46f49500c8df79c821b2,ILVIS0_applanix_55520_20101120_510_lvis_LVIS.013,965e7d47fa947841b4863b102c0c369af8397807c90869cb535e0a9b5a8e4d69,483,False,0,dual_frequency,h10_v30_tau10,60.0,0.2444296053185299,0.2445569369655933,423,0.24439366094061407,0.24440410698804405,423,0.733067522605817,0.7331599203335137,423,0.025166853273087732,0.02518717664929802,423,0.02516137507608643,0.02516313316619836,423,0.07546627501171077,0.07548105736766936,423
46f49500c8df79c821b2,ILVIS0_applanix_55520_20101120_510_lvis_LVIS.013,965e7d47fa947841b4863b102c0c369af8397807c90869cb535e0a9b5a8e4d69,483,False,0,dual_frequency,h10_v30_tau60,60.0,0.21058675752685807,0.21073453895241182,423,0.2105450355564321,0.21055716089016455,423,0.6315034022908828,0.6316106579127474,423,0.015424383168442817,0.015457521147349313,423,0.01541544317161588,0.015418312592391516,423,0.04621718832061834,0.04624132192597582,423
46f49500c8df79c821b2,ILVIS0_applanix_55520_20101120_510_lvis_LVIS.013,965e7d47fa947841b4863b102c0c369af8397807c90869cb535e0a9b5a8e4d69,483,False,0,dual_frequency,h10_v30_tau300,60.0,0.11204419097118277,0.11232169956018699,423,0.11196575495288913,0.11198855426710985,423,0.3356495369687869,0.3358512881490267,423,0.007157807913033524,0.007228940310560819,423,0.007138522688222116,0.007144717012176781,423,0.021352565611654016,0.02140475216857723,423
ae7127a8b48f61b051a8,ILVIS0_applanix_57289_510_LVISGH.013,221fbceb9d572b60b7e70e599955098418ca8b35688e2b9cfdf30f347f8ec34b,459,False,0,l1_broadcast,formal_only,2.0,0.7827752352823777,0.9359487399300727,457,0.5566006253734753,0.6523960121007085,457,1.2966230936658911,1.5694563865136952,457,2.712102531468475,3.2809765643585225,457,1.925631397906415,2.2683733019808106,457,4.498041868018948,5.496979454159481,457
ae7127a8b48f61b051a8,ILVIS0_applanix_57289_510_LVISGH.013,221fbceb9d572b60b7e70e599955098418ca8b35688e2b9cfdf30f347f8ec34b,459,False,0,l1_broadcast,h1_v3_tau0,2.0,1.054865790626295,1.1730323645138736,457,0.8998938956501488,0.9620942565489324,457,2.486216875573814,2.6387946084239786,457,3.6545177713615944,4.094489060868428,457,3.115775389947584,3.3384904440835452,457,8.61582153055943,9.176973152285825,457
ae7127a8b48f61b051a8,ILVIS0_applanix_57289_510_LVISGH.013,221fbceb9d572b60b7e70e599955098418ca8b35688e2b9cfdf30f347f8ec34b,459,False,0,l1_broadcast,h1_v3_tau10,2.0,0.8386754197510784,0.9831782466698485,457,0.6328061684982295,0.7185123231908297,457,1.5801854206190797,1.8107866099961514,457,2.784647608417625,3.341193306575794,457,2.0265286680605588,2.3546294259683895,457,4.880700779935805,5.8142627528540745,457
ae7127a8b48f61b051a8,ILVIS0_applanix_57289_510_LVISGH.013,221fbceb9d572b60b7e70e599955098418ca8b35688e2b9cfdf30f347f8ec34b,459,False,0,l1_broadcast,h1_v3_tau60,2.0,0.793179542091597,0.9446675429589568,457,0.5711400644215021,0.6648437981982673,457,1.3523320229215121,1.6157858355147985,457,2.724364276595327,3.2911196211387743,457,1.942863055131289,2.2830194987053436,457,4.564244272601001,5.551281821639628,457
ae7127a8b48f61b051a8,ILVIS0_applanix_57289_510_LVISGH.013,221fbceb9d572b60b7e70e599955098418ca8b35688e2b9cfdf30f347f8ec34b,459,False,0,l1_broadcast,h1_v3_tau300,2.0,0.7848974984710559,0.9377244046791818,457,0.5595813348396131,0.6549408914066583,457,1.3081187156525056,1.5789669059090905,457,2.7145595269346354,3.2830078610013254,457,1.9290903464267548,2.2713103544101494,457,4.511361236158808,5.507883713667785,457
ae7127a8b48f61b051a8,ILVIS0_applanix_57289_510_LVISGH.013,221fbceb9d572b60b7e70e599955098418ca8b35688e2b9cfdf30f347f8ec34b,459,False,0,l1_broadcast,h3_v10_tau0,2.0,2.2611457216048003,2.3186295993828057,457,2.193136375496621,2.219383590217139,457,7.188999107890708,7.243181010690785,457,7.832975178129812,8.047663345166923,457,7.596581881386066,7.690612403926848,457,24.904465074489192,25.10412041976617,457
ae7127a8b48f61b051a8,ILVIS0_applanix_57289_510_LVISGH.013,221fbceb9d572b60b7e70e599955098418ca8b35688e2b9cfdf30f347f8ec34b,459,False,0,l1_broadcast,h3_v10_tau10,2.0,1.195195208106514,1.3006747155882443,457,1.0609235470454672,1.1141701464451523,457,3.2779826905208456,3.395163223019475,457,3.308226050017184,3.788626404518834,457,2.7012803885227474,2.9553980549678527,457,7.7529734188426165,8.372159006305594,457
ae7127a8b48f61b051a8,ILVIS0_applanix_57289_510_LVISGH.013,221fbceb9d572b60b7e70e599955098418ca8b35688e2b9cfdf30f347f8ec34b,459,False,0,l1_broadcast,h3_v10_tau60,2.0,0.8719561469263606,1.0117166319885722,457,0.6762948390734821,0.7570938028357792,457,1.822334532722539,2.025553135115258,457,2.820539890644583,3.3711655665773916,457,2.075572550917617,2.3969694962855606,457,5.186370376820248,6.073125646153948,457
ae7127a8b48f61b051a8,ILVIS0_applanix_57289_510_LVISGH.013,221fbceb9d572b60b7e70e599955098418ca8b35688e2b9cfdf30f347f8ec34b,459,False,0,l1_broadcast,h3_v10_tau300,2.0,0.8016733725053093,0.9518104756949446,457,0.5828785322679149,0.6749545821968566,457,1.4191310230213585,1.6720929690527753,457,2.7341360057361177,3.2992132094593907,457,1.956541805653014,2.2946714441202753,457,4.643889431698351,5.616948906888595,457
ae7127a8b48f61b051a8,ILVIS0_applanix_57289_510_LVISGH.013,221fbceb9d572b60b7e70e599955098418ca8b35688e2b9cfdf30f347f8ec34b,459,False,0,l1_broadcast,h10_v30_tau0,2.0,7.114296437118506,7.1327748518403835,457,7.092974057642664,7.1011335254585255,457,21.252894437771502,21.271283106818995,457,24.64458358628115,24.713658152853295,457,24.570471226262708,24.599705674958944,457,73.62222749038808,73.69000519454812,457
ae7127a8b48f61b051a8,ILVIS0_applanix_57289_510_LVISGH.013,221fbceb9d572b60b7e70e599955098418ca8b35688e2b9cfdf30f347f8ec34b,459,False,0,l1_broadcast,h10_v30_tau10,2.0,3.1107356270338946,3.152766945121801,457,3.0616569580037405,3.0805128940091495,457,9.124510019610197,9.167259464983093,457,6.872533472310375,7.11625583762687,457,6.60183856720473,6.7098237892731625,457,19.47096110437054,19.72568896801136,457
ae7127a8b48f61b051a8,ILVIS0_applanix_57289_510_LVISGH.013,221fbceb9d572b60b7e70e599955098418ca8b35688e2b9cfdf30f347f8ec34b,459,False,0,l1_broadcast,h10_v30_tau60,2.0,1.5008027089183809,1.5860869951245065,457,1.3962363547378045,1.4371124902441403,457,4.054414478831195,4.149727658259931,457,3.7445369780928752,4.175032934720655,457,3.2208870392657714,3.4367972784440317,457,8.956946689492815,9.497965654186766,457
ae7127a8b48f61b051a8,ILVIS0_applanix_57289_510_LVISGH.013,221fbceb9d572b60b7e70e599955098418ca8b35688e2b9cfdf30f347f8ec34b,459,False,0,l1_broadcast,h10_v30_tau300,2.0,0.9723366096395442,1.099409635209053,457,0.8015645137105841,0.8708168568610081,457,2.1623006655627655,2.3361307092942605,457,2.9476818940628506,3.478238909818993,457,2.2453028054120585,2.5453577803117344,457,5.677352931864075,6.4974427517747735,457
ae7127a8b48f61b051a8,ILVIS0_applanix_57289_510_LVISGH.013,221fbceb9d572b60b7e70e599955098418ca8b35688e2b9cfdf30f347f8ec34b,459,False,0,dual_frequency,formal_only,2.0,0.9715995746915447,1.5265943091635028,457,0.7046854530660444,1.047722019481402,457,1.6037872734976901,2.5596049187359644,457,3.388211351073877,5.282761776921221,457,2.4213750220318295,3.626691286137014,457,5.6495420881264815,8.856518865544784,457
ae7127a8b48f61b051a8,ILVIS0_applanix_57289_510_LVISGH.013,221fbceb9d572b60b7e70e599955098418ca8b35688e2b9cfdf30f347f8ec34b,459,False,0,dual_frequency,h1_v3_tau0,2.0,1.2016698801264212,1.6824075409314139,457,0.9982917183995633,1.2640119909084742,457,2.6593564116141835,3.3243977299534913,457,4.180906140963448,5.823020900238228,457,3.4442788791443193,4.376401801674586,457,9.269159929870266,11.508168034550245,457
ae7127a8b48f61b051a8,ILVIS0_applanix_57289_510_LVISGH.013,221fbceb9d572b60b7e70e599955098418ca8b35688e2b9cfdf30f347f8ec34b,459,False,0,dual_frequency,h1_v3_tau10,2.0,1.017175070606853,1.5559979479440789,457,0.7663034506552622,1.0901196489582372,457,1.8406216708336742,2.714282937054372,457,3.4465545580208294,5.3203697415159334,457,2.5023627153528185,3.6812568686116456,457,5.958706676983447,9.056864049947908,457
ae7127a8b48f61b051a8,ILVIS0_applanix_57289_510_LVISGH.013,221fbceb9d572b60b7e70e599955098418ca8b35688e2b9cfdf30f347f8ec34b,459,False,0,dual_frequency,h1_v3_tau60,2.0,0.9800012502859596,1.531955256846218,457,0.7162250378087531,1.0555179546419189,457,1.6491525314004274,2.588271197995678,457,3.3980342449623637,5.289067268210058,457,2.435101141166567,3.635869951514243,457,5.7023916858658685,8.89032460847808,457
ae7127a8b48f61b051a8,ILVIS0_applanix_57289_510_LVISGH.013,221fbceb9d572b60b7e70e599955098418ca8b35688e2b9cfdf30f347f8ec34b,459,False,0,dual_frequency,h1_v3_tau300,2.0,0.9733102011566147,1.5276836061081525,457,0.7070421500148598,1.049308555839825,457,1.613095392667715,2.5654474205235007,457,3.390178379321618,5.284023587843641,457,2.42412670489674,3.628529037896035,457,5.660152415101335,8.863290923325334,457
ae7127a8b48f61b051a8,ILVIS0_applanix_57289_510_LVISGH.013,221fbceb9d572b60b7e70e599955098418ca8b35688e2b9cfdf30f347f8ec34b,459,False,0,dual_frequency,h3_v10_tau0,2.0,2.3332485163182044,2.613528987459925,457,2.2353130637839542,2.3659595586230995,457,7.2506972316363365,7.520109980114813,457,8.09196985656434,9.050280301207872,457,7.737122009980177,8.194687151169036,457,25.13796582473437,26.04684121868656,457
ae7127a8b48f61b051a8,ILVIS0_applanix_57289_510_LVISGH.013,221fbceb9d572b60b7e70e599955098418ca8b35688e2b9cfdf30f347f8ec34b,459,False,0,dual_frequency,h3_v10_tau10,2.0,1.3265595539025687,1.7737657590751852,457,1.1455723915459415,1.3832845348559348,457,3.4111688159573292,3.951647307522944,457,3.8818598141046334,5.612168183010408,457,3.074396925274001,4.0916685135751045,457,8.47310698577218,10.877230659248985,457
ae7127a8b48f61b051a8,ILVIS0_applanix_57289_510_LVISGH.013,221fbceb9d572b60b7e70e599955098418ca8b35688e2b9cfdf30f347f8ec34b,459,False,0,dual_frequency,h3_v10_tau60,2.0,1.0447852347406492,1.5741857257721956,457,0.8025908303451886,1.1159264882314375,457,2.0522683354665205,2.8620358231043683,457,3.475618116690255,5.3392431274783165,457,2.5422435231187617,3.708481527836463,457,6.2115523699490565,9.22518208132344,457
ae7127a8b48f61b051a8,ILVIS0_applanix_57289_510_LVISGH.013,221fbceb9d572b60b7e70e599955098418ca8b35688e2b9cfdf30f347f8ec34b,459,False,0,dual_frequency,h3_v10_tau300,2.0,0.9868884743239457,1.536370178385621,457,0.7256202277883045,1.0619155178926418,457,1.7043576596791812,2.6237909131727633,457,3.40587370820041,5.294107248474928,457,2.446028731226309,3.6431976791610694,457,5.76633802450921,8.931475523785398,457
ae7127a8b48f61b051a8,ILVIS0_applanix_57289_510_LVISGH.013,221fbceb9d572b60b7e70e599955098418ca8b35688e2b9cfdf30f347f8ec34b,459,False,0,dual_frequency,h10_v30_tau0,2.0,7.137540364843233,7.234014645742429,457,7.106128222456205,7.148300393701797,457,21.273843661986998,21.367167990358453,457,24.728121161130428,25.058084009401274,457,24.6142856284175,24.761924384100908,457,73.70154222135055,74.01647072603873,457
ae7127a8b48f61b051a8,ILVIS0_applanix_57289_510_LVISGH.013,221fbceb9d572b60b7e70e599955098418ca8b35688e2b9cfdf30f347f8ec34b,459,False,0,dual_frequency,h10_v30_tau10,2.0,3.1635335948694085,3.3755636678994945,457,3.0920091623553563,3.1877360042251537,457,9.173199293025979,9.387599748600934,457,7.166323488817307,8.233091129795666,457,6.7630816337043,7.282109116494075,457,19.768744813138024,20.9122902226341,457
ae7127a8b48f61b051a8,ILVIS0_applanix_57289_510_LVISGH.013,221fbceb9d572b60b7e70e599955098418ca8b35688e2b9cfdf30f347f8ec34b,459,False,0,dual_frequency,h10_v30_tau60,2.0,1.607382168516921,1.992526615109671,457,1.4615927236710864,1.654506982129606,457,4.162833042263582,4.616126373463596,457,4.2598160991588685,5.879934479288086,457,3.5396488577861582,4.451847930154117,457,9.587066243511487,11.765731816763862,457
ae7127a8b48f61b051a8,ILVIS0_applanix_57289_510_LVISGH.013,221fbceb9d572b60b7e70e599955098418ca8b35688e2b9cfdf30f347f8ec34b,459,False,0,dual_frequency,h10_v30_tau300,2.0,1.1299146635984205,1.631928836307196,457,0.9106497687019074,1.1960028970003451,457,2.3593317570656795,3.0896423867298575,457,3.5795676508391505,5.407485599193379,457,2.6826079483793173,3.806076587071423,457,6.627011503838419,9.50988347669026,457
ae7127a8b48f61b051a8,ILVIS0_applanix_57289_510_LVISGH.013,221fbceb9d572b60b7e70e599955098418ca8b35688e2b9cfdf30f347f8ec34b,459,False,0,l1_broadcast,formal_only,6.0,0.21103458264103575,0.24326494566020546,453,0.1495274215336164,0.16958270558915362,453,0.3515511851169999,0.4080266975398087,453,0.2440187416135565,0.2796657492378861,453,0.1726160852178901,0.1958637917377807,453,0.4065097134666783,0.4697996254950972,453
ae7127a8b48f61b051a8,ILVIS0_applanix_57289_510_LVISGH.013,221fbceb9d572b60b7e70e599955098418ca8b35688e2b9cfdf30f347f8ec34b,459,False,0,l1_broadcast,h1_v3_tau0,6.0,0.2832925132209083,0.3080534128276865,453,0.24099274422072164,0.25392394655495876,453,0.6671279581504949,0.6985394107660347,453,0.32735942613236485,0.3547280435519378,453,0.2782361595749149,0.2932263304625191,453,0.7705981934278002,0.805781226989862,453
ae7127a8b48f61b051a8,ILVIS0_applanix_57289_510_LVISGH.013,221fbceb9d572b60b7e70e599955098418ca8b35688e2b9cfdf30f347f8ec34b,459,False,0,l1_broadcast,h1_v3_tau10,6.0,0.2679605919468736,0.2940155318429641,453,0.22276834056152273,0.23669727196086404,453,0.6074485901305162,0.6417876448853436,453,0.2673026682507023,0.3001974409864491,453,0.20421038923431706,0.22420570616504598,453,0.5219198012149887,0.5725923096559755,453
ae7127a8b48f61b051a8,ILVIS0_applanix_57289_510_LVISGH.013,221fbceb9d572b60b7e70e599955098418ca8b35688e2b9cfdf30f347f8ec34b,459,False,0,l1_broadcast,h1_v3_tau60,6.0,0.22410472970694295,0.25468642067696534,453,0.1674687570773654,0.18559535522398332,453,0.41806010215766753,0.46655312181354985,453,0.24816136743578016,0.28328757425318085,453,0.17842430020847086,0.201001352490536,453,0.42848618344487455,0.48893965032228554,453
ae7127a8b48f61b051a8,ILVIS0_applanix_57289_510_LVISGH.013,221fbceb9d572b60b7e70e599955098418ca8b35688e2b9cfdf30f347f8ec34b,459,False,0,l1_broadcast,h1_v3_tau300,6.0,0.21382187038472306,0.24568685746259816,453,0.15343613321130384,0.17303899244185236,453,0.3663959748909282,0.4208842652524405,453,0.24485361720383259,0.2803945059692966,453,0.17379430507092924,0.1969029524197419,453,0.4110030115887192,0.473692962982173,453
ae7127a8b48f61b051a8,ILVIS0_applanix_57289_510_LVISGH.013,221fbceb9d572b60b7e70e599955098418ca8b35688e2b9cfdf30f347f8ec34b,459,False,0,l1_broadcast,h3_v10_tau0,6.0,0.6049851831734041,0.6169678693804316,453,0.5863701276321749,0.5918021713133083,453,1.922366649058239,1.9334919575322143,453,0.6986534010724431,0.7118878937038374,453,0.67702861198577,0.6833257402689763,453,2.21971955639615,2.232177600390378,453
ae7127a8b48f61b051a8,ILVIS0_applanix_57289_510_LVISGH.013,221fbceb9d572b60b7e70e599955098418ca8b35688e2b9cfdf30f347f8ec34b,459,False,0,l1_broadcast,h3_v10_tau10,6.0,0.5384618361266293,0.5518907745699179,453,0.5174591806943584,0.523606613885447,453,1.6882880714977058,1.7009450984347145,453,0.40828333056371047,0.4305381192974947,453,0.3700627576958837,0.38146135815498977,453,1.1643913288370449,1.1879684556343073,453
ae7127a8b48f61b051a8,ILVIS0_applanix_57289_510_LVISGH.013,221fbceb9d572b60b7e70e599955098418ca8b35688e2b9cfdf30f347f8ec34b,459,False,0,l1_broadcast,h3_v10_tau60,6.0,0.3093890888984103,0.33221058036744466,453,0.2711908240508962,0.2827442918915318,453,0.8320587217328765,0.8574493105835179,453,0.27909748927401234,0.31074619314342855,453,0.21942327847414841,0.23814468721470625,453,0.6075705309147451,0.6516162112348036,453
ae7127a8b48f61b051a8,ILVIS0_applanix_57289_510_LVISGH.013,221fbceb9d572b60b7e70e599955098418ca8b35688e2b9cfdf30f347f8ec34b,459,False,0,l1_broadcast,h3_v10_tau300,6.0,0.2349326919132003,0.2642642917655179,453,0.18170367208616986,0.1985348337757816,453,0.49194303958048263,0.533765428975777,453,0.2514328432223993,0.28615775438771973,453,0.18294709964409347,0.20502671685042528,453,0.45394372675089795,0.5113966284910287,453
ae7127a8b48f61b051a8,ILVIS0_applanix_57289_510_LVISGH.013,221fbceb9d572b60b7e70e599955098418ca8b35688e2b9cfdf30f347f8ec34b,459,False,0,l1_broadcast,h10_v30_tau0,6.0,1.9016942164093342,1.9055401280258353,453,1.8958543581838578,1.8975414709564256,453,5.68073374791015,5.684508205096404,453,2.195780022717081,2.2000267518178984,453,2.1889954487802643,2.190951254995238,453,6.559145752633159,6.563372224009788,453
ae7127a8b48f61b051a8,ILVIS0_applanix_57289_510_LVISGH.013,221fbceb9d572b60b7e70e599955098418ca8b35688e2b9cfdf30f347f8ec34b,459,False,0,l1_broadcast,h10_v30_tau10,6.0,1.6647113778894984,1.6691034294569742,453,1.6580370401154394,1.6599658770122288,453,4.966300798904115,4.97061779301614,453,1.1180796777451962,1.1263968952462842,453,1.1046960362036644,1.1085664883256083,453,3.298524415992097,3.306920812987535,453
ae7127a8b48f61b051a8,ILVIS0_applanix_57289_510_LVISGH.013,221fbceb9d572b60b7e70e599955098418ca8b35688e2b9cfdf30f347f8ec34b,459,False,0,l1_broadcast,h10_v30_tau60,6.0,0.7831149824419511,0.7924085806617169,453,0.7688250324001379,0.7729759474180283,453,2.2895828357254078,2.29893174735204,453,0.5132610925756286,0.53113533641212,453,0.4834129867610243,0.49219349903028986,453,1.4143112716732975,1.4337845996146954,453
ae7127a8b48f61b051a8,ILVIS0_applanix_57289_510_LVISGH.013,221fbceb9d572b60b7e70e599955098418ca8b35688e2b9cfdf30f347f8ec34b,459,False,0,l1_broadcast,h10_v30_tau300,6.0,0.40367723927042665,0.42142328460219336,453,0.3752041687201902,0.38363791103500133,453,1.0905804425478303,1.1100735614424995,453,0.3167963165385555,0.34500390811792,453,0.2657274407916557,0.2813847767621394,453,0.7297828350724329,0.7668407800744964,453
ae7127a8b48f61b051a8,ILVIS0_applanix_57289_510_LVISGH.013,221fbceb9d572b60b7e70e599955098418ca8b35688e2b9cfdf30f347f8ec34b,459,False,0,dual_frequency,formal_only,6.0,0.2606237522775968,0.3914488485923666,453,0.18529717195847592,0.27149745419580384,453,0.43164484035140044,0.6573741189134586,453,0.29920120667972516,0.4579957806511588,453,0.2142496126247691,0.3146913450912827,453,0.4953156558091245,0.7669493364671561,453
ae7127a8b48f61b051a8,ILVIS0_applanix_57289_510_LVISGH.013,221fbceb9d572b60b7e70e599955098418ca8b35688e2b9cfdf30f347f8ec34b,459,False,0,dual_frequency,h1_v3_tau0,6.0,0.3219375610701499,0.4346858652355216,453,0.2646773411388881,0.330801941106177,453,0.7125929728750258,0.868110182752649,453,0.3703247354655792,0.5073255339447598,453,0.305813577410996,0.3829486972384432,453,0.8209196230210676,1.0083564761352577,453
ae7127a8b48f61b051a8,ILVIS0_applanix_57289_510_LVISGH.013,221fbceb9d572b60b7e70e599955098418ca8b35688e2b9cfdf30f347f8ec34b,459,False,0,dual_frequency,h1_v3_tau10,6.0,0.30853204698587944,0.4248528242100515,453,0.24819815813549415,0.31777060028013954,453,0.6570561787978033,0.8231335865750146,453,0.3184759524263724,0.47081387994694934,453,0.2404339133840004,0.3330708898072076,453,0.5937067716029147,0.833883350318984,453
ae7127a8b48f61b051a8,ILVIS0_applanix_57289_510_LVISGH.013,221fbceb9d572b60b7e70e599955098418ca8b35688e2b9cfdf30f347f8ec34b,459,False,0,dual_frequency,h1_v3_tau60,6.0,0.27131545303907767,0.39864726196523065,453,0.20005593403434652,0.28177686781838157,453,0.487343083936664,0.6952175989054818,453,0.30258929278402474,0.4602163120609034,453,0.21895619319579948,0.31791439350904943,453,0.513505463602888,0.77882061604006,453
ae7127a8b48f61b051a8,ILVIS0_applanix_57289_510_LVISGH.013,221fbceb9d572b60b7e70e599955098418ca8b35688e2b9cfdf30f347f8ec34b,459,False,0,dual_frequency,h1_v3_tau300,6.0,0.2628857878159246,0.39295854800243507,453,0.18846548522250478,0.27366962746145884,453,0.44381870494729325,0.6654311989758575,453,0.29988249311645543,0.4584411443658525,453,0.21520000954693508,0.3153391673369884,453,0.49900994707706886,0.7693403759881593,453
ae7127a8b48f61b051a8,ILVIS0_applanix_57289_510_LVISGH.013,221fbceb9d572b60b7e70e599955098418ca8b35688e2b9cfdf30f347f8ec34b,459,False,0,dual_frequency,h3_v10_tau0,6.0,0.6240161993411192,0.6889888536824916,453,0.5964951958940576,0.6286353103880794,453,1.9386135679542278,2.001012862707536,453,0.7197866285574025,0.7989565801345114,453,0.6888209673647371,0.7263622425003524,453,2.2376868326006623,2.3130318185830783,453
ae7127a8b48f61b051a8,ILVIS0_applanix_57289_510_LVISGH.013,221fbceb9d572b60b7e70e599955098418ca8b35688e2b9cfdf30f347f8ec34b,459,False,0,dual_frequency,h3_v10_tau10,6.0,0.5597591394034036,0.6313790770220336,453,0.5289050915147195,0.5649039122522637,453,1.7067646717712028,1.7773225218533544,453,0.4434765989724103,0.5629478605325987,453,0.39121992314732135,0.45407135729563924,453,1.19828820340424,1.3337047705161815,453
ae7127a8b48f61b051a8,ILVIS0_applanix_57289_510_LVISGH.013,221fbceb9d572b60b7e70e599955098418ca8b35688e2b9cfdf30f347f8ec34b,459,False,0,dual_frequency,h3_v10_tau60,6.0,0.3451242580726056,0.45212712755871814,453,0.29243983175128746,0.3534075345111765,453,0.8689365620438395,1.0004390622140114,453,0.3284381590786878,0.4776090490526075,453,0.2534820679461516,0.34260897810611335,453,0.6702457771466281,0.8900017585125098,453
ae7127a8b48f61b051a8,ILVIS0_applanix_57289_510_LVISGH.013,221fbceb9d572b60b7e70e599955098418ca8b35688e2b9cfdf30f347f8ec34b,459,False,0,dual_frequency,h3_v10_tau300,6.0,0.28032573001842104,0.4048335015644875,453,0.21211510223205593,0.29046280949209224,453,0.5520298783911095,0.7419986545291067,453,0.30527805435510685,0.46198859818390386,453,0.22265719144482982,0.3204746053216013,453,0.5349321067232328,0.7931116285540702,453
ae7127a8b48f61b051a8,ILVIS0_applanix_57289_510_LVISGH.013,221fbceb9d572b60b7e70e599955098418ca8b35688e2b9cfdf30f347f8ec34b,459,False,0,dual_frequency,h10_v30_tau0,6.0,1.9078338601423055,1.9300622474538442,453,1.8990103579470137,1.9093496736274078,453,5.686252276068141,5.707827567751447,453,2.202595315527427,2.2297230709229123,453,2.1926713521215677,2.2047529222337627,453,6.565247935610084,6.591308997836405,453
ae7127a8b48f61b051a8,ILVIS0_applanix_57289_510_LVISGH.013,221fbceb9d572b60b7e70e599955098418ca8b35688e2b9cfdf30f347f8ec34b,459,False,0,dual_frequency,h10_v30_tau10,6.0,1.671721602676573,1.6970454687293004,453,1.661644793131217,1.6734513004755418,453,4.972612256916928,4.997269576927295,453,1.1314054894717198,1.1833499998261625,453,1.1119621918203881,1.1356001511160143,453,3.310642048703373,3.362026861463534,453
ae7127a8b48f61b051a8,ILVIS0_applanix_57289_510_LVISGH.013,221fbceb9d572b60b7e70e599955098418ca8b35688e2b9cfdf30f347f8ec34b,459,False,0,dual_frequency,h10_v30_tau60,6.0,0.7979086544873639,0.8496869807219578,453,0.7765748660563193,0.8015262678980457,453,2.303240889289094,2.35600270004633,453,0.5416762547609669,0.6431578166341082,453,0.49979465723747785,0.5503839346007581,453,1.4423466382700805,1.5566751863995385,453
ae7127a8b48f61b051a8,ILVIS0_applanix_57289_510_LVISGH.013,221fbceb9d572b60b7e70e599955098418ca8b35688e2b9cfdf30f347f8ec34b,459,False,0,dual_frequency,h10_v30_tau300,6.0,0.4316763355637778,0.521203590107504,453,0.3908385349096557,0.43832703877445234,453,1.1189703901858352,1.2238967842516801,453,0.361020943980175,0.5005745777914725,453,0.29447861793956553,0.37395910946499783,453,0.7827326734672702,0.9775194051711117,453
ae7127a8b48f61b051a8,ILVIS0_applanix_57289_510_LVISGH.013,221fbceb9d572b60b7e70e599955098418ca8b35688e2b9cfdf30f347f8ec34b,459,False,0,l1_broadcast,formal_only,12.0,0.08349544139616377,0.09355841465124176,447,0.05887268393148342,0.06511476574652969,447,0.1393019033051144,0.15687307899464045,447,0.050262064364110334,0.05662326746100525,447,0.035518716779521675,0.03920522414327815,447,0.08360705400257235,0.0951158930874171,447
ae7127a8b48f61b051a8,ILVIS0_applanix_57289_510_LVISGH.013,221fbceb9d572b60b7e70e599955098418ca8b35688e2b9cfdf30f347f8ec34b,459,False,0,l1_broadcast,h1_v3_tau0,12.0,0.11167256373300626,0.11938362472318144,447,0.0946850868408456,0.0986874149139213,447,0.2624851902018218,0.2722180578420393,447,0.0672627468376364,0.07214011660719076,447,0.05709274244302747,0.05945630553319923,447,0.15802581264150176,0.16440514642274953,447
ae7127a8b48f61b051a8,ILVIS0_applanix_57289_510_LVISGH.013,221fbceb9d572b60b7e70e599955098418ca8b35688e2b9cfdf30f347f8ec34b,459,False,0,l1_broadcast,h1_v3_tau10,12.0,0.13524006264389588,0.14167414362316186,447,0.12159103060374564,0.12473299093384162,447,0.3482391312794836,0.3556328154891732,447,0.0635336382779325,0.06867636058671168,447,0.05264814640947081,0.0552023393157731,447,0.1434655784053856,0.150463506512596,447
ae7127a8b48f61b051a8,ILVIS0_applanix_57289_510_LVISGH.013,221fbceb9d572b60b7e70e599955098418ca8b35688e2b9cfdf30f347f8ec34b,459,False,0,l1_broadcast,h1_v3_tau60,12.0,0.09913013466238725,0.10774261880798823,447,0.07950652663485656,0.08423317552238546,447,0.21237390151007904,0.22429190234835475,447,0.0529266808994401,0.059001295380048294,447,0.03919869485777635,0.04256768982249707,447,0.0972870259129743,0.10733899289382677,447
ae7127a8b48f61b051a8,ILVIS0_applanix_57289_510_LVISGH.013,221fbceb9d572b60b7e70e599955098418ca8b35688e2b9cfdf30f347f8ec34b,459,False,0,l1_broadcast,h1_v3_tau300,12.0,0.08710899768459712,0.0967970336330308,447,0.0638943006611018,0.06968803017024192,447,0.15796651213944618,0.173659368584245,447,0.0508079709308901,0.057108398806929354,447,0.03628710566628424,0.03990268709201161,447,0.0865257917775901,0.0976913832705107,447
ae7127a8b48f61b051a8,ILVIS0_applanix_57289_510_LVISGH.013,221fbceb9d572b60b7e70e599955098418ca8b35688e2b9cfdf30f347f8ec34b,459,False,0,l1_broadcast,h3_v10_tau0,12.0,0.2376235332301903,0.24134339037626446,447,0.23012919789578087,0.23180463360546005,447,0.7545411161365827,0.7579818697869934,447,0.14320716845242049,0.14556171343442004,447,0.1387212933319245,0.1397106605565886,447,0.45474205796164124,0.45699806832979295,447
ae7127a8b48f61b051a8,ILVIS0_applanix_57289_510_LVISGH.013,221fbceb9d572b60b7e70e599955098418ca8b35688e2b9cfdf30f347f8ec34b,459,False,0,l1_broadcast,h3_v10_tau10,12.0,0.3299044725732014,0.33259382072389304,447,0.32454809382148325,0.32573824716583943,447,1.072960204883151,1.0753826397912087,447,0.12695868549392264,0.129608746399736,447,0.12187621568569755,0.12300115191453768,447,0.39751093990972,0.4000897930523267,447
ae7127a8b48f61b051a8,ILVIS0_applanix_57289_510_LVISGH.013,221fbceb9d572b60b7e70e599955098418ca8b35688e2b9cfdf30f347f8ec34b,459,False,0,l1_broadcast,h3_v10_tau60,12.0,0.1807460719134043,0.18560935053793315,447,0.1707736709551026,0.17302481638561296,447,0.5522087528179073,0.5569009990706111,447,0.07071704919002672,0.07537121704732654,447,0.061124505508564755,0.06333779490022819,447,0.1857040203331845,0.19116191570854332,447
ae7127a8b48f61b051a8,ILVIS0_applanix_57289_510_LVISGH.013,221fbceb9d572b60b7e70e599955098418ca8b35688e2b9cfdf30f347f8ec34b,459,False,0,l1_broadcast,h3_v10_tau300,12.0,0.11189230280503916,0.11958919595490512,447,0.09494414993231914,0.09893599850511163,447,0.28469965688760546,0.29369728344288326,447,0.05498043541016932,0.060850370455344124,447,0.04193032799077184,0.04509570992014891,447,0.11183746722905247,0.12068352548978638,447
ae7127a8b48f61b051a8,ILVIS0_applanix_57289_510_LVISGH.013,221fbceb9d572b60b7e70e599955098418ca8b35688e2b9cfdf30f347f8ec34b,459,False,0,l1_broadcast,h10_v30_tau0,12.0,0.7462565004140016,0.7474492979417526,447,0.7439040721689248,0.7444240787851909,447,2.2290694249731975,2.2302364725186026,447,0.4498071530270963,0.45056230894185745,447,0.44839912917161595,0.44870619627490305,447,1.3435743141638223,1.3443395526876296,447
ae7127a8b48f61b051a8,ILVIS0_applanix_57289_510_LVISGH.013,221fbceb9d572b60b7e70e599955098418ca8b35688e2b9cfdf30f347f8ec34b,459,False,0,l1_broadcast,h10_v30_tau10,12.0,1.067150443813995,1.067984905473312,447,1.0655067216642804,1.0658698393331716,447,3.1946756093930135,3.1954900205531156,447,0.39185594672412705,0.3927225513102504,447,0.3902388846726884,0.3905916776396086,447,1.1688513208698823,1.169730868848162,447
ae7127a8b48f61b051a8,ILVIS0_applanix_57289_510_LVISGH.013,221fbceb9d572b60b7e70e599955098418ca8b35688e2b9cfdf30f347f8ec34b,459,False,0,l1_broadcast,h10_v30_tau60,12.0,0.5408335928529415,0.5424782610727028,447,0.5375829976269502,0.5383023498169605,447,1.6090899285257358,1.6107062487379589,447,0.17326892047641068,0.17521997068216474,447,0.1695801371935482,0.17039041760203646,447,0.5044330804767446,0.5064677954916547,447
ae7127a8b48f61b051a8,ILVIS0_applanix_57289_510_LVISGH.013,221fbceb9d572b60b7e70e599955098418ca8b35688e2b9cfdf30f347f8ec34b,459,False,0,l1_broadcast,h10_v30_tau300,12.0,0.2619548875311034,0.26533384941347554,447,0.25517614951399586,0.25668815268254636,447,0.7577894757595033,0.7612155467316253,447,0.08968698183885054,0.09340061042940129,447,0.08233504016446588,0.08399125028052323,447,0.23800726008668743,0.24228980757298293,447
ae7127a8b48f61b051a8,ILVIS0_applanix_57289_510_LVISGH.013,221fbceb9d572b60b7e70e599955098418ca8b35688e2b9cfdf30f347f8ec34b,459,False,0,dual_frequency,formal_only,12.0,0.10127254350614581,0.15138739228457693,447,0.07175483193826972,0.10412305391985581,447,0.16826420887119084,0.25319081620609435,447,0.06148768411118113,0.0916096890070152,447,0.043718786727270066,0.06284146105540768,447,0.10130071691996376,0.15339983946358024,447
ae7127a8b48f61b051a8,ILVIS0_applanix_57289_510_LVISGH.013,221fbceb9d572b60b7e70e599955098418ca8b35688e2b9cfdf30f347f8ec34b,459,False,0,dual_frequency,h1_v3_tau0,12.0,0.1255205195375096,0.16857467537945864,447,0.1031892856029707,0.12783172426721465,447,0.27893780453338857,0.33704462075429575,447,0.07601800638900229,0.10193302614835757,447,0.06252466961853155,0.07711712680294584,447,0.1680590766085444,0.20374869091335654,447
ae7127a8b48f61b051a8,ILVIS0_applanix_57289_510_LVISGH.013,221fbceb9d572b60b7e70e599955098418ca8b35688e2b9cfdf30f347f8ec34b,459,False,0,dual_frequency,h1_v3_tau10,12.0,0.14688265342847281,0.18503118222618617,447,0.12832436135229347,0.14886267901157993,447,0.3608023229926738,0.4073955166590646,447,0.07273914610473232,0.09951174266345011,447,0.058494276571248616,0.07388705788812237,447,0.1544476220493583,0.19267522862491823,447
ae7127a8b48f61b051a8,ILVIS0_applanix_57289_510_LVISGH.013,221fbceb9d572b60b7e70e599955098418ca8b35688e2b9cfdf30f347f8ec34b,459,False,0,dual_frequency,h1_v3_tau60,12.0,0.11450512186119453,0.1605410874925769,447,0.0894653607310234,0.11703395449843498,447,0.23240158726917734,0.29967192780277446,447,0.06368432879638117,0.09309830467154152,447,0.04675778811913277,0.0649923662324291,447,0.11285593108251475,0.16126418309603474,447
ae7127a8b48f61b051a8,ILVIS0_applanix_57289_510_LVISGH.013,221fbceb9d572b60b7e70e599955098418ca8b35688e2b9cfdf30f347f8ec34b,459,False,0,dual_frequency,h1_v3_tau300,12.0,0.10427184093454535,0.15341001297971418,447,0.07592920814919815,0.10704256052017798,447,0.18401424586189544,0.2639204311634626,447,0.06193472445509546,0.09191033715355638,447,0.044345316650991784,0.06327893823699993,447,0.10372274780513897,0.1550099478305941,447
ae7127a8b48f61b051a8,ILVIS0_applanix_57289_510_LVISGH.013,221fbceb9d572b60b7e70e599955098418ca8b35688e2b9cfdf30f347f8ec34b,459,False,0,dual_frequency,h3_v10_tau0,12.0,0.24443727800616527,0.269094069259663,447,0.23375673405775602,0.24563230090795868,447,0.7604210147433199,0.7836025339175203,447,0.1475220433676756,0.16240187733062936,447,0.14104378857263616,0.14809141521459723,447,0.4583252502848804,0.4725798463829761,447
ae7127a8b48f61b051a8,ILVIS0_applanix_57289_510_LVISGH.013,221fbceb9d572b60b7e70e599955098418ca8b35688e2b9cfdf30f347f8ec34b,459,False,0,dual_frequency,h3_v10_tau10,12.0,0.3348456366119561,0.35324727829165653,447,0.3271302923856965,0.3357190211628394,447,1.0771032564176537,1.093592355600864,447,0.13180655524502258,0.1482719897206454,447,0.12451331262602935,0.13244350487533457,447,0.40160508353034896,0.4177993767998823,447
ae7127a8b48f61b051a8,ILVIS0_applanix_57289_510_LVISGH.013,221fbceb9d572b60b7e70e599955098418ca8b35688e2b9cfdf30f347f8ec34b,459,False,0,dual_frequency,h3_v10_tau60,12.0,0.18961482496468862,0.22048993713083356,447,0.17563145983756623,0.1911528267010245,447,0.5602163246562251,0.5912995316164675,447,0.07909084162758091,0.10424474384671974,447,0.0662265675156671,0.08014783330438126,447,0.19431335244243353,0.22589235231352686,447
ae7127a8b48f61b051a8,ILVIS0_applanix_57289_510_LVISGH.013,221fbceb9d572b60b7e70e599955098418ca8b35688e2b9cfdf30f347f8ec34b,459,False,0,dual_frequency,h3_v10_tau300,12.0,0.1257160560997622,0.16872032230256492,447,0.10342704965125751,0.1280237324036943,447,0.2999361904714744,0.35461880937171286,447,0.06540113501389885,0.09428101426020763,447,0.049070413455098945,0.06667550073475936,447,0.12561574282596497,0.1704376439779306,447
ae7127a8b48f61b051a8,ILVIS0_applanix_57289_510_LVISGH.013,221fbceb9d572b60b7e70e599955098418ca8b35688e2b9cfdf30f347f8ec34b,459,False,0,dual_frequency,h10_v30_tau0,12.0,0.7484540091043783,0.7568655411396875,447,0.745034248597138,0.7488451640245493,447,2.2310666339383416,2.2390737244057943,447,0.4511994404889661,0.45628122726968434,447,0.4491230701189866,0.4513859203479568,447,1.3447912973581795,1.349716010750823,447
ae7127a8b48f61b051a8,ILVIS0_applanix_57289_510_LVISGH.013,221fbceb9d572b60b7e70e599955098418ca8b35688e2b9cfdf30f347f8ec34b,459,False,0,dual_frequency,h10_v30_tau10,12.0,1.0686883124029525,1.0745960884436594,447,1.0662960831330834,1.0689622944436432,447,3.196069472488551,3.2016640816466375,447,0.3934533557694944,0.3992707929797202,447,0.3910705053846742,0.3936671908563316,447,1.1702500186151583,1.1759059410907724,447
ae7127a8b48f61b051a8,ILVIS0_applanix_57289_510_LVISGH.013,221fbceb9d572b60b7e70e599955098418ca8b35688e2b9cfdf30f347f8ec34b,459,False,0,dual_frequency,h10_v30_tau60,12.0,0.543861760461687,0.555380641607654,447,0.5391458451391149,0.5443999329880427,447,1.6118555213807404,1.6229205276924732,447,0.1768518560441907,0.18944180511727657,447,0.17148520636434877,0.1773270790672682,447,0.5076656660133394,0.5205709410071695,447
ae7127a8b48f61b051a8,ILVIS0_applanix_57289_510_LVISGH.013,221fbceb9d572b60b7e70e599955098418ca8b35688e2b9cfdf30f347f8ec34b,459,False,0,dual_frequency,h10_v30_tau300,12.0,0.26815108136216237,0.29080412488116475,447,0.25845237525312503,0.2692408823720978,447,0.7636443631000513,0.7867309100666278,447,0.09642725182528397,0.11793991865775762,447,0.08619055580587041,0.09729608862032908,447,0.24478388758960762,0.2705343372342342,447
ae7127a8b48f61b051a8,ILVIS0_applanix_57289_510_LVISGH.013,221fbceb9d572b60b7e70e599955098418ca8b35688e2b9cfdf30f347f8ec34b,459,False,0,l1_broadcast,formal_only,30.0,0.02289215467970182,0.024725696702442686,429,0.01602001749597668,0.01730778370729349,429,0.038300887417717505,0.04153226993413077,429,0.005696310993329849,0.006239648470370497,429,0.0040022216446357235,0.00434486796305939,429,0.009541068866457246,0.010457533115649488,429
ae7127a8b48f61b051a8,ILVIS0_applanix_57289_510_LVISGH.013,221fbceb9d572b60b7e70e599955098418ca8b35688e2b9cfdf30f347f8ec34b,459,False,0,l1_broadcast,h1_v3_tau0,30.0,0.030529392633782255,0.03192731174941981,429,0.025780497072004704,0.026599858166079383,429,0.0716860906686846,0.07346337299958516,429,0.007597932202730098,0.008013354411234118,429,0.006426382568548438,0.0066451879119477485,429,0.017848179978234548,0.018354441759888592,429
ae7127a8b48f61b051a8,ILVIS0_applanix_57289_510_LVISGH.013,221fbceb9d572b60b7e70e599955098418ca8b35688e2b9cfdf30f347f8ec34b,459,False,0,l1_broadcast,h1_v3_tau10,30.0,0.055643482543382125,0.05642257227012634,429,0.053186345656076765,0.05358829904318255,429,0.15689574758441083,0.15771571648694838,429,0.010636573106227537,0.010937183258322164,429,0.009833946644363243,0.009978308900229669,429,0.028587244563214056,0.028906029743077297,429
ae7127a8b48f61b051a8,ILVIS0_applanix_57289_510_LVISGH.013,221fbceb9d572b60b7e70e599955098418ca8b35688e2b9cfdf30f347f8ec34b,459,False,0,l1_broadcast,h1_v3_tau60,30.0,0.039717722652735904,0.04080204609593869,429,0.03619513375319472,0.0367832317190968,429,0.10463258908460109,0.10585816124425833,429,0.007174357961489112,0.0076129287282246,429,0.005919563439954199,0.006156407807900936,429,0.016193920901256285,0.016750256055798628,429
ae7127a8b48f61b051a8,ILVIS0_applanix_57289_510_LVISGH.013,221fbceb9d572b60b7e70e599955098418ca8b35688e2b9cfdf30f347f8ec34b,459,False,0,l1_broadcast,h1_v3_tau300,30.0,0.02786751014916067,0.029392303733528368,429,0.02256520189596313,0.023496952141587164,429,0.06115459395084136,0.06322860049550914,429,0.006026692288028854,0.006542650753078424,429,0.0044599146958934814,0.004769795333647894,429,0.011220050986122278,0.012009061074571899,429
ae7127a8b48f61b051a8,ILVIS0_applanix_57289_510_LVISGH.013,221fbceb9d572b60b7e70e599955098418ca8b35688e2b9cfdf30f347f8ec34b,459,False,0,l1_broadcast,h3_v10_tau0,30.0,0.06477644914823281,0.06544690892080138,429,0.06267837409302826,0.06301981441963096,429,0.20558760869227766,0.20621405497518064,429,0.016123693508427385,0.016323565545724537,429,0.015605874263038375,0.01569724368553348,429,0.05117707961157742,0.05135583200927165,429
ae7127a8b48f61b051a8,ILVIS0_applanix_57289_510_LVISGH.013,221fbceb9d572b60b7e70e599955098418ca8b35688e2b9cfdf30f347f8ec34b,459,False,0,l1_broadcast,h3_v10_tau10,30.0,0.153861523386992,0.15414498995468134,429,0.1529900604407289,0.153130261624418,429,0.5086075091311691,0.5088610517336748,429,0.02754353854418968,0.027661016257509705,429,0.027243647602612296,0.027296089192119972,429,0.09033219163871606,0.09043358253464152,429
ae7127a8b48f61b051a8,ILVIS0_applanix_57289_510_LVISGH.013,221fbceb9d572b60b7e70e599955098418ca8b35688e2b9cfdf30f347f8ec34b,459,False,0,l1_broadcast,h3_v10_tau60,30.0,0.10002535412305075,0.1004608431620143,429,0.09867959101117978,0.0988968154864622,429,0.32682048996507296,0.3272149206353478,429,0.014270915807137113,0.0144963559439196,429,0.013683159618101955,0.013787276879702095,429,0.04464725431423136,0.044852038098550776,429
ae7127a8b48f61b051a8,ILVIS0_applanix_57289_510_LVISGH.013,221fbceb9d572b60b7e70e599955098418ca8b35688e2b9cfdf30f347f8ec34b,459,False,0,l1_broadcast,h3_v10_tau300,30.0,0.052886455072986366,0.053705554999083596,429,0.05029480435272624,0.05071967837817858,429,0.1634677203009896,0.1642548848533386,429,0.008203993414760536,0.008590156420050508,429,0.007132694239170386,0.0073304475007068635,429,0.02187094180185382,0.02228600679993167,429
ae7127a8b48f61b051a8,ILVIS0_applanix_57289_510_LVISGH.013,221fbceb9d572b60b7e70e599955098418ca8b35688e2b9cfdf30f347f8ec34b,459,False,0,l1_broadcast,h10_v30_tau0,30.0,0.20328147386494375,0.20349611094150113,429,0.20262267353728164,0.20272855315170873,429,0.607174373482943,0.6073867725276947,429,0.05060147667201012,0.05066551833506027,429,0.0504388665668455,0.05046721125615671,429,0.15114094527033953,0.15120156527300987,429
ae7127a8b48f61b051a8,ILVIS0_applanix_57289_510_LVISGH.013,221fbceb9d572b60b7e70e599955098418ca8b35688e2b9cfdf30f347f8ec34b,459,False,0,l1_broadcast,h10_v30_tau10,30.0,0.5076797131199031,0.5077656946544207,429,0.507416280117419,0.5074585695008834,429,1.5219719843957817,1.5220567311744537,429,0.09000733753462532,0.09004335687544304,429,0.08991601986983205,0.08993192303583238,429,0.2696495645376934,0.2696835472533768,429
ae7127a8b48f61b051a8,ILVIS0_applanix_57289_510_LVISGH.013,221fbceb9d572b60b7e70e599955098418ca8b35688e2b9cfdf30f347f8ec34b,459,False,0,l1_broadcast,h10_v30_tau60,30.0,0.32537474614650885,0.32550888618212154,429,0.32496356048732156,0.3250295895395604,429,0.9744583265246473,0.9745906842161358,429,0.04398628515364649,0.044059943124440296,429,0.04379912214620245,0.043831760768617625,429,0.13119504525431216,0.13126487688287924,429
ae7127a8b48f61b051a8,ILVIS0_applanix_57289_510_LVISGH.013,221fbceb9d572b60b7e70e599955098418ca8b35688e2b9cfdf30f347f8ec34b,459,False,0,l1_broadcast,h10_v30_tau300,30.0,0.1605577414804322,0.16082940620088082,429,0.15972281791901025,0.15985711430996852,429,0.4782881938828783,0.478557800097853,429,0.02048790031014227,0.020645565185251118,429,0.020082925042891234,0.020154007732026212,429,0.05980624463034654,0.059959277018491165,429
ae7127a8b48f61b051a8,ILVIS0_applanix_57289_510_LVISGH.013,221fbceb9d572b60b7e70e599955098418ca8b35688e2b9cfdf30f347f8ec34b,459,False,0,dual_frequency,formal_only,30.0,0.02808024913835602,0.0396973716113614,429,0.02001243096234447,0.027218186283979626,429,0.046813857754437374,0.06640248466332807,429,0.007011829616706733,0.010023127720177945,429,0.005052993656606551,0.006871878768435991,429,0.011619248327936678,0.016761174963073635,429
ae7127a8b48f61b051a8,ILVIS0_applanix_57289_510_LVISGH.013,221fbceb9d572b60b7e70e599955098418ca8b35688e2b9cfdf30f347f8ec34b,459,False,0,dual_frequency,h1_v3_tau0,30.0,0.034590366583492405,0.04454070599721131,429,0.028433966690049557,0.03389428893900908,429,0.0765733301889561,0.08989565084344266,429,0.008628230954157302,0.01121355034222331,429,0.007128349017707998,0.0085148889966117,429,0.019040285321581505,0.02254911672285559,429
ae7127a8b48f61b051a8,ILVIS0_applanix_57289_510_LVISGH.013,221fbceb9d572b60b7e70e599955098418ca8b35688e2b9cfdf30f347f8ec34b,459,False,0,dual_frequency,h1_v3_tau10,30.0,0.057971085856213016,0.06440518648111374,429,0.0545219570145724,0.05755845953159702,429,0.15918811171359243,0.16600785655938,429,0.011395371125378854,0.013459265717859322,429,0.010306380228047987,0.011309794424441263,429,0.029346302804762157,0.03173540258195222,429
ae7127a8b48f61b051a8,ILVIS0_applanix_57289_510_LVISGH.013,221fbceb9d572b60b7e70e599955098418ca8b35688e2b9cfdf30f347f8ec34b,459,False,0,dual_frequency,h1_v3_tau60,30.0,0.04291791162804175,0.05127697604545565,429,0.03813061945291291,0.04235890177034152,429,0.1080396131028569,0.11785716512406152,429,0.008257675689961273,0.010930990265768731,429,0.006675042930240805,0.008139175183977828,429,0.017499085997500687,0.021263776434166017,429
ae7127a8b48f61b051a8,ILVIS0_applanix_57289_510_LVISGH.013,221fbceb9d572b60b7e70e599955098418ca8b35688e2b9cfdf30f347f8ec34b,459,False,0,dual_frequency,h1_v3_tau300,30.0,0.03226527185235424,0.04276013052140873,429,0.025554740637634785,0.03151788547176423,429,0.06681664210479532,0.08174482670291049,429,0.00728277526603572,0.010214506919990932,429,0.005422712042471185,0.007148131171361634,429,0.013033206847240745,0.017770609754177186,429
ae7127a8b48f61b051a8,ILVIS0_applanix_57289_510_LVISGH.013,221fbceb9d572b60b7e70e599955098418ca8b35688e2b9cfdf30f347f8ec34b,459,False,0,dual_frequency,h3_v10_tau0,30.0,0.06678651068925777,0.0724418339263922,429,0.06381563297027462,0.06642866468905537,429,0.20734233564006438,0.21262313547542258,429,0.01663404003826787,0.01811045685263319,429,0.01590780557822728,0.016575531845455745,429,0.05160492625865784,0.05299998831140868,429
ae7127a8b48f61b051a8,ILVIS0_applanix_57289_510_LVISGH.013,221fbceb9d572b60b7e70e599955098418ca8b35688e2b9cfdf30f347f8ec34b,459,False,0,dual_frequency,h3_v10_tau10,30.0,0.15471851222384034,0.15724248612529704,429,0.15345948985354113,0.15456437992474314,429,0.509319327775297,0.5114918682800015,429,0.027845364267257443,0.02875172476859371,429,0.027417718750768417,0.02781045270710725,429,0.09057527136501167,0.09137729560042504,429
ae7127a8b48f61b051a8,ILVIS0_applanix_57289_510_LVISGH.013,221fbceb9d572b60b7e70e599955098418ca8b35688e2b9cfdf30f347f8ec34b,459,False,0,dual_frequency,h3_v10_tau60,30.0,0.10133864570456058,0.1051518068771572,429,0.09940582535538305,0.10110316819745964,429,0.327927144289518,0.3312913606023179,429,0.014845094597724566,0.016482541999699694,429,0.014026539984449886,0.014779506125960658,429,0.045137038609011894,0.04672560959399115,429
ae7127a8b48f61b051a8,ILVIS0_applanix_57289_510_LVISGH.013,221fbceb9d572b60b7e70e599955098418ca8b35688e2b9cfdf30f347f8ec34b,459,False,0,dual_frequency,h3_v10_tau300,30.0,0.05533016153943304,0.062038762162241724,429,0.05170516199887797,0.0548976888283615,429,0.16566917299627773,0.17223248364081323,429,0.009166422616835285,0.011632740325595855,429,0.007771119218646037,0.009059816181959286,429,0.02285416880772207,0.025850401827958724,429
ae7127a8b48f61b051a8,ILVIS0_applanix_57289_510_LVISGH.013,221fbceb9d572b60b7e70e599955098418ca8b35688e2b9cfdf30f347f8ec34b,459,False,0,dual_frequency,h10_v30_tau0,30.0,0.2039308884462983,0.20585234682822767,429,0.20297734913986587,0.20381397592553152,429,0.607770761977962,0.6095925301308464,429,0.05076639870060688,0.05126913892378696,429,0.05053310031404129,0.05074725811185243,429,0.15128635190856957,0.15176788411640718,429
ae7127a8b48f61b051a8,ILVIS0_applanix_57289_510_LVISGH.013,221fbceb9d572b60b7e70e599955098418ca8b35688e2b9cfdf30f347f8ec34b,459,False,0,dual_frequency,h10_v30_tau10,30.0,0.5079400956405192,0.5087145783324815,429,0.5075580141822709,0.5078931681792351,429,1.5222100054153176,1.5229382962787694,429,0.09010015874410526,0.09038437904634353,429,0.08996891460961919,0.0900893754813877,429,0.2697310931130474,0.2700014684590374,429
ae7127a8b48f61b051a8,ILVIS0_applanix_57289_510_LVISGH.013,221fbceb9d572b60b7e70e599955098418ca8b35688e2b9cfdf30f347f8ec34b,459,False,0,dual_frequency,h10_v30_tau60,30.0,0.32578086972027354,0.326987089224946,429,0.3251848275628005,0.3257076980952467,429,0.9748300413067316,0.9759668862811619,429,0.044175910599091185,0.04475274791330169,429,0.04390760831084833,0.04415391314557832,429,0.13136253208534313,0.13191681170328007,429
ae7127a8b48f61b051a8,ILVIS0_applanix_57289_510_LVISGH.013,221fbceb9d572b60b7e70e599955098418ca8b35688e2b9cfdf30f347f8ec34b,459,False,0,dual_frequency,h10_v30_tau300,30.0,0.16137917460158868,0.16380054766651292,429,0.16017251635795857,0.16123140981981032,429,0.47904506646933936,0.48135426598040226,429,0.020891908834745638,0.022085497905795663,429,0.020318436088422338,0.02084535495225088,429,0.060172766542486926,0.06137338338794073,429
ae7127a8b48f61b051a8,ILVIS0_applanix_57289_510_LVISGH.013,221fbceb9d572b60b7e70e599955098418ca8b35688e2b9cfdf30f347f8ec34b,459,False,0,l1_broadcast,formal_only,60.0,0.008282372716488063,0.00882956936132626,399,0.005815829146469098,0.006175000926953895,399,0.013864287682506016,0.014819542053364719,399,0.001056881411429911,0.001124326369995469,399,0.0007370926380822944,0.0007839510880158522,399,0.0017679270176284834,0.001886930306893457,399
ae7127a8b48f61b051a8,ILVIS0_applanix_57289_510_LVISGH.013,221fbceb9d572b60b7e70e599955098418ca8b35688e2b9cfdf30f347f8ec34b,459,False,0,l1_broadcast,h1_v3_tau0,60.0,0.011235970498747219,0.011645197753032183,399,0.009564162477436874,0.009786724297165185,399,0.026665755006155666,0.02717467338556596,399,0.0014037889392863637,0.0014552439163861457,399,0.0011819181974027518,0.0012116948364328391,399,0.003287581414017093,0.0033530779407836826,399
ae7127a8b48f61b051a8,ILVIS0_applanix_57289_510_LVISGH.013,221fbceb9d572b60b7e70e599955098418ca8b35688e2b9cfdf30f347f8ec34b,459,False,0,l1_broadcast,h1_v3_tau10,60.0,0.025806002335084913,0.025986791925389885,399,0.025123214909013966,0.02520878212807345,399,0.0746216255603932,0.07480499579449315,399,0.0027279299811785755,0.002754761959610599,399,0.002620669613190869,0.0026342329002554572,399,0.007748999865733804,0.007777013505995195,399
ae7127a8b48f61b051a8,ILVIS0_applanix_57289_510_LVISGH.013,221fbceb9d572b60b7e70e599955098418ca8b35688e2b9cfdf30f347f8ec34b,459,False,0,l1_broadcast,h1_v3_tau60,60.0,0.022626516775974204,0.022832495690114647,399,0.02184457443530397,0.0219429305529276,399,0.06467203835763054,0.06488353365315432,399,0.0018673545209175195,0.0019063379495625613,399,0.001706845085554086,0.0017275977244041538,399,0.004945270188811316,0.004989051751966835,399
ae7127a8b48f61b051a8,ILVIS0_applanix_57289_510_LVISGH.013,221fbceb9d572b60b7e70e599955098418ca8b35688e2b9cfdf30f347f8ec34b,459,False,0,l1_broadcast,h1_v3_tau300,60.0,0.013929481119573468,0.014261628311116109,399,0.012619691561470405,0.012789190118860067,399,0.03634712080694755,0.036722112959870976,399,0.0012728861248047806,0.0013294173747717037,399,0.0010230084682003211,0.001057270106120369,399,0.0027667187894165903,0.002844235041004136,399
ae7127a8b48f61b051a8,ILVIS0_applanix_57289_510_LVISGH.013,221fbceb9d572b60b7e70e599955098418ca8b35688e2b9cfdf30f347f8ec34b,459,False,0,l1_broadcast,h3_v10_tau0,60.0,0.02423719692785974,0.02442959911586443,399,0.023508889505162663,0.02360031048039529,399,0.07718258868639019,0.0773598887730555,399,0.0029664160079051565,0.002991109393513675,399,0.0028680884176128536,0.002880486924554823,399,0.00940680991427626,0.009429899942142257,399
ae7127a8b48f61b051a8,ILVIS0_applanix_57289_510_LVISGH.013,221fbceb9d572b60b7e70e599955098418ca8b35688e2b9cfdf30f347f8ec34b,459,False,0,l1_broadcast,h3_v10_tau10,60.0,0.07378865919737983,0.07385208070386029,399,0.07355265050963941,0.07358192146226288,399,0.24480078501365451,0.2448567432997372,399,0.007618295826318892,0.007627944858860387,399,0.007580550015440627,0.0075852496523109375,399,0.025210829664617292,0.025219454247422935,399
ae7127a8b48f61b051a8,ILVIS0_applanix_57289_510_LVISGH.013,221fbceb9d572b60b7e70e599955098418ca8b35688e2b9cfdf30f347f8ec34b,459,False,0,l1_broadcast,h3_v10_tau60,60.0,0.06370911842273735,0.06378256319983226,399,0.06343562044347377,0.06346955734941562,399,0.21101747518346653,0.21108238967001244,399,0.0047378401849905456,0.004753339993191709,399,0.004676904623551808,0.004684518183237908,399,0.015496032551468218,0.015510060122210977,399
ae7127a8b48f61b051a8,ILVIS0_applanix_57289_510_LVISGH.013,221fbceb9d572b60b7e70e599955098418ca8b35688e2b9cfdf30f347f8ec34b,459,False,0,l1_broadcast,h3_v10_tau300,60.0,0.03460480336349821,0.03473983324550327,399,0.034098659602284524,0.03416175281984809,399,0.11285164206831941,0.1129729769148001,399,0.0023761660796072608,0.0024069226638108363,399,0.0022522150157489795,0.002267982854532077,399,0.007310926263416001,0.007340611894219252,399
ae7127a8b48f61b051a8,ILVIS0_applanix_57289_510_LVISGH.013,221fbceb9d572b60b7e70e599955098418ca8b35688e2b9cfdf30f347f8ec34b,459,False,0,l1_broadcast,h10_v30_tau0,60.0,0.07637755705182003,0.07643883057286573,399,0.07614957250077059,0.07617784560576779,399,0.2282030240453576,0.22826305127960264,399,0.009299435743177726,0.009307342081068466,399,0.009268538848210137,0.009272382980230422,399,0.02777387490705338,0.02778170382666038,399
ae7127a8b48f61b051a8,ILVIS0_applanix_57289_510_LVISGH.013,221fbceb9d572b60b7e70e599955098418ca8b35688e2b9cfdf30f347f8ec34b,459,False,0,l1_broadcast,h10_v30_tau10,60.0,0.2445481620625537,0.2445673060045571,399,0.24447705360425775,0.24448586157099755,399,0.7333546695195765,0.7333733508264108,399,0.02517096273002907,0.025173884806066412,399,0.02515956422507754,0.0251609806197431,399,0.07546700513395134,0.07546988673668413,399
ae7127a8b48f61b051a8,ILVIS0_applanix_57289_510_LVISGH.013,221fbceb9d572b60b7e70e599955098418ca8b35688e2b9cfdf30f347f8ec34b,459,False,0,l1_broadcast,h10_v30_tau60,60.0,0.21072435563474015,0.2107465721093221,399,0.21064182924700056,0.21065205196630793,399,0.6318367081071643,0.6318583908660882,399,0.015431087363317206,0.015435853351431625,399,0.01541248728964981,0.01541479932418529,399,0.04621838049962566,0.04622308553275244,399
ae7127a8b48f61b051a8,ILVIS0_applanix_57289_510_LVISGH.013,221fbceb9d572b60b7e70e599955098418ca8b35688e2b9cfdf30f347f8ec34b,459,False,0,l1_broadcast,h10_v30_tau300,60.0,0.11230259276787698,0.11234427417780156,399,0.11214766387773625,0.11216686356640457,399,0.3362762112818842,0.33631694972187104,399,0.00717224338734201,0.007182491676275469,399,0.007132137298633575,0.0071371322110387264,399,0.021355145935925298,0.021365327006716305,399
ae7127a8b48f61b051a8,ILVIS0_applanix_57289_510_LVISGH.013,221fbceb9d572b60b7e70e599955098418ca8b35688e2b9cfdf30f347f8ec34b,459,False,0,dual_frequency,formal_only,60.0,0.011014521797069163,0.013692707310678119,399,0.007743797446918,0.009585202966048282,399,0.018425091456678176,0.023009421238647784,399,0.0013929002262194695,0.0017521960953236053,399,0.0009709034062627368,0.0011994689519738758,399,0.002325749807106993,0.00293117141667345,399
ae7127a8b48f61b051a8,ILVIS0_applanix_57289_510_LVISGH.013,221fbceb9d572b60b7e70e599955098418ca8b35688e2b9cfdf30f347f8ec34b,459,False,0,dual_frequency,h1_v3_tau0,60.0,0.013377930544445343,0.015656933813150205,399,0.010845078797905791,0.012228059991164128,399,0.02929723557423094,0.03237711400067162,399,0.0016714652579215947,0.001980862513363658,399,0.0013402531449428646,0.0015140511343899126,399,0.003618250651818928,0.004034153137619598,399
ae7127a8b48f61b051a8,ILVIS0_applanix_57289_510_LVISGH.013,221fbceb9d572b60b7e70e599955098418ca8b35688e2b9cfdf30f347f8ec34b,459,False,0,dual_frequency,h1_v3_tau10,60.0,0.02680805381078033,0.028015037339494547,399,0.025638222590547807,0.02625315551764716,399,0.0756019346546052,0.07684791503938807,399,0.002874852118733955,0.0030650929911172106,399,0.002695785059807152,0.002786275190418275,399,0.00789496961012137,0.008094022420583819,399
ae7127a8b48f61b051a8,ILVIS0_applanix_57289_510_LVISGH.013,221fbceb9d572b60b7e70e599955098418ca8b35688e2b9cfdf30f347f8ec34b,459,False,0,dual_frequency,h1_v3_tau60,60.0,0.023763022829950065,0.02511676372697136,399,0.022434971863087103,0.023135204332952866,399,0.06580074519011546,0.06722862179451508,399,0.0020760986559331105,0.0023324248948107026,399,0.0018200736285264956,0.0019515994363584774,399,0.0051710002384396945,0.005470091155518713,399
ae7127a8b48f61b051a8,ILVIS0_applanix_57289_510_LVISGH.013,221fbceb9d572b60b7e70e599955098418ca8b35688e2b9cfdf30f347f8ec34b,459,False,0,dual_frequency,h1_v3_tau300,60.0,0.015708355638444135,0.017689629534499627,399,0.013616135477609703,0.014741399606751887,399,0.03831942996964472,0.04072257632443828,399,0.0015631416471633976,0.0018903523407188315,399,0.0012024534058278668,0.0013935445947030967,399,0.0031525036217756,0.0036222828203114027,399
ae7127a8b48f61b051a8,ILVIS0_applanix_57289_510_LVISGH.013,221fbceb9d572b60b7e70e599955098418ca8b35688e2b9cfdf30f347f8ec34b,459,False,0,dual_frequency,h3_v10_tau0,60.0,0.02530145662848563,0.026576950063243992,399,0.02405847908750513,0.024712752437448634,399,0.07813077190567205,0.07933704709197005,399,0.0031020632898656557,0.00327914882364922,399,0.002936882537389344,0.003020157510242347,399,0.00952741407670117,0.009693001227343337,399
ae7127a8b48f61b051a8,ILVIS0_applanix_57289_510_LVISGH.013,221fbceb9d572b60b7e70e599955098418ca8b35688e2b9cfdf30f347f8ec34b,459,False,0,dual_frequency,h3_v10_tau10,60.0,0.07414504851134937,0.07458993761554665,399,0.07373014937751811,0.07394622805976271,399,0.24510138691069286,0.24548857283493872,399,0.007672131647702874,0.007745426034170521,399,0.007606844707483804,0.007639382092351499,399,0.025256078052697428,0.025319007334738117,399
ae7127a8b48f61b051a8,ILVIS0_applanix_57289_510_LVISGH.013,221fbceb9d572b60b7e70e599955098418ca8b35688e2b9cfdf30f347f8ec34b,459,False,0,dual_frequency,h3_v10_tau60,60.0,0.06412155458818554,0.06463547274662533,399,0.06364134246923489,0.06389155021066203,399,0.21136612868444313,0.2118149897478141,399,0.004823930175788972,0.004939668283115721,399,0.004719405124057242,0.004771672356090579,399,0.015569539847463702,0.01567141425883651,399
ae7127a8b48f61b051a8,ILVIS0_applanix_57289_510_LVISGH.013,221fbceb9d572b60b7e70e599955098418ca8b35688e2b9cfdf30f347f8ec34b,459,False,0,dual_frequency,h3_v10_tau300,60.0,0.035358371122404135,0.03628202005958734,399,0.034479865384169424,0.034939531106523675,399,0.11350224068167,0.11433594432610548,399,0.0025434893277252626,0.0027566933587598427,399,0.0023391922418524403,0.0024429270746422205,399,0.007465466432494578,0.007675665629333379,399
ae7127a8b48f61b051a8,ILVIS0_applanix_57289_510_LVISGH.013,221fbceb9d572b60b7e70e599955098418ca8b35688e2b9cfdf30f347f8ec34b,459,False,0,dual_frequency,h10_v30_tau0,60.0,0.07672192133808504,0.07715195259110619,399,0.07632103197866294,0.07652979576167333,399,0.2285254596444119,0.22894068059784523,399,0.009343590202051225,0.009403866135821826,399,0.009290057063762201,0.009316717909069693,399,0.02781495413582857,0.027872106619182404,399
ae7127a8b48f61b051a8,ILVIS0_applanix_57289_510_LVISGH.013,221fbceb9d572b60b7e70e599955098418ca8b35688e2b9cfdf30f347f8ec34b,459,False,0,dual_frequency,h10_v30_tau10,60.0,0.24465593301773067,0.24479112756903573,399,0.24453051398395478,0.24459575218366514,399,0.7334550680364892,0.733584546153915,399,0.025187309055929114,0.02520973141319447,399,0.02516749927710298,0.025177352764186693,399,0.07548213305222261,0.07550321227555333,399
ae7127a8b48f61b051a8,ILVIS0_applanix_57289_510_LVISGH.013,221fbceb9d572b60b7e70e599955098418ca8b35688e2b9cfdf30f347f8ec34b,459,False,0,dual_frequency,h10_v30_tau60,60.0,0.21084941557964948,0.2110062715323595,399,0.21070387456988188,0.2107795826824703,399,0.6319532350055197,0.632103504784902,399,0.015457736895700616,0.015494245718349002,399,0.01542543718410582,0.01544150849723203,399,0.04624307777639562,0.0462774772005491,399
ae7127a8b48f61b051a8,ILVIS0_applanix_57289_510_LVISGH.013,221fbceb9d572b60b7e70e599955098418ca8b35688e2b9cfdf30f347f8ec34b,459,False,0,dual_frequency,h10_v30_tau300,60.0,0.11253707982256737,0.1128306913492691,399,0.11226415743001718,0.11240618648680914,399,0.3364951051595581,0.3367772339745763,399,0.00722940163012454,0.00730713817843003,399,0.007160078932088507,0.0071946370765232125,399,0.021408545120354727,0.02148274791506647,399
93f52157cbd20bdf8c1b,ILVIS0_58016_B200T_N44U_imu_510i_0539_41265390920_104746.013,125b48eace30aebd6ede69515bdbbeb33a089fa32b3ea45506dbe89424de4fdc,569,False,0,l1_broadcast,formal_only,2.0,0.3388774308274436,0.42609084746454146,567,0.2905885200508172,0.36621197475710177,567,0.7542005207703387,0.9532325746869043,567,1.1731701257639067,1.5047799568142883,567,1.0059715138920835,1.29261592368727,567,2.6102465175571865,3.3631663260736637,567
93f52157cbd20bdf8c1b,ILVIS0_58016_B200T_N44U_imu_510i_0539_41265390920_104746.013,125b48eace30aebd6ede69515bdbbeb33a089fa32b3ea45506dbe89424de4fdc,569,False,0,l1_broadcast,h1_v3_tau0,2.0,0.7841179839205482,0.8255643910519358,567,0.7644898871592354,0.7963129474587674,567,2.251409852021838,2.3256569996742193,567,2.71593964292009,2.874782125294113,567,2.6480141024477826,2.769634579687809,567,7.798293844323863,8.081522765086037,567
93f52157cbd20bdf8c1b,ILVIS0_58016_B200T_N44U_imu_510i_0539_41265390920_104746.013,125b48eace30aebd6ede69515bdbbeb33a089fa32b3ea45506dbe89424de4fdc,569,False,0,l1_broadcast,h1_v3_tau10,2.0,0.45329420486989896,0.5217194244100598,567,0.41842491683664024,0.4740769279648432,567,1.1766723983038254,1.313161066554423,567,1.3323251501991502,1.6319089595368568,567,1.1877461212862865,1.4386184240332038,567,3.2252513606281927,3.8600236963943866,567
93f52157cbd20bdf8c1b,ILVIS0_58016_B200T_N44U_imu_510i_0539_41265390920_104746.013,125b48eace30aebd6ede69515bdbbeb33a089fa32b3ea45506dbe89424de4fdc,569,False,0,l1_broadcast,h1_v3_tau60,2.0,0.36226090386159787,0.4449139981193228,567,0.31754800791020127,0.38795136271530606,567,0.8463887225217309,1.027719721640234,567,1.2012446521737246,1.5267690282178341,567,1.0385755904860283,1.3181492590633663,567,2.722743472297577,3.451208534619129,567
93f52157cbd20bdf8c1b,ILVIS0_58016_B200T_N44U_imu_510i_0539_41265390920_104746.013,125b48eace30aebd6ede69515bdbbeb33a089fa32b3ea45506dbe89424de4fdc,569,False,0,l1_broadcast,h1_v3_tau300,2.0,0.3437488321145362,0.42997529937298906,567,0.29625501589209075,0.37072436785179663,567,0.7737871436211248,0.9688036275956525,567,1.178839017024285,1.5092037899565283,567,1.0125768962583594,1.2977632337846914,567,2.633132438576602,3.3809597531551607,567
93f52157cbd20bdf8c1b,ILVIS0_58016_B200T_N44U_imu_510i_0539_41265390920_104746.013,125b48eace30aebd6ede69515bdbbeb33a089fa32b3ea45506dbe89424de4fdc,569,False,0,l1_broadcast,h3_v10_tau0,2.0,2.1482238731973338,2.1636962303318734,567,2.141137451037665,2.1527050673550328,567,7.111197394523082,7.13505168768636,567,7.441527272273142,7.500958294528528,567,7.417006046024392,7.461292142675606,567,24.633582501991462,24.724704913159133,567
93f52157cbd20bdf8c1b,ILVIS0_58016_B200T_N44U_imu_510i_0539_41265390920_104746.013,125b48eace30aebd6ede69515bdbbeb33a089fa32b3ea45506dbe89424de4fdc,569,False,0,l1_broadcast,h3_v10_tau10,2.0,0.9646644082394845,0.9986455716530773,567,0.9487787915974673,0.9746028514883932,567,3.1036415272986604,3.157914645888697,567,2.228270091528289,2.419345002695915,567,2.144956443281989,2.2934107008464113,567,6.832979077185017,7.1545243957174485,567
93f52157cbd20bdf8c1b,ILVIS0_58016_B200T_N44U_imu_510i_0539_41265390920_104746.013,125b48eace30aebd6ede69515bdbbeb33a089fa32b3ea45506dbe89424de4fdc,569,False,0,l1_broadcast,h3_v10_tau60,2.0,0.5122434550152166,0.573680126306117,567,0.4816608060316322,0.5307227663331809,567,1.486042852602695,1.5962949173593128,567,1.4057998710714656,1.6924274312383505,567,1.2696156191076018,1.5069199554959893,567,3.6714362205445745,4.2399292186458375,567
93f52157cbd20bdf8c1b,ILVIS0_58016_B200T_N44U_imu_510i_0539_41265390920_104746.013,125b48eace30aebd6ede69515bdbbeb33a089fa32b3ea45506dbe89424de4fdc,569,False,0,l1_broadcast,h3_v10_tau300,2.0,0.38048131521442385,0.45987121979559487,567,0.338186052474689,0.4050176892640517,567,0.9493961613152475,1.1140857530391173,567,1.2232447427435944,1.5441382509417534,567,1.0639446618256385,1.338229121402181,567,2.854245134848733,3.5558728603552754,567
93f52157cbd20bdf8c1b,ILVIS0_58016_B200T_N44U_imu_510i_0539_41265390920_104746.013,125b48eace30aebd6ede69515bdbbeb33a089fa32b3ea45506dbe89424de4fdc,569,False,0,l1_broadcast,h10_v30_tau0,2.0,7.079205313555034,7.083915826844977,567,7.077058120880945,7.080566444085902,567,21.22667209080606,21.234675468612657,567,24.52297551570742,24.54107527829459,567,24.51554565345758,24.528980433852084,567,73.53103689519429,73.56161387207958,567
93f52157cbd20bdf8c1b,ILVIS0_58016_B200T_N44U_imu_510i_0539_41265390920_104746.013,125b48eace30aebd6ede69515bdbbeb33a089fa32b3ea45506dbe89424de4fdc,569,False,0,l1_broadcast,h10_v30_tau10,2.0,3.0296221245506376,3.0406127321231744,567,3.0246014600981455,3.0328012653671164,567,9.06326481823812,9.081993358816483,567,6.422814362163496,6.491578494180428,567,6.394387763780917,6.4457037139623905,567,19.12326678587836,19.24050355228821,567
93f52157cbd20bdf8c1b,ILVIS0_58016_B200T_N44U_imu_510i_0539_41265390920_104746.013,125b48eace30aebd6ede69515bdbbeb33a089fa32b3ea45506dbe89424de4fdc,569,False,0,l1_broadcast,h10_v30_tau60,2.0,1.324516080448068,1.349465972401828,567,1.3129914783526315,1.3317718066514643,567,3.914634444453529,3.957802044581083,567,2.8359099391715725,2.988382434593273,567,2.770926871259785,2.8873747908706506,567,8.173609987905243,8.444259926442923,567
93f52157cbd20bdf8c1b,ILVIS0_58016_B200T_N44U_imu_510i_0539_41265390920_104746.013,125b48eace30aebd6ede69515bdbbeb33a089fa32b3ea45506dbe89424de4fdc,569,False,0,l1_broadcast,h10_v30_tau300,2.0,0.6688591471409253,0.7169993747602543,567,0.6457370467730664,0.68311481924543,567,1.887228188598068,1.975212488641977,567,1.6461034449186804,1.8967593427243106,567,1.5314395496233524,1.7332615409627457,567,4.337435019560943,4.828138329285367,567
93f52157cbd20bdf8c1b,ILVIS0_58016_B200T_N44U_imu_510i_0539_41265390920_104746.013,125b48eace30aebd6ede69515bdbbeb33a089fa32b3ea45506dbe89424de4fdc,569,False,0,dual_frequency,formal_only,2.0,0.7031272811102613,0.9163489651251164,567,0.6028820199305284,0.7854680353106122,567,1.5659909143753954,2.024715052553975,567,2.433605724991911,3.226271221158365,567,2.092191859029853,2.7677242395540937,567,5.426648665459006,7.156507300820186,567
93f52157cbd20bdf8c1b,ILVIS0_58016_B200T_N44U_imu_510i_0539_41265390920_104746.013,125b48eace30aebd6ede69515bdbbeb33a089fa32b3ea45506dbe89424de4fdc,569,False,0,dual_frequency,h1_v3_tau0,2.0,0.9971915929373476,1.1574536275046508,567,0.9292307730262328,1.056864880686432,567,2.636731962137417,2.9324903305047427,567,3.45288818595584,4.050781227980623,567,3.221376534183919,3.6959843329313506,567,9.135015913414058,10.257476734335572,567
93f52157cbd20bdf8c1b,ILVIS0_58016_B200T_N44U_imu_510i_0539_41265390920_104746.013,125b48eace30aebd6ede69515bdbbeb33a089fa32b3ea45506dbe89424de4fdc,569,False,0,dual_frequency,h1_v3_tau10,2.0,0.7648697251728124,0.9645378409772486,567,0.6738727275976815,0.8411883420438597,567,1.8077795914618886,2.217027456121054,567,2.514199472313542,3.287489682595629,567,2.1854127612099004,2.8388483465897525,567,5.747814819141498,7.4030051915677255,567
93f52157cbd20bdf8c1b,ILVIS0_58016_B200T_N44U_imu_510i_0539_41265390920_104746.013,125b48eace30aebd6ede69515bdbbeb33a089fa32b3ea45506dbe89424de4fdc,569,False,0,dual_frequency,h1_v3_tau60,2.0,0.7146908581924926,0.9252515844050417,567,0.616329278306594,0.7958360998555193,567,1.612415265366836,2.0608315136971074,567,2.4472632459758956,3.2365856403788706,567,2.108062462400454,2.779740651591222,567,5.48164764207329,7.198301683431594,567
93f52157cbd20bdf8c1b,ILVIS0_58016_B200T_N44U_imu_510i_0539_41265390920_104746.013,125b48eace30aebd6ede69515bdbbeb33a089fa32b3ea45506dbe89424de4fdc,569,False,0,dual_frequency,h1_v3_tau300,2.0,0.705488001242691,0.9181616286361088,567,0.6056336156550532,0.7875819854778645,567,1.5755175854332364,2.032092313461421,567,2.436343594156474,3.2283369225536642,567,2.095375875365724,2.770131903188912,567,5.4376939317134205,7.16488641657219,567
93f52157cbd20bdf8c1b,ILVIS0_58016_B200T_N44U_imu_510i_0539_41265390920_104746.013,125b48eace30aebd6ede69515bdbbeb33a089fa32b3ea45506dbe89424de4fdc,569,False,0,dual_frequency,h3_v10_tau0,2.0,2.234818979177565,2.310784318594731,567,2.205333223394202,2.2620761273452374,567,7.242419312788227,7.355255404045446,567,7.740958391873287,8.025511315202843,567,7.640501735814922,7.852407458466538,567,25.088812561345517,25.518934404984368,567
93f52157cbd20bdf8c1b,ILVIS0_58016_B200T_N44U_imu_510i_0539_41265390920_104746.013,125b48eace30aebd6ede69515bdbbeb33a089fa32b3ea45506dbe89424de4fdc,569,False,0,dual_frequency,h3_v10_tau10,2.0,1.1446080031352805,1.2866372555971757,567,1.085912628785272,1.1969544058180102,567,3.393537954458267,3.6281185393502957,567,3.084038955903118,3.7413483194676824,567,2.82243267976499,3.3539765802861554,567,8.326147483990228,9.544213484291397,567
93f52157cbd20bdf8c1b,ILVIS0_58016_B200T_N44U_imu_510i_0539_41265390920_104746.013,125b48eace30aebd6ede69515bdbbeb33a089fa32b3ea45506dbe89424de4fdc,569,False,0,dual_frequency,h3_v10_tau60,2.0,0.801213715261556,0.9936050623435083,567,0.7148581495913937,0.8743658175595741,567,2.022827841944932,2.3956160595759974,567,2.5538954477881535,3.31794688147463,567,2.230966586148354,2.8740638563098937,567,6.009540146919332,7.608002756742469,567
93f52157cbd20bdf8c1b,ILVIS0_58016_B200T_N44U_imu_510i_0539_41265390920_104746.013,125b48eace30aebd6ede69515bdbbeb33a089fa32b3ea45506dbe89424de4fdc,569,False,0,dual_frequency,h3_v10_tau300,2.0,0.7240967418408933,0.9325361003841744,567,0.6272119642183198,0.804293589189864,567,1.6687906368074348,2.1052329503927654,567,2.4581367702750687,3.244815191824179,567,2.1206759138670233,2.7893183967651063,567,5.548138800148773,7.2490645361052275,567
93f52157cbd20bdf8c1b,ILVIS0_58016_B200T_N44U_imu_510i_0539_41265390920_104746.013,125b48eace30aebd6ede69515bdbbeb33a089fa32b3ea45506dbe89424de4fdc,569,False,0,dual_frequency,h10_v30_tau0,2.0,7.105962139765672,7.130217834689494,567,7.0967440906585555,7.114581542614315,567,21.270992387967723,21.309675309627064,567,24.615491805460923,24.70645326393891,567,24.584085640409555,24.650766795072688,567,73.68479161766241,73.83235093361495,567
93f52157cbd20bdf8c1b,ILVIS0_58016_B200T_N44U_imu_510i_0539_41265390920_104746.013,125b48eace30aebd6ede69515bdbbeb33a089fa32b3ea45506dbe89424de4fdc,569,False,0,dual_frequency,h10_v30_tau10,2.0,3.091627448106259,3.1469777005637756,567,3.0703809265949435,3.1113876076092715,567,9.166584875726013,9.255993888950306,567,6.767470207658264,7.091195085401576,567,6.65232913811543,6.894673223003395,567,19.706203627786532,20.250973754276675,567
93f52157cbd20bdf8c1b,ILVIS0_58016_B200T_N44U_imu_510i_0539_41265390920_104746.013,125b48eace30aebd6ede69515bdbbeb33a089fa32b3ea45506dbe89424de4fdc,569,False,0,dual_frequency,h10_v30_tau60,2.0,1.460785031304337,1.574547878998128,567,1.4152638143458691,1.5021535744924226,567,4.148237210198812,4.342236330133682,567,3.5480267563563577,4.132176880236461,567,3.3231496827705493,3.785017488724984,567,9.457432478759387,10.54563199443164,567
93f52157cbd20bdf8c1b,ILVIS0_58016_B200T_N44U_imu_510i_0539_41265390920_104746.013,125b48eace30aebd6ede69515bdbbeb33a089fa32b3ea45506dbe89424de4fdc,569,False,0,dual_frequency,h10_v30_tau300,2.0,0.909352857273449,1.0826958742134434,567,0.8342669689885793,0.9744202734926748,567,2.33348223781866,2.6631341191857136,567,2.69365276754478,3.42668282693027,567,2.389685163861348,2.9989376107090844,567,6.438048726502638,7.950826269724557,567
93f52157cbd20bdf8c1b,ILVIS0_58016_B200T_N44U_imu_510i_0539_41265390920_104746.013,125b48eace30aebd6ede69515bdbbeb33a089fa32b3ea45506dbe89424de4fdc,569,False,0,l1_broadcast,formal_only,6.0,0.0909149916710939,0.11024981224474183,563,0.07807558365375554,0.0949760816090575,563,0.20202633609942622,0.24736058591484827,563,0.10490447756774338,0.12768439248738808,563,0.09009243297332847,0.1098871456003302,563,0.23336798901555653,0.286194346678999,563
93f52157cbd20bdf8c1b,ILVIS0_58016_B200T_N44U_imu_510i_0539_41265390920_104746.013,125b48eace30aebd6ede69515bdbbeb33a089fa32b3ea45506dbe89424de4fdc,569,False,0,l1_broadcast,h1_v3_tau0,6.0,0.20972105523350962,0.21879763801534818,563,0.20448271824429637,0.21151321819555755,563,0.6018896145947974,0.6185820307155531,563,0.24212392907932248,0.2528287064247817,563,0.2360840826868709,0.2443240344232816,563,0.6950050696711452,0.7144778812835175,563
93f52157cbd20bdf8c1b,ILVIS0_58016_B200T_N44U_imu_510i_0539_41265390920_104746.013,125b48eace30aebd6ede69515bdbbeb33a089fa32b3ea45506dbe89424de4fdc,569,False,0,l1_broadcast,h1_v3_tau10,6.0,0.18849708697419487,0.19854630993888608,563,0.18265106857085917,0.19048903447521662,563,0.5349814812333016,0.5536946864067385,563,0.15136221328007382,0.1679549821550462,563,0.14149988224141766,0.15485721113668932,563,0.4020083955027523,0.43480724777411744,563
93f52157cbd20bdf8c1b,ILVIS0_58016_B200T_N44U_imu_510i_0539_41265390920_104746.013,125b48eace30aebd6ede69515bdbbeb33a089fa32b3ea45506dbe89424de4fdc,569,False,0,l1_broadcast,h1_v3_tau60,6.0,0.11811521002081081,0.1335690391863146,563,0.10854245202030285,0.12126880576626546,563,0.30329135270743357,0.3351988431820318,563,0.11420975195968958,0.13543346179972943,563,0.10077482080354362,0.11880279059249287,563,0.2698349135259533,0.3166345978519054,563
93f52157cbd20bdf8c1b,ILVIS0_58016_B200T_N44U_imu_510i_0539_41265390920_104746.013,125b48eace30aebd6ede69515bdbbeb33a089fa32b3ea45506dbe89424de4fdc,569,False,0,l1_broadcast,h1_v3_tau300,6.0,0.09720115851192106,0.11548831372008403,563,0.08531310724841235,0.10100982921104258,563,0.22684224921142687,0.2680112409817134,563,0.10683209729710684,0.12927278052771066,563,0.09232981142724712,0.11172883434971581,563,0.24110982288036478,0.29254150643150123,563
93f52157cbd20bdf8c1b,ILVIS0_58016_B200T_N44U_imu_510i_0539_41265390920_104746.013,125b48eace30aebd6ede69515bdbbeb33a089fa32b3ea45506dbe89424de4fdc,569,False,0,l1_broadcast,h3_v10_tau0,6.0,0.5742142486823802,0.5775911086432148,563,0.5723218189464647,0.5748712237310164,563,1.9006717681514422,1.9060235547033777,563,0.6630055640680473,0.6669893077472171,563,0.6608237851730839,0.6638121835715072,563,2.194621921926856,2.2008661880993734,563
93f52157cbd20bdf8c1b,ILVIS0_58016_B200T_N44U_imu_510i_0539_41265390920_104746.013,125b48eace30aebd6ede69515bdbbeb33a089fa32b3ea45506dbe89424de4fdc,569,False,0,l1_broadcast,h3_v10_tau10,6.0,0.503642810427563,0.5074894736732503,563,0.5014841388794801,0.5043917138281712,563,1.6635432814321274,1.6696553147355109,563,0.3437369360009099,0.3513594163249609,563,0.3395096143507369,0.34529019405953615,563,1.115803583891584,1.128035564584037,563
93f52157cbd20bdf8c1b,ILVIS0_58016_B200T_N44U_imu_510i_0539_41265390920_104746.013,125b48eace30aebd6ede69515bdbbeb33a089fa32b3ea45506dbe89424de4fdc,569,False,0,l1_broadcast,h3_v10_tau60,6.0,0.24379610304494534,0.2516466277402142,563,0.23930482843482517,0.24533947976080986,563,0.7806288191248613,0.7935703963312849,563,0.17133362680499986,0.18615468981820035,563,0.16268653521249837,0.17442891989163534,563,0.5082837998504667,0.534601735531879,563
93f52157cbd20bdf8c1b,ILVIS0_58016_B200T_N44U_imu_510i_0539_41265390920_104746.013,125b48eace30aebd6ede69515bdbbeb33a089fa32b3ea45506dbe89424de4fdc,569,False,0,l1_broadcast,h3_v10_tau300,6.0,0.13750745892531008,0.15098935939881494,563,0.12937759586735,0.14022560997332575,563,0.3988327857990253,0.42360383762979875,563,0.1211539425936983,0.1413387181208384,563,0.1085816507117554,0.125493081772794,563,0.3086670993334047,0.3503169536689059,563
93f52157cbd20bdf8c1b,ILVIS0_58016_B200T_N44U_imu_510i_0539_41265390920_104746.013,125b48eace30aebd6ede69515bdbbeb33a089fa32b3ea45506dbe89424de4fdc,569,False,0,l1_broadcast,h10_v30_tau0,6.0,1.89208986717881,1.8931174160296302,563,1.8915164092687766,1.8922893504873477,563,5.673311326589552,5.675106521403238,563,2.1846989978755706,2.185911267668477,563,2.1840378678914463,2.1849439234074652,563,6.550694884929385,6.552789487946276,563
93f52157cbd20bdf8c1b,ILVIS0_58016_B200T_N44U_imu_510i_0539_41265390920_104746.013,125b48eace30aebd6ede69515bdbbeb33a089fa32b3ea45506dbe89424de4fdc,569,False,0,l1_broadcast,h10_v30_tau10,6.0,1.6537312793893593,1.6549068341827402,563,1.653075136067047,1.653959511269177,563,4.95780890302961,4.959863076721255,563,1.0961578211835645,1.0985719492603088,563,1.094839561765646,1.0966458890842234,563,3.281687644193214,3.2858667641705592,563
93f52157cbd20bdf8c1b,ILVIS0_58016_B200T_N44U_imu_510i_0539_41265390920_104746.013,125b48eace30aebd6ede69515bdbbeb33a089fa32b3ea45506dbe89424de4fdc,569,False,0,l1_broadcast,h10_v30_tau60,6.0,0.7594947323590021,0.7620510047726268,563,0.7580649771183151,0.7599915584837773,563,2.271104369114817,2.275585128325907,563,0.4635695765546155,0.4692495187170217,563,0.4604437526694417,0.46472248636093355,563,1.3745860629064097,1.3845336549684624,563
93f52157cbd20bdf8c1b,ILVIS0_58016_B200T_N44U_imu_510i_0539_41265390920_104746.013,125b48eace30aebd6ede69515bdbbeb33a089fa32b3ea45506dbe89424de4fdc,569,False,0,l1_broadcast,h10_v30_tau300,6.0,0.35569437198388165,0.36112043926448867,563,0.3526311774550394,0.35675398629854055,563,1.051233178429902,1.0608787943009492,563,0.22763942832359726,0.23899386385693894,563,0.2212044447853313,0.2299781425388164,563,0.6494562783750434,0.6702537230258541,563
93f52157cbd20bdf8c1b,ILVIS0_58016_B200T_N44U_imu_510i_0539_41265390920_104746.013,125b48eace30aebd6ede69515bdbbeb33a089fa32b3ea45506dbe89424de4fdc,569,False,0,dual_frequency,formal_only,6.0,0.19016954951471193,0.2371939850102673,563,0.16325856431556088,0.2033081665171263,563,0.42347677093807484,0.5263453104879925,563,0.21961353060236888,0.27070586747353736,563,0.18873835269017702,0.23230551801118987,563,0.49015207330985366,0.6029222381941891,563
93f52157cbd20bdf8c1b,ILVIS0_58016_B200T_N44U_imu_510i_0539_41265390920_104746.013,125b48eace30aebd6ede69515bdbbeb33a089fa32b3ea45506dbe89424de4fdc,569,False,0,dual_frequency,h1_v3_tau0,6.0,0.2681078940656731,0.30327939905488965,563,0.24974135444511356,0.2775817285201422,563,0.7076644990413565,0.7736251376192591,563,0.30959513956566764,0.34770780031159065,563,0.28851553406229147,0.3187238682776705,563,0.8178144554490198,0.8899925246022692,563
93f52157cbd20bdf8c1b,ILVIS0_58016_B200T_N44U_imu_510i_0539_41265390920_104746.013,125b48eace30aebd6ede69515bdbbeb33a089fa32b3ea45506dbe89424de4fdc,569,False,0,dual_frequency,h1_v3_tau10,6.0,0.2518532780208163,0.2890097250375674,563,0.23220459708967917,0.2619157191342456,563,0.651707848893166,0.7227931451399972,563,0.2452257592891069,0.2918685267602413,563,0.218008568573538,0.25665429084516,563,0.589405791223229,0.6860505621960196,563
93f52157cbd20bdf8c1b,ILVIS0_58016_B200T_N44U_imu_510i_0539_41265390920_104746.013,125b48eace30aebd6ede69515bdbbeb33a089fa32b3ea45506dbe89424de4fdc,569,False,0,dual_frequency,h1_v3_tau60,6.0,0.2045730302125225,0.2488908573510352,563,0.17983054787794897,0.21684068566188802,563,0.48010788336944155,0.5728964915439134,563,0.22420753968716184,0.2744459595621429,563,0.19406463821400924,0.23665327369826028,563,0.5085266140826279,0.6179526609063631,563
93f52157cbd20bdf8c1b,ILVIS0_58016_B200T_N44U_imu_510i_0539_41265390920_104746.013,125b48eace30aebd6ede69515bdbbeb33a089fa32b3ea45506dbe89424de4fdc,569,False,0,dual_frequency,h1_v3_tau300,6.0,0.19325368578149552,0.2396737724524866,563,0.16684090723765158,0.2061958808700833,563,0.4358616077078589,0.5363600949199568,563,0.22054081350801022,0.2714586787801376,563,0.1898165255591277,0.23318233497398522,563,0.4938849900150683,0.6059608522345049,563
93f52157cbd20bdf8c1b,ILVIS0_58016_B200T_N44U_imu_510i_0539_41265390920_104746.013,125b48eace30aebd6ede69515bdbbeb33a089fa32b3ea45506dbe89424de4fdc,569,False,0,dual_frequency,h3_v10_tau0,6.0,0.5980141513726442,0.6145872619159705,563,0.5900083274850394,0.6023211076332996,563,1.9367682115561249,1.9618302463899564,563,0.6905081689560711,0.7084159057076264,563,0.6813175429618924,0.6946490392622835,563,2.236549533740469,2.2639390574418488,563
93f52157cbd20bdf8c1b,ILVIS0_58016_B200T_N44U_imu_510i_0539_41265390920_104746.013,125b48eace30aebd6ede69515bdbbeb33a089fa32b3ea45506dbe89424de4fdc,569,False,0,dual_frequency,h3_v10_tau10,6.0,0.5306175669419997,0.5492281652352169,563,0.5215782813798876,0.5354668920648559,563,1.704668350220755,1.733090013415446,563,0.3941829963115736,0.4247726434031163,563,0.37785221652616263,0.40139256290917474,563,1.1961630635068474,1.2466243625933315,563
93f52157cbd20bdf8c1b,ILVIS0_58016_B200T_N44U_imu_510i_0539_41265390920_104746.013,125b48eace30aebd6ede69515bdbbeb33a089fa32b3ea45506dbe89424de4fdc,569,False,0,dual_frequency,h3_v10_tau60,6.0,0.2955257378164802,0.3277682378398272,563,0.2789701829438491,0.3041467388403318,563,0.864811706844129,0.9195684306503392,563,0.25803171333003116,0.30270766259334564,563,0.2323196677782478,0.2689165623847988,563,0.6664389378354273,0.753264266211929,563
93f52157cbd20bdf8c1b,ILVIS0_58016_B200T_N44U_imu_510i_0539_41265390920_104746.013,125b48eace30aebd6ede69515bdbbeb33a089fa32b3ea45506dbe89424de4fdc,569,False,0,dual_frequency,h3_v10_tau300,6.0,0.2163497703076415,0.2586576136911406,563,0.1931220452768634,0.22798461576105516,563,0.5455140017218547,0.6287227818566824,563,0.22782324555644795,0.27740763343537256,563,0.19823091123343406,0.24008161629757727,563,0.530154519818214,0.6358694777100893,563
93f52157cbd20bdf8c1b,ILVIS0_58016_B200T_N44U_imu_510i_0539_41265390920_104746.013,125b48eace30aebd6ede69515bdbbeb33a089fa32b3ea45506dbe89424de4fdc,569,False,0,dual_frequency,h10_v30_tau0,6.0,1.899448074397613,1.9047308398181535,563,1.8969427742007796,1.9008084551650477,563,5.685506076283419,5.694092215078043,563,2.193201966242142,2.1989057344106575,563,2.190325758347594,2.19450919836338,563,6.564860387861481,6.574242021378498,563
93f52157cbd20bdf8c1b,ILVIS0_58016_B200T_N44U_imu_510i_0539_41265390920_104746.013,125b48eace30aebd6ede69515bdbbeb33a089fa32b3ea45506dbe89424de4fdc,569,False,0,dual_frequency,h10_v30_tau10,6.0,1.6621450196306098,1.6681794420379001,563,1.6592814612182558,1.6636994506297837,563,4.971758949708447,4.981575439995133,563,1.1130081411884531,1.1242058025278314,563,1.107329754546648,1.1155818567575886,563,3.3098734463304167,3.3284423492783817,563
93f52157cbd20bdf8c1b,ILVIS0_58016_B200T_N44U_imu_510i_0539_41265390920_104746.013,125b48eace30aebd6ede69515bdbbeb33a089fa32b3ea45506dbe89424de4fdc,569,False,0,dual_frequency,h10_v30_tau60,6.0,0.7776446298491011,0.7904604676617136,563,0.7715050690649383,0.7809615635803079,563,2.3013980512850867,2.322528751343055,563,0.5021174222399597,0.5264726676221524,563,0.48940164350915905,0.5077968702830151,563,1.4405815773531632,1.482747960032642,563
93f52157cbd20bdf8c1b,ILVIS0_58016_B200T_N44U_imu_510i_0539_41265390920_104746.013,125b48eace30aebd6ede69515bdbbeb33a089fa32b3ea45506dbe89424de4fdc,569,False,0,dual_frequency,h10_v30_tau300,6.0,0.39295980470409614,0.4177486990455251,563,0.380665613593914,0.3994836583508622,563,1.1151722425160229,1.1581519506667848,563,0.2984038584492007,0.337781625734135,563,0.27647228738145646,0.30786460704234775,563,0.7794753967852642,0.854896544419996,563
93f52157cbd20bdf8c1b,ILVIS0_58016_B200T_N44U_imu_510i_0539_41265390920_104746.013,125b48eace30aebd6ede69515bdbbeb33a089fa32b3ea45506dbe89424de4fdc,569,False,0,l1_broadcast,formal_only,12.0,0.035518541986163714,0.042346600650763934,557,0.03044948939868282,0.03646309771696994,557,0.07900483998311605,0.094939727075942,557,0.021322056254456025,0.025471746035128123,557,0.018291246838543253,0.021924626264171118,557,0.047496015702638374,0.05710319591932269,557
93f52157cbd20bdf8c1b,ILVIS0_58016_B200T_N44U_imu_510i_0539_41265390920_104746.013,125b48eace30aebd6ede69515bdbbeb33a089fa32b3ea45506dbe89424de4fdc,569,False,0,l1_broadcast,h1_v3_tau0,12.0,0.08221418309965962,0.08538641382424733,557,0.08015470343380968,0.08262664747076283,557,0.23605128773648137,0.24185118871018926,557,0.04952405557827613,0.05144717757482867,557,0.048296704948790396,0.049786459172710844,557,0.14225993634767042,0.1457490824239347,557
93f52157cbd20bdf8c1b,ILVIS0_58016_B200T_N44U_imu_510i_0539_41265390920_104746.013,125b48eace30aebd6ede69515bdbbeb33a089fa32b3ea45506dbe89424de4fdc,569,False,0,l1_broadcast,h1_v3_tau10,12.0,0.11215295339832516,0.11449870182302237,557,0.11065211039914474,0.1124556621909354,557,0.32877382487213597,0.33296248281105956,557,0.04432694622469934,0.04646566628977763,557,0.04295134211637301,0.04461992358799194,557,0.12588925377421245,0.12981914210217493,557
93f52157cbd20bdf8c1b,ILVIS0_58016_B200T_N44U_imu_510i_0539_41265390920_104746.013,125b48eace30aebd6ede69515bdbbeb33a089fa32b3ea45506dbe89424de4fdc,569,False,0,l1_broadcast,h1_v3_tau60,12.0,0.0641497779436924,0.06816789400465122,557,0.06148819878678076,0.06467754582524032,557,0.17867403115555797,0.186269150552661,557,0.027010896316253093,0.03039355813508981,557,0.024688623853866505,0.02748904874669459,557,0.06877861178904354,0.07573243668496948,557
93f52157cbd20bdf8c1b,ILVIS0_58016_B200T_N44U_imu_510i_0539_41265390920_104746.013,125b48eace30aebd6ede69515bdbbeb33a089fa32b3ea45506dbe89424de4fdc,569,False,0,l1_broadcast,h1_v3_tau300,12.0,0.043317293194025414,0.04907194363284716,557,0.039268211946494117,0.04409510944994034,557,0.10851338315740758,0.12061070168793074,557,0.022578859114011734,0.02653270937108999,557,0.01974194789985836,0.023148737952673866,557,0.0524637462575358,0.061297214206354346,557
93f52157cbd20bdf8c1b,ILVIS0_58016_B200T_N44U_imu_510i_0539_41265390920_104746.013,125b48eace30aebd6ede69515bdbbeb33a089fa32b3ea45506dbe89424de4fdc,569,False,0,l1_broadcast,h3_v10_tau0,12.0,0.22525543839409568,0.2264325071394665,557,0.22451195314711833,0.22540630771635098,557,0.7456555991427317,0.7475119126620727,557,0.13578161902457989,0.13649479158686034,557,0.1353387885749185,0.1358775461943912,557,0.4495064752679597,0.45062287689452135,557
93f52157cbd20bdf8c1b,ILVIS0_58016_B200T_N44U_imu_510i_0539_41265390920_104746.013,125b48eace30aebd6ede69515bdbbeb33a089fa32b3ea45506dbe89424de4fdc,569,False,0,l1_broadcast,h3_v10_tau10,12.0,0.321110619576991,0.32193741281263777,557,0.32058951103387123,0.32121647068956655,557,1.0667303210536203,1.0680287284965622,557,0.1185194616555483,0.11933584060608274,557,0.11801187405982211,0.1186293483213454,557,0.3915107653392755,0.39279203815382524,557
93f52157cbd20bdf8c1b,ILVIS0_58016_B200T_N44U_imu_510i_0539_41265390920_104746.013,125b48eace30aebd6ede69515bdbbeb33a089fa32b3ea45506dbe89424de4fdc,569,False,0,l1_broadcast,h3_v10_tau60,12.0,0.16414692045068163,0.165758496785968,557,0.16312515463060878,0.16435389413418536,557,0.5400041511701319,0.5425645310188869,557,0.05412260170133062,0.05588770907934343,557,0.0530018456557053,0.05436281322664704,557,0.17248685514132384,0.1753756563781588,557
93f52157cbd20bdf8c1b,ILVIS0_58016_B200T_N44U_imu_510i_0539_41265390920_104746.013,125b48eace30aebd6ede69515bdbbeb33a089fa32b3ea45506dbe89424de4fdc,569,False,0,l1_broadcast,h3_v10_tau300,12.0,0.08243152557323835,0.08559570182757173,557,0.08037761496927531,0.08284290783297243,557,0.2602381048658831,0.2655101848568682,557,0.030841583076554574,0.033843509651286206,557,0.028829548637783923,0.03126119924688495,557,0.0881666099203412,0.09369234820124199,557
93f52157cbd20bdf8c1b,ILVIS0_58016_B200T_N44U_imu_510i_0539_41265390920_104746.013,125b48eace30aebd6ede69515bdbbeb33a089fa32b3ea45506dbe89424de4fdc,569,False,0,l1_broadcast,h10_v30_tau0,12.0,0.7423086114393199,0.7426666428353765,557,0.7420833370968445,0.7423544070442424,557,2.225777692149441,2.2264002609389286,557,0.44749841327441353,0.4477153224521404,557,0.44736424701925853,0.4475275291937643,557,1.3418113390895987,1.3421857455721382,557
93f52157cbd20bdf8c1b,ILVIS0_58016_B200T_N44U_imu_510i_0539_41265390920_104746.013,125b48eace30aebd6ede69515bdbbeb33a089fa32b3ea45506dbe89424de4fdc,569,False,0,l1_broadcast,h10_v30_tau10,12.0,1.0643934328711468,1.0646431551006303,557,1.0642363386574631,1.0644253712594054,557,3.1923796896312906,3.1928137856456984,557,0.38920359447445774,0.3894529728052131,557,0.38904932538153625,0.38923707101806865,557,1.1668243836704413,1.1672549199871027,557
93f52157cbd20bdf8c1b,ILVIS0_58016_B200T_N44U_imu_510i_0539_41265390920_104746.013,125b48eace30aebd6ede69515bdbbeb33a089fa32b3ea45506dbe89424de4fdc,569,False,0,l1_broadcast,h10_v30_tau60,12.0,0.5353730338418623,0.5358693433370046,557,0.535060641371478,0.5354365288297481,557,1.6045267936693082,1.605390301030109,557,0.16718395189681617,0.16776368451167056,557,0.16682449879986835,0.1672618703405327,557,0.4997183854011118,0.500722848078863,557
93f52157cbd20bdf8c1b,ILVIS0_58016_B200T_N44U_imu_510i_0539_41265390920_104746.013,125b48eace30aebd6ede69515bdbbeb33a089fa32b3ea45506dbe89424de4fdc,569,False,0,l1_broadcast,h10_v30_tau300,12.0,0.25048687252678825,0.25154590251405423,557,0.24981848988429398,0.2506225535388096,557,0.748051283731012,0.7499016669740235,557,0.07727942598220126,0.07852572650716644,557,0.07649868827717803,0.07744784797557819,557,0.22784465734927448,0.23003933064670384,557
93f52157cbd20bdf8c1b,ILVIS0_58016_B200T_N44U_imu_510i_0539_41265390920_104746.013,125b48eace30aebd6ede69515bdbbeb33a089fa32b3ea45506dbe89424de4fdc,569,False,0,dual_frequency,formal_only,12.0,0.07434409856734134,0.08939052834958787,557,0.06393858036140541,0.07686885084128407,557,0.16605813342229672,0.19892862755553026,557,0.04488945113134033,0.05414778916213894,557,0.038622113037622016,0.046654974581088984,557,0.10028898103308519,0.1203439600940403,557
93f52157cbd20bdf8c1b,ILVIS0_58016_B200T_N44U_imu_510i_0539_41265390920_104746.013,125b48eace30aebd6ede69515bdbbeb33a089fa32b3ea45506dbe89424de4fdc,569,False,0,dual_frequency,h1_v3_tau0,12.0,0.104998333652073,0.1161390261510456,557,0.09790682885556748,0.10680086761843641,557,0.27758557126945677,0.2984142203924134,557,0.06334875548008018,0.07021386024449995,557,0.05907342561163056,0.06461183058400786,557,0.1674511800456255,0.18017975429299252,557
93f52157cbd20bdf8c1b,ILVIS0_58016_B200T_N44U_imu_510i_0539_41265390920_104746.013,125b48eace30aebd6ede69515bdbbeb33a089fa32b3ea45506dbe89424de4fdc,569,False,0,dual_frequency,h1_v3_tau10,12.0,0.12978352408119678,0.13895102453561775,557,0.12411631717778254,0.13124609854488517,557,0.35975792813500784,0.37606258137923104,557,0.05937432864093868,0.06665007181983355,557,0.05478974077489372,0.06072013448657167,557,0.15378593051660258,0.16755581569471872,557
93f52157cbd20bdf8c1b,ILVIS0_58016_B200T_N44U_imu_510i_0539_41265390920_104746.013,125b48eace30aebd6ede69515bdbbeb33a089fa32b3ea45506dbe89424de4fdc,569,False,0,dual_frequency,h1_v3_tau60,12.0,0.09154601125768798,0.10413594422361507,557,0.08331728058472664,0.09360794531550183,557,0.2307768366719607,0.2554510622573211,557,0.0478541665872699,0.05662986615658677,557,0.042031250901918685,0.04951408981401568,557,0.11194867417105576,0.1302202353483681,557
93f52157cbd20bdf8c1b,ILVIS0_58016_B200T_N44U_imu_510i_0539_41265390920_104746.013,125b48eace30aebd6ede69515bdbbeb33a089fa32b3ea45506dbe89424de4fdc,569,False,0,dual_frequency,h1_v3_tau300,12.0,0.07837005841917466,0.09276576918041096,557,0.06857815339790205,0.08076906151314502,557,0.18195794365513662,0.21238170582184132,557,0.04549986394315037,0.05465489838324993,557,0.03932991751152112,0.04724258088999059,557,0.10273486691675981,0.12238972713368983,557
93f52157cbd20bdf8c1b,ILVIS0_58016_B200T_N44U_imu_510i_0539_41265390920_104746.013,125b48eace30aebd6ede69515bdbbeb33a089fa32b3ea45506dbe89424de4fdc,569,False,0,dual_frequency,h3_v10_tau0,12.0,0.23453249389601416,0.23972716987629858,557,0.23144456735885,0.2353449934914279,557,0.7598261718760717,0.7676803440450282,557,0.14141103494738647,0.1446167465790773,557,0.13954814795442044,0.1419813531265659,557,0.45810269538265563,0.46290708017041243,557
93f52157cbd20bdf8c1b,ILVIS0_58016_B200T_N44U_imu_510i_0539_41265390920_104746.013,125b48eace30aebd6ede69515bdbbeb33a089fa32b3ea45506dbe89424de4fdc,569,False,0,dual_frequency,h3_v10_tau10,12.0,0.327685074686179,0.33142289260461505,557,0.3254821120106727,0.3282670916224395,557,1.0766833874403836,1.082240461310583,557,0.12492916205224378,0.12854655972024898,557,0.12281653114989712,0.1255743578992924,557,0.40135107771821726,0.406826217044934,557
93f52157cbd20bdf8c1b,ILVIS0_58016_B200T_N44U_imu_510i_0539_41265390920_104746.013,125b48eace30aebd6ede69515bdbbeb33a089fa32b3ea45506dbe89424de4fdc,569,False,0,dual_frequency,h3_v10_tau60,12.0,0.17666264364717882,0.183502900575624,557,0.17254213029649143,0.17773987995399385,557,0.5594086361649364,0.5700309826210843,557,0.06700513976461567,0.07352965556152495,557,0.06297851655519952,0.0682005321492832,557,0.1937878309016675,0.20488674925888245,557
93f52157cbd20bdf8c1b,ILVIS0_58016_B200T_N44U_imu_510i_0539_41265390920_104746.013,125b48eace30aebd6ede69515bdbbeb33a089fa32b3ea45506dbe89424de4fdc,569,False,0,dual_frequency,h3_v10_tau300,12.0,0.10516860070999869,0.11629298305429889,557,0.09808940637061919,0.10696826552624489,557,0.29842488193702266,0.3178910315497593,557,0.05011622478422354,0.05855387799555972,557,0.04458969364371865,0.05170357644312318,557,0.12480127929582636,0.14142198116918953,557
93f52157cbd20bdf8c1b,ILVIS0_58016_B200T_N44U_imu_510i_0539_41265390920_104746.013,125b48eace30aebd6ede69515bdbbeb33a089fa32b3ea45506dbe89424de4fdc,569,False,0,dual_frequency,h10_v30_tau0,12.0,0.7451761890881504,0.7468274088481046,557,0.7442100844860813,0.7454323095061133,557,2.2305649225711934,2.2332525995110863,557,0.44923853644035555,0.4502579100378639,557,0.4486556222936368,0.4494183868667186,557,1.3447154635529597,1.346359747413666,557
93f52157cbd20bdf8c1b,ILVIS0_58016_B200T_N44U_imu_510i_0539_41265390920_104746.013,125b48eace30aebd6ede69515bdbbeb33a089fa32b3ea45506dbe89424de4fdc,569,False,0,dual_frequency,h10_v30_tau10,12.0,1.0663952635426475,1.067549757135773,557,1.065720392585707,1.0665742512258851,557,3.1957192651585205,3.197595803277934,557,0.3912031067000784,0.39237328350425027,557,0.3905335779218105,0.39140962497440207,557,1.1701628735081857,1.172052064461883,557
93f52157cbd20bdf8c1b,ILVIS0_58016_B200T_N44U_imu_510i_0539_41265390920_104746.013,125b48eace30aebd6ede69515bdbbeb33a089fa32b3ea45506dbe89424de4fdc,569,False,0,dual_frequency,h10_v30_tau60,12.0,0.539341972714907,0.5416210753829919,557,0.5380063759834531,0.5396957835701114,557,1.6111610008120385,1.6148798933433839,557,0.17178738752245973,0.17443574523979963,557,0.17025719163785596,0.17225716339987043,557,0.5074647504181186,0.5118059784209558,557
93f52157cbd20bdf8c1b,ILVIS0_58016_B200T_N44U_imu_510i_0539_41265390920_104746.013,125b48eace30aebd6ede69515bdbbeb33a089fa32b3ea45506dbe89424de4fdc,569,False,0,dual_frequency,h10_v30_tau300,12.0,0.25886125912391594,0.2635768898497266,557,0.256066882946742,0.2595976246891811,557,0.7621773166570588,0.7700075072319303,557,0.08679022076301758,0.09192096846444017,557,0.08372064985839031,0.087716396704155,557,0.24436692921022996,0.25325888937806745,557
93f52157cbd20bdf8c1b,ILVIS0_58016_B200T_N44U_imu_510i_0539_41265390920_104746.013,125b48eace30aebd6ede69515bdbbeb33a089fa32b3ea45506dbe89424de4fdc,569,False,0,l1_broadcast,formal_only,30.0,0.009603564562732113,0.011408418614013243,539,0.008241538454076113,0.009823598390387548,539,0.02134772508342783,0.025586719516682996,539,0.002408174387221299,0.002822592261346732,539,0.00206600463254046,0.0024313612517346704,539,0.005344372814829291,0.006332564240020112,539
93f52157cbd20bdf8c1b,ILVIS0_58016_B200T_N44U_imu_510i_0539_41265390920_104746.013,125b48eace30aebd6ede69515bdbbeb33a089fa32b3ea45506dbe89424de4fdc,569,False,0,l1_broadcast,h1_v3_tau0,30.0,0.0223283192869093,0.023161981927604353,539,0.021777243764021587,0.022423837304516532,539,0.06412997641544887,0.06566284150665694,539,0.005574936654691353,0.005766076998947268,539,0.005435898266729353,0.005584991889542681,539,0.016002745208396566,0.016359306746849083,539
93f52157cbd20bdf8c1b,ILVIS0_58016_B200T_N44U_imu_510i_0539_41265390920_104746.013,125b48eace30aebd6ede69515bdbbeb33a089fa32b3ea45506dbe89424de4fdc,569,False,0,l1_broadcast,h1_v3_tau10,30.0,0.05160142611543017,0.05196759319241814,539,0.05136537433841643,0.051642829272302876,539,0.15359047460620182,0.15423679448783884,539,0.009299894213950022,0.009415718668844332,539,0.009217217782664738,0.009305925445628197,539,0.02747291170200964,0.0276821231487596,539
93f52157cbd20bdf8c1b,ILVIS0_58016_B200T_N44U_imu_510i_0539_41265390920_104746.013,125b48eace30aebd6ede69515bdbbeb33a089fa32b3ea45506dbe89424de4fdc,569,False,0,l1_broadcast,h1_v3_tau60,30.0,0.03382318022170858,0.034379224616615266,539,0.03346194889855685,0.033886312253769514,539,0.09960791624280746,0.10060164939518258,539,0.00498224418371083,0.0051952364921592515,539,0.004826160831191844,0.0049934930347787275,539,0.014134121827179493,0.014536590459989639,539
93f52157cbd20bdf8c1b,ILVIS0_58016_B200T_N44U_imu_510i_0539_41265390920_104746.013,125b48eace30aebd6ede69515bdbbeb33a089fa32b3ea45506dbe89424de4fdc,569,False,0,l1_broadcast,h1_v3_tau300,30.0,0.018523178709500716,0.01952003365575322,539,0.01785504559735292,0.018638207701729907,539,0.05209263518943386,0.05396848634208156,539,0.0031100425850982575,0.003440943033681604,539,0.0028533201964614156,0.003128031255672966,539,0.007963659322233096,0.008657882333627206,539
93f52157cbd20bdf8c1b,ILVIS0_58016_B200T_N44U_imu_510i_0539_41265390920_104746.013,125b48eace30aebd6ede69515bdbbeb33a089fa32b3ea45506dbe89424de4fdc,569,False,0,l1_broadcast,h3_v10_tau0,30.0,0.06123035979903254,0.061539260039555455,539,0.061031561219572546,0.06126525605329835,539,0.2027024034218583,0.20319256688555362,539,0.015274974216025425,0.01534576694441925,539,0.015224779425747077,0.015278646976016358,539,0.0505630675813794,0.05067704478834512,539
93f52157cbd20bdf8c1b,ILVIS0_58016_B200T_N44U_imu_510i_0539_41265390920_104746.013,125b48eace30aebd6ede69515bdbbeb33a089fa32b3ea45506dbe89424de4fdc,569,False,0,l1_broadcast,h3_v10_tau10,30.0,0.1524025491119859,0.15252691743096353,539,0.15232278713183633,0.15241657263599034,539,0.5074481233089754,0.5076441201617717,539,0.027055458977474408,0.027095490147925796,539,0.027027151750493625,0.027057532715362452,539,0.0899857498269761,0.09004984307226467,539
93f52157cbd20bdf8c1b,ILVIS0_58016_B200T_N44U_imu_510i_0539_41265390920_104746.013,125b48eace30aebd6ede69515bdbbeb33a089fa32b3ea45506dbe89424de4fdc,569,False,0,l1_broadcast,h3_v10_tau60,30.0,0.0977662521748026,0.09796001035856497,539,0.09764186892970939,0.09778811125360101,539,0.3250132799843709,0.3253192079344334,539,0.013304524903991652,0.013385742740104947,539,0.013246865824916625,0.013308741451319436,539,0.04394209420895934,0.044073197168200635,539
93f52157cbd20bdf8c1b,ILVIS0_58016_B200T_N44U_imu_510i_0539_41265390920_104746.013,125b48eace30aebd6ede69515bdbbeb33a089fa32b3ea45506dbe89424de4fdc,569,False,0,l1_broadcast,h3_v10_tau300,30.0,0.0484783016106422,0.04886787587060552,539,0.048226965805779703,0.048522369739421214,539,0.1598239502877816,0.16044516187717045,539,0.006376272649124441,0.006544049074943104,539,0.006255071874757506,0.006385066069424969,539,0.020392852202903926,0.02067383575738966,539
93f52157cbd20bdf8c1b,ILVIS0_58016_B200T_N44U_imu_510i_0539_41265390920_104746.013,125b48eace30aebd6ede69515bdbbeb33a089fa32b3ea45506dbe89424de4fdc,569,False,0,l1_broadcast,h10_v30_tau0,30.0,0.2018037845013585,0.20189772411851686,539,0.20174355489792034,0.2018143752990629,539,0.6051021205111409,0.6052664959603534,539,0.050337469010018,0.05035899633858869,539,0.05032226006050337,0.05033858363631371,539,0.15093414346290626,0.1509723641212191,539
93f52157cbd20bdf8c1b,ILVIS0_58016_B200T_N44U_imu_510i_0539_41265390920_104746.013,125b48eace30aebd6ede69515bdbbeb33a089fa32b3ea45506dbe89424de4fdc,569,False,0,l1_broadcast,h10_v30_tau10,30.0,0.5070898351730924,0.5071272271344203,539,0.5070658689358352,0.5070940500283599,539,1.5211464682003202,1.5212118631549674,539,0.08985917958126767,0.08987124056626696,539,0.08985066068917313,0.08985980397929982,539,0.2695337047217603,0.26955510947953804,539
93f52157cbd20bdf8c1b,ILVIS0_58016_B200T_N44U_imu_510i_0539_41265390920_104746.013,125b48eace30aebd6ede69515bdbbeb33a089fa32b3ea45506dbe89424de4fdc,569,False,0,l1_broadcast,h10_v30_tau60,30.0,0.3244535949134668,0.32451203185312305,539,0.3244161367072413,0.32446018228830475,539,0.9731684779964315,0.9732706927936211,539,0.04368231480318368,0.043707120157442464,539,0.04366478784818323,0.043683599242028276,539,0.13095674944404517,0.13100079881592216,539
93f52157cbd20bdf8c1b,ILVIS0_58016_B200T_N44U_imu_510i_0539_41265390920_104746.013,125b48eace30aebd6ede69515bdbbeb33a089fa32b3ea45506dbe89424de4fdc,569,False,0,l1_broadcast,h10_v30_tau300,30.0,0.1586826965099353,0.15880214651202254,539,0.15860609280681395,0.15869616507633943,539,0.47565476223876973,0.4758638541909087,539,0.019826885889238022,0.019881477055645604,539,0.019788240834578395,0.019829715585665302,539,0.059281676953796276,0.059378921241168135,539
93f52157cbd20bdf8c1b,ILVIS0_58016_B200T_N44U_imu_510i_0539_41265390920_104746.013,125b48eace30aebd6ede69515bdbbeb33a089fa32b3ea45506dbe89424de4fdc,569,False,0,dual_frequency,formal_only,30.0,0.0202749692971841,0.02369193554894843,539,0.017418763050526403,0.02038521259388885,539,0.045242346047031694,0.05292134418541016,539,0.005062868992401958,0.005931817664468012,539,0.004350340889032043,0.005092253157817094,539,0.011278564856543185,0.013182034062956944,539
93f52157cbd20bdf8c1b,ILVIS0_58016_B200T_N44U_imu_510i_0539_41265390920_104746.013,125b48eace30aebd6ede69515bdbbeb33a089fa32b3ea45506dbe89424de4fdc,569,False,0,dual_frequency,h1_v3_tau0,30.0,0.028590204089326814,0.03110681288564396,539,0.026640921456998926,0.028668489715590124,539,0.07552349558016883,0.08035917706946467,539,0.00713535263731077,0.007776057991673737,539,0.006648765349697389,0.007156232060539062,539,0.018834318640296596,0.02003226291359382,539
93f52157cbd20bdf8c1b,ILVIS0_58016_B200T_N44U_imu_510i_0539_41265390920_104746.013,125b48eace30aebd6ede69515bdbbeb33a089fa32b3ea45506dbe89424de4fdc,569,False,0,dual_frequency,h1_v3_tau10,30.0,0.05460359974248394,0.055962377766588745,539,0.053608693614431775,0.05464463059194212,539,0.15868578512065934,0.16104340236761264,539,0.010311225482241074,0.010764534039263687,539,0.009980691076382263,0.010325685019787284,539,0.029213089220857538,0.029999409685186426,539
93f52157cbd20bdf8c1b,ILVIS0_58016_B200T_N44U_imu_510i_0539_41265390920_104746.013,125b48eace30aebd6ede69515bdbbeb33a089fa32b3ea45506dbe89424de4fdc,569,False,0,dual_frequency,h1_v3_tau60,30.0,0.038247267196511864,0.04016326459636026,539,0.036812937592781134,0.038305821878679217,539,0.10729809638495874,0.11075504729160957,539,0.0066825216543664814,0.007362738344449871,539,0.006160269399761329,0.0067048113821321685,539,0.01727475337783195,0.018573559239224127,539
93f52157cbd20bdf8c1b,ILVIS0_58016_B200T_N44U_imu_510i_0539_41265390920_104746.013,125b48eace30aebd6ede69515bdbbeb33a089fa32b3ea45506dbe89424de4fdc,569,False,0,dual_frequency,h1_v3_tau300,30.0,0.025728468224814602,0.028498911457650714,539,0.02354342803000278,0.025815433466763807,539,0.06561087677040442,0.0711237377483482,539,0.0054319152640741,0.00624976178284988,539,0.004774780293651225,0.005459313445173339,539,0.012730419248396917,0.014443807380239928,539
93f52157cbd20bdf8c1b,ILVIS0_58016_B200T_N44U_imu_510i_0539_41265390920_104746.013,125b48eace30aebd6ede69515bdbbeb33a089fa32b3ea45506dbe89424de4fdc,569,False,0,dual_frequency,h3_v10_tau0,30.0,0.06378089752277068,0.06494796052581844,539,0.06293124673021185,0.06381602806522593,539,0.20658995344062484,0.2084063528822664,539,0.01591094515907833,0.016208392854040937,539,0.015698757889456,0.015920319598257626,539,0.051529287863102714,0.05197910645406071,539
93f52157cbd20bdf8c1b,ILVIS0_58016_B200T_N44U_imu_510i_0539_41265390920_104746.013,125b48eace30aebd6ede69515bdbbeb33a089fa32b3ea45506dbe89424de4fdc,569,False,0,dual_frequency,h3_v10_tau10,30.0,0.15344504848160617,0.15393380964072947,539,0.1530938334151023,0.15345965416417273,539,0.5090134991917237,0.5097534123806232,539,0.02741954045998505,0.02759320609439101,539,0.02729695994892684,0.027424981300403474,539,0.09053219800911991,0.09078897992927185,539
93f52157cbd20bdf8c1b,ILVIS0_58016_B200T_N44U_imu_510i_0539_41265390920_104746.013,125b48eace30aebd6ede69515bdbbeb33a089fa32b3ea45506dbe89424de4fdc,569,False,0,dual_frequency,h3_v10_tau60,30.0,0.09938352978234517,0.10013651078369007,539,0.09884040124466774,0.09940607900759627,539,0.3274519455978248,0.32860093692166703,539,0.014030100551168214,0.014366542532347282,539,0.013789000866359008,0.01404073081132779,539,0.045050542148884536,0.04556436489104968,539
93f52157cbd20bdf8c1b,ILVIS0_58016_B200T_N44U_imu_510i_0539_41265390920_104746.013,125b48eace30aebd6ede69515bdbbeb33a089fa32b3ea45506dbe89424de4fdc,569,False,0,dual_frequency,h3_v10_tau300,30.0,0.051662284645025015,0.05309638637683564,539,0.05060958981213159,0.05170564961172341,539,0.16472656007818845,0.16699891809263437,539,0.007777544050079624,0.008369230102732729,539,0.0073336903989388484,0.007796703889329581,539,0.02268285972731058,0.023686961067959353,539
93f52157cbd20bdf8c1b,ILVIS0_58016_B200T_N44U_imu_510i_0539_41265390920_104746.013,125b48eace30aebd6ede69515bdbbeb33a089fa32b3ea45506dbe89424de4fdc,569,False,0,dual_frequency,h10_v30_tau0,30.0,0.20259223422126016,0.20296267693448736,539,0.20232635096044846,0.202603296912303,539,0.6064154687643456,0.6070366709119535,539,0.05053408874106151,0.05062852899893706,539,0.05046768221650404,0.05053704112027973,539,0.15126056778724764,0.15141439617025515,539
93f52157cbd20bdf8c1b,ILVIS0_58016_B200T_N44U_imu_510i_0539_41265390920_104746.013,125b48eace30aebd6ede69515bdbbeb33a089fa32b3ea45506dbe89424de4fdc,569,False,0,dual_frequency,h10_v30_tau10,30.0,0.5074041257849262,0.5075521468203061,539,0.5072980246263273,0.5074085429088541,539,1.5216693866368969,1.5219170546731202,539,0.08996946978599724,0.09002254893820234,539,0.08993218732461714,0.08997112811274763,539,0.2697166322003084,0.26980293120308574,539
93f52157cbd20bdf8c1b,ILVIS0_58016_B200T_N44U_imu_510i_0539_41265390920_104746.013,125b48eace30aebd6ede69515bdbbeb33a089fa32b3ea45506dbe89424de4fdc,569,False,0,dual_frequency,h10_v30_tau60,30.0,0.3249445817058091,0.32517566952916055,539,0.3247788787870477,0.32495147904447114,539,0.9739856421300535,0.9743725315052734,539,0.04390874588415611,0.044017403249193565,539,0.04383230302569049,0.04391214371242936,539,0.13133283644766755,0.1315099765404268,539
93f52157cbd20bdf8c1b,ILVIS0_58016_B200T_N44U_imu_510i_0539_41265390920_104746.013,125b48eace30aebd6ede69515bdbbeb33a089fa32b3ea45506dbe89424de4fdc,569,False,0,dual_frequency,h10_v30_tau300,30.0,0.1596842011576456,0.16015392267743828,539,0.15934673835872526,0.1596982362209294,539,0.4773244152041904,0.4781133719358748,539,0.02032089423770082,0.020554623955447226,539,0.020155187075201787,0.020328235115126204,539,0.0601079106848144,0.060493974303533274,539
93f52157cbd20bdf8c1b,ILVIS0_58016_B200T_N44U_imu_510i_0539_41265390920_104746.013,125b48eace30aebd6ede69515bdbbeb33a089fa32b3ea45506dbe89424de4fdc,569,False,0,l1_broadcast,formal_only,60.0,0.0034576400576313685,0.004014954665194399,509,0.0029675286528279454,0.0034565235399497533,509,0.007682310323198101,0.009002634702908668,509,0.00043843720242567894,0.0005108040326899324,509,0.00037616681912295175,0.0004397406678235249,509,0.0009755148303921417,0.0011453223603435888,509
93f52157cbd20bdf8c1b,ILVIS0_58016_B200T_N44U_imu_510i_0539_41265390920_104746.013,125b48eace30aebd6ede69515bdbbeb33a089fa32b3ea45506dbe89424de4fdc,569,False,0,l1_broadcast,h1_v3_tau0,60.0,0.008242386254076342,0.008491261314643995,509,0.0080490920418768,0.008241918004503555,509,0.02372451895067975,0.02418434093208597,509,0.0010226691785262278,0.001055720525726156,509,0.0009975602959449285,0.001023228675971403,509,0.002938410250193954,0.002999064674901367,509
93f52157cbd20bdf8c1b,ILVIS0_58016_B200T_N44U_imu_510i_0539_41265390920_104746.013,125b48eace30aebd6ede69515bdbbeb33a089fa32b3ea45506dbe89424de4fdc,569,False,0,l1_broadcast,h1_v3_tau10,60.0,0.024650347961663276,0.024734676923862362,509,0.024586390669805412,0.024650191399976994,509,0.0736218534856898,0.07377131460519175,509,0.002552808423062279,0.002566227664235754,509,0.00254285373944235,0.0025530326123083496,509,0.007607434663787576,0.007631067834172273,509
93f52157cbd20bdf8c1b,ILVIS0_58016_B200T_N44U_imu_510i_0539_41265390920_104746.013,125b48eace30aebd6ede69515bdbbeb33a089fa32b3ea45506dbe89424de4fdc,569,False,0,l1_broadcast,h1_v3_tau60,60.0,0.021299041281853767,0.021396582610487106,509,0.02122498789312561,0.021298860085513835,509,0.06351584727234362,0.06368902890287342,509,0.0016007003996488145,0.0016220158289106431,509,0.0015847763453478532,0.0016010579140304118,509,0.004720355970157354,0.004758349988273277,509
93f52157cbd20bdf8c1b,ILVIS0_58016_B200T_N44U_imu_510i_0539_41265390920_104746.013,125b48eace30aebd6ede69515bdbbeb33a089fa32b3ea45506dbe89424de4fdc,569,False,0,l1_broadcast,h1_v3_tau300,60.0,0.011649907397624351,0.01182729597645595,509,0.011513960826337754,0.01164957611732038,509,0.03424767875853319,0.034567803630198665,509,0.0008339472101789819,0.0008741633308727671,509,0.0008029584327370443,0.0008346332272143568,509,0.0023411100154339328,0.002416801653025846,509
93f52157cbd20bdf8c1b,ILVIS0_58016_B200T_N44U_imu_510i_0539_41265390920_104746.013,125b48eace30aebd6ede69515bdbbeb33a089fa32b3ea45506dbe89424de4fdc,569,False,0,l1_broadcast,h3_v10_tau0,60.0,0.022711014559182147,0.02280251675135936,509,0.022641579755940205,0.02271084462822737,509,0.0752142508519953,0.07536055386700569,509,0.0028062168117593375,0.00281842977106675,509,0.002797164115660532,0.0028064207577008114,509,0.009290540135427025,0.009309901725256343,509
93f52157cbd20bdf8c1b,ILVIS0_58016_B200T_N44U_imu_510i_0539_41265390920_104746.013,125b48eace30aebd6ede69515bdbbeb33a089fa32b3ea45506dbe89424de4fdc,569,False,0,l1_broadcast,h3_v10_tau10,60.0,0.0733015326820292,0.07332993441611799,509,0.07328004943415235,0.07330148003267427,509,0.24418733766965864,0.24423244138774558,509,0.0075573580145413665,0.0075619014632433345,509,0.007554001221557411,0.007557433746623912,509,0.025167677596929786,0.02517483127548162,509
93f52157cbd20bdf8c1b,ILVIS0_58016_B200T_N44U_imu_510i_0539_41265390920_104746.013,125b48eace30aebd6ede69515bdbbeb33a089fa32b3ea45506dbe89424de4fdc,569,False,0,l1_broadcast,h3_v10_tau60,60.0,0.06314428111547318,0.06317724927159818,509,0.06311934084832573,0.06314421999704248,509,0.21030550722151642,0.21035787581100462,509,0.004639219598289783,0.004646617270768191,509,0.004633749321715002,0.0046393429659610476,509,0.015425728121577175,0.015437396872749592,509
93f52157cbd20bdf8c1b,ILVIS0_58016_B200T_N44U_imu_510i_0539_41265390920_104746.013,125b48eace30aebd6ede69515bdbbeb33a089fa32b3ea45506dbe89424de4fdc,569,False,0,l1_broadcast,h3_v10_tau300,60.0,0.033553552467867044,0.03361555400602212,509,0.03350659389957631,0.033553437449082645,509,0.1115146835731083,0.11161341407012969,509,0.002172876917941031,0.002188626893818249,509,0.0021611729213228494,0.0021731403026889543,509,0.007160705696630753,0.00718580824957768,509
93f52157cbd20bdf8c1b,ILVIS0_58016_B200T_N44U_imu_510i_0539_41265390920_104746.013,125b48eace30aebd6ede69515bdbbeb33a089fa32b3ea45506dbe89424de4fdc,569,False,0,l1_broadcast,h10_v30_tau0,60.0,0.07490074041084706,0.0749285359661517,509,0.07487971598256978,0.0749006888856115,509,0.22459409753113851,0.22464313520303084,509,0.009249580206914056,0.00925329279683649,509,0.009246837745925602,0.009249642083821069,509,0.027734710934085895,0.027741202654594305,509
93f52157cbd20bdf8c1b,ILVIS0_58016_B200T_N44U_imu_510i_0539_41265390920_104746.013,125b48eace30aebd6ede69515bdbbeb33a089fa32b3ea45506dbe89424de4fdc,569,False,0,l1_broadcast,h10_v30_tau10,60.0,0.24409095284557786,0.24409948350827054,509,0.2440845021966764,0.24409093703476695,509,0.7322396873760311,0.7322547298014404,509,0.025152586221284627,0.02515395172133016,509,0.02515157784144954,0.025152608975885886,509,0.07545260053260254,0.07545498698733213,509
93f52157cbd20bdf8c1b,ILVIS0_58016_B200T_N44U_imu_510i_0539_41265390920_104746.013,125b48eace30aebd6ede69515bdbbeb33a089fa32b3ea45506dbe89424de4fdc,569,False,0,l1_broadcast,h10_v30_tau60,60.0,0.2101935863687699,0.21020349268865085,509,0.2101860954061965,0.2101935680081907,509,0.630542238215711,0.6305597067067565,509,0.0154010936649633,0.015403323656173156,509,0.015399446755397122,0.015401130827040931,509,0.04619485641554513,0.04619875424055068,509
93f52157cbd20bdf8c1b,ILVIS0_58016_B200T_N44U_imu_510i_0539_41265390920_104746.013,125b48eace30aebd6ede69515bdbbeb33a089fa32b3ea45506dbe89424de4fdc,569,False,0,l1_broadcast,h10_v30_tau300,60.0,0.11130346820866226,0.11132217489439031,509,0.11128932108164695,0.1113034335351978,509,0.33383765326349707,0.33387064603601624,509,0.007107482259556893,0.007112313101218528,509,0.007103912891164572,0.007107562785130581,509,0.021304185532174683,0.02131263604801823,509
93f52157cbd20bdf8c1b,ILVIS0_58016_B200T_N44U_imu_510i_0539_41265390920_104746.013,125b48eace30aebd6ede69515bdbbeb33a089fa32b3ea45506dbe89424de4fdc,569,False,0,dual_frequency,formal_only,60.0,0.007269935899245415,0.008238094961716286,509,0.006246169442121684,0.007073257030550702,509,0.016205872364114166,0.01832224929683809,509,0.0009193356920116548,0.0010554082310798207,509,0.0007895361873729924,0.0009066681265263075,509,0.0020443261836969686,0.002345400160945978,509
93f52157cbd20bdf8c1b,ILVIS0_58016_B200T_N44U_imu_510i_0539_41265390920_104746.013,125b48eace30aebd6ede69515bdbbeb33a089fa32b3ea45506dbe89424de4fdc,569,False,0,dual_frequency,h1_v3_tau0,60.0,0.010432335518587717,0.011128695757028061,509,0.009746603977434617,0.010296243385066245,509,0.027685108029791135,0.02897481194345665,509,0.0013033814418055836,0.0014026802077959425,509,0.001215315785879594,0.0012944776209373318,509,0.0034441102130272918,0.0036309127684927066,509
93f52157cbd20bdf8c1b,ILVIS0_58016_B200T_N44U_imu_510i_0539_41265390920_104746.013,125b48eace30aebd6ede69515bdbbeb33a089fa32b3ea45506dbe89424de4fdc,569,False,0,dual_frequency,h1_v3_tau10,60.0,0.025466376810258602,0.025759475866621535,509,0.025193233467791197,0.025410929855421403,509,0.07499193101826634,0.07547757440836267,509,0.002677644819424976,0.0027273596238447796,509,0.0026359004259566303,0.002673322094082362,509,0.007816693835940537,0.007900780651278937,509
93f52157cbd20bdf8c1b,ILVIS0_58016_B200T_N44U_imu_510i_0539_41265390920_104746.013,125b48eace30aebd6ede69515bdbbeb33a089fa32b3ea45506dbe89424de4fdc,569,False,0,dual_frequency,h1_v3_tau60,60.0,0.022238386918504476,0.022573437964270943,509,0.02192506596244738,0.022174870027054375,509,0.06509896513696455,0.06565782346845657,509,0.0017930958433869525,0.0018665211969228935,509,0.001730139295009653,0.0017866342381694666,509,0.005050683205867715,0.005179868069764271,509
93f52157cbd20bdf8c1b,ILVIS0_58016_B200T_N44U_imu_510i_0539_41265390920_104746.013,125b48eace30aebd6ede69515bdbbeb33a089fa32b3ea45506dbe89424de4fdc,569,False,0,dual_frequency,h1_v3_tau300,60.0,0.013289734217967746,0.013843095112412735,509,0.012758514815791855,0.013183172656748147,509,0.03710142729771631,0.038073487207714994,509,0.001161214400315893,0.0012716632494311675,509,0.0010614179949793258,0.0011512115241213694,509,0.002951006009041505,0.003167028392291242,509
93f52157cbd20bdf8c1b,ILVIS0_58016_B200T_N44U_imu_510i_0539_41265390920_104746.013,125b48eace30aebd6ede69515bdbbeb33a089fa32b3ea45506dbe89424de4fdc,569,False,0,dual_frequency,h3_v10_tau0,60.0,0.023594212754791878,0.023910272362407316,509,0.023299131748606882,0.0235343553903015,509,0.07655583543014158,0.07703161986567397,509,0.0029202403546174814,0.002965891514569918,509,0.0028820119717484463,0.002916277245719647,509,0.00946265165632839,0.009532229998482192,509
93f52157cbd20bdf8c1b,ILVIS0_58016_B200T_N44U_imu_510i_0539_41265390920_104746.013,125b48eace30aebd6ede69515bdbbeb33a089fa32b3ea45506dbe89424de4fdc,569,False,0,dual_frequency,h3_v10_tau10,60.0,0.07357996593330005,0.07368192204789908,509,0.07348587654417789,0.07356079387725122,509,0.24460390079754643,0.24475322838754596,509,0.007600434927955658,0.007618091616794073,509,0.0075858289178344415,0.00759891310410319,509,0.025231718847197774,0.02525789516882354,509
93f52157cbd20bdf8c1b,ILVIS0_58016_B200T_N44U_imu_510i_0539_41265390920_104746.013,125b48eace30aebd6ede69515bdbbeb33a089fa32b3ea45506dbe89424de4fdc,569,False,0,dual_frequency,h3_v10_tau60,60.0,0.06346729024309217,0.06358546359575906,509,0.06335818491340689,0.06344506237579083,509,0.2107890385548531,0.2109623030202993,509,0.004709066724446757,0.004737511814407383,509,0.004685456081520416,0.0047066101047492336,509,0.01552999447655571,0.015572487303479017,509
93f52157cbd20bdf8c1b,ILVIS0_58016_B200T_N44U_imu_510i_0539_41265390920_104746.013,125b48eace30aebd6ede69515bdbbeb33a089fa32b3ea45506dbe89424de4fdc,569,False,0,dual_frequency,h3_v10_tau300,60.0,0.034157540550000184,0.03437661742999983,509,0.03395438471163134,0.03411622172984541,509,0.11242391675969358,0.1127484438044693,509,0.002318263366111928,0.0023755112619309945,509,0.002269919450381784,0.002313269172171683,509,0.007382638175800986,0.007471611526941683,509
93f52157cbd20bdf8c1b,ILVIS0_58016_B200T_N44U_imu_510i_0539_41265390920_104746.013,125b48eace30aebd6ede69515bdbbeb33a089fa32b3ea45506dbe89424de4fdc,569,False,0,dual_frequency,h10_v30_tau0,60.0,0.07517325061020108,0.07527304867770475,509,0.07508115790279646,0.07515448500531864,509,0.225046930778908,0.22520922621810224,509,0.009284809364670441,0.00929926845125038,509,0.009272856852924932,0.0092835636589237,509,0.02779283776368181,0.027816604094202266,509
93f52157cbd20bdf8c1b,ILVIS0_58016_B200T_N44U_imu_510i_0539_41265390920_104746.013,125b48eace30aebd6ede69515bdbbeb33a089fa32b3ea45506dbe89424de4fdc,569,False,0,dual_frequency,h10_v30_tau10,60.0,0.2441747119467393,0.24420545490284873,509,0.2441463753959777,0.2441689352957933,509,0.7323787081665658,0.7324285949473033,509,0.025165562671104594,0.025170900924432874,509,0.025161155256264722,0.02516510309588965,509,0.07547398603156935,0.07548274107283608,509
93f52157cbd20bdf8c1b,ILVIS0_58016_B200T_N44U_imu_510i_0539_41265390920_104746.013,125b48eace30aebd6ede69515bdbbeb33a089fa32b3ea45506dbe89424de4fdc,569,False,0,dual_frequency,h10_v30_tau60,60.0,0.2102908472658202,0.2103265430082636,509,0.21025794422208421,0.2102841398036979,509,0.6307036757315264,0.6307616040169307,509,0.015422277296531417,0.015430986546696727,509,0.015415084374977432,0.01542152736546967,509,0.046229778277792614,0.04624407023596803,509
93f52157cbd20bdf8c1b,ILVIS0_58016_B200T_N44U_imu_510i_0539_41265390920_104746.013,125b48eace30aebd6ede69515bdbbeb33a089fa32b3ea45506dbe89424de4fdc,569,False,0,dual_frequency,h10_v30_tau300,60.0,0.1114870339029956,0.11155434988596898,509,0.11142495857395796,0.11147438153072248,509,0.334142471325719,0.33425179979232816,509,0.007153268833481072,0.0071720264772871314,509,0.0071377478437261,0.0071516518562587785,509,0.021379802654616694,0.02141068877746767,509
