task,filename,source_sha256,state,selected_stretches,canonical_task,rejection_counts,reason,selection_version,selection_sha256
594999d9bb7345ad87d3,ILVIS0_gyro_54935_lvis_applanix_POSAV.013,c83dfe2728b03bcdcd84edce7c538adf730380d7f7eb78cdbe068103094fb79a,no_qualifying_segment,0,594999d9bb7345ad87d3,"{""below_ground_speed"": 24474, ""excessive_course_rate"": 6280, ""excessive_roll"": 0, ""excessive_vertical_speed"": 0, ""incomplete_alignment"": 24474, ""missing_motion_context"": 2, ""missing_receiver_support"": 24, ""unsupported_native_interval_status_or_epoch"": 2}",,ilvis0-all-highspeed-level-segments-v1,934dea342a64b716533732d7ab0e961d23709cf37499faf7cee8e4c386778809
e2eab4a5165f2b84a703,ILVIS0_gyro_54936_atm_applanix_15Apr09.013,070a6ef0b926a19817606b1a5eb18d25be88f89afd8c666e1763406960915a47,no_qualifying_segment,0,e2eab4a5165f2b84a703,"{""below_ground_speed"": 651, ""excessive_course_rate"": 21, ""excessive_roll"": 0, ""excessive_vertical_speed"": 0, ""incomplete_alignment"": 133, ""missing_motion_context"": 2, ""missing_receiver_support"": 0, ""unsupported_native_interval_status_or_epoch"": 2}",,ilvis0-all-highspeed-level-segments-v1,934dea342a64b716533732d7ab0e961d23709cf37499faf7cee8e4c386778809
46f0a9ed26f8de10bb18,ILVIS0_gyro_54936_lvis_applanix_POSAV.013,52700f738969021134bce721dfba7643577fc938490bab888de34b79ef3e215a,no_qualifying_segment,0,46f0a9ed26f8de10bb18,"{""below_ground_speed"": 14318, ""excessive_course_rate"": 6099, ""excessive_roll"": 1160, ""excessive_vertical_speed"": 7987, ""incomplete_alignment"": 14318, ""missing_motion_context"": 2, ""missing_receiver_support"": 20, ""unsupported_native_interval_status_or_epoch"": 2}",,ilvis0-all-highspeed-level-segments-v1,934dea342a64b716533732d7ab0e961d23709cf37499faf7cee8e4c386778809
0428cb9b1d87fedfb19e,ILVIS0_gyro_54937_atm_applanix_16Apr09.013,61e813eb65e1bd9f9a6dbe9de884e96e9b542ce305304bd145441ac173533068,no_qualifying_segment,0,0428cb9b1d87fedfb19e,"{""below_ground_speed"": 656, ""excessive_course_rate"": 199, ""excessive_roll"": 87, ""excessive_vertical_speed"": 7, ""incomplete_alignment"": 0, ""missing_motion_context"": 2, ""missing_receiver_support"": 5, ""unsupported_native_interval_status_or_epoch"": 2}",,ilvis0-all-highspeed-level-segments-v1,934dea342a64b716533732d7ab0e961d23709cf37499faf7cee8e4c386778809
b48221b3e76e93a5d27d,ILVIS0_gyro_54937_lvis_applanix_POSAV.013,fdd5ef285fc076123fbdab26d9f14d548100dfee501437d82f2f01879413cf2f,no_qualifying_segment,0,b48221b3e76e93a5d27d,"{""below_ground_speed"": 24630, ""excessive_course_rate"": 13706, ""excessive_roll"": 147, ""excessive_vertical_speed"": 0, ""incomplete_alignment"": 24630, ""missing_motion_context"": 2, ""missing_receiver_support"": 30, ""unsupported_native_interval_status_or_epoch"": 2}",,ilvis0-all-highspeed-level-segments-v1,934dea342a64b716533732d7ab0e961d23709cf37499faf7cee8e4c386778809
d0e3a956ede05ba381c3,ILVIS0_applanix_55117_Ames_610-13Oct09_13Oct09.013,402ba1a0b44281f474f56b0624ee5ac255625e5eb5ff8de86f9b9d70b60af3cd,no_qualifying_segment,0,d0e3a956ede05ba381c3,"{""below_ground_speed"": 113, ""excessive_course_rate"": 302, ""excessive_roll"": 257, ""excessive_vertical_speed"": 16, ""incomplete_alignment"": 0, ""missing_motion_context"": 2, ""missing_receiver_support"": 3, ""short_after_buffers_or_raw_intersection"": 10, ""unsupported_native_interval_status_or_epoch"": 2}",,ilvis0-all-highspeed-level-segments-v1,934dea342a64b716533732d7ab0e961d23709cf37499faf7cee8e4c386778809
f9e6103611499862cdd5,ILVIS0_applanix_55117_LVIS_GSFC_510_POSAV.013,22975392797ebe64a5e476c2b3f96c53892283c2155770bcd4b6818c08c4dd66,no_qualifying_segment,0,f9e6103611499862cdd5,"{""below_ground_speed"": 24263, ""could not convert string to float: ''"": 5, ""excessive_course_rate"": 7565, ""excessive_roll"": 4867, ""excessive_vertical_speed"": 23355, ""incomplete_alignment"": 23570, ""missing_motion_context"": 2, ""missing_receiver_support"": 318, ""unsupported_GGA_quality"": 5, ""unsupported_native_interval_status_or_epoch"": 2}",,ilvis0-all-highspeed-level-segments-v1,934dea342a64b716533732d7ab0e961d23709cf37499faf7cee8e4c386778809
4c1edd9ff3709c652827,ILVIS0_applanix_55120_Ames_610-16Oct09_16Oct09.013,a8833063ff23eb2290907037e05533f88006494d3988ba46a92c56a7f409f992,no_qualifying_segment,0,4c1edd9ff3709c652827,"{""below_ground_speed"": 0, ""excessive_course_rate"": 240, ""excessive_roll"": 9, ""excessive_vertical_speed"": 0, ""incomplete_alignment"": 0, ""missing_motion_context"": 2, ""missing_receiver_support"": 0, ""short_after_buffers_or_raw_intersection"": 116, ""unsupported_native_interval_status_or_epoch"": 2}",,ilvis0-all-highspeed-level-segments-v1,934dea342a64b716533732d7ab0e961d23709cf37499faf7cee8e4c386778809
55459ded925fbb5b286f,ILVIS0_applanix_55120_LVIS_GSFC_510_POSAV.013,c8c4285ffeaf1ef8dbd474c17f0b2c52edf60644cb060508bf3b7fa3d6960afa,no_qualifying_segment,0,55459ded925fbb5b286f,"{""below_ground_speed"": 0, ""excessive_course_rate"": 359, ""excessive_roll"": 0, ""excessive_vertical_speed"": 10263, ""incomplete_alignment"": 23781, ""missing_motion_context"": 2, ""missing_receiver_support"": 31, ""unsupported_native_interval_status_or_epoch"": 2}",,ilvis0-all-highspeed-level-segments-v1,934dea342a64b716533732d7ab0e961d23709cf37499faf7cee8e4c386778809
ff36ab86ea03f8c2c49b,ILVIS0_applanix_55124_Ames_510-20oct09_20Oct09.013,f39deb582f207574911dd3a16e6c389a8baac76ceace13ec2f13aefdc42341dd,segments_available,1,ff36ab86ea03f8c2c49b,"{""below_ground_speed"": 0, ""excessive_course_rate"": 72, ""excessive_roll"": 23, ""excessive_vertical_speed"": 28, ""incomplete_alignment"": 0, ""missing_motion_context"": 2, ""missing_receiver_support"": 1, ""short_after_buffers_or_raw_intersection"": 11, ""unsupported_native_interval_status_or_epoch"": 2}",,ilvis0-all-highspeed-level-segments-v1,934dea342a64b716533732d7ab0e961d23709cf37499faf7cee8e4c386778809
26677dfea3fbb0fb60fe,ILVIS0_applanix_55124_Ames_610-20Oct09_20Oct09.013,1d3907d662c774b03b41bbb3675ac3f49009a663d82c0e28b7d64af756c90dc2,segments_available,1,26677dfea3fbb0fb60fe,"{""below_ground_speed"": 0, ""excessive_course_rate"": 2, ""excessive_roll"": 0, ""excessive_vertical_speed"": 0, ""incomplete_alignment"": 0, ""missing_motion_context"": 2, ""missing_receiver_support"": 1, ""short_after_buffers_or_raw_intersection"": 1, ""unsupported_native_interval_status_or_epoch"": 2}",,ilvis0-all-highspeed-level-segments-v1,934dea342a64b716533732d7ab0e961d23709cf37499faf7cee8e4c386778809
b007185bd3fe112c44c3,ILVIS0_applanix_55124_LVIS_GSFC_510_POSAV.013,b696f62ba33fe7c06d5608c44449b0100e7416928c788ef82328769c92729986,no_qualifying_segment,0,b007185bd3fe112c44c3,"{""below_ground_speed"": 0, ""excessive_course_rate"": 232, ""excessive_roll"": 0, ""excessive_vertical_speed"": 0, ""incomplete_alignment"": 24123, ""missing_motion_context"": 2, ""missing_receiver_support"": 24, ""unsupported_native_interval_status_or_epoch"": 2}",,ilvis0-all-highspeed-level-segments-v1,934dea342a64b716533732d7ab0e961d23709cf37499faf7cee8e4c386778809
a19f1e9e96315b20a4a2,ILVIS0_applanix_55125_Ames_510-21Oct09_21Oct09.013,09efbfc8808d60e46cda1f1656efc23b386007a6db86122e41c49a8a26536e2b,no_qualifying_segment,0,a19f1e9e96315b20a4a2,"{""below_ground_speed"": 0, ""excessive_course_rate"": 400, ""excessive_roll"": 46, ""excessive_vertical_speed"": 448, ""incomplete_alignment"": 0, ""missing_motion_context"": 2, ""missing_receiver_support"": 1, ""short_after_buffers_or_raw_intersection"": 14, ""unsupported_native_interval_status_or_epoch"": 2}",,ilvis0-all-highspeed-level-segments-v1,934dea342a64b716533732d7ab0e961d23709cf37499faf7cee8e4c386778809
6d4377977ca2fbed9e2b,ILVIS0_applanix_55125_Ames_610-21Oct09_21Oct09.013,1404d1b8d433069b40496a2df15b439300ba2770ca3ceb302745ac4749c75d3e,no_qualifying_segment,0,6d4377977ca2fbed9e2b,"{""below_ground_speed"": 0, ""excessive_course_rate"": 321, ""excessive_roll"": 182, ""excessive_vertical_speed"": 0, ""incomplete_alignment"": 0, ""missing_motion_context"": 2, ""missing_receiver_support"": 1, ""short_after_buffers_or_raw_intersection"": 30, ""unsupported_native_interval_status_or_epoch"": 2}",,ilvis0-all-highspeed-level-segments-v1,934dea342a64b716533732d7ab0e961d23709cf37499faf7cee8e4c386778809
4e045339dc4bf2ba0589,ILVIS0_applanix_55125_LVIS_GSFC_510_POSAV.013,5f224779f7debf7e7418a8f7086f8c20978c020612e912aa3af05535b48d5e5d,no_qualifying_segment,0,4e045339dc4bf2ba0589,"{""below_ground_speed"": 0, ""excessive_course_rate"": 261, ""excessive_roll"": 0, ""excessive_vertical_speed"": 0, ""incomplete_alignment"": 24912, ""missing_motion_context"": 2, ""missing_receiver_support"": 12, ""unsupported_native_interval_status_or_epoch"": 2}",,ilvis0-all-highspeed-level-segments-v1,934dea342a64b716533732d7ab0e961d23709cf37499faf7cee8e4c386778809
683ac516120685564714,ILVIS0_applanix_55128_Ames_510-24Oct09_24Oct09.013,5e597ef0cd42c391c2fa032a8392300e69bf40dd0420360eea89c30119a85363,segments_available,1,683ac516120685564714,"{""below_ground_speed"": 0, ""excessive_course_rate"": 2, ""excessive_roll"": 0, ""excessive_vertical_speed"": 0, ""incomplete_alignment"": 0, ""missing_motion_context"": 2, ""missing_receiver_support"": 0, ""short_after_buffers_or_raw_intersection"": 1, ""unsupported_native_interval_status_or_epoch"": 2}",,ilvis0-all-highspeed-level-segments-v1,934dea342a64b716533732d7ab0e961d23709cf37499faf7cee8e4c386778809
ad2d5717b2c1c2ed3589,ILVIS0_applanix_55128_Ames_610-24Oct09_24Oct09.013,dc223d82d68dd667db8bb628fd67546aa793934754c552982d363da54b9380de,segments_available,1,ad2d5717b2c1c2ed3589,"{""below_ground_speed"": 0, ""excessive_course_rate"": 2, ""excessive_roll"": 0, ""excessive_vertical_speed"": 0, ""incomplete_alignment"": 0, ""missing_motion_context"": 2, ""missing_receiver_support"": 0, ""short_after_buffers_or_raw_intersection"": 1, ""unsupported_native_interval_status_or_epoch"": 2}",,ilvis0-all-highspeed-level-segments-v1,934dea342a64b716533732d7ab0e961d23709cf37499faf7cee8e4c386778809
dd4066b4761ccf5f031d,ILVIS0_applanix_55128_LVIS_GSFC_510_POSAV.013,65d338b71cd0da67a7a073cd287af24390e02613da2ee810cddffd6aba284ad3,no_qualifying_segment,0,dd4066b4761ccf5f031d,"{""below_ground_speed"": 0, ""excessive_course_rate"": 371, ""excessive_roll"": 0, ""excessive_vertical_speed"": 0, ""incomplete_alignment"": 24113, ""missing_motion_context"": 2, ""missing_receiver_support"": 0, ""unsupported_native_interval_status_or_epoch"": 2}",,ilvis0-all-highspeed-level-segments-v1,934dea342a64b716533732d7ab0e961d23709cf37499faf7cee8e4c386778809
b78faf2349870ed2ddb8,ILVIS0_applanix_55129_610-25Oct09_25Oct09.013,3dcdb5ccd9cd16ac5a653663b0352791a8da1eee1af70005894a70d60b99129d,segments_available,1,b78faf2349870ed2ddb8,"{""below_ground_speed"": 0, ""excessive_course_rate"": 2, ""excessive_roll"": 0, ""excessive_vertical_speed"": 0, ""incomplete_alignment"": 0, ""missing_motion_context"": 2, ""missing_receiver_support"": 0, ""short_after_buffers_or_raw_intersection"": 1, ""unsupported_native_interval_status_or_epoch"": 2}",,ilvis0-all-highspeed-level-segments-v1,934dea342a64b716533732d7ab0e961d23709cf37499faf7cee8e4c386778809
065a958de975f32924e5,ILVIS0_applanix_55129_LVIS_GSFC_510_POSAV.013,0a2e302b57bec415b134587dd861009d2123a65316de977ad087858fb32fbf27,no_qualifying_segment,0,065a958de975f32924e5,"{""below_ground_speed"": 0, ""excessive_course_rate"": 292, ""excessive_roll"": 0, ""excessive_vertical_speed"": 25130, ""incomplete_alignment"": 25235, ""missing_motion_context"": 2, ""missing_receiver_support"": 35, ""unsupported_native_interval_status_or_epoch"": 2}",,ilvis0-all-highspeed-level-segments-v1,934dea342a64b716533732d7ab0e961d23709cf37499faf7cee8e4c386778809
60b015c2680f835a1882,ILVIS0_applanix_55131_610-27Oct09_27Oct09.013,b3a5cac897123f4c94673c04dc2c48c6379422ea27d40bbdce594abaca14b04f,segments_available,1,60b015c2680f835a1882,"{""below_ground_speed"": 0, ""excessive_course_rate"": 113, ""excessive_roll"": 0, ""excessive_vertical_speed"": 0, ""incomplete_alignment"": 0, ""missing_motion_context"": 2, ""missing_receiver_support"": 0, ""short_after_buffers_or_raw_intersection"": 33, ""unsupported_native_interval_status_or_epoch"": 2}",,ilvis0-all-highspeed-level-segments-v1,934dea342a64b716533732d7ab0e961d23709cf37499faf7cee8e4c386778809
798c004bb4435dcf2723,ILVIS0_applanix_55131_LVIS_GSFC_510_POSAV.013,2dbe8a2882ba9a8a476c91f2857b3e422f19194944eee08fca8f508eb3c9c385,no_qualifying_segment,0,798c004bb4435dcf2723,"{""below_ground_speed"": 0, ""excessive_course_rate"": 573, ""excessive_roll"": 0, ""excessive_vertical_speed"": 0, ""incomplete_alignment"": 24532, ""missing_motion_context"": 2, ""missing_receiver_support"": 12, ""unsupported_native_interval_status_or_epoch"": 2}",,ilvis0-all-highspeed-level-segments-v1,934dea342a64b716533732d7ab0e961d23709cf37499faf7cee8e4c386778809
28efd95656987f7d215a,ILVIS0_applanix_55133_610-29Oct09_29Oct09.013,be71c81e9150a6e44357974998cb81ef0baf50abe3856bf127aa05cb603d9af6,segments_available,1,28efd95656987f7d215a,"{""below_ground_speed"": 0, ""excessive_course_rate"": 2, ""excessive_roll"": 0, ""excessive_vertical_speed"": 0, ""incomplete_alignment"": 0, ""missing_motion_context"": 2, ""missing_receiver_support"": 0, ""short_after_buffers_or_raw_intersection"": 1, ""unsupported_native_interval_status_or_epoch"": 2}",,ilvis0-all-highspeed-level-segments-v1,934dea342a64b716533732d7ab0e961d23709cf37499faf7cee8e4c386778809
80ec450f8cedbc70215e,ILVIS0_applanix_55133_LVIS_GSFC_510_POSAV.013,7d6ee14f3a265c00ca753cc29a591c4a27e8fde29e35864289467e8464b445e9,no_qualifying_segment,0,80ec450f8cedbc70215e,"{""below_ground_speed"": 0, ""excessive_course_rate"": 526, ""excessive_roll"": 0, ""excessive_vertical_speed"": 0, ""incomplete_alignment"": 24462, ""missing_motion_context"": 2, ""missing_receiver_support"": 15, ""unsupported_native_interval_status_or_epoch"": 2}",,ilvis0-all-highspeed-level-segments-v1,934dea342a64b716533732d7ab0e961d23709cf37499faf7cee8e4c386778809
6d07c5ae81f6c1fada88,ILVIS0_applanix_55135_610-31Oct09_31Oct09.013,e7379c32f32943206ebbf611fdc4dcf0b3e2c9cadd13135f4550f75d9334da98,no_qualifying_segment,0,6d07c5ae81f6c1fada88,"{""below_ground_speed"": 0, ""excessive_course_rate"": 133, ""excessive_roll"": 19, ""excessive_vertical_speed"": 151, ""incomplete_alignment"": 0, ""missing_motion_context"": 2, ""missing_receiver_support"": 0, ""short_after_buffers_or_raw_intersection"": 24, ""unsupported_native_interval_status_or_epoch"": 2}",,ilvis0-all-highspeed-level-segments-v1,934dea342a64b716533732d7ab0e961d23709cf37499faf7cee8e4c386778809
4ad8d8525fc91ac7243d,ILVIS0_applanix_55135_LVIS_GSFC_510_POSAV.013,d05c9e479b1365c85abc2490aeb0276035c1bddac9adbd97672b6e2d2030f6fa,no_qualifying_segment,0,4ad8d8525fc91ac7243d,"{""below_ground_speed"": 0, ""excessive_course_rate"": 657, ""excessive_roll"": 0, ""excessive_vertical_speed"": 0, ""incomplete_alignment"": 24516, ""missing_motion_context"": 2, ""missing_receiver_support"": 32, ""unsupported_native_interval_status_or_epoch"": 2}",,ilvis0-all-highspeed-level-segments-v1,934dea342a64b716533732d7ab0e961d23709cf37499faf7cee8e4c386778809
1ef925fbecacc780e73a,ILVIS0_applanix_55139_610-04Nov09_04Nov09.013,25311ab738262d2fb954069e932c5ce0166b50ba95ac8c7fd9e87fe2adc66f64,no_qualifying_segment,0,1ef925fbecacc780e73a,"{""below_ground_speed"": 0, ""excessive_course_rate"": 244, ""excessive_roll"": 0, ""excessive_vertical_speed"": 0, ""incomplete_alignment"": 0, ""missing_motion_context"": 2, ""missing_receiver_support"": 0, ""short_after_buffers_or_raw_intersection"": 48, ""unsupported_native_interval_status_or_epoch"": 2}",,ilvis0-all-highspeed-level-segments-v1,934dea342a64b716533732d7ab0e961d23709cf37499faf7cee8e4c386778809
c98891d2a38c480fe3e6,ILVIS0_applanix_55139_LVIS_GSFC_510_POSAV.013,0609af5f0d407b1016cba639abb47ed0a0428f5e12b6d36d1bbb679f73a7aac0,no_qualifying_segment,0,c98891d2a38c480fe3e6,"{""below_ground_speed"": 0, ""excessive_course_rate"": 82, ""excessive_roll"": 0, ""excessive_vertical_speed"": 0, ""incomplete_alignment"": 24396, ""missing_motion_context"": 2, ""missing_receiver_support"": 13, ""unsupported_native_interval_status_or_epoch"": 2}",,ilvis0-all-highspeed-level-segments-v1,934dea342a64b716533732d7ab0e961d23709cf37499faf7cee8e4c386778809
b97d0866606fd64f4e2e,ILVIS0_applanix_55140_610-05Nov09_05Nov09.013,146d30ae1fb765aba07f51c15e84b0abfd1aa6167ce99484f41c14e2274657a8,segments_available,1,b97d0866606fd64f4e2e,"{""below_ground_speed"": 0, ""excessive_course_rate"": 43, ""excessive_roll"": 0, ""excessive_vertical_speed"": 222, ""incomplete_alignment"": 0, ""missing_motion_context"": 2, ""missing_receiver_support"": 0, ""short_after_buffers_or_raw_intersection"": 7, ""unsupported_native_interval_status_or_epoch"": 2}",,ilvis0-all-highspeed-level-segments-v1,934dea342a64b716533732d7ab0e961d23709cf37499faf7cee8e4c386778809
29a285ee434f73726bb5,ILVIS0_applanix_55140_LVIS_GSFC_510_POSAV.013,42865f388e0fa3d7544b10b7b634f4192fc6bcc13544bf68bb9580ab4e2592db,no_qualifying_segment,0,29a285ee434f73726bb5,"{""below_ground_speed"": 0, ""excessive_course_rate"": 303, ""excessive_roll"": 0, ""excessive_vertical_speed"": 0, ""incomplete_alignment"": 24110, ""missing_motion_context"": 2, ""missing_receiver_support"": 11, ""unsupported_native_interval_status_or_epoch"": 2}",,ilvis0-all-highspeed-level-segments-v1,934dea342a64b716533732d7ab0e961d23709cf37499faf7cee8e4c386778809
c2e72777d4aa69a7f197,ILVIS0_applanix_55277_20100322_610_AMES_08Dec09.013,058b27e4e68f5f7c0c6d170e300a9cb98d423d93a1bc296f0cab5ef08f61d841,segments_available,1,c2e72777d4aa69a7f197,"{""below_ground_speed"": 0, ""excessive_course_rate"": 49, ""excessive_roll"": 17, ""excessive_vertical_speed"": 0, ""incomplete_alignment"": 0, ""missing_motion_context"": 2, ""missing_receiver_support"": 0, ""short_after_buffers_or_raw_intersection"": 5, ""unsupported_native_interval_status_or_epoch"": 2}",,ilvis0-all-highspeed-level-segments-v1,934dea342a64b716533732d7ab0e961d23709cf37499faf7cee8e4c386778809
0d906637c82059f4b956,ILVIS0_applanix_55278_20100323_510_LVIS_POSAV.013,b315d46ac969ce1b03534e732390ffef46f94ed38e575e24cbc769d121696821,no_qualifying_segment,0,0d906637c82059f4b956,"{""below_ground_speed"": 0, ""excessive_course_rate"": 9453, ""excessive_roll"": 233, ""excessive_vertical_speed"": 0, ""incomplete_alignment"": 24134, ""missing_motion_context"": 2, ""missing_receiver_support"": 0, ""unsupported_native_interval_status_or_epoch"": 2}",,ilvis0-all-highspeed-level-segments-v1,934dea342a64b716533732d7ab0e961d23709cf37499faf7cee8e4c386778809
d6963226d080d2cc57f1,ILVIS0_applanix_55278_20100323_610_AMES_23Mar10.013,cfd74762d5c0ab347945ce4876f3ea4e305ed3f7364561333e8a7584b7222b00,no_qualifying_segment,0,d6963226d080d2cc57f1,"{""below_ground_speed"": 681, ""excessive_course_rate"": 113, ""excessive_roll"": 0, ""excessive_vertical_speed"": 36, ""incomplete_alignment"": 0, ""missing_motion_context"": 2, ""missing_receiver_support"": 0, ""unsupported_native_interval_status_or_epoch"": 2}",,ilvis0-all-highspeed-level-segments-v1,934dea342a64b716533732d7ab0e961d23709cf37499faf7cee8e4c386778809
d148e0852763f01663d4,ILVIS0_applanix_55279_20100324_510_LVIS_POSAV.013,ba025494e62e91ba6f1dd7dbd1f1a3c36824915cf043603cb590409e287fc77a,no_qualifying_segment,0,d148e0852763f01663d4,"{""below_ground_speed"": 24113, ""excessive_course_rate"": 11850, ""excessive_roll"": 5976, ""excessive_vertical_speed"": 3296, ""incomplete_alignment"": 17493, ""missing_motion_context"": 2, ""missing_receiver_support"": 17, ""unsupported_native_interval_status_or_epoch"": 2}",,ilvis0-all-highspeed-level-segments-v1,934dea342a64b716533732d7ab0e961d23709cf37499faf7cee8e4c386778809
e3ab04fb98d3e143dde9,ILVIS0_applanix_55281_20100326_510_LVIS_POSAV.013,245a4590984b5d3be818d98c7cd14035f316d4285dd811472a18a6cbebe612a5,no_qualifying_segment,0,e3ab04fb98d3e143dde9,"{""below_ground_speed"": 24109, ""excessive_course_rate"": 6557, ""excessive_roll"": 81, ""excessive_vertical_speed"": 85, ""incomplete_alignment"": 24109, ""missing_motion_context"": 2, ""missing_receiver_support"": 21, ""unsupported_native_interval_status_or_epoch"": 2}",,ilvis0-all-highspeed-level-segments-v1,934dea342a64b716533732d7ab0e961d23709cf37499faf7cee8e4c386778809
c113ebd6a699d315df57,ILVIS0_applanix_55281_20100326_610_AMES_KERNEL_MISS_NAMED_24Mar10.013,dc26aa098219f38fd6a4acf223a5516e7e58101024e915c5c44bf3320b434237,no_qualifying_segment,0,c113ebd6a699d315df57,"{""below_ground_speed"": 669, ""excessive_course_rate"": 38, ""excessive_roll"": 0, ""excessive_vertical_speed"": 0, ""incomplete_alignment"": 0, ""missing_motion_context"": 2, ""missing_receiver_support"": 0, ""unsupported_native_interval_status_or_epoch"": 2}",,ilvis0-all-highspeed-level-segments-v1,934dea342a64b716533732d7ab0e961d23709cf37499faf7cee8e4c386778809
98dbabbd7b93401715cb,ILVIS0_applanix_55284_20100329_510_LVIS_POSAV.013,388855005590838984f557a18117199e9909212f545a88074992e61254ea1f61,no_qualifying_segment,0,98dbabbd7b93401715cb,"{""below_ground_speed"": 24012, ""excessive_course_rate"": 8735, ""excessive_roll"": 3633, ""excessive_vertical_speed"": 24012, ""incomplete_alignment"": 24012, ""missing_motion_context"": 2, ""missing_receiver_support"": 0, ""unsupported_native_interval_status_or_epoch"": 2}",,ilvis0-all-highspeed-level-segments-v1,934dea342a64b716533732d7ab0e961d23709cf37499faf7cee8e4c386778809
e8ef81c896d08e296383,ILVIS0_applanix_55284_20100329_610_AMES_29Mar100329_103936.013,fd30ec45fa2363e28942975796dd8d1d1f10e10c3de26cf49437afb67dc20fba,segments_available,1,e8ef81c896d08e296383,"{""below_ground_speed"": 0, ""excessive_course_rate"": 98, ""excessive_roll"": 63, ""excessive_vertical_speed"": 73, ""incomplete_alignment"": 0, ""missing_motion_context"": 2, ""missing_receiver_support"": 0, ""short_after_buffers_or_raw_intersection"": 7, ""unsupported_native_interval_status_or_epoch"": 2}",,ilvis0-all-highspeed-level-segments-v1,934dea342a64b716533732d7ab0e961d23709cf37499faf7cee8e4c386778809
7fe534a78767ef149e22,ILVIS0_applanix_55288_20100402_510_LVIS_POSAV.013,7ae961a02f336381e7e1001fbee1cfbe9f6e2fc3964611031f7826d586ec78d2,no_qualifying_segment,0,7fe534a78767ef149e22,"{""below_ground_speed"": 24106, ""excessive_course_rate"": 6569, ""excessive_roll"": 1633, ""excessive_vertical_speed"": 0, ""incomplete_alignment"": 24106, ""missing_motion_context"": 2, ""missing_receiver_support"": 14, ""unsupported_native_interval_status_or_epoch"": 2}",,ilvis0-all-highspeed-level-segments-v1,934dea342a64b716533732d7ab0e961d23709cf37499faf7cee8e4c386778809
6470d449b74df01c7ef3,ILVIS0_applanix_55288_20100402_610_LVIS_02Apr10.013,1de2cf97e9b48a131ab94608170504f6d5ab82b9b622d43fda87cf0876111353,no_qualifying_segment,0,6470d449b74df01c7ef3,"{""below_ground_speed"": 679, ""excessive_course_rate"": 157, ""excessive_roll"": 61, ""excessive_vertical_speed"": 0, ""incomplete_alignment"": 0, ""missing_motion_context"": 2, ""missing_receiver_support"": 0, ""unsupported_native_interval_status_or_epoch"": 2}",,ilvis0-all-highspeed-level-segments-v1,934dea342a64b716533732d7ab0e961d23709cf37499faf7cee8e4c386778809
d2ec4f1e1707c0d93dc2,ILVIS0_applanix_55291_20100405_510_LVIS_POSAV.013,e29e65a69071264544d14d38d9b0015dffa5f6a4dedd5ade6543b2d767d6fddc,no_qualifying_segment,0,d2ec4f1e1707c0d93dc2,"{""below_ground_speed"": 24113, ""excessive_course_rate"": 2968, ""excessive_roll"": 0, ""excessive_vertical_speed"": 0, ""incomplete_alignment"": 24113, ""missing_motion_context"": 2, ""missing_receiver_support"": 32, ""unsupported_native_interval_status_or_epoch"": 2}",,ilvis0-all-highspeed-level-segments-v1,934dea342a64b716533732d7ab0e961d23709cf37499faf7cee8e4c386778809
56914803301d5dd3d9bc,ILVIS0_applanix_55291_20100405_610_LVIS_05Apr10.013,03c90d37179027e9bc560daccdf7ce4723dda711a6157842659fbaa39c318975,no_qualifying_segment,0,56914803301d5dd3d9bc,"{""below_ground_speed"": 685, ""excessive_course_rate"": 13, ""excessive_roll"": 0, ""excessive_vertical_speed"": 0, ""incomplete_alignment"": 0, ""missing_motion_context"": 2, ""missing_receiver_support"": 0, ""unsupported_native_interval_status_or_epoch"": 2}",,ilvis0-all-highspeed-level-segments-v1,934dea342a64b716533732d7ab0e961d23709cf37499faf7cee8e4c386778809
cd66a80e294af3d53697,ILVIS0_applanix_55295_20100409_510_LVIS_POSAV.013,028bc903367d9cef5854ff8922ae777d9c1a058b1bb610bb589f0c9245a6e489,no_qualifying_segment,0,cd66a80e294af3d53697,"{""below_ground_speed"": 9337, ""excessive_course_rate"": 15063, ""excessive_roll"": 10245, ""excessive_vertical_speed"": 0, ""incomplete_alignment"": 22199, ""missing_motion_context"": 2, ""missing_receiver_support"": 24, ""unsupported_native_interval_status_or_epoch"": 2}",,ilvis0-all-highspeed-level-segments-v1,934dea342a64b716533732d7ab0e961d23709cf37499faf7cee8e4c386778809
397f6c3a7f6f34592195,ILVIS0_applanix_55295_20100409_610_LVIS_09Apr10.013,b479a9a435e4e89047a18b53ba884364fe487a90b5bad42f8a6a2bb107a72bbd,segments_available,1,397f6c3a7f6f34592195,"{""below_ground_speed"": 61, ""excessive_course_rate"": 365, ""excessive_roll"": 330, ""excessive_vertical_speed"": 150, ""incomplete_alignment"": 0, ""missing_motion_context"": 2, ""missing_receiver_support"": 0, ""short_after_buffers_or_raw_intersection"": 1, ""unsupported_native_interval_status_or_epoch"": 2}",,ilvis0-all-highspeed-level-segments-v1,934dea342a64b716533732d7ab0e961d23709cf37499faf7cee8e4c386778809
6f62e0aa90d1bfb12c24,ILVIS0_applanix_55298_20100412_610_AMES_12Apr10.013,b53ed6fdc10e2fc382530f5feaf072b762d07636959979fd34fa9b69e6e0f917,no_qualifying_segment,0,6f62e0aa90d1bfb12c24,"{""below_ground_speed"": 674, ""excessive_course_rate"": 133, ""excessive_roll"": 0, ""excessive_vertical_speed"": 174, ""incomplete_alignment"": 0, ""missing_motion_context"": 2, ""missing_receiver_support"": 1, ""unsupported_native_interval_status_or_epoch"": 2}",,ilvis0-all-highspeed-level-segments-v1,934dea342a64b716533732d7ab0e961d23709cf37499faf7cee8e4c386778809
3361b4f9d23e55cd4841,ILVIS0_applanix_55299_20100413_AMES_610_13Apr10.013,66b2c1601479dc8ccbf4fac9a88de5f05650293752403fcbcd8c83ee5385da4f,no_qualifying_segment,0,3361b4f9d23e55cd4841,"{""below_ground_speed"": 654, ""excessive_course_rate"": 55, ""excessive_roll"": 0, ""excessive_vertical_speed"": 82, ""incomplete_alignment"": 0, ""missing_motion_context"": 2, ""missing_receiver_support"": 0, ""unsupported_native_interval_status_or_epoch"": 2}",,ilvis0-all-highspeed-level-segments-v1,934dea342a64b716533732d7ab0e961d23709cf37499faf7cee8e4c386778809
024088f20237d75d91ce,ILVIS0_applanix_55299_20100413_LVIS_510_POSAV.013,2c35698af64c154cffa9207c6ed10b30d4d572360be3554531cd1df4d128ee83,no_qualifying_segment,0,024088f20237d75d91ce,"{""below_ground_speed"": 24512, ""excessive_course_rate"": 5562, ""excessive_roll"": 0, ""excessive_vertical_speed"": 4702, ""incomplete_alignment"": 19782, ""missing_motion_context"": 2, ""missing_receiver_support"": 12, ""unsupported_native_interval_status_or_epoch"": 2}",,ilvis0-all-highspeed-level-segments-v1,934dea342a64b716533732d7ab0e961d23709cf37499faf7cee8e4c386778809
739867a871b2c6dc77f4,ILVIS0_applanix_55300_20100414_Ames610_14Apr10.013,9ba34a0ecac0a8512866d4996e8b56848f7a573e36a985fdd5f8e41421221484,segments_available,1,739867a871b2c6dc77f4,"{""below_ground_speed"": 0, ""excessive_course_rate"": 99, ""excessive_roll"": 54, ""excessive_vertical_speed"": 0, ""incomplete_alignment"": 0, ""missing_motion_context"": 2, ""missing_receiver_support"": 1, ""short_after_buffers_or_raw_intersection"": 15, ""unsupported_native_interval_status_or_epoch"": 2}",,ilvis0-all-highspeed-level-segments-v1,934dea342a64b716533732d7ab0e961d23709cf37499faf7cee8e4c386778809
9144c20384fb71e4b1e3,ILVIS0_applanix_55300_20100414_LVIS510_POSAV.013,db5dbda2fc2385c762fc35659959e1663b479c718a09090722fb8f44d3435f91,no_qualifying_segment,0,9144c20384fb71e4b1e3,"{""below_ground_speed"": 0, ""excessive_course_rate"": 417, ""excessive_roll"": 0, ""excessive_vertical_speed"": 0, ""incomplete_alignment"": 21730, ""missing_motion_context"": 2, ""missing_receiver_support"": 19, ""short_after_buffers_or_raw_intersection"": 62, ""unsupported_native_interval_status_or_epoch"": 2}",,ilvis0-all-highspeed-level-segments-v1,934dea342a64b716533732d7ab0e961d23709cf37499faf7cee8e4c386778809
81b7dc5d8a941315f623,ILVIS0_applanix_55305_20100419_Ames610_19Apr10.013,e2061f5e56aec0d811593da78ef0368ae22def8e94880b08ac16ccc7275ef2ca,no_qualifying_segment,0,81b7dc5d8a941315f623,"{""below_ground_speed"": 669, ""excessive_course_rate"": 90, ""excessive_roll"": 0, ""excessive_vertical_speed"": 71, ""incomplete_alignment"": 0, ""missing_motion_context"": 2, ""missing_receiver_support"": 0, ""unsupported_native_interval_status_or_epoch"": 2}",,ilvis0-all-highspeed-level-segments-v1,934dea342a64b716533732d7ab0e961d23709cf37499faf7cee8e4c386778809
abe6956666c05eecbbf9,ILVIS0_applanix_55305_20100419_LVIS510_POSAV.013,7efb02b6cf37e7581b561ce2d698ac8280b43ca97f7457fb11d66c4d364ac47e,no_qualifying_segment,0,abe6956666c05eecbbf9,"{""below_ground_speed"": 0, ""excessive_course_rate"": 1206, ""excessive_roll"": 0, ""excessive_vertical_speed"": 143, ""incomplete_alignment"": 24815, ""missing_motion_context"": 2, ""missing_receiver_support"": 0, ""unsupported_native_interval_status_or_epoch"": 2}",,ilvis0-all-highspeed-level-segments-v1,934dea342a64b716533732d7ab0e961d23709cf37499faf7cee8e4c386778809
713bb9ca5c6d03766fb3,ILVIS0_applanix_55306_20100420_Ames610_20Apr10.013,0bfb8a2aef5058cf1e915bbe6affa2c23ff45377e1f4600c8035c866e228929c,no_qualifying_segment,0,713bb9ca5c6d03766fb3,"{""below_ground_speed"": 318, ""excessive_course_rate"": 76, ""excessive_roll"": 0, ""excessive_vertical_speed"": 0, ""incomplete_alignment"": 0, ""missing_motion_context"": 2, ""missing_receiver_support"": 0, ""short_after_buffers_or_raw_intersection"": 18, ""unsupported_native_interval_status_or_epoch"": 2}",,ilvis0-all-highspeed-level-segments-v1,934dea342a64b716533732d7ab0e961d23709cf37499faf7cee8e4c386778809
4daae299476a856df920,ILVIS0_applanix_55306_20100420_LVIS510_POSAV.013,9ff8cb138981b86b1585f0f5c729d0f2c585c35d8aa3546204a86d123e5b268e,no_qualifying_segment,0,4daae299476a856df920,"{""below_ground_speed"": 8236, ""excessive_course_rate"": 10514, ""excessive_roll"": 4138, ""excessive_vertical_speed"": 0, ""incomplete_alignment"": 24840, ""missing_motion_context"": 2, ""missing_receiver_support"": 4, ""unsupported_native_interval_status_or_epoch"": 2}",,ilvis0-all-highspeed-level-segments-v1,934dea342a64b716533732d7ab0e961d23709cf37499faf7cee8e4c386778809
8c953c34ba28140feafd,ILVIS0_applanix_55307_20100421_Ames610_21Apr10.013,7b714a99ced6dedaffc21e709ad3dfc4ea5f9241d9282d8267fd50cf97ce3b88,no_qualifying_segment,0,8c953c34ba28140feafd,"{""below_ground_speed"": 639, ""excessive_course_rate"": 23, ""excessive_roll"": 0, ""excessive_vertical_speed"": 0, ""incomplete_alignment"": 0, ""missing_motion_context"": 2, ""missing_receiver_support"": 0, ""unsupported_native_interval_status_or_epoch"": 2}",,ilvis0-all-highspeed-level-segments-v1,934dea342a64b716533732d7ab0e961d23709cf37499faf7cee8e4c386778809
1fec3d39099d0e619100,ILVIS0_applanix_55307_20100421_LVIS510_POSAV.013,c2e58674c46974395abe5735949fd32ebcf076f1c7e6fb130078128673b96afb,no_qualifying_segment,0,1fec3d39099d0e619100,"{""below_ground_speed"": 0, ""excessive_course_rate"": 840, ""excessive_roll"": 0, ""excessive_vertical_speed"": 0, ""incomplete_alignment"": 24467, ""missing_motion_context"": 2, ""missing_receiver_support"": 29, ""unsupported_native_interval_status_or_epoch"": 2}",,ilvis0-all-highspeed-level-segments-v1,934dea342a64b716533732d7ab0e961d23709cf37499faf7cee8e4c386778809
803fc652962ade07d350,ILVIS0_applanix_55308_20100422_Ames610_22Apr10.013,34516fa805b41bb3ee45abd3a2a8b6951e51c4f4528238043fc646d248ea5cdd,no_qualifying_segment,0,803fc652962ade07d350,"{""below_ground_speed"": 81, ""excessive_course_rate"": 67, ""excessive_roll"": 13, ""excessive_vertical_speed"": 302, ""incomplete_alignment"": 0, ""missing_motion_context"": 2, ""missing_receiver_support"": 1, ""short_after_buffers_or_raw_intersection"": 12, ""unsupported_native_interval_status_or_epoch"": 2}",,ilvis0-all-highspeed-level-segments-v1,934dea342a64b716533732d7ab0e961d23709cf37499faf7cee8e4c386778809
abe8ee7ce576153eeb6f,ILVIS0_applanix_55485_20101016_510_LVIS.013,a8d17d5aab7022c5e12b453fb6992130e01dad31877133052d66b90fcfb25b1e,no_qualifying_segment,0,abe8ee7ce576153eeb6f,"{""below_ground_speed"": 0, ""excessive_course_rate"": 15531, ""excessive_roll"": 9021, ""excessive_vertical_speed"": 0, ""incomplete_alignment"": 14051, ""missing_motion_context"": 2, ""missing_receiver_support"": 19, ""short_after_buffers_or_raw_intersection"": 1450, ""unsupported_native_interval_status_or_epoch"": 2}",,ilvis0-all-highspeed-level-segments-v1,934dea342a64b716533732d7ab0e961d23709cf37499faf7cee8e4c386778809
d8e612b62a9f0192a39d,ILVIS0_applanix_55488_20101019_510_LVIS.013,7a82f4b7666b672d17412c997ed33fdfbfd721874df3c0f3ea89bec841b4de70,no_qualifying_segment,0,d8e612b62a9f0192a39d,"{""below_ground_speed"": 0, ""excessive_course_rate"": 14187, ""excessive_roll"": 5230, ""excessive_vertical_speed"": 8501, ""incomplete_alignment"": 15450, ""missing_motion_context"": 2, ""missing_receiver_support"": 22, ""short_after_buffers_or_raw_intersection"": 120, ""unsupported_native_interval_status_or_epoch"": 2}",,ilvis0-all-highspeed-level-segments-v1,934dea342a64b716533732d7ab0e961d23709cf37499faf7cee8e4c386778809
f166954fecd1d93111ee,ILVIS0_applanix_55495_20101026_510_lvis_LVIS.013,3509e0d5099f758d963684048dc7043f9c70d33dda23345c0d74f710a4433ccb,no_qualifying_segment,0,f166954fecd1d93111ee,"{""below_ground_speed"": 0, ""excessive_course_rate"": 6691, ""excessive_roll"": 4645, ""excessive_vertical_speed"": 1786, ""incomplete_alignment"": 21755, ""missing_motion_context"": 2, ""missing_receiver_support"": 15, ""short_after_buffers_or_raw_intersection"": 220, ""unsupported_native_interval_status_or_epoch"": 2}",,ilvis0-all-highspeed-level-segments-v1,934dea342a64b716533732d7ab0e961d23709cf37499faf7cee8e4c386778809
953bf000f10421faad04,ILVIS0_applanix_55497_20101028_510_LVIS.013,e3d28f00cb3fd1acde8ac38a307110b331fc4775058b012bdf74a850920c0492,no_qualifying_segment,0,953bf000f10421faad04,"{""below_ground_speed"": 0, ""excessive_course_rate"": 942, ""excessive_roll"": 0, ""excessive_vertical_speed"": 8865, ""incomplete_alignment"": 23657, ""missing_motion_context"": 2, ""missing_receiver_support"": 0, ""unsupported_native_interval_status_or_epoch"": 2}",,ilvis0-all-highspeed-level-segments-v1,934dea342a64b716533732d7ab0e961d23709cf37499faf7cee8e4c386778809
de0755286667fab3c707,ILVIS0_applanix_55499_20101030_510_LVIS.013,7f35e6476568a8f7ed8c96f3da489af6ea1e45be03e14b18946eac81dabbe55b,no_qualifying_segment,0,de0755286667fab3c707,"{""below_ground_speed"": 0, ""excessive_course_rate"": 1125, ""excessive_roll"": 0, ""excessive_vertical_speed"": 596, ""incomplete_alignment"": 24156, ""missing_motion_context"": 2, ""missing_receiver_support"": 0, ""unsupported_native_interval_status_or_epoch"": 2}",,ilvis0-all-highspeed-level-segments-v1,934dea342a64b716533732d7ab0e961d23709cf37499faf7cee8e4c386778809
45d2c3d47421eb1af468,ILVIS0_applanix_55504_20101104_510_lvis_LVIS.013,1acc7dc22109bc8768cfb2219be59f4818b326e27faa404e1d8bcab72f248ab2,no_qualifying_segment,0,45d2c3d47421eb1af468,"{""below_ground_speed"": 0, ""excessive_course_rate"": 69, ""excessive_roll"": 0, ""excessive_vertical_speed"": 0, ""incomplete_alignment"": 24245, ""missing_motion_context"": 2, ""missing_receiver_support"": 45, ""unsupported_native_interval_status_or_epoch"": 2}",,ilvis0-all-highspeed-level-segments-v1,934dea342a64b716533732d7ab0e961d23709cf37499faf7cee8e4c386778809
f2a610caa1c8af459d3f,ILVIS0_applanix_55505_20101105_510_lvis_LVIS.013,43e28a6a910974116d4227bceb33e681482b7d6b9b402c2330e86ea0e1814f49,no_qualifying_segment,0,f2a610caa1c8af459d3f,"{""below_ground_speed"": 0, ""excessive_course_rate"": 10540, ""excessive_roll"": 2383, ""excessive_vertical_speed"": 0, ""incomplete_alignment"": 24167, ""missing_motion_context"": 2, ""missing_receiver_support"": 0, ""unsupported_native_interval_status_or_epoch"": 2}",,ilvis0-all-highspeed-level-segments-v1,934dea342a64b716533732d7ab0e961d23709cf37499faf7cee8e4c386778809
010c70375fc8e3a31be0,ILVIS0_applanix_55506_20101106_510_lvis_LVIS.013,adc153b603d2c5c14515cbc6564da203755648fae3e4cde986c0baa3b1be17b1,no_qualifying_segment,0,010c70375fc8e3a31be0,"{""below_ground_speed"": 0, ""excessive_course_rate"": 245, ""excessive_roll"": 0, ""excessive_vertical_speed"": 13121, ""incomplete_alignment"": 24163, ""missing_motion_context"": 2, ""missing_receiver_support"": 25, ""unsupported_native_interval_status_or_epoch"": 2}",,ilvis0-all-highspeed-level-segments-v1,934dea342a64b716533732d7ab0e961d23709cf37499faf7cee8e4c386778809
54ce1ae47ed03618d558,ILVIS0_applanix_55513_20101113_510_lvis_LVIS.013,75875911659fbef3fb9c938681fce65538a1f7aa4ecb8b9d21ae88762726ab39,no_qualifying_segment,0,54ce1ae47ed03618d558,"{""below_ground_speed"": 0, ""excessive_course_rate"": 2528, ""excessive_roll"": 2016, ""excessive_vertical_speed"": 0, ""incomplete_alignment"": 24003, ""missing_motion_context"": 2, ""missing_receiver_support"": 30, ""unsupported_native_interval_status_or_epoch"": 2}",,ilvis0-all-highspeed-level-segments-v1,934dea342a64b716533732d7ab0e961d23709cf37499faf7cee8e4c386778809
2ed4b764824f93ef7b89,ILVIS0_applanix_55519_20101119_510_lvis_LVIS.013,8987b7e95358fe74ec1079862ec8bc0f5b66f3c34416ac4fbbaa844e64af06b8,no_qualifying_segment,0,2ed4b764824f93ef7b89,"{""below_ground_speed"": 0, ""excessive_course_rate"": 1942, ""excessive_roll"": 837, ""excessive_vertical_speed"": 0, ""incomplete_alignment"": 23791, ""missing_motion_context"": 2, ""missing_receiver_support"": 24, ""unsupported_native_interval_status_or_epoch"": 2}",,ilvis0-all-highspeed-level-segments-v1,934dea342a64b716533732d7ab0e961d23709cf37499faf7cee8e4c386778809
46f49500c8df79c821b2,ILVIS0_applanix_55520_20101120_510_lvis_LVIS.013,965e7d47fa947841b4863b102c0c369af8397807c90869cb535e0a9b5a8e4d69,no_qualifying_segment,0,46f49500c8df79c821b2,"{""below_ground_speed"": 0, ""excessive_course_rate"": 52, ""excessive_roll"": 0, ""excessive_vertical_speed"": 0, ""incomplete_alignment"": 24145, ""missing_motion_context"": 2, ""missing_receiver_support"": 23, ""unsupported_native_interval_status_or_epoch"": 2}",,ilvis0-all-highspeed-level-segments-v1,934dea342a64b716533732d7ab0e961d23709cf37499faf7cee8e4c386778809
f0c9b04b7607dfa6e6b8,ILVIS0_applanix_55657_510_posav.013,e15e4afb79c163679fe6af37af8d6c8cd2e215a50f7da7449f6bf7d62cba7c4b,no_qualifying_segment,0,f0c9b04b7607dfa6e6b8,"{""below_ground_speed"": 24986, ""excessive_course_rate"": 24967, ""excessive_roll"": 0, ""excessive_vertical_speed"": 0, ""incomplete_alignment"": 24986, ""missing_motion_context"": 2, ""missing_receiver_support"": 36, ""unsupported_native_interval_status_or_epoch"": 2}",,ilvis0-all-highspeed-level-segments-v1,934dea342a64b716533732d7ab0e961d23709cf37499faf7cee8e4c386778809
a80a0998487b4fc283e1,ILVIS0_applanix_55666_510_POSAV.013,534de564eca4b33c1526321fad3f798d1d14b0ad293d27be41f3aafda291af2b,no_qualifying_segment,0,a80a0998487b4fc283e1,"{""below_ground_speed"": 24109, ""excessive_course_rate"": 7975, ""excessive_roll"": 1421, ""excessive_vertical_speed"": 145, ""incomplete_alignment"": 24109, ""missing_motion_context"": 2, ""missing_receiver_support"": 0, ""unsupported_native_interval_status_or_epoch"": 2}",,ilvis0-all-highspeed-level-segments-v1,934dea342a64b716533732d7ab0e961d23709cf37499faf7cee8e4c386778809
9e8d6fa9271922043b11,ILVIS0_applanix_55667_20110416_510_POSAV.013,abb758c3067b59ed17f102e673c14f2ce908fc6d4a1005a2473f52b3c9ee3445,no_qualifying_segment,0,9e8d6fa9271922043b11,"{""below_ground_speed"": 24438, ""excessive_course_rate"": 8266, ""excessive_roll"": 0, ""excessive_vertical_speed"": 0, ""incomplete_alignment"": 24438, ""missing_motion_context"": 2, ""missing_receiver_support"": 38, ""unsupported_native_interval_status_or_epoch"": 2}",,ilvis0-all-highspeed-level-segments-v1,934dea342a64b716533732d7ab0e961d23709cf37499faf7cee8e4c386778809
c8fb72ed074def26d0be,ILVIS0_applanix_55669_510_20110418_POSAV.013,f76c770b2251089c2fd85f8fc2e59fcd1f4619a2c07596c1e24815ed46daf897,no_qualifying_segment,0,c8fb72ed074def26d0be,"{""below_ground_speed"": 24329, ""excessive_course_rate"": 3771, ""excessive_roll"": 0, ""excessive_vertical_speed"": 0, ""incomplete_alignment"": 24329, ""missing_motion_context"": 2, ""missing_receiver_support"": 29, ""unsupported_native_interval_status_or_epoch"": 2}",,ilvis0-all-highspeed-level-segments-v1,934dea342a64b716533732d7ab0e961d23709cf37499faf7cee8e4c386778809
a7d5130d4c74ca994aa0,ILVIS0_applanix_55670_510_20110419_POSAV.013,14bd11a32fc139bf71e92b5a9f872e76377f00854a484ac03488b06790511bc9,no_qualifying_segment,0,a7d5130d4c74ca994aa0,"{""below_ground_speed"": 23816, ""excessive_course_rate"": 21475, ""excessive_roll"": 10024, ""excessive_vertical_speed"": 56, ""incomplete_alignment"": 23816, ""missing_motion_context"": 2, ""missing_receiver_support"": 27, ""unsupported_native_interval_status_or_epoch"": 2}",,ilvis0-all-highspeed-level-segments-v1,934dea342a64b716533732d7ab0e961d23709cf37499faf7cee8e4c386778809
160462321f06e92834e9,ILVIS0_applanix_55671_20110420_510_POSAV.013,c5ce4f64f291e99b60ffc3a3c128f7b33be7be35a3e39e03a782a48d810bfc2b,no_qualifying_segment,0,160462321f06e92834e9,"{""below_ground_speed"": 24080, ""excessive_course_rate"": 1220, ""excessive_roll"": 0, ""excessive_vertical_speed"": 0, ""incomplete_alignment"": 24080, ""missing_motion_context"": 2, ""missing_receiver_support"": 30, ""unsupported_native_interval_status_or_epoch"": 2}",,ilvis0-all-highspeed-level-segments-v1,934dea342a64b716533732d7ab0e961d23709cf37499faf7cee8e4c386778809
1e5669afc7752491d1a7,ILVIS0_applanix_55672_510_20110421_POSAV.013,488691fe2bae95cce04436ae87dd13791fb6391ae8867a6fdd47ce0aab19b182,no_qualifying_segment,0,1e5669afc7752491d1a7,"{""below_ground_speed"": 24331, ""excessive_course_rate"": 14228, ""excessive_roll"": 1492, ""excessive_vertical_speed"": 0, ""incomplete_alignment"": 24331, ""missing_motion_context"": 2, ""missing_receiver_support"": 31, ""unsupported_native_interval_status_or_epoch"": 2}",,ilvis0-all-highspeed-level-segments-v1,934dea342a64b716533732d7ab0e961d23709cf37499faf7cee8e4c386778809
ffecb3c185262a6e1e41,ILVIS0_applanix_55673_510_20110422_POSAV.013,ace73a3d748c1c4dd9e3781889d5c20434481e2684e6aa146f924a1ab039bbe6,no_qualifying_segment,0,ffecb3c185262a6e1e41,"{""below_ground_speed"": 24179, ""excessive_course_rate"": 14185, ""excessive_roll"": 0, ""excessive_vertical_speed"": 0, ""incomplete_alignment"": 24179, ""missing_motion_context"": 2, ""missing_receiver_support"": 29, ""unsupported_native_interval_status_or_epoch"": 2}",,ilvis0-all-highspeed-level-segments-v1,934dea342a64b716533732d7ab0e961d23709cf37499faf7cee8e4c386778809
863b4cbc77c4b0ff07f3,ILVIS0_applanix_55676_510_20110425_POSAV.013,a49d9dab3e0d1824187b1a9e3a67e4459f94634b8627c70b49daa18e3823546c,no_qualifying_segment,0,863b4cbc77c4b0ff07f3,"{""below_ground_speed"": 23755, ""excessive_course_rate"": 883, ""excessive_roll"": 0, ""excessive_vertical_speed"": 0, ""incomplete_alignment"": 23755, ""missing_motion_context"": 2, ""missing_receiver_support"": 33, ""unsupported_native_interval_status_or_epoch"": 2}",,ilvis0-all-highspeed-level-segments-v1,934dea342a64b716533732d7ab0e961d23709cf37499faf7cee8e4c386778809
3a4cabe9ba8dc34d25fc,ILVIS0_applanix_55683_20110502_510_POSAV.013,8fffae12c2e2481f2d9025d4b8a4de914114ace675cdffed427d2eb499440215,no_qualifying_segment,0,3a4cabe9ba8dc34d25fc,"{""below_ground_speed"": 23513, ""excessive_course_rate"": 1762, ""excessive_roll"": 0, ""excessive_vertical_speed"": 0, ""incomplete_alignment"": 23513, ""missing_motion_context"": 2, ""missing_receiver_support"": 13, ""unsupported_native_interval_status_or_epoch"": 2}",,ilvis0-all-highspeed-level-segments-v1,934dea342a64b716533732d7ab0e961d23709cf37499faf7cee8e4c386778809
30995bd9f248cd9025d9,ILVIS0_applanix_55686_20110505_510_POSAV.013,54800ed1925759a3486e546f27398f4ca9dcd866f375390e0dde5a28b01f5962,no_qualifying_segment,0,30995bd9f248cd9025d9,"{""below_ground_speed"": 24107, ""excessive_course_rate"": 1229, ""excessive_roll"": 0, ""excessive_vertical_speed"": 0, ""incomplete_alignment"": 24107, ""missing_motion_context"": 2, ""missing_receiver_support"": 17, ""unsupported_native_interval_status_or_epoch"": 2}",,ilvis0-all-highspeed-level-segments-v1,934dea342a64b716533732d7ab0e961d23709cf37499faf7cee8e4c386778809
248b7603dc17be34377c,ILVIS0_applanix_55687_20110506_510_POSAV.013,ce471cd8ff26c402a7445526de261932f9bed12007ea2510b878dc999e9676c5,no_qualifying_segment,0,248b7603dc17be34377c,"{""below_ground_speed"": 23862, ""excessive_course_rate"": 1856, ""excessive_roll"": 0, ""excessive_vertical_speed"": 0, ""incomplete_alignment"": 23862, ""missing_motion_context"": 2, ""missing_receiver_support"": 24, ""unsupported_native_interval_status_or_epoch"": 2}",,ilvis0-all-highspeed-level-segments-v1,934dea342a64b716533732d7ab0e961d23709cf37499faf7cee8e4c386778809
800e4742e1878bf9d063,ILVIS0_applanix_55688_20110507_510_POSAV.013,27c23280de3231213fdf58bd0b6375943a70767d4e25570fcf5e4a18937b6a10,no_qualifying_segment,0,800e4742e1878bf9d063,"{""below_ground_speed"": 24466, ""excessive_course_rate"": 6660, ""excessive_roll"": 1142, ""excessive_vertical_speed"": 0, ""incomplete_alignment"": 24466, ""missing_motion_context"": 2, ""missing_receiver_support"": 0, ""unsupported_native_interval_status_or_epoch"": 2}",,ilvis0-all-highspeed-level-segments-v1,934dea342a64b716533732d7ab0e961d23709cf37499faf7cee8e4c386778809
ed56c39b83785073e14b,ILVIS0_applanix_55842_510_POSAV.013,923c433254c03bd4e397dd5492a2f7fedf5401098f5570f305bca0e4f0c10197,no_qualifying_segment,0,ed56c39b83785073e14b,"{""below_ground_speed"": 0, ""excessive_course_rate"": 2, ""excessive_roll"": 0, ""excessive_vertical_speed"": 0, ""incomplete_alignment"": 23750, ""missing_motion_context"": 2, ""missing_receiver_support"": 11, ""unsupported_native_interval_status_or_epoch"": 2}",,ilvis0-all-highspeed-level-segments-v1,934dea342a64b716533732d7ab0e961d23709cf37499faf7cee8e4c386778809
30b98b4d421c7e9d0292,ILVIS0_applanix_55842_610_LVIS.013,e863c1e91f4a1edc2f6962a73fd669d1f5442b088e50286a6efd3a1087406b12,segments_available,1,30b98b4d421c7e9d0292,"{""below_ground_speed"": 0, ""excessive_course_rate"": 2, ""excessive_roll"": 0, ""excessive_vertical_speed"": 0, ""incomplete_alignment"": 0, ""missing_motion_context"": 2, ""missing_receiver_support"": 0, ""short_after_buffers_or_raw_intersection"": 1, ""unsupported_native_interval_status_or_epoch"": 2}",,ilvis0-all-highspeed-level-segments-v1,934dea342a64b716533732d7ab0e961d23709cf37499faf7cee8e4c386778809
5513dbcc876ba4cde791,ILVIS0_applanix_55844_510_POSAV.013,fbef1219f2eadf8aa9c621c80b544fa3e1ecfb759b95fc2b6b12f08cd4a70dfb,no_qualifying_segment,0,5513dbcc876ba4cde791,"{""below_ground_speed"": 0, ""excessive_course_rate"": 9201, ""excessive_roll"": 1784, ""excessive_vertical_speed"": 6856, ""incomplete_alignment"": 24849, ""missing_motion_context"": 2, ""missing_receiver_support"": 27, ""unsupported_native_interval_status_or_epoch"": 2}",,ilvis0-all-highspeed-level-segments-v1,934dea342a64b716533732d7ab0e961d23709cf37499faf7cee8e4c386778809
187a21019bce7b34a04c,ILVIS0_applanix_55844_610_LVIS.013,8befd824cf785f055562eaedeb3474406dd5bc346f666091db17c016138918da,segments_available,1,187a21019bce7b34a04c,"{""below_ground_speed"": 0, ""excessive_course_rate"": 3, ""excessive_roll"": 0, ""excessive_vertical_speed"": 0, ""incomplete_alignment"": 0, ""missing_motion_context"": 2, ""missing_receiver_support"": 16, ""short_after_buffers_or_raw_intersection"": 3, ""unsupported_native_interval_status_or_epoch"": 2}",,ilvis0-all-highspeed-level-segments-v1,934dea342a64b716533732d7ab0e961d23709cf37499faf7cee8e4c386778809
0bfc763c049677c01c38,ILVIS0_applanix_55846_510_POSAV.013,a431c43a91d9169963003ab0d940072e92ca92c3411dac7da4cbab302df43792,no_qualifying_segment,0,0bfc763c049677c01c38,"{""below_ground_speed"": 0, ""excessive_course_rate"": 2, ""excessive_roll"": 0, ""excessive_vertical_speed"": 0, ""incomplete_alignment"": 24783, ""missing_motion_context"": 2, ""missing_receiver_support"": 11, ""unsupported_native_interval_status_or_epoch"": 2}",,ilvis0-all-highspeed-level-segments-v1,934dea342a64b716533732d7ab0e961d23709cf37499faf7cee8e4c386778809
12fbcbce3c7f52a3eae7,ILVIS0_applanix_55846_610_LVIS.013,02459608f57b1b266e25daefcd9e5190515e1a046c0f633474604d1877a3ac75,segments_available,1,12fbcbce3c7f52a3eae7,"{""below_ground_speed"": 0, ""excessive_course_rate"": 2, ""excessive_roll"": 0, ""excessive_vertical_speed"": 0, ""incomplete_alignment"": 0, ""missing_motion_context"": 2, ""missing_receiver_support"": 32, ""short_after_buffers_or_raw_intersection"": 1, ""unsupported_native_interval_status_or_epoch"": 2}",,ilvis0-all-highspeed-level-segments-v1,934dea342a64b716533732d7ab0e961d23709cf37499faf7cee8e4c386778809
322e26afab23cf655935,ILVIS0_applanix_55849_510_POSAV.013,6745fad0355ca646fbd9ef39f53462e2688a511b2fb4c0c33348b40906bccc79,no_qualifying_segment,0,322e26afab23cf655935,"{""below_ground_speed"": 0, ""excessive_course_rate"": 6417, ""excessive_roll"": 2281, ""excessive_vertical_speed"": 11721, ""incomplete_alignment"": 24321, ""missing_motion_context"": 2, ""missing_receiver_support"": 0, ""unsupported_native_interval_status_or_epoch"": 2}",,ilvis0-all-highspeed-level-segments-v1,934dea342a64b716533732d7ab0e961d23709cf37499faf7cee8e4c386778809
7215f035d9781895f627,ILVIS0_applanix_55851_510_POSAV.013,6542916043e1b131c9d8e04f09aa10c1459e8164bdd192a121e5e84aeb56a316,no_qualifying_segment,0,7215f035d9781895f627,"{""below_ground_speed"": 0, ""excessive_course_rate"": 2, ""excessive_roll"": 0, ""excessive_vertical_speed"": 0, ""incomplete_alignment"": 24855, ""missing_motion_context"": 2, ""missing_receiver_support"": 18, ""unsupported_native_interval_status_or_epoch"": 2}",,ilvis0-all-highspeed-level-segments-v1,934dea342a64b716533732d7ab0e961d23709cf37499faf7cee8e4c386778809
b1d03e303312dc2de8f6,ILVIS0_applanix_55853_510_POSAV.013,e4375cc2fdef49f5fae1c937b4190e5ad3da4407ab00c451b2933bd67c0942c4,no_qualifying_segment,0,b1d03e303312dc2de8f6,"{""below_ground_speed"": 8067, ""excessive_course_rate"": 798, ""excessive_roll"": 0, ""excessive_vertical_speed"": 24567, ""incomplete_alignment"": 24567, ""missing_motion_context"": 2, ""missing_receiver_support"": 17, ""unsupported_native_interval_status_or_epoch"": 2}",,ilvis0-all-highspeed-level-segments-v1,934dea342a64b716533732d7ab0e961d23709cf37499faf7cee8e4c386778809
eecc97da7cb309a622c8,ILVIS0_applanix_55853_610_LVIS.013,a35e440884fe83c12cb39edc0ed19c9b24b35ed9eec9702bd4af6a295a9a9c5e,no_qualifying_segment,0,eecc97da7cb309a622c8,"{""below_ground_speed"": 23035, ""excessive_course_rate"": 11912, ""excessive_roll"": 5023, ""excessive_vertical_speed"": 20594, ""incomplete_alignment"": 4312, ""missing_motion_context"": 2, ""missing_receiver_support"": 0, ""unsupported_native_interval_status_or_epoch"": 2}",,ilvis0-all-highspeed-level-segments-v1,934dea342a64b716533732d7ab0e961d23709cf37499faf7cee8e4c386778809
a30fae518b7544818d4a,ILVIS0_applanix_55856_510_POSAV.013,35eeed059609575df712b8874d2bc7fbad6bf99fe334bcafa93f03ea2bb5a9c9,no_qualifying_segment,0,a30fae518b7544818d4a,"{""below_ground_speed"": 24865, ""excessive_course_rate"": 24855, ""excessive_roll"": 0, ""excessive_vertical_speed"": 0, ""incomplete_alignment"": 24865, ""missing_motion_context"": 2, ""missing_receiver_support"": 29, ""unsupported_native_interval_status_or_epoch"": 2}",,ilvis0-all-highspeed-level-segments-v1,934dea342a64b716533732d7ab0e961d23709cf37499faf7cee8e4c386778809
24718d57807748271bfc,ILVIS0_applanix_55856_610_LVIS.013,503bb8f52d3f34422d149bfb884f82202035e16c2fee9a38677be7564fa13f0d,no_qualifying_segment,0,24718d57807748271bfc,"{""below_ground_speed"": 23657, ""excessive_course_rate"": 23622, ""excessive_roll"": 0, ""excessive_vertical_speed"": 0, ""incomplete_alignment"": 23657, ""missing_motion_context"": 2, ""missing_receiver_support"": 23, ""unsupported_native_interval_status_or_epoch"": 2}",,ilvis0-all-highspeed-level-segments-v1,934dea342a64b716533732d7ab0e961d23709cf37499faf7cee8e4c386778809
9069182c9a51272fd86e,ILVIS0_applanix_55857_510_POSAV.013,122e5733035d83045e775d08a3ab304e74f1af5cbcaab439cc5ea0dda7e16bc1,no_qualifying_segment,0,9069182c9a51272fd86e,"{""below_ground_speed"": 24115, ""excessive_course_rate"": 18516, ""excessive_roll"": 5832, ""excessive_vertical_speed"": 15933, ""incomplete_alignment"": 24115, ""missing_motion_context"": 2, ""missing_receiver_support"": 17, ""unsupported_native_interval_status_or_epoch"": 2}",,ilvis0-all-highspeed-level-segments-v1,934dea342a64b716533732d7ab0e961d23709cf37499faf7cee8e4c386778809
a71cf7c9a4222715c01d,ILVIS0_applanix_55857_610_LVIS.013,55ad23dd0ae91f32da966b81b5589da6b9d453f0e4f6482f3ce519fd8d02f7ba,no_qualifying_segment,0,a71cf7c9a4222715c01d,"{""below_ground_speed"": 22495, ""excessive_course_rate"": 22262, ""excessive_roll"": 0, ""excessive_vertical_speed"": 0, ""incomplete_alignment"": 22495, ""missing_motion_context"": 2, ""missing_receiver_support"": 45, ""unsupported_native_interval_status_or_epoch"": 2}",,ilvis0-all-highspeed-level-segments-v1,934dea342a64b716533732d7ab0e961d23709cf37499faf7cee8e4c386778809
f8d1c197afe3e1bcd6c3,ILVIS0_applanix_55860_510_POSAV.013,8724113fc060466907780176e59affa47ac92e7e85322777aacfc8ce31bd30f6,no_qualifying_segment,0,f8d1c197afe3e1bcd6c3,"{""below_ground_speed"": 24656, ""excessive_course_rate"": 24641, ""excessive_roll"": 0, ""excessive_vertical_speed"": 0, ""incomplete_alignment"": 24656, ""missing_motion_context"": 2, ""missing_receiver_support"": 6, ""unsupported_native_interval_status_or_epoch"": 2}",,ilvis0-all-highspeed-level-segments-v1,934dea342a64b716533732d7ab0e961d23709cf37499faf7cee8e4c386778809
2b82c787ca0e04503791,ILVIS0_applanix_55860_610_LVIS.013,dd7a1b473b516ce2351607b84eb9aefa3bb98e4f4bae014cae337b30be9b4483,no_qualifying_segment,0,2b82c787ca0e04503791,"{""below_ground_speed"": 23046, ""excessive_course_rate"": 23044, ""excessive_roll"": 0, ""excessive_vertical_speed"": 0, ""incomplete_alignment"": 23046, ""missing_motion_context"": 2, ""missing_receiver_support"": 7, ""unsupported_native_interval_status_or_epoch"": 2}",,ilvis0-all-highspeed-level-segments-v1,934dea342a64b716533732d7ab0e961d23709cf37499faf7cee8e4c386778809
115a4c63907abb4ed282,ILVIS0_applanix_55861_510_POSAV.013,66c9575e501be270f538367e6cea218749219496e6833ee40ab27a5895c4e26b,no_qualifying_segment,0,115a4c63907abb4ed282,"{""below_ground_speed"": 4185, ""excessive_course_rate"": 1223, ""excessive_roll"": 171, ""excessive_vertical_speed"": 24136, ""incomplete_alignment"": 24391, ""missing_motion_context"": 2, ""missing_receiver_support"": 6, ""unsupported_native_interval_status_or_epoch"": 2}",,ilvis0-all-highspeed-level-segments-v1,934dea342a64b716533732d7ab0e961d23709cf37499faf7cee8e4c386778809
c5edcede76fd27a44982,ILVIS0_applanix_55861_610_LVIS.013,a72c72450c700369d2f2fcd3f1bd2eae52fc55f84db1bb6d424160cd3fc349db,no_qualifying_segment,0,c5edcede76fd27a44982,"{""below_ground_speed"": 19629, ""excessive_course_rate"": 9347, ""excessive_roll"": 4689, ""excessive_vertical_speed"": 21850, ""incomplete_alignment"": 3354, ""missing_motion_context"": 2, ""missing_receiver_support"": 4, ""unsupported_native_interval_status_or_epoch"": 2}",,ilvis0-all-highspeed-level-segments-v1,934dea342a64b716533732d7ab0e961d23709cf37499faf7cee8e4c386778809
05de4ba41105b06f8547,ILVIS0_applanix_56045_510_POS510.013,2e2b66cf993c65ba3cbf120a25a0c0c86a1165a28944638d1bd0268fc990a62f,no_qualifying_segment,0,05de4ba41105b06f8547,"{""below_ground_speed"": 23971, ""excessive_course_rate"": 16719, ""excessive_roll"": 188, ""excessive_vertical_speed"": 22024, ""incomplete_alignment"": 23971, ""missing_motion_context"": 2, ""missing_receiver_support"": 4, ""unsupported_native_interval_status_or_epoch"": 2}",,ilvis0-all-highspeed-level-segments-v1,934dea342a64b716533732d7ab0e961d23709cf37499faf7cee8e4c386778809
2f840f444f9444088f92,ILVIS0_applanix_56047_510_POS510.013,270593ed2c3ea60e3ac41dcea9be378b683262bafffefbdff606b573f0dea4fb,no_qualifying_segment,0,2f840f444f9444088f92,"{""below_ground_speed"": 0, ""excessive_course_rate"": 14547, ""excessive_roll"": 0, ""excessive_vertical_speed"": 0, ""incomplete_alignment"": 23853, ""missing_motion_context"": 2, ""missing_receiver_support"": 15, ""unsupported_native_interval_status_or_epoch"": 2}",,ilvis0-all-highspeed-level-segments-v1,934dea342a64b716533732d7ab0e961d23709cf37499faf7cee8e4c386778809
dc29b80394d9632b65b7,ILVIS0_applanix_56048_510_POS510.013,5ae78cbfcb98ea710603ca529b70e26ec8dd8f1042606e912e3f8d53bb792cf9,no_qualifying_segment,0,dc29b80394d9632b65b7,"{""below_ground_speed"": 0, ""excessive_course_rate"": 13880, ""excessive_roll"": 492, ""excessive_vertical_speed"": 0, ""incomplete_alignment"": 24420, ""missing_motion_context"": 2, ""missing_receiver_support"": 20, ""unsupported_native_interval_status_or_epoch"": 2}",,ilvis0-all-highspeed-level-segments-v1,934dea342a64b716533732d7ab0e961d23709cf37499faf7cee8e4c386778809
fd613b53fa761ddb0963,ILVIS0_applanix_56049_510_POS510.013,a5acf0527cf055b406c1db8347215d82e68fd0bf4b189e3fcc19515f2c041408,no_qualifying_segment,0,fd613b53fa761ddb0963,"{""below_ground_speed"": 0, ""excessive_course_rate"": 9773, ""excessive_roll"": 0, ""excessive_vertical_speed"": 0, ""incomplete_alignment"": 23304, ""missing_motion_context"": 2, ""missing_receiver_support"": 0, ""unsupported_native_interval_status_or_epoch"": 2}",,ilvis0-all-highspeed-level-segments-v1,934dea342a64b716533732d7ab0e961d23709cf37499faf7cee8e4c386778809
f55542e91b8e2f6ecc2c,ILVIS0_applanix_56050_510_POS510.013,0afe8c33785f7a04ef7efb94ba89386a8de873d879531f1648b0ee7669bf4882,no_qualifying_segment,0,f55542e91b8e2f6ecc2c,"{""below_ground_speed"": 0, ""excessive_course_rate"": 18239, ""excessive_roll"": 5786, ""excessive_vertical_speed"": 213, ""incomplete_alignment"": 14247, ""missing_motion_context"": 2, ""missing_receiver_support"": 3, ""short_after_buffers_or_raw_intersection"": 160, ""unsupported_native_interval_status_or_epoch"": 2}",,ilvis0-all-highspeed-level-segments-v1,934dea342a64b716533732d7ab0e961d23709cf37499faf7cee8e4c386778809
f0491d25959f595366bd,ILVIS0_applanix_56051_510_POS510.013,07c0490a95d6097ccd444e759bfddc1cb3d392099898031d461c6b63657d6ad0,no_qualifying_segment,0,f0491d25959f595366bd,"{""below_ground_speed"": 350, ""excessive_course_rate"": 19910, ""excessive_roll"": 13489, ""excessive_vertical_speed"": 672, ""incomplete_alignment"": 13200, ""missing_motion_context"": 2, ""missing_receiver_support"": 16, ""short_after_buffers_or_raw_intersection"": 124, ""unsupported_native_interval_status_or_epoch"": 2}",,ilvis0-all-highspeed-level-segments-v1,934dea342a64b716533732d7ab0e961d23709cf37499faf7cee8e4c386778809
1d9d9af2aee1b6b26218,ILVIS0_applanix_56052_510_POS510.013,b70a5bfaba44e686f9fcecd9bdf8262199e214ac89684f43111b4e2e310883a5,no_qualifying_segment,0,1d9d9af2aee1b6b26218,"{""below_ground_speed"": 9050, ""excessive_course_rate"": 21184, ""excessive_roll"": 14799, ""excessive_vertical_speed"": 1916, ""incomplete_alignment"": 10554, ""missing_motion_context"": 2, ""missing_receiver_support"": 22, ""short_after_buffers_or_raw_intersection"": 246, ""unsupported_native_interval_status_or_epoch"": 2}",,ilvis0-all-highspeed-level-segments-v1,934dea342a64b716533732d7ab0e961d23709cf37499faf7cee8e4c386778809
3767559017b196642291,ILVIS0_applanix_56054_510_POS510.013,3ee77ea5f65f8fe10935b03c7437d429d1dc5bd4d73d72ba9d0311751c6b6b39,no_qualifying_segment,0,3767559017b196642291,"{""below_ground_speed"": 0, ""excessive_course_rate"": 13593, ""excessive_roll"": 1809, ""excessive_vertical_speed"": 0, ""incomplete_alignment"": 23729, ""missing_motion_context"": 2, ""missing_receiver_support"": 7, ""unsupported_native_interval_status_or_epoch"": 2}",,ilvis0-all-highspeed-level-segments-v1,934dea342a64b716533732d7ab0e961d23709cf37499faf7cee8e4c386778809
f9468a2dd07f9ee54df0,ILVIS0_applanix_56055_510_POS510.013,d5c194fdd87a2fd25bab9fdb468a56d7d8c9e1b4bc03c7218f9f6475ec9c7af9,no_qualifying_segment,0,f9468a2dd07f9ee54df0,"{""below_ground_speed"": 24013, ""excessive_course_rate"": 15597, ""excessive_roll"": 857, ""excessive_vertical_speed"": 0, ""incomplete_alignment"": 24013, ""missing_motion_context"": 2, ""missing_receiver_support"": 19, ""unsupported_native_interval_status_or_epoch"": 2}",,ilvis0-all-highspeed-level-segments-v1,934dea342a64b716533732d7ab0e961d23709cf37499faf7cee8e4c386778809
54220c7e2b389fd69064,ILVIS0_applanix_56056_510_POS510.013,d77394d2ee91390d4d3bd58ec3af88ce2038753dc85ba8e04c751946642597a1,no_qualifying_segment,0,54220c7e2b389fd69064,"{""below_ground_speed"": 7311, ""excessive_course_rate"": 17308, ""excessive_roll"": 8420, ""excessive_vertical_speed"": 0, ""incomplete_alignment"": 23453, ""missing_motion_context"": 2, ""missing_receiver_support"": 11, ""unsupported_native_interval_status_or_epoch"": 2}",,ilvis0-all-highspeed-level-segments-v1,934dea342a64b716533732d7ab0e961d23709cf37499faf7cee8e4c386778809
c4af455d888117b1fb91,ILVIS0_applanix_56057_510_POS510.013,087c11e2c469ba5adb53da0c33b58ced346df3d93b100023bfbbb4b7e768b0f9,no_qualifying_segment,0,c4af455d888117b1fb91,"{""below_ground_speed"": 0, ""excessive_course_rate"": 11636, ""excessive_roll"": 0, ""excessive_vertical_speed"": 0, ""incomplete_alignment"": 23996, ""missing_motion_context"": 2, ""missing_receiver_support"": 10, ""unsupported_native_interval_status_or_epoch"": 2}",,ilvis0-all-highspeed-level-segments-v1,934dea342a64b716533732d7ab0e961d23709cf37499faf7cee8e4c386778809
ca64833f6ebbd5fcd35e,ILVIS0_applanix_56596_230_610_WFF_25Feb12.013,3146a4aa847c6d894eef01672101c346b7efb0d22aeddfe025f08fcff40e3732,no_qualifying_segment,0,ca64833f6ebbd5fcd35e,"{""below_ground_speed"": 579, ""excessive_course_rate"": 212, ""excessive_roll"": 128, ""excessive_vertical_speed"": 0, ""incomplete_alignment"": 0, ""missing_motion_context"": 2, ""missing_receiver_support"": 0, ""unsupported_native_interval_status_or_epoch"": 2}",,ilvis0-all-highspeed-level-segments-v1,934dea342a64b716533732d7ab0e961d23709cf37499faf7cee8e4c386778809
6db1404cb5afe9f69919,ILVIS0_applanix_56596_232_510_POS510.013,4e72cfe422115918ca8ebd1efbbbcfcaa7fbecc91ad57789195a2597c132ec3e,no_qualifying_segment,0,6db1404cb5afe9f69919,"{""below_ground_speed"": 23324, ""excessive_course_rate"": 10897, ""excessive_roll"": 20573, ""excessive_vertical_speed"": 0, ""incomplete_alignment"": 23324, ""missing_motion_context"": 2, ""missing_receiver_support"": 5, ""unsupported_native_interval_status_or_epoch"": 1}",,ilvis0-all-highspeed-level-segments-v1,934dea342a64b716533732d7ab0e961d23709cf37499faf7cee8e4c386778809
862e7de8ac3309dececf,ILVIS0_applanix_56597_232_510_POS510.013,24b793f7a9b6ab0402dc67263ab6c5c0876723086716a683c7f56d732363a8c6,no_qualifying_segment,0,862e7de8ac3309dececf,"{""below_ground_speed"": 23301, ""excessive_course_rate"": 17159, ""excessive_roll"": 8852, ""excessive_vertical_speed"": 3923, ""incomplete_alignment"": 23301, ""missing_motion_context"": 2, ""missing_receiver_support"": 4, ""unsupported_native_interval_status_or_epoch"": 2}",,ilvis0-all-highspeed-level-segments-v1,934dea342a64b716533732d7ab0e961d23709cf37499faf7cee8e4c386778809
b20226780e68108f29f8,ILVIS0_applanix_56600_232_510_POS510.013,c97f5e3ec402bd58a06b12372f432189f36a26488eec7d641553ec5b3f68a475,no_qualifying_segment,0,b20226780e68108f29f8,"{""below_ground_speed"": 24102, ""excessive_course_rate"": 15250, ""excessive_roll"": 8630, ""excessive_vertical_speed"": 5208, ""incomplete_alignment"": 24102, ""missing_motion_context"": 2, ""missing_receiver_support"": 13, ""unsupported_native_interval_status_or_epoch"": 2}",,ilvis0-all-highspeed-level-segments-v1,934dea342a64b716533732d7ab0e961d23709cf37499faf7cee8e4c386778809
fd9eb28de38e611f1a53,ILVIS0_applanix_56601_230_610_WFF_25Feb12.013,1ee2d6e70be089d61ea129089979ee41c3c98816932f7ad3da64ba65bb0434a7,no_qualifying_segment,0,fd9eb28de38e611f1a53,"{""below_ground_speed"": 593, ""excessive_course_rate"": 50, ""excessive_roll"": 6, ""excessive_vertical_speed"": 0, ""incomplete_alignment"": 0, ""missing_motion_context"": 2, ""missing_receiver_support"": 0, ""unsupported_native_interval_status_or_epoch"": 2}",,ilvis0-all-highspeed-level-segments-v1,934dea342a64b716533732d7ab0e961d23709cf37499faf7cee8e4c386778809
382d5a870132d66472f0,ILVIS0_applanix_56601_232_510_POS510.013,d74fc5186782da90d6660cc77dc6afd28c71b5b312832179c5cfb2c6259ca72f,no_qualifying_segment,0,382d5a870132d66472f0,"{""below_ground_speed"": 23732, ""excessive_course_rate"": 10541, ""excessive_roll"": 701, ""excessive_vertical_speed"": 0, ""incomplete_alignment"": 23732, ""missing_motion_context"": 2, ""missing_receiver_support"": 0, ""unsupported_native_interval_status_or_epoch"": 2}",,ilvis0-all-highspeed-level-segments-v1,934dea342a64b716533732d7ab0e961d23709cf37499faf7cee8e4c386778809
71db413296b9184db816,ILVIS0_applanix_56602_232_510_POS510.013,75c1809a73a7ab4622f83c554719ff2c13be63884809d1fe10d642f8f8661efc,no_qualifying_segment,0,71db413296b9184db816,"{""below_ground_speed"": 24110, ""excessive_course_rate"": 19143, ""excessive_roll"": 13152, ""excessive_vertical_speed"": 5288, ""incomplete_alignment"": 19360, ""missing_motion_context"": 2, ""missing_receiver_support"": 19, ""unsupported_native_interval_status_or_epoch"": 2}",,ilvis0-all-highspeed-level-segments-v1,934dea342a64b716533732d7ab0e961d23709cf37499faf7cee8e4c386778809
9a6a312f2c7248723644,ILVIS0_applanix_56604_230_610_WFF_25Feb12.013,69a91986c5ba53beaab3226f7084f3f343d0c3467b771d0dc54dd1420d41f726,no_qualifying_segment,0,9a6a312f2c7248723644,"{""below_ground_speed"": 592, ""excessive_course_rate"": 160, ""excessive_roll"": 38, ""excessive_vertical_speed"": 0, ""incomplete_alignment"": 0, ""missing_motion_context"": 2, ""missing_receiver_support"": 1, ""unsupported_native_interval_status_or_epoch"": 2}",,ilvis0-all-highspeed-level-segments-v1,934dea342a64b716533732d7ab0e961d23709cf37499faf7cee8e4c386778809
4aac2e3a6694be31401e,ILVIS0_applanix_56604_232_510_POS510.013,8a81a2a46c08c844000af34464ef8d6bf3e47ee045bfe7d8fea22f8266f70aaf,no_qualifying_segment,0,4aac2e3a6694be31401e,"{""below_ground_speed"": 24442, ""excessive_course_rate"": 14660, ""excessive_roll"": 5093, ""excessive_vertical_speed"": 0, ""incomplete_alignment"": 24442, ""missing_motion_context"": 2, ""missing_receiver_support"": 19, ""unsupported_native_interval_status_or_epoch"": 2}",,ilvis0-all-highspeed-level-segments-v1,934dea342a64b716533732d7ab0e961d23709cf37499faf7cee8e4c386778809
3f7e99f556666c5e28c2,ILVIS0_applanix_56605_230_610_WFF_25Feb12.013,83d9a670387d8a6310b261ee96bc9137bcd813638814b848bc69551eee99100c,no_qualifying_segment,0,3f7e99f556666c5e28c2,"{""below_ground_speed"": 596, ""excessive_course_rate"": 216, ""excessive_roll"": 0, ""excessive_vertical_speed"": 0, ""incomplete_alignment"": 0, ""missing_motion_context"": 2, ""missing_receiver_support"": 1, ""unsupported_native_interval_status_or_epoch"": 2}",,ilvis0-all-highspeed-level-segments-v1,934dea342a64b716533732d7ab0e961d23709cf37499faf7cee8e4c386778809
98a8a7b15f0c2801fc4f,ILVIS0_applanix_56605_232_510_POS510.013,2106f40cb071c1bb6c5d1149abda679a1aa89de9f4cee3d6950da2406a62f4c0,no_qualifying_segment,0,98a8a7b15f0c2801fc4f,"{""below_ground_speed"": 24101, ""excessive_course_rate"": 17078, ""excessive_roll"": 9357, ""excessive_vertical_speed"": 4595, ""incomplete_alignment"": 24101, ""missing_motion_context"": 2, ""missing_receiver_support"": 0, ""unsupported_native_interval_status_or_epoch"": 2}",,ilvis0-all-highspeed-level-segments-v1,934dea342a64b716533732d7ab0e961d23709cf37499faf7cee8e4c386778809
a62bc3b07a6ad3f6043c,ILVIS0_applanix_56608_232_510_POS510.013,d84fdf8cea73bcac590dfe3e027ef896dbb244c45d34409cdf1182d551a74406,no_qualifying_segment,0,a62bc3b07a6ad3f6043c,"{""below_ground_speed"": 23910, ""excessive_course_rate"": 14034, ""excessive_roll"": 2104, ""excessive_vertical_speed"": 648, ""incomplete_alignment"": 23910, ""missing_motion_context"": 2, ""missing_receiver_support"": 15, ""unsupported_native_interval_status_or_epoch"": 2}",,ilvis0-all-highspeed-level-segments-v1,934dea342a64b716533732d7ab0e961d23709cf37499faf7cee8e4c386778809
99e0a9227326ef359498,ILVIS0_applanix_56610_232_510_POS510.013,25953368567eed39972607812e1b591ae68514c9c0dd4331453284aca2a7d37a,no_qualifying_segment,0,99e0a9227326ef359498,"{""below_ground_speed"": 24448, ""excessive_course_rate"": 14953, ""excessive_roll"": 11823, ""excessive_vertical_speed"": 1013, ""incomplete_alignment"": 24448, ""missing_motion_context"": 2, ""missing_receiver_support"": 11, ""unsupported_native_interval_status_or_epoch"": 2}",,ilvis0-all-highspeed-level-segments-v1,934dea342a64b716533732d7ab0e961d23709cf37499faf7cee8e4c386778809
cb673ea00ba48a0413bf,ILVIS0_applanix_56902_510_fromdrive_partial_POS510.013,e3dc062684ef25d0b21c3e7a627bc37901d6b89c97dee3df4c3b5d062cd2ad10,no_qualifying_segment,0,cb673ea00ba48a0413bf,"{""below_ground_speed"": 24210, ""excessive_course_rate"": 9878, ""excessive_roll"": 0, ""excessive_vertical_speed"": 2382, ""incomplete_alignment"": 24210, ""missing_motion_context"": 2, ""missing_receiver_support"": 21, ""unsupported_native_interval_status_or_epoch"": 2}",,ilvis0-all-highspeed-level-segments-v1,934dea342a64b716533732d7ab0e961d23709cf37499faf7cee8e4c386778809
d017b3eba0bc3095c2f1,ILVIS0_applanix_56902_510_ftp_POS5100902_151321.013,e3dc062684ef25d0b21c3e7a627bc37901d6b89c97dee3df4c3b5d062cd2ad10,no_qualifying_segment,0,cb673ea00ba48a0413bf,"{""below_ground_speed"": 24210, ""excessive_course_rate"": 9878, ""excessive_roll"": 0, ""excessive_vertical_speed"": 2382, ""incomplete_alignment"": 24210, ""missing_motion_context"": 2, ""missing_receiver_support"": 21, ""unsupported_native_interval_status_or_epoch"": 2}",,ilvis0-all-highspeed-level-segments-v1,934dea342a64b716533732d7ab0e961d23709cf37499faf7cee8e4c386778809
92646e0789082b49ffa2,ILVIS0_applanix_56904_510_POS510.013,149c1926c193de74f1b4d94fc6583092b7f726864478ab71e98b0296140f67e3,no_qualifying_segment,0,92646e0789082b49ffa2,"{""below_ground_speed"": 24078, ""excessive_course_rate"": 23315, ""excessive_roll"": 0, ""excessive_vertical_speed"": 0, ""incomplete_alignment"": 24078, ""missing_motion_context"": 2, ""missing_receiver_support"": 1, ""unsupported_native_interval_status_or_epoch"": 2}",,ilvis0-all-highspeed-level-segments-v1,934dea342a64b716533732d7ab0e961d23709cf37499faf7cee8e4c386778809
504c68189ef4c48aa369,ILVIS0_applanix_56904_610_LVIS610.013,184dd346eb52d174eb483086d96937aff1dc6b96e9a920f68303a0bf40a37faf,no_qualifying_segment,0,504c68189ef4c48aa369,"{""below_ground_speed"": 22182, ""excessive_course_rate"": 22138, ""excessive_roll"": 0, ""excessive_vertical_speed"": 0, ""incomplete_alignment"": 22182, ""missing_motion_context"": 2, ""missing_receiver_support"": 8, ""unsupported_native_interval_status_or_epoch"": 2}",,ilvis0-all-highspeed-level-segments-v1,934dea342a64b716533732d7ab0e961d23709cf37499faf7cee8e4c386778809
935ab712574b790273f5,ILVIS0_applanix_56905_510_POS510.013,9bc0e45767c246b63eac8d789ac272cea7aefa0409917016d9e6ba5ca2365e34,no_qualifying_segment,0,935ab712574b790273f5,"{""below_ground_speed"": 24479, ""excessive_course_rate"": 24466, ""excessive_roll"": 0, ""excessive_vertical_speed"": 0, ""incomplete_alignment"": 24479, ""missing_motion_context"": 2, ""missing_receiver_support"": 29, ""unsupported_native_interval_status_or_epoch"": 2}",,ilvis0-all-highspeed-level-segments-v1,934dea342a64b716533732d7ab0e961d23709cf37499faf7cee8e4c386778809
b393cdc2d63ba2723750,ILVIS0_applanix_56906_510_POS510.013,17de01880cb6a646bc0d61d53b6df5a2e98d61e7cdc31535524f779c210dc93b,no_qualifying_segment,0,b393cdc2d63ba2723750,"{""below_ground_speed"": 24234, ""excessive_course_rate"": 16907, ""excessive_roll"": 131, ""excessive_vertical_speed"": 24234, ""incomplete_alignment"": 24234, ""missing_motion_context"": 2, ""missing_receiver_support"": 0, ""unsupported_native_interval_status_or_epoch"": 2}",,ilvis0-all-highspeed-level-segments-v1,934dea342a64b716533732d7ab0e961d23709cf37499faf7cee8e4c386778809
a151123459abc39d2a54,ILVIS0_applanix_56907_510_POS510.013,d1a0649532c1da22cbd134bb8ed152f62438ba806d0be19e51bf5d239c1a262e,no_qualifying_segment,0,a151123459abc39d2a54,"{""below_ground_speed"": 24125, ""excessive_course_rate"": 13696, ""excessive_roll"": 0, ""excessive_vertical_speed"": 3004, ""incomplete_alignment"": 24125, ""missing_motion_context"": 2, ""missing_receiver_support"": 25, ""unsupported_native_interval_status_or_epoch"": 2}",,ilvis0-all-highspeed-level-segments-v1,934dea342a64b716533732d7ab0e961d23709cf37499faf7cee8e4c386778809
9dcc0bf45000011e53d5,ILVIS0_applanix_56909_510_POS510.013,4196f36c1546c10b7c2e0edcb9751ee6dc467a5ff055afde20dd168629a76b1a,no_qualifying_segment,0,9dcc0bf45000011e53d5,"{""below_ground_speed"": 24482, ""excessive_course_rate"": 10472, ""excessive_roll"": 0, ""excessive_vertical_speed"": 0, ""incomplete_alignment"": 24482, ""missing_motion_context"": 2, ""missing_receiver_support"": 32, ""unsupported_native_interval_status_or_epoch"": 2}",,ilvis0-all-highspeed-level-segments-v1,934dea342a64b716533732d7ab0e961d23709cf37499faf7cee8e4c386778809
ea3716a039f0aefc02d4,ILVIS0_applanix_56909_610_LVIS610.013,915d145e5c39c9e9059b9efca732d0450d0bd9169a6c8921c1f845c80503869c,no_qualifying_segment,0,ea3716a039f0aefc02d4,"{""below_ground_speed"": 22065, ""excessive_course_rate"": 20290, ""excessive_roll"": 0, ""excessive_vertical_speed"": 3107, ""incomplete_alignment"": 22065, ""missing_motion_context"": 2, ""missing_receiver_support"": 0, ""unsupported_native_interval_status_or_epoch"": 2}",,ilvis0-all-highspeed-level-segments-v1,934dea342a64b716533732d7ab0e961d23709cf37499faf7cee8e4c386778809
1641f18ff730f1b3cd03,ILVIS0_applanix_56910_510_POS510.013,b4d37ac3a4cc76e2414c81b18856f44a55f4855ca75b8358787bfb66f4ca3b46,no_qualifying_segment,0,1641f18ff730f1b3cd03,"{""below_ground_speed"": 24112, ""excessive_course_rate"": 17304, ""excessive_roll"": 991, ""excessive_vertical_speed"": 0, ""incomplete_alignment"": 24112, ""missing_motion_context"": 2, ""missing_receiver_support"": 16, ""unsupported_native_interval_status_or_epoch"": 2}",,ilvis0-all-highspeed-level-segments-v1,934dea342a64b716533732d7ab0e961d23709cf37499faf7cee8e4c386778809
864e9c094f3d36d24466,ILVIS0_applanix_56910_610_LVIS610.013,e487c3980604876e3acccd33050fe282d984647f6ecf4321c7b634cd0469659a,no_qualifying_segment,0,864e9c094f3d36d24466,"{""below_ground_speed"": 22498, ""excessive_course_rate"": 20127, ""excessive_roll"": 0, ""excessive_vertical_speed"": 0, ""incomplete_alignment"": 22498, ""missing_motion_context"": 2, ""missing_receiver_support"": 9, ""unsupported_native_interval_status_or_epoch"": 2}",,ilvis0-all-highspeed-level-segments-v1,934dea342a64b716533732d7ab0e961d23709cf37499faf7cee8e4c386778809
f11e387a674ca46976ed,ILVIS0_applanix_56911_510_POS510.013,9a8e856f64c2a23e7cbca404892f93999fe24d4dc6059ecfa714e43d02c160b8,no_qualifying_segment,0,f11e387a674ca46976ed,"{""below_ground_speed"": 24285, ""excessive_course_rate"": 11955, ""excessive_roll"": 0, ""excessive_vertical_speed"": 0, ""incomplete_alignment"": 24285, ""missing_motion_context"": 2, ""missing_receiver_support"": 13, ""unsupported_native_interval_status_or_epoch"": 2}",,ilvis0-all-highspeed-level-segments-v1,934dea342a64b716533732d7ab0e961d23709cf37499faf7cee8e4c386778809
9d54224065d7782b2923,ILVIS0_applanix_56911_610_LVIS610.013,f0d4ddb5ed1f8fab343d9f1751e8f104c31e67d9c055473894c19891442df3cf,no_qualifying_segment,0,9d54224065d7782b2923,"{""below_ground_speed"": 22355, ""excessive_course_rate"": 20568, ""excessive_roll"": 0, ""excessive_vertical_speed"": 0, ""incomplete_alignment"": 22355, ""missing_motion_context"": 2, ""missing_receiver_support"": 16, ""unsupported_native_interval_status_or_epoch"": 2}",,ilvis0-all-highspeed-level-segments-v1,934dea342a64b716533732d7ab0e961d23709cf37499faf7cee8e4c386778809
c945deb0602ef5dff68c,ILVIS0_applanix_56913_510_POS510.013,44c679a78035eb44220453bef88cb83f05bbe9ec517df748ebbd6efcb3b1316d,no_qualifying_segment,0,c945deb0602ef5dff68c,"{""below_ground_speed"": 23899, ""excessive_course_rate"": 15069, ""excessive_roll"": 311, ""excessive_vertical_speed"": 0, ""incomplete_alignment"": 23899, ""missing_motion_context"": 2, ""missing_receiver_support"": 1, ""unsupported_native_interval_status_or_epoch"": 2}",,ilvis0-all-highspeed-level-segments-v1,934dea342a64b716533732d7ab0e961d23709cf37499faf7cee8e4c386778809
f8a6b1bf65b6345e0a13,ILVIS0_applanix_56913_610_LVIS610.013,1ad6f4788ce72bfb7f46daf457cfc5ebabad2a3ed3ad10d5c09bda0fb909ccef,no_qualifying_segment,0,f8a6b1bf65b6345e0a13,"{""below_ground_speed"": 22314, ""excessive_course_rate"": 20267, ""excessive_roll"": 133, ""excessive_vertical_speed"": 0, ""incomplete_alignment"": 22314, ""missing_motion_context"": 2, ""missing_receiver_support"": 15, ""unsupported_native_interval_status_or_epoch"": 2}",,ilvis0-all-highspeed-level-segments-v1,934dea342a64b716533732d7ab0e961d23709cf37499faf7cee8e4c386778809
d4aafa5c6d644bc528f8,ILVIS0_applanix_56915_510_POS510.013,5b07c6e8818016915db756c81c6e84b0aed009adbb1d6015886a79547b6dd534,no_qualifying_segment,0,d4aafa5c6d644bc528f8,"{""below_ground_speed"": 24031, ""excessive_course_rate"": 10931, ""excessive_roll"": 0, ""excessive_vertical_speed"": 71, ""incomplete_alignment"": 24031, ""invalid VTG values"": 1, ""missing_motion_context"": 2, ""missing_receiver_support"": 50, ""unsupported_native_interval_status_or_epoch"": 2}",,ilvis0-all-highspeed-level-segments-v1,934dea342a64b716533732d7ab0e961d23709cf37499faf7cee8e4c386778809
61b1057089e4b0de4311,ILVIS0_applanix_56915_610_LVIS610.013,924b4ed83a5351347937783dec493c0c1d6c87b5096f1212dee0d53c7de33392,no_qualifying_segment,0,61b1057089e4b0de4311,"{""below_ground_speed"": 22063, ""excessive_course_rate"": 20078, ""excessive_roll"": 0, ""excessive_vertical_speed"": 2317, ""incomplete_alignment"": 22063, ""invalid VTG values"": 1, ""missing_motion_context"": 2, ""missing_receiver_support"": 50, ""unsupported_native_interval_status_or_epoch"": 2}",,ilvis0-all-highspeed-level-segments-v1,934dea342a64b716533732d7ab0e961d23709cf37499faf7cee8e4c386778809
f5cae9d0d107ecad9d45,ILVIS0_applanix_56916_510_POS510.013,627aedaaead70ff4e00ec27ff4b9dafc631a0ac09a57e403de4d49abde34f3a0,no_qualifying_segment,0,f5cae9d0d107ecad9d45,"{""below_ground_speed"": 24117, ""excessive_course_rate"": 12797, ""excessive_roll"": 0, ""excessive_vertical_speed"": 0, ""incomplete_alignment"": 24117, ""missing_motion_context"": 2, ""missing_receiver_support"": 31, ""unsupported_native_interval_status_or_epoch"": 2}",,ilvis0-all-highspeed-level-segments-v1,934dea342a64b716533732d7ab0e961d23709cf37499faf7cee8e4c386778809
b02e718ddd5bb27a8876,ILVIS0_applanix_56916_610_LVIS610.013,6716d5814d55dde353cceef7ec1af5b226445e252512721a5b2bdece3901a426,no_qualifying_segment,0,b02e718ddd5bb27a8876,"{""below_ground_speed"": 22215, ""excessive_course_rate"": 20174, ""excessive_roll"": 0, ""excessive_vertical_speed"": 0, ""incomplete_alignment"": 22215, ""missing_motion_context"": 2, ""missing_receiver_support"": 15, ""unsupported_native_interval_status_or_epoch"": 2}",,ilvis0-all-highspeed-level-segments-v1,934dea342a64b716533732d7ab0e961d23709cf37499faf7cee8e4c386778809
805f0408039d16de8ca3,ILVIS0_applanix_56917_510_POS510.013,bdbafeb11771ca7afe848720a6e514d715016c9182e22e1369735c175d7ed2b8,no_qualifying_segment,0,805f0408039d16de8ca3,"{""below_ground_speed"": 24452, ""excessive_course_rate"": 11801, ""excessive_roll"": 0, ""excessive_vertical_speed"": 383, ""incomplete_alignment"": 24452, ""missing_motion_context"": 2, ""missing_receiver_support"": 18, ""unsupported_native_interval_status_or_epoch"": 2}",,ilvis0-all-highspeed-level-segments-v1,934dea342a64b716533732d7ab0e961d23709cf37499faf7cee8e4c386778809
d0de79e7926d5cac2e8f,ILVIS0_applanix_56917_610_LVIS610.013,2b85365c14d2f234747c3a50b22794cc1038442cd7bfe9efefbdbf7d15998eba,no_qualifying_segment,0,d0de79e7926d5cac2e8f,"{""below_ground_speed"": 22592, ""excessive_course_rate"": 20660, ""excessive_roll"": 0, ""excessive_vertical_speed"": 3599, ""incomplete_alignment"": 22592, ""missing_motion_context"": 2, ""missing_receiver_support"": 6, ""unsupported_native_interval_status_or_epoch"": 2}",,ilvis0-all-highspeed-level-segments-v1,934dea342a64b716533732d7ab0e961d23709cf37499faf7cee8e4c386778809
fff1faeab010d9efd872,ILVIS0_applanix_56918_510_POS510.013,9eebecdd37c935a55f815dc597b0879f5c907e6110c87a86826cc5e401faa3a0,no_qualifying_segment,0,fff1faeab010d9efd872,"{""below_ground_speed"": 23819, ""excessive_course_rate"": 15966, ""excessive_roll"": 856, ""excessive_vertical_speed"": 2568, ""incomplete_alignment"": 23819, ""missing_motion_context"": 2, ""missing_receiver_support"": 19, ""unsupported_native_interval_status_or_epoch"": 2}",,ilvis0-all-highspeed-level-segments-v1,934dea342a64b716533732d7ab0e961d23709cf37499faf7cee8e4c386778809
ab59e1b7d4030087d98b,ILVIS0_applanix_56918_610_LVIS610.013,64037681ad8dfa97e0879bda176c6b6a84b7d713cf23689de1dde655b926d498,no_qualifying_segment,0,ab59e1b7d4030087d98b,"{""below_ground_speed"": 22213, ""excessive_course_rate"": 20568, ""excessive_roll"": 0, ""excessive_vertical_speed"": 0, ""incomplete_alignment"": 22213, ""missing_motion_context"": 2, ""missing_receiver_support"": 18, ""unsupported_native_interval_status_or_epoch"": 2}",,ilvis0-all-highspeed-level-segments-v1,934dea342a64b716533732d7ab0e961d23709cf37499faf7cee8e4c386778809
0ab3b49695c8c0f5b3a4,ILVIS0_applanix_56919_510_POS510.013,069c3a35b7a904b9df44fd4cf8017c4944574b8fbb652f69ce27f7da3a4c0f45,no_qualifying_segment,0,0ab3b49695c8c0f5b3a4,"{""below_ground_speed"": 24112, ""excessive_course_rate"": 19523, ""excessive_roll"": 760, ""excessive_vertical_speed"": 0, ""incomplete_alignment"": 24112, ""missing_motion_context"": 2, ""missing_receiver_support"": 15, ""unsupported_native_interval_status_or_epoch"": 2}",,ilvis0-all-highspeed-level-segments-v1,934dea342a64b716533732d7ab0e961d23709cf37499faf7cee8e4c386778809
59e4996b9bada79eba50,ILVIS0_applanix_56919_610_LVIS610.013,d0c7013038d79feec1247b737c999058c84a607980898a75b40a4e5ae50da67a,no_qualifying_segment,0,59e4996b9bada79eba50,"{""below_ground_speed"": 22139, ""excessive_course_rate"": 20009, ""excessive_roll"": 0, ""excessive_vertical_speed"": 0, ""incomplete_alignment"": 22139, ""missing_motion_context"": 2, ""missing_receiver_support"": 0, ""unsupported_native_interval_status_or_epoch"": 2}",,ilvis0-all-highspeed-level-segments-v1,934dea342a64b716533732d7ab0e961d23709cf37499faf7cee8e4c386778809
a3783b6b28e68b06c91d,ILVIS0_applanix_56921_510_POS510.013,8b89b814a02db7f723bc431e314d783a01d97e23197e97bd7755d6f994f0d4cc,no_qualifying_segment,0,a3783b6b28e68b06c91d,"{""below_ground_speed"": 24114, ""excessive_course_rate"": 13538, ""excessive_roll"": 0, ""excessive_vertical_speed"": 0, ""incomplete_alignment"": 24114, ""missing_motion_context"": 2, ""missing_receiver_support"": 15, ""unsupported_native_interval_status_or_epoch"": 2}",,ilvis0-all-highspeed-level-segments-v1,934dea342a64b716533732d7ab0e961d23709cf37499faf7cee8e4c386778809
ceac61de9c1dd86f4632,ILVIS0_applanix_56921_610_LVIS610.013,924beea859c2ac37c649620b3fabdded5970c788eee4c8d9f2380234051de9ec,no_qualifying_segment,0,ceac61de9c1dd86f4632,"{""below_ground_speed"": 22168, ""excessive_course_rate"": 20404, ""excessive_roll"": 0, ""excessive_vertical_speed"": 0, ""incomplete_alignment"": 22168, ""missing_motion_context"": 2, ""missing_receiver_support"": 28, ""unsupported_native_interval_status_or_epoch"": 2}",,ilvis0-all-highspeed-level-segments-v1,934dea342a64b716533732d7ab0e961d23709cf37499faf7cee8e4c386778809
64628deb92756dbaf2a8,ILVIS0_applanix_56924_510_POS510.013,32ff6812bcc1075846da8061b647891b32ba9b85466eb908b5dddbbfca66e4d0,no_qualifying_segment,0,64628deb92756dbaf2a8,"{""below_ground_speed"": 25233, ""excessive_course_rate"": 25167, ""excessive_roll"": 0, ""excessive_vertical_speed"": 0, ""incomplete_alignment"": 25233, ""missing_motion_context"": 2, ""missing_receiver_support"": 0, ""unsupported_native_interval_status_or_epoch"": 2}",,ilvis0-all-highspeed-level-segments-v1,934dea342a64b716533732d7ab0e961d23709cf37499faf7cee8e4c386778809
c29b4ba9977bf344c672,ILVIS0_applanix_56924_510_incomplete_POS510.013,32ff6812bcc1075846da8061b647891b32ba9b85466eb908b5dddbbfca66e4d0,no_qualifying_segment,0,64628deb92756dbaf2a8,"{""below_ground_speed"": 25233, ""excessive_course_rate"": 25167, ""excessive_roll"": 0, ""excessive_vertical_speed"": 0, ""incomplete_alignment"": 25233, ""missing_motion_context"": 2, ""missing_receiver_support"": 0, ""unsupported_native_interval_status_or_epoch"": 2}",,ilvis0-all-highspeed-level-segments-v1,934dea342a64b716533732d7ab0e961d23709cf37499faf7cee8e4c386778809
8607437e732847526634,ILVIS0_applanix_56924_610_LVIS610.013,dfb0d4fefba25524e04ea8c0a4ae5296a1daa06bb9a879beae60e6177aa166b9,no_qualifying_segment,0,8607437e732847526634,"{""below_ground_speed"": 23605, ""excessive_course_rate"": 23603, ""excessive_roll"": 0, ""excessive_vertical_speed"": 0, ""incomplete_alignment"": 23605, ""missing_motion_context"": 2, ""missing_receiver_support"": 9, ""unsupported_native_interval_status_or_epoch"": 2}",,ilvis0-all-highspeed-level-segments-v1,934dea342a64b716533732d7ab0e961d23709cf37499faf7cee8e4c386778809
38410df8816d9ebe0c99,ILVIS0_applanix_56932_510_POS510.013,59c845aae98f80425b27b2182016d6cced3d85454c980482af3df68ae13edd21,no_qualifying_segment,0,38410df8816d9ebe0c99,"{""below_ground_speed"": 24483, ""excessive_course_rate"": 19747, ""excessive_roll"": 3253, ""excessive_vertical_speed"": 5483, ""incomplete_alignment"": 24483, ""missing_motion_context"": 2, ""missing_receiver_support"": 33, ""unsupported_native_interval_status_or_epoch"": 2}",,ilvis0-all-highspeed-level-segments-v1,934dea342a64b716533732d7ab0e961d23709cf37499faf7cee8e4c386778809
cc0f19bded8f62a87c11,ILVIS0_applanix_56932_610_LVIS610.013,1ddcf7fb86550fadf0c6905eb9d04c29a3ed8edf335217bb7c5e3bc3e171356a,no_qualifying_segment,0,cc0f19bded8f62a87c11,"{""below_ground_speed"": 22485, ""excessive_course_rate"": 21066, ""excessive_roll"": 2411, ""excessive_vertical_speed"": 184, ""incomplete_alignment"": 8150, ""missing_motion_context"": 2, ""missing_receiver_support"": 19, ""unsupported_native_interval_status_or_epoch"": 2}",,ilvis0-all-highspeed-level-segments-v1,934dea342a64b716533732d7ab0e961d23709cf37499faf7cee8e4c386778809
108d196761a839a24f07,ILVIS0_applanix_57287_610_LVIS_38614965.013,ccedd553b8a84de6ea7bb7a44a4d41c3a89949e047de50a95129a415c7314161,no_qualifying_segment,0,108d196761a839a24f07,"{""below_ground_speed"": 22373, ""excessive_course_rate"": 21491, ""excessive_roll"": 7253, ""excessive_vertical_speed"": 9515, ""incomplete_alignment"": 15736, ""missing_motion_context"": 2, ""missing_receiver_support"": 23, ""unsupported_native_interval_status_or_epoch"": 2}",,ilvis0-all-highspeed-level-segments-v1,934dea342a64b716533732d7ab0e961d23709cf37499faf7cee8e4c386778809
ae7127a8b48f61b051a8,ILVIS0_applanix_57289_510_LVISGH.013,221fbceb9d572b60b7e70e599955098418ca8b35688e2b9cfdf30f347f8ec34b,no_qualifying_segment,0,ae7127a8b48f61b051a8,"{""below_ground_speed"": 0, ""excessive_course_rate"": 2, ""excessive_roll"": 0, ""excessive_vertical_speed"": 0, ""incomplete_alignment"": 22931, ""missing_motion_context"": 2, ""missing_receiver_support"": 0, ""unsupported_native_interval_status_or_epoch"": 2}",,ilvis0-all-highspeed-level-segments-v1,934dea342a64b716533732d7ab0e961d23709cf37499faf7cee8e4c386778809
25e8081705aa69d3cd6f,ILVIS0_applanix_57289_610_DMS_24Sept15DMS.013,967747b4e92fe754a9a449b6196064e1dd46d0a4e1063cab412c5bbb1525ff08,segments_available,1,25e8081705aa69d3cd6f,"{""below_ground_speed"": 0, ""excessive_course_rate"": 2, ""excessive_roll"": 0, ""excessive_vertical_speed"": 0, ""incomplete_alignment"": 0, ""missing_motion_context"": 2, ""missing_receiver_support"": 0, ""short_after_buffers_or_raw_intersection"": 1, ""unsupported_native_interval_status_or_epoch"": 2}",,ilvis0-all-highspeed-level-segments-v1,934dea342a64b716533732d7ab0e961d23709cf37499faf7cee8e4c386778809
4876a722de50db44fd7a,ILVIS0_applanix_57289_610_LVIS_38614965.013,b1b624d9c5d736b411e6faa58b53000f1884d01563615b2681413234fcd48363,segments_available,1,4876a722de50db44fd7a,"{""below_ground_speed"": 0, ""excessive_course_rate"": 2, ""excessive_roll"": 0, ""excessive_vertical_speed"": 0, ""incomplete_alignment"": 0, ""missing_motion_context"": 2, ""missing_receiver_support"": 0, ""short_after_buffers_or_raw_intersection"": 1, ""unsupported_native_interval_status_or_epoch"": 2}",,ilvis0-all-highspeed-level-segments-v1,934dea342a64b716533732d7ab0e961d23709cf37499faf7cee8e4c386778809
9b7d1be2c57168d942d1,ILVIS0_applanix_57289_610_loaner_24Sept15LVIS.013,b108983d1e5bc9953aaf9f7f22731ef6aba82d33dc5b1c008e41f53da5189153,segments_available,1,9b7d1be2c57168d942d1,"{""below_ground_speed"": 0, ""excessive_course_rate"": 2, ""excessive_roll"": 0, ""excessive_vertical_speed"": 0, ""incomplete_alignment"": 0, ""missing_motion_context"": 2, ""missing_receiver_support"": 4, ""short_after_buffers_or_raw_intersection"": 1, ""unsupported_native_interval_status_or_epoch"": 2}",,ilvis0-all-highspeed-level-segments-v1,934dea342a64b716533732d7ab0e961d23709cf37499faf7cee8e4c386778809
2f24bea2d76d164704b1,ILVIS0_applanix_57291_510_LVISGH.013,cb5cdd71c7d0c259eb0532b2aeee3109f09a1594d13ec02744775909f304a0ee,no_qualifying_segment,0,2f24bea2d76d164704b1,"{""below_ground_speed"": 0, ""excessive_course_rate"": 2, ""excessive_roll"": 0, ""excessive_vertical_speed"": 0, ""incomplete_alignment"": 22950, ""missing_motion_context"": 2, ""missing_receiver_support"": 11, ""unsupported_native_interval_status_or_epoch"": 2}",,ilvis0-all-highspeed-level-segments-v1,934dea342a64b716533732d7ab0e961d23709cf37499faf7cee8e4c386778809
8fb44931da423fbde3ef,ILVIS0_applanix_57291_610_DMS_26Sept15DMS.013,b06fcc78e20fd60cd586257e27e63cd14185f71a02c53cc17c1ab5d665ef6c74,segments_available,1,8fb44931da423fbde3ef,"{""below_ground_speed"": 0, ""excessive_course_rate"": 2, ""excessive_roll"": 0, ""excessive_vertical_speed"": 0, ""incomplete_alignment"": 0, ""missing_motion_context"": 2, ""missing_receiver_support"": 0, ""short_after_buffers_or_raw_intersection"": 1, ""unsupported_native_interval_status_or_epoch"": 2}",,ilvis0-all-highspeed-level-segments-v1,934dea342a64b716533732d7ab0e961d23709cf37499faf7cee8e4c386778809
3223697e5fe287b1d443,ILVIS0_applanix_57291_610_LVIS_38614965.013,aed33e93397d83185507cdf213cdde9592b6b17acd10545f17c7ba19c6fcf1e5,segments_available,1,3223697e5fe287b1d443,"{""below_ground_speed"": 0, ""excessive_course_rate"": 2, ""excessive_roll"": 0, ""excessive_vertical_speed"": 0, ""incomplete_alignment"": 0, ""missing_motion_context"": 2, ""missing_receiver_support"": 43, ""short_after_buffers_or_raw_intersection"": 1, ""unsupported_native_interval_status_or_epoch"": 2}",,ilvis0-all-highspeed-level-segments-v1,934dea342a64b716533732d7ab0e961d23709cf37499faf7cee8e4c386778809
95a01583566d1a9e080b,ILVIS0_applanix_57291_610_loaner_26Sept15LVIS.013,46db5ba4fa7fd9c25529e5eadd241aa32ca8c21e176af51cf9b0c147b6cdee71,segments_available,1,95a01583566d1a9e080b,"{""below_ground_speed"": 0, ""excessive_course_rate"": 2, ""excessive_roll"": 0, ""excessive_vertical_speed"": 0, ""incomplete_alignment"": 0, ""missing_motion_context"": 2, ""missing_receiver_support"": 3, ""short_after_buffers_or_raw_intersection"": 1, ""unsupported_native_interval_status_or_epoch"": 2}",,ilvis0-all-highspeed-level-segments-v1,934dea342a64b716533732d7ab0e961d23709cf37499faf7cee8e4c386778809
c2c15448922475c632b6,ILVIS0_applanix_57294_510_LVISGH.013,90c4c503663ceef10fe7cea80ecdbc6355d66e5532c586c45b3ed0094b28bc3a,no_qualifying_segment,0,c2c15448922475c632b6,"{""below_ground_speed"": 22407, ""excessive_course_rate"": 22385, ""excessive_roll"": 0, ""excessive_vertical_speed"": 0, ""incomplete_alignment"": 22407, ""missing_motion_context"": 2, ""missing_receiver_support"": 28, ""unsupported_native_interval_status_or_epoch"": 2}",,ilvis0-all-highspeed-level-segments-v1,934dea342a64b716533732d7ab0e961d23709cf37499faf7cee8e4c386778809
fbcccc67cfc0f8c58798,ILVIS0_applanix_57294_610_LVIS_38614965.013,0ba74ab5603d9a3c859d63bf9bfc976b53c6925313100638c45228e9a9414c25,no_qualifying_segment,0,fbcccc67cfc0f8c58798,"{""below_ground_speed"": 22522, ""excessive_course_rate"": 22520, ""excessive_roll"": 0, ""excessive_vertical_speed"": 0, ""incomplete_alignment"": 22522, ""missing_motion_context"": 2, ""missing_receiver_support"": 4, ""unsupported_native_interval_status_or_epoch"": 2}",,ilvis0-all-highspeed-level-segments-v1,934dea342a64b716533732d7ab0e961d23709cf37499faf7cee8e4c386778809
67027d0caf3ed8e14c5f,ILVIS0_applanix_57294_610_DMS_29Sept15DMS.013,884f24fa9166c495220096d674c20a7532e7c2a1e06fb3fe471fa91eb1085cfa,segments_available,1,67027d0caf3ed8e14c5f,"{""below_ground_speed"": 0, ""excessive_course_rate"": 500, ""excessive_roll"": 477, ""excessive_vertical_speed"": 0, ""incomplete_alignment"": 0, ""missing_motion_context"": 2, ""missing_receiver_support"": 4, ""short_after_buffers_or_raw_intersection"": 1, ""unsupported_native_interval_status_or_epoch"": 2}",,ilvis0-all-highspeed-level-segments-v1,934dea342a64b716533732d7ab0e961d23709cf37499faf7cee8e4c386778809
c1ef32dccf7f02f2fba6,ILVIS0_applanix_57294_610_loaner_29Sept15LVIS.013,ec9574fb40204363ffb03ad9d1d6af39fcffefeb65bc0ba67ef41bc08a0c3751,segments_available,1,c1ef32dccf7f02f2fba6,"{""below_ground_speed"": 0, ""excessive_course_rate"": 2, ""excessive_roll"": 0, ""excessive_vertical_speed"": 0, ""incomplete_alignment"": 0, ""missing_motion_context"": 2, ""missing_receiver_support"": 0, ""short_after_buffers_or_raw_intersection"": 1, ""unsupported_native_interval_status_or_epoch"": 2}",,ilvis0-all-highspeed-level-segments-v1,934dea342a64b716533732d7ab0e961d23709cf37499faf7cee8e4c386778809
58b0848c35eeaf93a9f6,ILVIS0_applanix_57298_510_LVISGH.013,9d083807006e44c6080015108178178e0de2227743493b4540ea7640b49e756c,no_qualifying_segment,0,58b0848c35eeaf93a9f6,"{""below_ground_speed"": 0, ""excessive_course_rate"": 2, ""excessive_roll"": 0, ""excessive_vertical_speed"": 0, ""incomplete_alignment"": 22826, ""missing_motion_context"": 2, ""missing_receiver_support"": 0, ""unsupported_native_interval_status_or_epoch"": 2}",,ilvis0-all-highspeed-level-segments-v1,934dea342a64b716533732d7ab0e961d23709cf37499faf7cee8e4c386778809
439cd3a0feb0625b60ac,ILVIS0_applanix_57298_610_DMS_03Oct15DMS.013,7a4550b7b11885f70f79ee1fbec915536759e25f0b4e9978e25760fbb4aecc22,segments_available,1,439cd3a0feb0625b60ac,"{""below_ground_speed"": 0, ""excessive_course_rate"": 2, ""excessive_roll"": 0, ""excessive_vertical_speed"": 0, ""incomplete_alignment"": 0, ""missing_motion_context"": 2, ""missing_receiver_support"": 0, ""short_after_buffers_or_raw_intersection"": 1, ""unsupported_native_interval_status_or_epoch"": 2}",,ilvis0-all-highspeed-level-segments-v1,934dea342a64b716533732d7ab0e961d23709cf37499faf7cee8e4c386778809
adfd80e2038861ee52fa,ILVIS0_applanix_57298_610_LVIS_38614965.013,f87065a4678b2bcfe2134838327b3a4f2caf56eaa1ebb9908573968eb2dd38b5,segments_available,1,adfd80e2038861ee52fa,"{""below_ground_speed"": 0, ""excessive_course_rate"": 3, ""excessive_roll"": 0, ""excessive_vertical_speed"": 0, ""incomplete_alignment"": 0, ""missing_motion_context"": 2, ""missing_receiver_support"": 9, ""short_after_buffers_or_raw_intersection"": 3, ""unsupported_native_interval_status_or_epoch"": 2}",,ilvis0-all-highspeed-level-segments-v1,934dea342a64b716533732d7ab0e961d23709cf37499faf7cee8e4c386778809
a4d367c39b7334fa38b8,ILVIS0_applanix_57298_610_loaner_03Oct15LVIS.013,0f0fdad9b4849b54c6e839aa4824648f3932b84363d90ba68785787ff52d9295,segments_available,1,a4d367c39b7334fa38b8,"{""below_ground_speed"": 0, ""excessive_course_rate"": 2, ""excessive_roll"": 0, ""excessive_vertical_speed"": 0, ""incomplete_alignment"": 0, ""missing_motion_context"": 2, ""missing_receiver_support"": 8, ""short_after_buffers_or_raw_intersection"": 1, ""unsupported_native_interval_status_or_epoch"": 2}",,ilvis0-all-highspeed-level-segments-v1,934dea342a64b716533732d7ab0e961d23709cf37499faf7cee8e4c386778809
e63d19ad53722e5fe0f7,ILVIS0_applanix_57300_510_LVISGH.013,a8f90c43981812f47c9d637b7ca64ac31d5fd0cbaa1a003514b1563583a06c66,no_qualifying_segment,0,e63d19ad53722e5fe0f7,"{""below_ground_speed"": 0, ""excessive_course_rate"": 2, ""excessive_roll"": 0, ""excessive_vertical_speed"": 0, ""incomplete_alignment"": 22937, ""missing_motion_context"": 2, ""missing_receiver_support"": 0, ""unsupported_native_interval_status_or_epoch"": 2}",,ilvis0-all-highspeed-level-segments-v1,934dea342a64b716533732d7ab0e961d23709cf37499faf7cee8e4c386778809
4fbe64ccb69a7ffc0257,ILVIS0_applanix_57300_610_DMS_05Oct15DMS.013,d5ac67b7664e1de37737a8ce57d64c9fb4dec3c7b9bfb6f57ed410a72941ca26,no_qualifying_segment,0,4fbe64ccb69a7ffc0257,"{""below_ground_speed"": 0, ""excessive_course_rate"": 52, ""excessive_roll"": 0, ""excessive_vertical_speed"": 165, ""incomplete_alignment"": 0, ""missing_motion_context"": 2, ""missing_receiver_support"": 2, ""short_after_buffers_or_raw_intersection"": 30, ""unsupported_native_interval_status_or_epoch"": 2}",,ilvis0-all-highspeed-level-segments-v1,934dea342a64b716533732d7ab0e961d23709cf37499faf7cee8e4c386778809
a0534d9c30195543709c,ILVIS0_applanix_57300_610_LVIS_38614965.013,62516a0d2c5c33e9e55b7db7a0f4f3649252bc8257c8dab9ae2dd48212c1faa8,segments_available,1,a0534d9c30195543709c,"{""below_ground_speed"": 0, ""excessive_course_rate"": 2, ""excessive_roll"": 0, ""excessive_vertical_speed"": 0, ""incomplete_alignment"": 0, ""missing_motion_context"": 2, ""missing_receiver_support"": 2, ""short_after_buffers_or_raw_intersection"": 1, ""unsupported_native_interval_status_or_epoch"": 2}",,ilvis0-all-highspeed-level-segments-v1,934dea342a64b716533732d7ab0e961d23709cf37499faf7cee8e4c386778809
81c18746e768f992c6e7,ILVIS0_applanix_57300_610_loaner_05Oct15LVIS.013,3ab10969062fe380b142906ff982299364b3b0f8741802828e02b1c756833ef1,segments_available,1,81c18746e768f992c6e7,"{""below_ground_speed"": 0, ""excessive_course_rate"": 16, ""excessive_roll"": 0, ""excessive_vertical_speed"": 0, ""incomplete_alignment"": 0, ""missing_motion_context"": 2, ""missing_receiver_support"": 4, ""short_after_buffers_or_raw_intersection"": 3, ""unsupported_native_interval_status_or_epoch"": 2}",,ilvis0-all-highspeed-level-segments-v1,934dea342a64b716533732d7ab0e961d23709cf37499faf7cee8e4c386778809
d7a8897f8b216724c891,ILVIS0_applanix_57302_510_LVISGH.013,88d0d45c4fefc26011ea86c400067d5ab63b7b8ebfe9067a6bda676e8b02545f,no_qualifying_segment,0,d7a8897f8b216724c891,"{""below_ground_speed"": 0, ""excessive_course_rate"": 2, ""excessive_roll"": 0, ""excessive_vertical_speed"": 0, ""incomplete_alignment"": 22769, ""missing_motion_context"": 2, ""missing_receiver_support"": 19, ""unsupported_native_interval_status_or_epoch"": 2}",,ilvis0-all-highspeed-level-segments-v1,934dea342a64b716533732d7ab0e961d23709cf37499faf7cee8e4c386778809
b763a84552420e8c1d8d,ILVIS0_applanix_57302_610_DMS_07Oct15DMS.013,7667d95837b5dcea4ffd8df52d9ee4ef586219ba56aa1032d04b515327669578,segments_available,1,b763a84552420e8c1d8d,"{""below_ground_speed"": 0, ""excessive_course_rate"": 2, ""excessive_roll"": 0, ""excessive_vertical_speed"": 0, ""incomplete_alignment"": 0, ""missing_motion_context"": 2, ""missing_receiver_support"": 6, ""short_after_buffers_or_raw_intersection"": 1, ""unsupported_native_interval_status_or_epoch"": 2}",,ilvis0-all-highspeed-level-segments-v1,934dea342a64b716533732d7ab0e961d23709cf37499faf7cee8e4c386778809
448e008466fda5ad79ea,ILVIS0_applanix_57302_610_LVIS_38614965.013,4d0f2527e5b1c11a6848528ec7def5a791f53ab84575c880eeda18cf7c98ae20,segments_available,1,448e008466fda5ad79ea,"{""below_ground_speed"": 0, ""excessive_course_rate"": 4, ""excessive_roll"": 0, ""excessive_vertical_speed"": 0, ""incomplete_alignment"": 0, ""missing_motion_context"": 2, ""missing_receiver_support"": 33, ""short_after_buffers_or_raw_intersection"": 5, ""unsupported_native_interval_status_or_epoch"": 2}",,ilvis0-all-highspeed-level-segments-v1,934dea342a64b716533732d7ab0e961d23709cf37499faf7cee8e4c386778809
b5b356504236479c028d,ILVIS0_applanix_57302_610_loaner_07Oct15LVIS.013,e7d8d3bbf06a3f1b5125b231c220fc9c30623a194ad2886fef576376daac43bc,segments_available,1,b5b356504236479c028d,"{""below_ground_speed"": 0, ""excessive_course_rate"": 2, ""excessive_roll"": 0, ""excessive_vertical_speed"": 0, ""incomplete_alignment"": 0, ""missing_motion_context"": 2, ""missing_receiver_support"": 2, ""short_after_buffers_or_raw_intersection"": 1, ""unsupported_native_interval_status_or_epoch"": 2}",,ilvis0-all-highspeed-level-segments-v1,934dea342a64b716533732d7ab0e961d23709cf37499faf7cee8e4c386778809
df2ea8cdcaa4ac01615b,ILVIS0_applanix_57305_510_LVISGH.013,1b4a649992932df739e6b65423789662ff1af15fd781f6a6b04ddf0e148e15c6,no_qualifying_segment,0,df2ea8cdcaa4ac01615b,"{""below_ground_speed"": 0, ""excessive_course_rate"": 2, ""excessive_roll"": 0, ""excessive_vertical_speed"": 0, ""incomplete_alignment"": 22304, ""missing_motion_context"": 2, ""missing_receiver_support"": 12, ""unsupported_native_interval_status_or_epoch"": 2}",,ilvis0-all-highspeed-level-segments-v1,934dea342a64b716533732d7ab0e961d23709cf37499faf7cee8e4c386778809
aa95315f0205d7f900d9,ILVIS0_applanix_57305_610_DMS_10Oct15DMS.013,80a8797531e4b3f681125266cf61047ce16334f61a25a4b8e6f2764b47878b3f,segments_available,1,aa95315f0205d7f900d9,"{""below_ground_speed"": 0, ""excessive_course_rate"": 2, ""excessive_roll"": 0, ""excessive_vertical_speed"": 0, ""incomplete_alignment"": 0, ""missing_motion_context"": 2, ""missing_receiver_support"": 6, ""short_after_buffers_or_raw_intersection"": 1, ""unsupported_native_interval_status_or_epoch"": 2}",,ilvis0-all-highspeed-level-segments-v1,934dea342a64b716533732d7ab0e961d23709cf37499faf7cee8e4c386778809
41cf7c4dcca04dce0678,ILVIS0_applanix_57305_610_LVIS_38614965.013,b348ff5526a3352a50d02bc0dab03e91a81b25016a39b597eeae81c0cd3f3f45,segments_available,1,41cf7c4dcca04dce0678,"{""below_ground_speed"": 0, ""excessive_course_rate"": 2, ""excessive_roll"": 0, ""excessive_vertical_speed"": 0, ""incomplete_alignment"": 0, ""missing_motion_context"": 2, ""missing_receiver_support"": 39, ""short_after_buffers_or_raw_intersection"": 1, ""unsupported_native_interval_status_or_epoch"": 2}",,ilvis0-all-highspeed-level-segments-v1,934dea342a64b716533732d7ab0e961d23709cf37499faf7cee8e4c386778809
05b6350e07c1b6ff24ad,ILVIS0_applanix_57305_610_loaner_10Oct15LVIS.013,826aa8821e1555e33a1abe938b76dd2012f0e081c1e968049ede3141bb74647f,segments_available,1,05b6350e07c1b6ff24ad,"{""below_ground_speed"": 0, ""excessive_course_rate"": 2, ""excessive_roll"": 0, ""excessive_vertical_speed"": 0, ""incomplete_alignment"": 0, ""missing_motion_context"": 2, ""missing_receiver_support"": 4, ""short_after_buffers_or_raw_intersection"": 1, ""unsupported_native_interval_status_or_epoch"": 2}",,ilvis0-all-highspeed-level-segments-v1,934dea342a64b716533732d7ab0e961d23709cf37499faf7cee8e4c386778809
6d398e7c4d2bc47a4b64,ILVIS0_applanix_57307_510_LVISGH.013,356348b1dfc3de20894d58ac13f9c58a3ab03c9c03c9c363f8ea3fe86a1c5aa9,no_qualifying_segment,0,6d398e7c4d2bc47a4b64,"{""below_ground_speed"": 0, ""excessive_course_rate"": 2199, ""excessive_roll"": 1399, ""excessive_vertical_speed"": 0, ""incomplete_alignment"": 22268, ""missing_motion_context"": 2, ""missing_receiver_support"": 18, ""unsupported_native_interval_status_or_epoch"": 2}",,ilvis0-all-highspeed-level-segments-v1,934dea342a64b716533732d7ab0e961d23709cf37499faf7cee8e4c386778809
ed4db68c327edbb1e892,ILVIS0_applanix_57307_610_DMS_12Oct15DMS.013,ccaeeeedb894493a44a900093e5c5c4cb573920b6f66ed3bd361c13bdeb1438d,segments_available,1,ed4db68c327edbb1e892,"{""below_ground_speed"": 0, ""excessive_course_rate"": 609, ""excessive_roll"": 285, ""excessive_vertical_speed"": 0, ""incomplete_alignment"": 0, ""missing_motion_context"": 2, ""missing_receiver_support"": 2, ""short_after_buffers_or_raw_intersection"": 11, ""unsupported_native_interval_status_or_epoch"": 2}",,ilvis0-all-highspeed-level-segments-v1,934dea342a64b716533732d7ab0e961d23709cf37499faf7cee8e4c386778809
e53cc76ff2a5fe3046f9,ILVIS0_applanix_57307_610_LVIS_38614965.013,48289f3ee7857e43c84a4420c2b7a1cb00810f29f4e2df8cf42e2d4cae39c957,no_qualifying_segment,0,e53cc76ff2a5fe3046f9,"{""below_ground_speed"": 0, ""excessive_course_rate"": 2011, ""excessive_roll"": 1400, ""excessive_vertical_speed"": 0, ""incomplete_alignment"": 0, ""missing_motion_context"": 2, ""missing_receiver_support"": 46, ""short_after_buffers_or_raw_intersection"": 12, ""unsupported_native_interval_status_or_epoch"": 2}",,ilvis0-all-highspeed-level-segments-v1,934dea342a64b716533732d7ab0e961d23709cf37499faf7cee8e4c386778809
a5c9a343b38c34d42251,ILVIS0_applanix_57307_610_loaner_12Oct15LVIS.013,65d13de163bd842cf1bf936ca5ec033aa8b952e5d21194a0557d68238f0b8655,segments_available,1,a5c9a343b38c34d42251,"{""below_ground_speed"": 0, ""excessive_course_rate"": 2, ""excessive_roll"": 0, ""excessive_vertical_speed"": 0, ""incomplete_alignment"": 0, ""missing_motion_context"": 2, ""missing_receiver_support"": 7, ""short_after_buffers_or_raw_intersection"": 1, ""unsupported_native_interval_status_or_epoch"": 2}",,ilvis0-all-highspeed-level-segments-v1,934dea342a64b716533732d7ab0e961d23709cf37499faf7cee8e4c386778809
d044e5f04d28ef4134ae,ILVIS0_applanix_57309_510_LVISGH.013,ad00fba116042bedfbe226e0e7345e79bdcf008bff44db215179b8aef4a2105f,no_qualifying_segment,0,d044e5f04d28ef4134ae,"{""below_ground_speed"": 22527, ""excessive_course_rate"": 22490, ""excessive_roll"": 0, ""excessive_vertical_speed"": 0, ""incomplete_alignment"": 22527, ""missing_motion_context"": 2, ""missing_receiver_support"": 27, ""unsupported_native_interval_status_or_epoch"": 2}",,ilvis0-all-highspeed-level-segments-v1,934dea342a64b716533732d7ab0e961d23709cf37499faf7cee8e4c386778809
7ecb2ee97677e3a1e45c,ILVIS0_applanix_57309_610_DMS_14Oct15DMS.013,6c1054d70cdb078dd2bca9e7788bcd265cb854e540a055c4c91679113c5fa491,no_qualifying_segment,0,7ecb2ee97677e3a1e45c,"{""below_ground_speed"": 0, ""excessive_course_rate"": 810, ""excessive_roll"": 308, ""excessive_vertical_speed"": 0, ""incomplete_alignment"": 0, ""missing_motion_context"": 2, ""missing_receiver_support"": 1, ""short_after_buffers_or_raw_intersection"": 12, ""unsupported_native_interval_status_or_epoch"": 2}",,ilvis0-all-highspeed-level-segments-v1,934dea342a64b716533732d7ab0e961d23709cf37499faf7cee8e4c386778809
b670190d46cfc8d4bbad,ILVIS0_applanix_57309_610_LVIS_38614965.013,47040757236d5a794950741b92d904fa7d33e7d662b1250bb77f8b0ae290c540,no_qualifying_segment,0,b670190d46cfc8d4bbad,"{""below_ground_speed"": 22549, ""excessive_course_rate"": 22548, ""excessive_roll"": 0, ""excessive_vertical_speed"": 0, ""incomplete_alignment"": 22549, ""missing_motion_context"": 2, ""missing_receiver_support"": 7, ""unsupported_native_interval_status_or_epoch"": 2}",,ilvis0-all-highspeed-level-segments-v1,934dea342a64b716533732d7ab0e961d23709cf37499faf7cee8e4c386778809
5489ee1ee49676ceb94b,ILVIS0_applanix_57309_610_loaner_14Oct15LVIS.013,f549ca60f3bc51b69a0e3fc6beac465a3ac1f0c770e8e0bc2c3667da00b8ab4d,no_qualifying_segment,0,5489ee1ee49676ceb94b,"{""below_ground_speed"": 0, ""excessive_course_rate"": 803, ""excessive_roll"": 316, ""excessive_vertical_speed"": 0, ""incomplete_alignment"": 0, ""missing_motion_context"": 2, ""missing_receiver_support"": 1, ""short_after_buffers_or_raw_intersection"": 14, ""unsupported_native_interval_status_or_epoch"": 2}",,ilvis0-all-highspeed-level-segments-v1,934dea342a64b716533732d7ab0e961d23709cf37499faf7cee8e4c386778809
70c5fd67560175526f43,ILVIS0_applanix_57312_510_LVISGH.013,0d71ce2a577cd4258c7bbcf2e2151804a7145184be69fcc6844a38ee2240ecc8,no_qualifying_segment,0,70c5fd67560175526f43,"{""below_ground_speed"": 0, ""excessive_course_rate"": 2, ""excessive_roll"": 0, ""excessive_vertical_speed"": 0, ""incomplete_alignment"": 22826, ""missing_motion_context"": 2, ""missing_receiver_support"": 26, ""unsupported_native_interval_status_or_epoch"": 2}",,ilvis0-all-highspeed-level-segments-v1,934dea342a64b716533732d7ab0e961d23709cf37499faf7cee8e4c386778809
a39b228a8a59800afdfd,ILVIS0_applanix_57312_610_DMS_17Oct15DMS.013,fa2c63653bc2b67150fb21a9cc68a0d1f35eb634f077c2924c402f725639b389,segments_available,1,a39b228a8a59800afdfd,"{""below_ground_speed"": 0, ""excessive_course_rate"": 2, ""excessive_roll"": 0, ""excessive_vertical_speed"": 0, ""incomplete_alignment"": 0, ""missing_motion_context"": 2, ""missing_receiver_support"": 1, ""short_after_buffers_or_raw_intersection"": 1, ""unsupported_native_interval_status_or_epoch"": 2}",,ilvis0-all-highspeed-level-segments-v1,934dea342a64b716533732d7ab0e961d23709cf37499faf7cee8e4c386778809
b2e4d9044f4718247f16,ILVIS0_applanix_57312_610_LVIS_38614965.013,a8c4fdb754e5d3ac4bd4027c47ec5d67a3d4fc6877521c830ea63e1c6f7304a7,segments_available,1,b2e4d9044f4718247f16,"{""below_ground_speed"": 0, ""excessive_course_rate"": 2, ""excessive_roll"": 0, ""excessive_vertical_speed"": 0, ""incomplete_alignment"": 0, ""missing_motion_context"": 2, ""missing_receiver_support"": 6, ""short_after_buffers_or_raw_intersection"": 1, ""unsupported_native_interval_status_or_epoch"": 2}",,ilvis0-all-highspeed-level-segments-v1,934dea342a64b716533732d7ab0e961d23709cf37499faf7cee8e4c386778809
d2a076353a8123f2d047,ILVIS0_applanix_57312_610_loaner_17Oct15LVIS.013,32cda674a76d0ce493f5abd9209b3649ab6b20c7777a4e2c9b733cc3695bc49b,segments_available,1,d2a076353a8123f2d047,"{""below_ground_speed"": 0, ""excessive_course_rate"": 2, ""excessive_roll"": 0, ""excessive_vertical_speed"": 0, ""incomplete_alignment"": 0, ""missing_motion_context"": 2, ""missing_receiver_support"": 6, ""short_after_buffers_or_raw_intersection"": 1, ""unsupported_native_interval_status_or_epoch"": 2}",,ilvis0-all-highspeed-level-segments-v1,934dea342a64b716533732d7ab0e961d23709cf37499faf7cee8e4c386778809
be639c4d0fa22c858f05,ILVIS0_applanix_57315_510_LVISGH.013,c751b53c04080bf2f20ff74a8276eea8e383712f1962a0182243fe9b62e24c82,no_qualifying_segment,0,be639c4d0fa22c858f05,"{""below_ground_speed"": 0, ""excessive_course_rate"": 2, ""excessive_roll"": 0, ""excessive_vertical_speed"": 0, ""incomplete_alignment"": 22769, ""missing_motion_context"": 2, ""missing_receiver_support"": 21, ""unsupported_native_interval_status_or_epoch"": 2}",,ilvis0-all-highspeed-level-segments-v1,934dea342a64b716533732d7ab0e961d23709cf37499faf7cee8e4c386778809
1c071fb7315904ebaad9,ILVIS0_applanix_57315_610_DMS_20Oct15DMS.013,2362a0849b4bbed6628fc29728608329ff7759b164f5db14b8ced5db650044fd,segments_available,1,1c071fb7315904ebaad9,"{""below_ground_speed"": 0, ""excessive_course_rate"": 2, ""excessive_roll"": 0, ""excessive_vertical_speed"": 0, ""incomplete_alignment"": 0, ""missing_motion_context"": 2, ""missing_receiver_support"": 4, ""short_after_buffers_or_raw_intersection"": 1, ""unsupported_native_interval_status_or_epoch"": 2}",,ilvis0-all-highspeed-level-segments-v1,934dea342a64b716533732d7ab0e961d23709cf37499faf7cee8e4c386778809
a869222776a6ad61940f,ILVIS0_applanix_57315_610_LVIS_38614965.013,3d9d56ad3523899faab65133c2ddd7edb4bc264cbeb22ff232a3abaac4a684c6,segments_available,1,a869222776a6ad61940f,"{""below_ground_speed"": 0, ""excessive_course_rate"": 2, ""excessive_roll"": 0, ""excessive_vertical_speed"": 0, ""incomplete_alignment"": 0, ""missing_motion_context"": 2, ""missing_receiver_support"": 23, ""short_after_buffers_or_raw_intersection"": 1, ""unsupported_native_interval_status_or_epoch"": 2}",,ilvis0-all-highspeed-level-segments-v1,934dea342a64b716533732d7ab0e961d23709cf37499faf7cee8e4c386778809
151ef3a56cffa6acc330,ILVIS0_applanix_57315_610_loaner_20Oct15LVIS.013,35faa064064ac2da8777bcf47bb779a08d8a96c1a3894afc9aac56050845c4a0,segments_available,1,151ef3a56cffa6acc330,"{""below_ground_speed"": 0, ""excessive_course_rate"": 2, ""excessive_roll"": 0, ""excessive_vertical_speed"": 0, ""incomplete_alignment"": 0, ""missing_motion_context"": 2, ""missing_receiver_support"": 10, ""short_after_buffers_or_raw_intersection"": 1, ""unsupported_native_interval_status_or_epoch"": 2}",,ilvis0-all-highspeed-level-segments-v1,934dea342a64b716533732d7ab0e961d23709cf37499faf7cee8e4c386778809
1fd5f1663143051897f4,ILVIS0_applanix_57317_510_LVISGH.013,1552a7db183fb53111e6c26176e1c614f7fd4807cc67e902a44a7d41a1fcddad,no_qualifying_segment,0,1fd5f1663143051897f4,"{""below_ground_speed"": 0, ""excessive_course_rate"": 2, ""excessive_roll"": 0, ""excessive_vertical_speed"": 0, ""incomplete_alignment"": 22601, ""missing_motion_context"": 2, ""missing_receiver_support"": 0, ""unsupported_native_interval_status_or_epoch"": 2}",,ilvis0-all-highspeed-level-segments-v1,934dea342a64b716533732d7ab0e961d23709cf37499faf7cee8e4c386778809
cc3e726ffb0436c0f9d8,ILVIS0_applanix_57317_610_DMS_21Oct15DMS.013,747af0052ad00f391faba70a8fda149e5d2fb521d7cd59d0f89c93c994f90847,segments_available,1,cc3e726ffb0436c0f9d8,"{""below_ground_speed"": 0, ""excessive_course_rate"": 7, ""excessive_roll"": 0, ""excessive_vertical_speed"": 0, ""incomplete_alignment"": 0, ""missing_motion_context"": 2, ""missing_receiver_support"": 4, ""short_after_buffers_or_raw_intersection"": 9, ""unsupported_native_interval_status_or_epoch"": 2}",,ilvis0-all-highspeed-level-segments-v1,934dea342a64b716533732d7ab0e961d23709cf37499faf7cee8e4c386778809
64e033ebd4066f692c7d,ILVIS0_applanix_57317_610_LVIS_38614965.013,dc32b2cb80a2e3f8d2919455ec693d1e2fec7de507016bb7e5fbbf095a11cf3f,segments_available,1,64e033ebd4066f692c7d,"{""below_ground_speed"": 0, ""excessive_course_rate"": 2, ""excessive_roll"": 0, ""excessive_vertical_speed"": 0, ""incomplete_alignment"": 0, ""missing_motion_context"": 2, ""missing_receiver_support"": 33, ""short_after_buffers_or_raw_intersection"": 1, ""unsupported_native_interval_status_or_epoch"": 2}",,ilvis0-all-highspeed-level-segments-v1,934dea342a64b716533732d7ab0e961d23709cf37499faf7cee8e4c386778809
2aa23d331be35e2dc501,ILVIS0_applanix_57317_610_loaner_21Oct15LVIS.013,21768ffb7ba4d03f4a1ecbcc815d90e97a514b7716f7041bd1d3ff7a25794e19,no_qualifying_segment,0,2aa23d331be35e2dc501,"{""below_ground_speed"": 0, ""excessive_course_rate"": 924, ""excessive_roll"": 387, ""excessive_vertical_speed"": 0, ""incomplete_alignment"": 0, ""missing_motion_context"": 2, ""missing_receiver_support"": 2, ""short_after_buffers_or_raw_intersection"": 14, ""unsupported_native_interval_status_or_epoch"": 2}",,ilvis0-all-highspeed-level-segments-v1,934dea342a64b716533732d7ab0e961d23709cf37499faf7cee8e4c386778809
fafe29d18a4b124a2bd5,ILVIS0_applanix_57320_510_LVISGH.013,48ef56da2168e29e10e5e6647dbf9cf25f095af206a7ac47a085fdb64aab7caf,no_qualifying_segment,0,fafe29d18a4b124a2bd5,"{""below_ground_speed"": 0, ""excessive_course_rate"": 2, ""excessive_roll"": 0, ""excessive_vertical_speed"": 0, ""incomplete_alignment"": 22693, ""missing_motion_context"": 2, ""missing_receiver_support"": 17, ""unsupported_native_interval_status_or_epoch"": 2}",,ilvis0-all-highspeed-level-segments-v1,934dea342a64b716533732d7ab0e961d23709cf37499faf7cee8e4c386778809
ea628c825891d2237361,ILVIS0_applanix_57320_610_DMS_25Oct15DMS.013,eb428ae333f73e1c2faf9355197e254ddffb7bc9572e3c086534782911f79991,segments_available,1,ea628c825891d2237361,"{""below_ground_speed"": 0, ""excessive_course_rate"": 2, ""excessive_roll"": 0, ""excessive_vertical_speed"": 0, ""incomplete_alignment"": 0, ""missing_motion_context"": 2, ""missing_receiver_support"": 3, ""short_after_buffers_or_raw_intersection"": 1, ""unsupported_native_interval_status_or_epoch"": 2}",,ilvis0-all-highspeed-level-segments-v1,934dea342a64b716533732d7ab0e961d23709cf37499faf7cee8e4c386778809
cd8e05202eb41b83eb26,ILVIS0_applanix_57320_610_LVIS_38614965.013,ffb1b6b76c3b2bb3daf03e1c261d47b4f365fd5d5a68be087bcc4717779130c8,segments_available,1,cd8e05202eb41b83eb26,"{""below_ground_speed"": 0, ""excessive_course_rate"": 2, ""excessive_roll"": 0, ""excessive_vertical_speed"": 0, ""incomplete_alignment"": 0, ""missing_motion_context"": 2, ""missing_receiver_support"": 36, ""short_after_buffers_or_raw_intersection"": 1, ""unsupported_native_interval_status_or_epoch"": 2}",,ilvis0-all-highspeed-level-segments-v1,934dea342a64b716533732d7ab0e961d23709cf37499faf7cee8e4c386778809
65bd45977b48b7d8272a,ILVIS0_applanix_57320_610_loaner_25Oct15LVIS.013,decf7c0e39ab952b03f71b5aad98b8b9926dfab317dbd897ad5047de55d6a414,segments_available,1,65bd45977b48b7d8272a,"{""below_ground_speed"": 0, ""excessive_course_rate"": 2, ""excessive_roll"": 0, ""excessive_vertical_speed"": 0, ""incomplete_alignment"": 0, ""missing_motion_context"": 2, ""missing_receiver_support"": 2, ""short_after_buffers_or_raw_intersection"": 1, ""unsupported_native_interval_status_or_epoch"": 2}",,ilvis0-all-highspeed-level-segments-v1,934dea342a64b716533732d7ab0e961d23709cf37499faf7cee8e4c386778809
e5c2db884449f0abf742,ILVIS0_applanix_57322_510_LVISGH.013,f5f8f12b2b1a1e4d8d8f98d5666000083e4409652cdef9cd0ec39550ec20704e,no_qualifying_segment,0,e5c2db884449f0abf742,"{""below_ground_speed"": 0, ""excessive_course_rate"": 2, ""excessive_roll"": 0, ""excessive_vertical_speed"": 0, ""incomplete_alignment"": 22669, ""missing_motion_context"": 2, ""missing_receiver_support"": 0, ""unsupported_native_interval_status_or_epoch"": 2}",,ilvis0-all-highspeed-level-segments-v1,934dea342a64b716533732d7ab0e961d23709cf37499faf7cee8e4c386778809
e107412e6b64dace9bc0,ILVIS0_applanix_57322_610_DMS_27Oct15bDMS.013,04bf5f3431e1e10c11f457c2326468c7863f92b5c92ade542304d073b3f61794,segments_available,1,e107412e6b64dace9bc0,"{""below_ground_speed"": 0, ""excessive_course_rate"": 2, ""excessive_roll"": 0, ""excessive_vertical_speed"": 0, ""incomplete_alignment"": 0, ""missing_motion_context"": 2, ""missing_receiver_support"": 3, ""short_after_buffers_or_raw_intersection"": 1, ""unsupported_native_interval_status_or_epoch"": 2}",,ilvis0-all-highspeed-level-segments-v1,934dea342a64b716533732d7ab0e961d23709cf37499faf7cee8e4c386778809
b8a39f615741686e805a,ILVIS0_applanix_57322_610_LVIS_38614965.013,12abb28abbbb1d1d41973f7a23973381a8f54f1fdea957a4fd1ac20f5ef32ee1,segments_available,1,b8a39f615741686e805a,"{""below_ground_speed"": 0, ""excessive_course_rate"": 2, ""excessive_roll"": 0, ""excessive_vertical_speed"": 0, ""incomplete_alignment"": 0, ""missing_motion_context"": 2, ""missing_receiver_support"": 47, ""short_after_buffers_or_raw_intersection"": 3, ""unsupported_native_interval_status_or_epoch"": 2}",,ilvis0-all-highspeed-level-segments-v1,934dea342a64b716533732d7ab0e961d23709cf37499faf7cee8e4c386778809
9641dfee9ad7cc1aa89e,ILVIS0_applanix_57322_610_loaner_27Oct15bLVIS.013,80f5fb611eea76b910a45a514b83de842bf075bae82d55e1796e52fabd33852d,segments_available,1,9641dfee9ad7cc1aa89e,"{""below_ground_speed"": 0, ""excessive_course_rate"": 2, ""excessive_roll"": 0, ""excessive_vertical_speed"": 0, ""incomplete_alignment"": 0, ""missing_motion_context"": 2, ""missing_receiver_support"": 0, ""short_after_buffers_or_raw_intersection"": 1, ""unsupported_native_interval_status_or_epoch"": 2}",,ilvis0-all-highspeed-level-segments-v1,934dea342a64b716533732d7ab0e961d23709cf37499faf7cee8e4c386778809
7d48cdbc113c308beaa9,ILVIS0_applanix_57324_510_LVISGH.013,f5927e0f4991c3dc6c4f5df041bce538d02ac9dd98649701f195c72484592eb9,no_qualifying_segment,0,7d48cdbc113c308beaa9,"{""below_ground_speed"": 0, ""excessive_course_rate"": 13, ""excessive_roll"": 0, ""excessive_vertical_speed"": 0, ""incomplete_alignment"": 23715, ""missing_motion_context"": 2, ""missing_receiver_support"": 24, ""unsupported_native_interval_status_or_epoch"": 2}",,ilvis0-all-highspeed-level-segments-v1,934dea342a64b716533732d7ab0e961d23709cf37499faf7cee8e4c386778809
f50467521369a9e0579e,ILVIS0_applanix_57324_610_DMS_29Oct15DMS.013,dbfc28541f9db07034e3d23a677ff01acd5dd7bd77c663168fa057089c988471,segments_available,1,f50467521369a9e0579e,"{""below_ground_speed"": 0, ""excessive_course_rate"": 2, ""excessive_roll"": 0, ""excessive_vertical_speed"": 0, ""incomplete_alignment"": 0, ""missing_motion_context"": 2, ""missing_receiver_support"": 4, ""short_after_buffers_or_raw_intersection"": 1, ""unsupported_native_interval_status_or_epoch"": 2}",,ilvis0-all-highspeed-level-segments-v1,934dea342a64b716533732d7ab0e961d23709cf37499faf7cee8e4c386778809
2cde8478531840037384,ILVIS0_applanix_57324_610_LVIS_38614965.013,6bb4767c8ba1d9ddb88e8248be3389fd44164c800af717de99df0e156d4d9fc1,segments_available,1,2cde8478531840037384,"{""below_ground_speed"": 0, ""excessive_course_rate"": 29, ""excessive_roll"": 0, ""excessive_vertical_speed"": 0, ""incomplete_alignment"": 0, ""missing_motion_context"": 2, ""missing_receiver_support"": 41, ""short_after_buffers_or_raw_intersection"": 43, ""unsupported_native_interval_status_or_epoch"": 2}",,ilvis0-all-highspeed-level-segments-v1,934dea342a64b716533732d7ab0e961d23709cf37499faf7cee8e4c386778809
4849e6ea97a36558b5ac,ILVIS0_applanix_57324_610_loaner_29Oct15LVIS.013,1791729cbe1e001c95c16eeb7e555f5c59b36d18faa988bcb4cea1e912aff2ab,segments_available,1,4849e6ea97a36558b5ac,"{""below_ground_speed"": 0, ""excessive_course_rate"": 13, ""excessive_roll"": 0, ""excessive_vertical_speed"": 0, ""incomplete_alignment"": 0, ""missing_motion_context"": 2, ""missing_receiver_support"": 0, ""short_after_buffers_or_raw_intersection"": 1, ""unsupported_native_interval_status_or_epoch"": 2}",,ilvis0-all-highspeed-level-segments-v1,934dea342a64b716533732d7ab0e961d23709cf37499faf7cee8e4c386778809
b58bab67e02affe467c6,ILVIS0_57990_B200T_N44U_imu_510i_0539_41265390825_113248.013,f0f80d76994c78a2a7260a06924f9d681a89e7aefc2c25c5538cd3310803e307,no_qualifying_segment,0,b58bab67e02affe467c6,"{""below_ground_speed"": 594, ""excessive_course_rate"": 509, ""excessive_roll"": 197, ""excessive_vertical_speed"": 594, ""incomplete_alignment"": 594, ""missing_motion_context"": 2, ""missing_receiver_support"": 0, ""unsupported_native_interval_status_or_epoch"": 2}",,ilvis0-all-highspeed-level-segments-v1,934dea342a64b716533732d7ab0e961d23709cf37499faf7cee8e4c386778809
0fb743634f248a06ed6d,ILVIS0_57994_B200T_N44U_imu_510i_0539_41265390829_103723.013,14bc97929bbab11c9ecb6d05f73968ab9478a6f70b44a9166230ae9c22199552,no_qualifying_segment,0,0fb743634f248a06ed6d,"{""below_ground_speed"": 596, ""excessive_course_rate"": 166, ""excessive_roll"": 0, ""excessive_vertical_speed"": 0, ""incomplete_alignment"": 596, ""missing_motion_context"": 2, ""missing_receiver_support"": 0, ""unsupported_native_interval_status_or_epoch"": 2}",,ilvis0-all-highspeed-level-segments-v1,934dea342a64b716533732d7ab0e961d23709cf37499faf7cee8e4c386778809
4a752a0d69a9ffcf26f6,ILVIS0_57994_B200T_N44U_imu_510i_pc_card_4126539.013,0ff59d21187681036636c910f83d36595b9a5020001f151c7f42fd0c270ba1ea,no_qualifying_segment,0,4a752a0d69a9ffcf26f6,"{""below_ground_speed"": 589, ""excessive_course_rate"": 163, ""excessive_roll"": 0, ""excessive_vertical_speed"": 0, ""incomplete_alignment"": 589, ""missing_motion_context"": 2, ""missing_receiver_support"": 0, ""unsupported_native_interval_status_or_epoch"": 2}",,ilvis0-all-highspeed-level-segments-v1,934dea342a64b716533732d7ab0e961d23709cf37499faf7cee8e4c386778809
445d05eaf1e26173e4dc,ILVIS0_57995_B200T_N44U_imu_510i_0539_41265390830_110907.013,5617f5c71d710b641f544711f50065ea95a6d8b733f4076e75acce6de1e77401,no_qualifying_segment,0,445d05eaf1e26173e4dc,"{""below_ground_speed"": 588, ""excessive_course_rate"": 353, ""excessive_roll"": 0, ""excessive_vertical_speed"": 0, ""incomplete_alignment"": 588, ""missing_motion_context"": 2, ""missing_receiver_support"": 0, ""unsupported_native_interval_status_or_epoch"": 2}",,ilvis0-all-highspeed-level-segments-v1,934dea342a64b716533732d7ab0e961d23709cf37499faf7cee8e4c386778809
1dc217386bf3c9116d3d,ILVIS0_57997_B200T_N44U_imu_510i_0539_41265390901_103423.013,46004e022d88126629a9bc202840dc47eddebb6fdee1bbfd2911cbb4efc913d1,no_qualifying_segment,0,1dc217386bf3c9116d3d,"{""below_ground_speed"": 590, ""excessive_course_rate"": 162, ""excessive_roll"": 0, ""excessive_vertical_speed"": 0, ""incomplete_alignment"": 590, ""missing_motion_context"": 2, ""missing_receiver_support"": 0, ""unsupported_native_interval_status_or_epoch"": 2}",,ilvis0-all-highspeed-level-segments-v1,934dea342a64b716533732d7ab0e961d23709cf37499faf7cee8e4c386778809
decede3f4beb6112e9f8,ILVIS0_57998_B200T_N44U_imu_510i_0539_41265390902_100713.013,1e77c8337e78dc29cf8f5475de8d44401f40f49c8944d31d73333f56d99cb3e5,no_qualifying_segment,0,decede3f4beb6112e9f8,"{""below_ground_speed"": 613, ""excessive_course_rate"": 602, ""excessive_roll"": 0, ""excessive_vertical_speed"": 0, ""incomplete_alignment"": 613, ""missing_motion_context"": 2, ""missing_receiver_support"": 0, ""unsupported_native_interval_status_or_epoch"": 2}",,ilvis0-all-highspeed-level-segments-v1,934dea342a64b716533732d7ab0e961d23709cf37499faf7cee8e4c386778809
06de5ef13d80efbe9b7e,ILVIS0_57998_B200T_N44U_imu_610p_4965_610_776349650902_100856.013,ab98c1917ac2338cc2958a03691c4b540b10a58d6964fa045c22a67a711fd731,no_qualifying_segment,0,06de5ef13d80efbe9b7e,"{""below_ground_speed"": 6792, ""excessive_course_rate"": 6784, ""excessive_roll"": 0, ""excessive_vertical_speed"": 0, ""incomplete_alignment"": 6792, ""missing_motion_context"": 2, ""missing_receiver_support"": 7, ""unsupported_native_interval_status_or_epoch"": 2}",,ilvis0-all-highspeed-level-segments-v1,934dea342a64b716533732d7ab0e961d23709cf37499faf7cee8e4c386778809
7494ec5589e5a10da69b,ILVIS0_58000_B200T_N44U_imu_510i_0539_41265390904_094008.013,c46bb23b989e51a34aa8b117cba357a3624813d3177b1f53bb6d63dfe8d2f01d,no_qualifying_segment,0,7494ec5589e5a10da69b,"{""below_ground_speed"": 584, ""excessive_course_rate"": 266, ""excessive_roll"": 0, ""excessive_vertical_speed"": 0, ""incomplete_alignment"": 584, ""missing_motion_context"": 2, ""missing_receiver_support"": 0, ""unsupported_native_interval_status_or_epoch"": 2}",,ilvis0-all-highspeed-level-segments-v1,934dea342a64b716533732d7ab0e961d23709cf37499faf7cee8e4c386778809
fdaf42fa255797a1ea6b,ILVIS0_58001_B200T_N44U_imu_510i_0539_41265390905_100312.013,d25e82fed254f20095849919ee27b7277079821b48b82c69773c84b601cce6f8,no_qualifying_segment,0,fdaf42fa255797a1ea6b,"{""below_ground_speed"": 576, ""excessive_course_rate"": 440, ""excessive_roll"": 198, ""excessive_vertical_speed"": 49, ""incomplete_alignment"": 459, ""missing_motion_context"": 2, ""missing_receiver_support"": 1, ""unsupported_native_interval_status_or_epoch"": 2}",,ilvis0-all-highspeed-level-segments-v1,934dea342a64b716533732d7ab0e961d23709cf37499faf7cee8e4c386778809
7d698c7062b85866cce9,ILVIS0_58002_B200T_N44U_imu_510i_0539_41265390906_093841.013,3841267f91327be8e1b5f0c4fe376eee90b13036f94d8605c14a33237ad1ceb6,no_qualifying_segment,0,7d698c7062b85866cce9,"{""below_ground_speed"": 579, ""excessive_course_rate"": 364, ""excessive_roll"": 160, ""excessive_vertical_speed"": 579, ""incomplete_alignment"": 573, ""missing_motion_context"": 2, ""missing_receiver_support"": 1, ""unsupported_native_interval_status_or_epoch"": 2}",,ilvis0-all-highspeed-level-segments-v1,934dea342a64b716533732d7ab0e961d23709cf37499faf7cee8e4c386778809
7642acb6946d0a2585c9,ILVIS0_58005_B200T_N44U_imu_510i_0539_41265390909_090800.013,b0f9fc4d9a2f54e8df50d022354b1668a1a385136a16f0c040f221d8c71bcb1c,no_qualifying_segment,0,7642acb6946d0a2585c9,"{""below_ground_speed"": 590, ""excessive_course_rate"": 576, ""excessive_roll"": 0, ""excessive_vertical_speed"": 0, ""incomplete_alignment"": 590, ""missing_motion_context"": 2, ""missing_receiver_support"": 1, ""unsupported_native_interval_status_or_epoch"": 2}",,ilvis0-all-highspeed-level-segments-v1,934dea342a64b716533732d7ab0e961d23709cf37499faf7cee8e4c386778809
b3eb702e6383e314c1b8,ILVIS0_58008_B200T_N44U_imu_510i_0539_41265390912_093556.013,9d6f4be0a6075493d7a6fc8a7a18c8167b2739bda530a93a9b7151b114ceda67,no_qualifying_segment,0,b3eb702e6383e314c1b8,"{""below_ground_speed"": 576, ""excessive_course_rate"": 303, ""excessive_roll"": 0, ""excessive_vertical_speed"": 0, ""incomplete_alignment"": 576, ""missing_motion_context"": 2, ""missing_receiver_support"": 1, ""unsupported_native_interval_status_or_epoch"": 2}",,ilvis0-all-highspeed-level-segments-v1,934dea342a64b716533732d7ab0e961d23709cf37499faf7cee8e4c386778809
d3b1a8339e1f672b8a99,ILVIS0_58009_B200T_N44U_imu_510i_0539_41265390913_110821.013,e7e63615b9dd80e91e698a22142d1a1063ede2b5f57433ff648302712d6cf1a6,no_qualifying_segment,0,d3b1a8339e1f672b8a99,"{""below_ground_speed"": 582, ""excessive_course_rate"": 190, ""excessive_roll"": 0, ""excessive_vertical_speed"": 0, ""incomplete_alignment"": 582, ""missing_motion_context"": 2, ""missing_receiver_support"": 1, ""unsupported_native_interval_status_or_epoch"": 2}",,ilvis0-all-highspeed-level-segments-v1,934dea342a64b716533732d7ab0e961d23709cf37499faf7cee8e4c386778809
2c65ac547240550ad838,ILVIS0_58014_B200T_N44U_imu_510i_0539_41265390918_094015.013,f6e9449e9928919d6902734cd58fd2796746723dc244006524ba7e6c288a8dcc,no_qualifying_segment,0,2c65ac547240550ad838,"{""below_ground_speed"": 584, ""excessive_course_rate"": 448, ""excessive_roll"": 51, ""excessive_vertical_speed"": 219, ""incomplete_alignment"": 584, ""missing_motion_context"": 2, ""missing_receiver_support"": 1, ""unsupported_native_interval_status_or_epoch"": 2}",,ilvis0-all-highspeed-level-segments-v1,934dea342a64b716533732d7ab0e961d23709cf37499faf7cee8e4c386778809
04a47a69102568ffe42f,ILVIS0_58015_B200T_N44U_imu_510i_0539_41265390919_095816.013,d29a669e34a1daccfe2e7ba32d79ac75cde143a603aa940aaaf0682c4d523396,no_qualifying_segment,0,04a47a69102568ffe42f,"{""below_ground_speed"": 616, ""excessive_course_rate"": 606, ""excessive_roll"": 0, ""excessive_vertical_speed"": 0, ""incomplete_alignment"": 616, ""missing_motion_context"": 2, ""missing_receiver_support"": 0, ""unsupported_native_interval_status_or_epoch"": 2}",,ilvis0-all-highspeed-level-segments-v1,934dea342a64b716533732d7ab0e961d23709cf37499faf7cee8e4c386778809
9af866a9addfc2e419b7,ILVIS0_58015_B200T_N44U_imu_610p_4965_610_776349650919_095921.013,233ca0ff2092ac394f6fc37e836f7bd3a4231118de35b706175315858287eceb,no_qualifying_segment,0,9af866a9addfc2e419b7,"{""below_ground_speed"": 6704, ""excessive_course_rate"": 6665, ""excessive_roll"": 0, ""excessive_vertical_speed"": 0, ""incomplete_alignment"": 6704, ""missing_motion_context"": 2, ""missing_receiver_support"": 6, ""unsupported_native_interval_status_or_epoch"": 2}",,ilvis0-all-highspeed-level-segments-v1,934dea342a64b716533732d7ab0e961d23709cf37499faf7cee8e4c386778809
93f52157cbd20bdf8c1b,ILVIS0_58016_B200T_N44U_imu_510i_0539_41265390920_104746.013,125b48eace30aebd6ede69515bdbbeb33a089fa32b3ea45506dbe89424de4fdc,no_qualifying_segment,0,93f52157cbd20bdf8c1b,"{""below_ground_speed"": 569, ""excessive_course_rate"": 342, ""excessive_roll"": 0, ""excessive_vertical_speed"": 0, ""incomplete_alignment"": 569, ""missing_motion_context"": 2, ""missing_receiver_support"": 0, ""unsupported_native_interval_status_or_epoch"": 2}",,ilvis0-all-highspeed-level-segments-v1,934dea342a64b716533732d7ab0e961d23709cf37499faf7cee8e4c386778809
