segment_id,filename,case_id,model,status,evaluations,conditional_cost,stationarity,rms_neu_m,active_bounds,error,solver_message
b365bdf39150ee6afc303ac1,ILVIS0_applanix_55124_Ames_510-20oct09_20Oct09.013,bias1_unsubtracted,sphere_rotating,unresolved,200,6.791820044636657,0.005611518210979257,"[0.22474239291856726, 0.3192856656548468, 0.9192080795095188]",gyro_bias_z;gyro_gain_z;lever_x,,The maximum number of function evaluations is exceeded.
b365bdf39150ee6afc303ac1,ILVIS0_applanix_55124_Ames_510-20oct09_20Oct09.013,bias1_unsubtracted,sphere_still,unresolved,199,1557.106100742738,0.0003368986719982824,"[6.048160463746049, 4.595058442225167, 0.772757307080449]",gyro_bias_x;gyro_bias_y;gyro_bias_z;gyro_gain_x;gyro_gain_y;gyro_gain_z;accel_gain_y;lever_x;lever_z;gravity_delta;time_offset,,The maximum number of function evaluations is exceeded.
b365bdf39150ee6afc303ac1,ILVIS0_applanix_55124_Ames_510-20oct09_20Oct09.013,bias1_unsubtracted,flat_still,unresolved,200,21644.522956304918,0.010686088365100089,"[17.096598204208153, 36.17469436187633, 4.0716829955017415]",position_y;gyro_bias_x;gyro_bias_y;gyro_bias_z;accel_bias_x;gyro_gain_x;gyro_gain_y;gyro_gain_z;accel_gain_x;accel_gain_y;lever_x;lever_y;lever_z;gravity_delta;time_offset,,The maximum number of function evaluations is exceeded.
b365bdf39150ee6afc303ac1,ILVIS0_applanix_55124_Ames_510-20oct09_20Oct09.013,bias1_profiled_removal,sphere_rotating,unresolved,200,6.781604312389325,5.897539996938554e-06,"[0.22487481044416624, 0.3192090603438076, 0.9227265380533933]",gyro_bias_z;gyro_gain_x;gyro_gain_z;lever_x,,The maximum number of function evaluations is exceeded.
b365bdf39150ee6afc303ac1,ILVIS0_applanix_55124_Ames_510-20oct09_20Oct09.013,bias1_profiled_removal,sphere_still,unresolved,200,1548.4357798106473,0.00044172206332538093,"[6.0403227792304985, 4.572525592302148, 0.7701832702843937]",gyro_bias_x;gyro_bias_y;gyro_bias_z;gyro_gain_x;gyro_gain_y;gyro_gain_z;accel_gain_y;lever_x;lever_z;gravity_delta;time_offset;earth_removal,,The maximum number of function evaluations is exceeded.
b365bdf39150ee6afc303ac1,ILVIS0_applanix_55124_Ames_510-20oct09_20Oct09.013,bias1_profiled_removal,flat_still,unresolved,200,7344.76288258099,0.004485330170161183,"[15.544049278545595, 9.340528134397308, 0.7996883541680814]",gyro_bias_x;gyro_bias_z;gyro_gain_x;gyro_gain_y;gyro_gain_z;accel_gain_x;accel_gain_y;lever_x;lever_y;lever_z;gravity_delta;time_offset;earth_removal,,The maximum number of function evaluations is exceeded.
034547522e2d98947b598466,ILVIS0_applanix_55124_Ames_610-20Oct09_20Oct09.013,bias1_unsubtracted,sphere_rotating,unresolved,200,3.3949872437208493,0.004678287599264054,"[0.12956960522384292, 0.09464819027490767, 1.1688274116437742]",gyro_bias_z;gyro_gain_z,,The maximum number of function evaluations is exceeded.
034547522e2d98947b598466,ILVIS0_applanix_55124_Ames_610-20Oct09_20Oct09.013,bias1_unsubtracted,sphere_still,unresolved,199,2849.544765857782,0.0029757692837811362,"[11.034107366569001, 5.854725490599772, 0.8923161411601894]",gyro_bias_x;gyro_bias_z;accel_bias_y;gyro_gain_x;gyro_gain_y;gyro_gain_z;accel_gain_y;lever_x;lever_z;time_offset,,The maximum number of function evaluations is exceeded.
034547522e2d98947b598466,ILVIS0_applanix_55124_Ames_610-20Oct09_20Oct09.013,bias1_unsubtracted,flat_still,converged,114,41767.55620789239,1.6798861526370906e-09,"[24.104296254176358, 56.36120192672025, 3.0248409777286045]",position_y;gyro_bias_x;gyro_bias_y;gyro_bias_z;accel_bias_x;accel_bias_y;accel_bias_z;gyro_gain_x;gyro_gain_y;gyro_gain_z;accel_gain_x;accel_gain_y;lever_x;lever_y;lever_z;gravity_delta;time_offset,,`xtol` termination condition is satisfied.
034547522e2d98947b598466,ILVIS0_applanix_55124_Ames_610-20Oct09_20Oct09.013,bias1_profiled_removal,sphere_rotating,unresolved,200,3.40875220176689,0.0005109532978655049,"[0.12967974281423555, 0.09275325629805346, 1.1901842934149374]",gyro_bias_z;gyro_gain_z;earth_removal,,The maximum number of function evaluations is exceeded.
034547522e2d98947b598466,ILVIS0_applanix_55124_Ames_610-20Oct09_20Oct09.013,bias1_profiled_removal,sphere_still,unresolved,200,2854.4776995205716,0.0072129562404088235,"[11.069350471759053, 5.821379063297867, 0.8917296408172826]",gyro_bias_x;gyro_bias_z;accel_bias_y;gyro_gain_x;gyro_gain_y;gyro_gain_z;accel_gain_x;accel_gain_y;lever_x;lever_z;time_offset;earth_removal,,The maximum number of function evaluations is exceeded.
034547522e2d98947b598466,ILVIS0_applanix_55124_Ames_610-20Oct09_20Oct09.013,bias1_profiled_removal,flat_still,unresolved,200,10978.413789419112,0.0005150513460096515,"[23.97578116032654, 9.328809982187089, 0.5144751054353957]",gyro_bias_x;gyro_bias_z;accel_bias_y;gyro_gain_x;gyro_gain_y;gyro_gain_z;accel_gain_x;accel_gain_y;lever_x;lever_y;lever_z;time_offset;earth_removal,,The maximum number of function evaluations is exceeded.
3df34ea39a6cbdbe15bb0f36,ILVIS0_applanix_55128_Ames_510-24Oct09_24Oct09.013,bias1_unsubtracted,sphere_rotating,unresolved,200,28.940361465440148,0.0067264853324545916,"[0.43091036361864515, 1.0317510097852844, 1.7735689506495542]",gyro_bias_z;gyro_gain_x;gyro_gain_z,,The maximum number of function evaluations is exceeded.
3df34ea39a6cbdbe15bb0f36,ILVIS0_applanix_55128_Ames_510-24Oct09_24Oct09.013,bias1_unsubtracted,sphere_still,converged,84,786589.475457905,4.2432726426024237e-07,"[136.01204593939408, 248.5595293869638, 8.241046377543405]",position_x;position_y;gyro_bias_x;gyro_bias_y;gyro_bias_z;accel_bias_x;accel_bias_y;accel_bias_z;gyro_gain_x;gyro_gain_y;gyro_gain_z;accel_gain_x;accel_gain_y;lever_x;lever_y;lever_z;gravity_delta;time_offset,,`xtol` termination condition is satisfied.
3df34ea39a6cbdbe15bb0f36,ILVIS0_applanix_55128_Ames_510-24Oct09_24Oct09.013,bias1_unsubtracted,flat_still,converged,160,160188.1027046763,4.710044057406299e-11,"[15.700695948619025, 129.66877770894996, 10.665881612710969]",velocity_y;position_y;gyro_bias_x;gyro_bias_y;gyro_bias_z;accel_bias_x;accel_bias_y;accel_bias_z;gyro_gain_x;gyro_gain_y;gyro_gain_z;accel_gain_x;accel_gain_y;lever_x;lever_y;lever_z;gravity_delta;time_offset,,`xtol` termination condition is satisfied.
3df34ea39a6cbdbe15bb0f36,ILVIS0_applanix_55128_Ames_510-24Oct09_24Oct09.013,bias1_profiled_removal,sphere_rotating,unresolved,200,28.685076424551845,0.009410952787527026,"[0.4149364395714215, 1.0262154573636806, 1.774331078290749]",gyro_bias_z;gyro_gain_x;gyro_gain_z,,The maximum number of function evaluations is exceeded.
3df34ea39a6cbdbe15bb0f36,ILVIS0_applanix_55128_Ames_510-24Oct09_24Oct09.013,bias1_profiled_removal,sphere_still,converged,86,786589.4755141421,4.243297750241586e-07,"[136.0120448112884, 248.55953022034566, 8.241046389245598]",position_x;position_y;gyro_bias_x;gyro_bias_y;gyro_bias_z;accel_bias_x;accel_bias_y;accel_bias_z;gyro_gain_x;gyro_gain_y;gyro_gain_z;accel_gain_x;accel_gain_y;lever_x;lever_y;lever_z;gravity_delta;time_offset;earth_removal,,`xtol` termination condition is satisfied.
3df34ea39a6cbdbe15bb0f36,ILVIS0_applanix_55128_Ames_510-24Oct09_24Oct09.013,bias1_profiled_removal,flat_still,converged,159,160188.1027047084,3.324471617920862e-11,"[15.700695948003128, 129.6687777090349, 10.665881612736618]",velocity_y;position_y;gyro_bias_x;gyro_bias_y;gyro_bias_z;accel_bias_x;accel_bias_y;accel_bias_z;gyro_gain_x;gyro_gain_y;gyro_gain_z;accel_gain_x;accel_gain_y;lever_x;lever_y;lever_z;gravity_delta;time_offset;earth_removal,,`xtol` termination condition is satisfied.
233183f67270980491416678,ILVIS0_applanix_55128_Ames_610-24Oct09_24Oct09.013,bias1_unsubtracted,sphere_rotating,unresolved,200,13.797300589653748,1.2767285960483176e-07,"[0.2010617394049462, 0.1502013626568508, 2.341305553063415]",gyro_bias_z;gyro_gain_y;gyro_gain_z;gravity_delta,,The maximum number of function evaluations is exceeded.
233183f67270980491416678,ILVIS0_applanix_55128_Ames_610-24Oct09_24Oct09.013,bias1_unsubtracted,sphere_still,converged,75,642114.2155097575,3.3760921608570403e-06,"[120.35292740866075, 222.36418878118462, 7.575086257205197]",position_x;position_y;gyro_bias_x;gyro_bias_y;gyro_bias_z;accel_bias_x;accel_bias_y;accel_bias_z;gyro_gain_x;gyro_gain_y;gyro_gain_z;accel_gain_x;accel_gain_y;lever_x;lever_y;lever_z;gravity_delta;time_offset,,`xtol` termination condition is satisfied.
233183f67270980491416678,ILVIS0_applanix_55128_Ames_610-24Oct09_24Oct09.013,bias1_unsubtracted,flat_still,unresolved,200,150485.71469412366,9.437848111792857e-08,"[16.041282203702917, 126.92629228538715, 9.361723454425274]",position_y;gyro_bias_x;gyro_bias_y;gyro_bias_z;accel_bias_x;accel_bias_y;accel_bias_z;gyro_gain_x;gyro_gain_y;gyro_gain_z;accel_gain_x;accel_gain_y;lever_x;lever_y;lever_z;gravity_delta;time_offset,,The maximum number of function evaluations is exceeded.
233183f67270980491416678,ILVIS0_applanix_55128_Ames_610-24Oct09_24Oct09.013,bias1_profiled_removal,sphere_rotating,unresolved,200,13.797300558649992,2.2224373884078897e-08,"[0.20106133501095377, 0.15020168945569348, 2.341307913746257]",gyro_bias_z;gyro_gain_y;gyro_gain_z;gravity_delta;earth_removal,,The maximum number of function evaluations is exceeded.
233183f67270980491416678,ILVIS0_applanix_55128_Ames_610-24Oct09_24Oct09.013,bias1_profiled_removal,sphere_still,converged,78,642114.215551657,3.2483916746664706e-07,"[120.35295536994013, 222.36417180031728, 7.575130769228337]",position_x;position_y;gyro_bias_x;gyro_bias_y;gyro_bias_z;accel_bias_x;accel_bias_y;accel_bias_z;gyro_gain_x;gyro_gain_y;gyro_gain_z;accel_gain_x;accel_gain_y;lever_x;lever_y;lever_z;gravity_delta;time_offset;earth_removal,,`xtol` termination condition is satisfied.
233183f67270980491416678,ILVIS0_applanix_55128_Ames_610-24Oct09_24Oct09.013,bias1_profiled_removal,flat_still,unresolved,200,150485.7146906126,1.2244054595047165e-07,"[16.041281968319975, 126.92629246336644, 9.361718805428339]",position_y;gyro_bias_x;gyro_bias_y;gyro_bias_z;accel_bias_x;accel_bias_y;accel_bias_z;gyro_gain_x;gyro_gain_y;gyro_gain_z;accel_gain_x;accel_gain_y;lever_x;lever_y;lever_z;gravity_delta;time_offset;earth_removal,,The maximum number of function evaluations is exceeded.
c16df82d514fc69d11d941d2,ILVIS0_applanix_55129_610-25Oct09_25Oct09.013,bias1_unsubtracted,sphere_rotating,unresolved,200,4.26922105668232,0.0018846439777366864,"[0.046674444521139793, 0.17914966886725092, 1.5553735968070688]",gyro_gain_y;gyro_gain_z,,The maximum number of function evaluations is exceeded.
c16df82d514fc69d11d941d2,ILVIS0_applanix_55129_610-25Oct09_25Oct09.013,bias1_unsubtracted,sphere_still,converged,148,1720.4939536080315,2.682189674830458e-06,"[4.426879228106446, 3.6512432782121107, 1.4230194667130178]",gyro_bias_x;gyro_bias_z;accel_bias_y;gyro_gain_x;gyro_gain_y;gyro_gain_z;accel_gain_y;lever_x;lever_y;lever_z;gravity_delta;time_offset,,`xtol` termination condition is satisfied.
c16df82d514fc69d11d941d2,ILVIS0_applanix_55129_610-25Oct09_25Oct09.013,bias1_unsubtracted,flat_still,converged,111,33458.20974957469,1.1104817202537948e-09,"[11.91314178805449, 53.68495001270458, 1.6140458773810538]",position_y;gyro_bias_x;gyro_bias_y;gyro_bias_z;accel_bias_x;accel_bias_y;accel_bias_z;gyro_gain_x;gyro_gain_y;gyro_gain_z;accel_gain_x;accel_gain_y;lever_x;lever_y;lever_z;gravity_delta;time_offset,,`xtol` termination condition is satisfied.
c16df82d514fc69d11d941d2,ILVIS0_applanix_55129_610-25Oct09_25Oct09.013,bias1_profiled_removal,sphere_rotating,unresolved,200,4.234475967504599,0.0165314271996063,"[0.05343441408138439, 0.16209201691295116, 1.587778518431709]",gyro_bias_z;gyro_gain_y;gyro_gain_z,,The maximum number of function evaluations is exceeded.
c16df82d514fc69d11d941d2,ILVIS0_applanix_55129_610-25Oct09_25Oct09.013,bias1_profiled_removal,sphere_still,converged,164,1720.8382595038956,2.1647449707587695e-05,"[4.424070108438274, 3.6502011015188356, 1.4114563913309506]",gyro_bias_x;gyro_bias_z;accel_bias_y;gyro_gain_x;gyro_gain_y;gyro_gain_z;accel_gain_y;lever_x;lever_y;lever_z;time_offset;earth_removal,,`xtol` termination condition is satisfied.
c16df82d514fc69d11d941d2,ILVIS0_applanix_55129_610-25Oct09_25Oct09.013,bias1_profiled_removal,flat_still,converged,200,4765.091877063029,2.718904463695956e-09,"[7.359388942549643, 6.287321739285184, 0.6216677635433834]",gyro_bias_x;gyro_bias_z;accel_bias_x;accel_bias_y;accel_bias_z;gyro_gain_x;gyro_gain_y;gyro_gain_z;accel_gain_x;accel_gain_y;lever_x;lever_y;lever_z;gravity_delta;time_offset;earth_removal,,`xtol` termination condition is satisfied.
fad74da3a09951b31e882472,ILVIS0_applanix_55131_610-27Oct09_27Oct09.013,bias1_unsubtracted,sphere_rotating,unresolved,200,0.516976189480794,0.001009756002537443,"[0.03041843572520445, 0.037192995946564396, 0.17916178770475066]",gyro_bias_z,,The maximum number of function evaluations is exceeded.
fad74da3a09951b31e882472,ILVIS0_applanix_55131_610-27Oct09_27Oct09.013,bias1_unsubtracted,sphere_still,unresolved,199,364.5814662847612,0.0004129702386108384,"[2.36369347816119, 2.4158933365304054, 0.2737184250144721]",gyro_bias_x;gyro_bias_y;gyro_bias_z;accel_bias_x;accel_bias_y;gyro_gain_x;gyro_gain_y;gyro_gain_z;lever_x;lever_y;lever_z;gravity_delta;time_offset,,The maximum number of function evaluations is exceeded.
fad74da3a09951b31e882472,ILVIS0_applanix_55131_610-27Oct09_27Oct09.013,bias1_unsubtracted,flat_still,unresolved,199,1080.6889940948813,6.378085046028134e-05,"[1.311023261221603, 6.711984882930432, 0.6544102910405629]",gyro_bias_x;gyro_bias_y;gyro_bias_z;accel_bias_x;gyro_gain_x;gyro_gain_y;gyro_gain_z;accel_gain_x;accel_gain_y;lever_x;lever_y;lever_z;gravity_delta;time_offset,,The maximum number of function evaluations is exceeded.
fad74da3a09951b31e882472,ILVIS0_applanix_55131_610-27Oct09_27Oct09.013,bias1_profiled_removal,sphere_rotating,unresolved,200,0.503922460632288,0.0006572872718043256,"[0.028418047104492285, 0.032231707068072914, 0.15635167106520567]",gyro_bias_z;gyro_gain_y;gyro_gain_z,,The maximum number of function evaluations is exceeded.
fad74da3a09951b31e882472,ILVIS0_applanix_55131_610-27Oct09_27Oct09.013,bias1_profiled_removal,sphere_still,unresolved,200,364.53330827202507,4.973820357677915e-05,"[2.3581348216629108, 2.4150435709879643, 0.2761341008771971]",gyro_bias_x;gyro_bias_y;gyro_bias_z;accel_bias_x;accel_bias_y;gyro_gain_x;gyro_gain_y;gyro_gain_z;lever_x;lever_y;lever_z;gravity_delta;time_offset;earth_removal,,The maximum number of function evaluations is exceeded.
fad74da3a09951b31e882472,ILVIS0_applanix_55131_610-27Oct09_27Oct09.013,bias1_profiled_removal,flat_still,unresolved,200,965.5815571415047,0.0005972460844181487,"[1.401496857172919, 5.147316560402934, 0.16115494449254963]",gyro_bias_z;gyro_gain_x;gyro_gain_y;gyro_gain_z;accel_gain_x;lever_x;lever_y;lever_z;gravity_delta;time_offset,,The maximum number of function evaluations is exceeded.
0e73879f98c3b701fd7c42df,ILVIS0_applanix_55133_610-29Oct09_29Oct09.013,bias1_unsubtracted,sphere_rotating,unresolved,200,4.604097301159313,0.005298169652482198,"[0.06815379483371374, 0.14793473773854998, 1.6965402658382442]",gyro_bias_z;gyro_gain_z,,The maximum number of function evaluations is exceeded.
0e73879f98c3b701fd7c42df,ILVIS0_applanix_55133_610-29Oct09_29Oct09.013,bias1_unsubtracted,sphere_still,unresolved,200,1730.1000258225317,0.0024395624646396,"[3.8044220955497314, 5.098178996781967, 1.224168339673918]",gyro_bias_x;gyro_bias_z;accel_bias_x;gyro_gain_x;gyro_gain_z;accel_gain_x;lever_x;lever_y;lever_z;gravity_delta,,The maximum number of function evaluations is exceeded.
0e73879f98c3b701fd7c42df,ILVIS0_applanix_55133_610-29Oct09_29Oct09.013,bias1_unsubtracted,flat_still,converged,140,47167.61516298894,1.117727961803056e-06,"[12.080334115486822, 67.5910051885413, 1.2360809827586634]",position_y;gyro_bias_x;gyro_bias_y;gyro_bias_z;accel_bias_x;accel_bias_y;accel_bias_z;gyro_gain_x;gyro_gain_y;gyro_gain_z;accel_gain_x;accel_gain_y;lever_x;lever_y;lever_z;gravity_delta;time_offset,,`xtol` termination condition is satisfied.
0e73879f98c3b701fd7c42df,ILVIS0_applanix_55133_610-29Oct09_29Oct09.013,bias1_profiled_removal,sphere_rotating,unresolved,200,4.219687686679125,0.0014217211441267324,"[0.0768857224798579, 0.13048066299001057, 1.6178191262375468]",gyro_gain_z,,The maximum number of function evaluations is exceeded.
0e73879f98c3b701fd7c42df,ILVIS0_applanix_55133_610-29Oct09_29Oct09.013,bias1_profiled_removal,sphere_still,unresolved,200,1711.4226722158342,0.0002711057059279982,"[3.9091789523655747, 4.882846835829516, 1.1642588594214578]",gyro_bias_x;gyro_bias_z;accel_bias_x;gyro_gain_x;gyro_gain_z;accel_gain_x;lever_x;lever_y;lever_z;earth_removal,,The maximum number of function evaluations is exceeded.
0e73879f98c3b701fd7c42df,ILVIS0_applanix_55133_610-29Oct09_29Oct09.013,bias1_profiled_removal,flat_still,converged,197,5641.801320544005,1.1609642793865242e-10,"[10.88705346532232, 7.780318572297566, 1.112321265913865]",gyro_bias_x;gyro_bias_y;gyro_bias_z;accel_bias_x;accel_bias_z;gyro_gain_x;gyro_gain_y;gyro_gain_z;accel_gain_x;lever_x;lever_y;lever_z;gravity_delta;time_offset;earth_removal,,`xtol` termination condition is satisfied.
fd7b81e48a4122b149c4925b,ILVIS0_applanix_55140_610-05Nov09_05Nov09.013,bias1_unsubtracted,sphere_rotating,unresolved,103,1.5916478483457308,0.0002926437038918556,"[0.03300003295286976, 0.029979505995424413, 0.09015728827684617]",gyro_gain_z,,`xtol` termination condition is satisfied.
fd7b81e48a4122b149c4925b,ILVIS0_applanix_55140_610-05Nov09_05Nov09.013,bias1_unsubtracted,sphere_still,converged,107,1566.1543368491878,2.438060936716264e-06,"[7.582750972714956, 6.737962449371969, 3.430974244873566]",gyro_bias_x;gyro_bias_y;gyro_bias_z;accel_bias_x;accel_bias_y;accel_bias_z;gyro_gain_x;gyro_gain_y;gyro_gain_z;accel_gain_x;accel_gain_y;lever_x;lever_y;lever_z;gravity_delta,,`xtol` termination condition is satisfied.
fd7b81e48a4122b149c4925b,ILVIS0_applanix_55140_610-05Nov09_05Nov09.013,bias1_unsubtracted,flat_still,converged,123,8469.224291559649,3.3796678892929865e-09,"[1.250090990653877, 26.81331039268834, 4.4010364791666206]",position_y;gyro_bias_x;gyro_bias_y;gyro_bias_z;accel_bias_x;accel_bias_y;gyro_gain_x;gyro_gain_y;gyro_gain_z;accel_gain_x;accel_gain_y;lever_x;lever_y;lever_z;gravity_delta,,`xtol` termination condition is satisfied.
fd7b81e48a4122b149c4925b,ILVIS0_applanix_55140_610-05Nov09_05Nov09.013,bias1_profiled_removal,sphere_rotating,unresolved,101,1.5913487370735708,0.00024232944836649893,"[0.03297147164753033, 0.029043732997555152, 0.08975907817831337]",gyro_gain_z,,`xtol` termination condition is satisfied.
fd7b81e48a4122b149c4925b,ILVIS0_applanix_55140_610-05Nov09_05Nov09.013,bias1_profiled_removal,sphere_still,converged,124,1566.0798600021085,3.865826907770984e-05,"[7.581333398836247, 6.736955841195726, 3.432837578183499]",gyro_bias_x;gyro_bias_y;gyro_bias_z;accel_bias_x;accel_bias_y;accel_bias_z;gyro_gain_x;gyro_gain_y;gyro_gain_z;accel_gain_x;accel_gain_y;lever_x;lever_y;lever_z;gravity_delta;earth_removal,,`xtol` termination condition is satisfied.
fd7b81e48a4122b149c4925b,ILVIS0_applanix_55140_610-05Nov09_05Nov09.013,bias1_profiled_removal,flat_still,converged,132,8469.224290642513,2.4643242916746137e-08,"[1.250094496918458, 26.81331002067967, 4.401021452137041]",position_y;gyro_bias_x;gyro_bias_y;gyro_bias_z;accel_bias_x;accel_bias_y;gyro_gain_x;gyro_gain_y;gyro_gain_z;accel_gain_x;accel_gain_y;lever_x;lever_y;lever_z;gravity_delta;earth_removal,,`xtol` termination condition is satisfied.
7024120d59221e8eaf127084,ILVIS0_applanix_55277_20100322_610_AMES_08Dec09.013,bias1_unsubtracted,sphere_rotating,converged,132,0.718885254112707,7.513759368845177e-09,"[0.06456428216293215, 0.046351142058672544, 0.24663863842688966]",gyro_gain_z;gravity_delta,,`xtol` termination condition is satisfied.
7024120d59221e8eaf127084,ILVIS0_applanix_55277_20100322_610_AMES_08Dec09.013,bias1_unsubtracted,sphere_still,converged,89,70454.06099164565,2.8537275197308796e-06,"[62.913545796063595, 46.68005691739902, 4.832346713620847]",position_x;gyro_bias_x;gyro_bias_y;gyro_bias_z;accel_bias_x;accel_bias_y;accel_bias_z;gyro_gain_x;gyro_gain_y;gyro_gain_z;accel_gain_x;accel_gain_y;lever_y;lever_z;gravity_delta;time_offset,,`xtol` termination condition is satisfied.
7024120d59221e8eaf127084,ILVIS0_applanix_55277_20100322_610_AMES_08Dec09.013,bias1_unsubtracted,flat_still,converged,96,287680.96554480045,7.095803474318333e-05,"[51.42945636449446, 164.28331993633955, 6.815654251044531]",position_y;gyro_bias_x;gyro_bias_y;gyro_bias_z;accel_bias_x;accel_bias_y;gyro_gain_x;gyro_gain_y;gyro_gain_z;accel_gain_x;accel_gain_y;lever_x;lever_y;lever_z;gravity_delta,,`xtol` termination condition is satisfied.
7024120d59221e8eaf127084,ILVIS0_applanix_55277_20100322_610_AMES_08Dec09.013,bias1_profiled_removal,sphere_rotating,converged,90,0.7223649983215679,2.075603218859413e-06,"[0.06489756099416116, 0.04675366034348973, 0.24809264059529232]",gyro_gain_z;earth_removal,,`xtol` termination condition is satisfied.
7024120d59221e8eaf127084,ILVIS0_applanix_55277_20100322_610_AMES_08Dec09.013,bias1_profiled_removal,sphere_still,converged,91,70454.06099580367,3.232398700000336e-08,"[62.91351498145541, 46.679846954133765, 4.8324684917700536]",position_x;gyro_bias_x;gyro_bias_y;gyro_bias_z;accel_bias_x;accel_bias_y;accel_bias_z;gyro_gain_x;gyro_gain_y;gyro_gain_z;accel_gain_x;accel_gain_y;lever_y;lever_z;gravity_delta;time_offset;earth_removal,,`xtol` termination condition is satisfied.
7024120d59221e8eaf127084,ILVIS0_applanix_55277_20100322_610_AMES_08Dec09.013,bias1_profiled_removal,flat_still,converged,92,287681.33415381785,8.779106168481722e-09,"[51.46778670354259, 164.34905464041276, 6.809126281000078]",position_y;gyro_bias_x;gyro_bias_y;gyro_bias_z;accel_bias_x;accel_bias_y;gyro_gain_x;gyro_gain_y;gyro_gain_z;accel_gain_x;accel_gain_y;lever_x;lever_y;lever_z;gravity_delta;earth_removal,,`xtol` termination condition is satisfied.
b4ab6e128de963c2ce69aa51,ILVIS0_applanix_55284_20100329_610_AMES_29Mar100329_103936.013,bias1_unsubtracted,sphere_rotating,converged,177,0.221608376922647,4.76841773260524e-05,"[0.021375223929338046, 0.028096224341557095, 0.29053606125880455]",gyro_gain_z;gravity_delta,,`xtol` termination condition is satisfied.
b4ab6e128de963c2ce69aa51,ILVIS0_applanix_55284_20100329_610_AMES_29Mar100329_103936.013,bias1_unsubtracted,sphere_still,unresolved,200,271.28863399699713,0.0015680090903813992,"[1.6935825051775302, 2.0814847283832965, 0.14494026117279987]",gyro_bias_x;gyro_bias_y;gyro_bias_z;accel_bias_y;gyro_gain_x;gyro_gain_y;gyro_gain_z;gravity_delta;time_offset,,The maximum number of function evaluations is exceeded.
b4ab6e128de963c2ce69aa51,ILVIS0_applanix_55284_20100329_610_AMES_29Mar100329_103936.013,bias1_unsubtracted,flat_still,converged,164,34876.75322753327,4.236502254867244e-08,"[6.392131963538424, 52.050933655976664, 0.7565824761542839]",gyro_bias_x;gyro_bias_y;gyro_bias_z;accel_bias_x;accel_bias_y;accel_bias_z;gyro_gain_x;gyro_gain_y;gyro_gain_z;accel_gain_x;accel_gain_y;lever_x;lever_y;lever_z;gravity_delta;time_offset,,`xtol` termination condition is satisfied.
b4ab6e128de963c2ce69aa51,ILVIS0_applanix_55284_20100329_610_AMES_29Mar100329_103936.013,bias1_profiled_removal,sphere_rotating,converged,142,0.22183464651530174,4.245235935651901e-05,"[0.021394789497798297, 0.027965308227258085, 0.2920582895873739]",gyro_gain_z;earth_removal,,`xtol` termination condition is satisfied.
b4ab6e128de963c2ce69aa51,ILVIS0_applanix_55284_20100329_610_AMES_29Mar100329_103936.013,bias1_profiled_removal,sphere_still,unresolved,200,260.8769883723913,0.004794380413658162,"[1.6714516785514173, 2.0015762622135456, 0.1269976055722915]",gyro_bias_x;gyro_bias_y;gyro_bias_z;accel_bias_y;gyro_gain_x;gyro_gain_y;gyro_gain_z;gravity_delta;time_offset;earth_removal,,The maximum number of function evaluations is exceeded.
b4ab6e128de963c2ce69aa51,ILVIS0_applanix_55284_20100329_610_AMES_29Mar100329_103936.013,bias1_profiled_removal,flat_still,converged,159,5338.729073644876,2.572092761051924e-07,"[8.274171599869273, 8.667524049123099, 0.5614931774968941]",gyro_bias_x;gyro_bias_y;gyro_bias_z;accel_bias_x;accel_bias_z;gyro_gain_x;gyro_gain_y;gyro_gain_z;accel_gain_x;accel_gain_y;lever_x;lever_y;lever_z;gravity_delta;time_offset;earth_removal,,`xtol` termination condition is satisfied.
7df21c836bec5751f83c0cce,ILVIS0_applanix_55295_20100409_610_LVIS_09Apr10.013,bias1_unsubtracted,sphere_rotating,unresolved,200,0.16054149895775735,9.467569568025425e-09,"[0.008710427409733604, 0.013048703627520447, 0.1689891982467253]",gyro_bias_z;gyro_gain_z;gravity_delta,,The maximum number of function evaluations is exceeded.
7df21c836bec5751f83c0cce,ILVIS0_applanix_55295_20100409_610_LVIS_09Apr10.013,bias1_unsubtracted,sphere_still,unresolved,200,793.1931637745292,5.731745911738729e-05,"[1.676582491147878, 8.030239868831826, 0.34741304754538743]",gyro_bias_y;gyro_bias_z;accel_bias_y;gyro_gain_y;gyro_gain_z;accel_gain_x;accel_gain_y;lever_x;lever_y;gravity_delta;time_offset,,The maximum number of function evaluations is exceeded.
7df21c836bec5751f83c0cce,ILVIS0_applanix_55295_20100409_610_LVIS_09Apr10.013,bias1_unsubtracted,flat_still,unresolved,199,4815.135249469765,0.00017616171539188121,"[7.493233595455387, 18.284098638259653, 0.31639344623714855]",gyro_bias_y;gyro_bias_z;accel_bias_y;gyro_gain_x;gyro_gain_y;gyro_gain_z;accel_gain_x;accel_gain_y;lever_x;lever_y;lever_z;gravity_delta;time_offset,,The maximum number of function evaluations is exceeded.
7df21c836bec5751f83c0cce,ILVIS0_applanix_55295_20100409_610_LVIS_09Apr10.013,bias1_profiled_removal,sphere_rotating,unresolved,200,0.16057867042365123,0.00013863179705531068,"[0.008735441719085574, 0.013066554218090134, 0.1693008197439558]",gyro_bias_z;gyro_gain_z;earth_removal,,The maximum number of function evaluations is exceeded.
7df21c836bec5751f83c0cce,ILVIS0_applanix_55295_20100409_610_LVIS_09Apr10.013,bias1_profiled_removal,sphere_still,unresolved,200,793.0203272994554,0.0001436260010433714,"[1.677098187583747, 8.03026831832793, 0.35146713753821235]",gyro_bias_y;gyro_bias_z;accel_bias_y;gyro_gain_y;gyro_gain_z;accel_gain_x;accel_gain_y;lever_x;lever_y;gravity_delta;time_offset;earth_removal,,The maximum number of function evaluations is exceeded.
7df21c836bec5751f83c0cce,ILVIS0_applanix_55295_20100409_610_LVIS_09Apr10.013,bias1_profiled_removal,flat_still,unresolved,200,1880.6470167603459,0.0005448803552796026,"[3.6092281753985396, 8.685260527079453, 0.25065349619053545]",gyro_bias_y;gyro_bias_z;accel_bias_y;gyro_gain_x;gyro_gain_y;gyro_gain_z;accel_gain_x;lever_x;lever_z;gravity_delta;time_offset;earth_removal,,The maximum number of function evaluations is exceeded.
bb8061a43b4f14b6262ceda1,ILVIS0_applanix_55300_20100414_Ames610_14Apr10.013,bias1_unsubtracted,sphere_rotating,unresolved,200,0.6110398689418689,2.844437475832728e-05,"[0.030560672591825107, 0.02387702749281189, 0.2280725164750358]",gyro_bias_z;gyro_gain_y,,The maximum number of function evaluations is exceeded.
bb8061a43b4f14b6262ceda1,ILVIS0_applanix_55300_20100414_Ames610_14Apr10.013,bias1_unsubtracted,sphere_still,unresolved,200,81.04524421875678,0.0006630024989162092,"[0.8519646695112899, 0.572072950198822, 0.18247026494979887]",gyro_bias_x;gyro_bias_z;accel_bias_x;gyro_gain_x;gyro_gain_y;gyro_gain_z;accel_gain_y;lever_x;lever_y;lever_z;gravity_delta,,The maximum number of function evaluations is exceeded.
bb8061a43b4f14b6262ceda1,ILVIS0_applanix_55300_20100414_Ames610_14Apr10.013,bias1_unsubtracted,flat_still,unresolved,200,25742.896563984774,5.2737424823552374e-05,"[48.252657926459435, 5.904017380249523, 0.6999326320315616]",gyro_bias_x;gyro_bias_y;gyro_bias_z;accel_bias_x;accel_bias_y;gyro_gain_x;gyro_gain_y;gyro_gain_z;accel_gain_x;accel_gain_y;lever_x;lever_y;lever_z;gravity_delta;time_offset,,The maximum number of function evaluations is exceeded.
bb8061a43b4f14b6262ceda1,ILVIS0_applanix_55300_20100414_Ames610_14Apr10.013,bias1_profiled_removal,sphere_rotating,unresolved,127,0.6149813808942348,0.0001515569719253682,"[0.030832005138511063, 0.02411056332333249, 0.2381641793303337]",gyro_bias_z;gyro_gain_y;earth_removal,,`xtol` termination condition is satisfied.
bb8061a43b4f14b6262ceda1,ILVIS0_applanix_55300_20100414_Ames610_14Apr10.013,bias1_profiled_removal,sphere_still,unresolved,200,80.98991930904562,0.00024391741234078997,"[0.8564082127117051, 0.5744558562100855, 0.1811384526095278]",gyro_bias_x;gyro_bias_z;accel_bias_x;gyro_gain_x;gyro_gain_y;gyro_gain_z;accel_gain_y;lever_x;lever_y;lever_z;gravity_delta;earth_removal,,The maximum number of function evaluations is exceeded.
bb8061a43b4f14b6262ceda1,ILVIS0_applanix_55300_20100414_Ames610_14Apr10.013,bias1_profiled_removal,flat_still,unresolved,200,2777.5923278906116,0.35655208811757433,"[10.659581244101714, 12.53765839380473, 0.30882191514205753]",gyro_bias_x;gyro_bias_y;gyro_bias_z;accel_bias_x;gyro_gain_x;gyro_gain_y;gyro_gain_z;accel_gain_x;accel_gain_y;lever_x;lever_z;gravity_delta,,The maximum number of function evaluations is exceeded.
48c1bfe2f1aeb31c9386841d,ILVIS0_applanix_55842_610_LVIS.013,bias1_unsubtracted,sphere_rotating,converged,184,0.44380700598901596,4.499877590143779e-08,"[0.015354394559293365, 0.013912253376033223, 0.4457736660160105]",gyro_gain_z;gravity_delta,,`xtol` termination condition is satisfied.
48c1bfe2f1aeb31c9386841d,ILVIS0_applanix_55842_610_LVIS.013,bias1_unsubtracted,sphere_still,converged,195,8606.026103414933,2.3197281478909604e-09,"[15.309685642161739, 16.180217524186553, 2.225090760295357]",gyro_bias_x;gyro_bias_y;gyro_bias_z;accel_bias_x;accel_bias_y;accel_bias_z;gyro_gain_x;gyro_gain_y;gyro_gain_z;accel_gain_y;lever_x;lever_y;gravity_delta;time_offset,,`xtol` termination condition is satisfied.
48c1bfe2f1aeb31c9386841d,ILVIS0_applanix_55842_610_LVIS.013,bias1_unsubtracted,flat_still,unresolved,200,49679.75450842357,9.038471200987311e-08,"[48.91376933378186, 11.755046293347636, 0.7377668880475892]",position_y;gyro_bias_x;gyro_bias_y;gyro_bias_z;accel_bias_x;accel_bias_y;accel_bias_z;gyro_gain_x;gyro_gain_y;gyro_gain_z;accel_gain_x;accel_gain_y;lever_x;lever_y;lever_z;gravity_delta,,The maximum number of function evaluations is exceeded.
48c1bfe2f1aeb31c9386841d,ILVIS0_applanix_55842_610_LVIS.013,bias1_profiled_removal,sphere_rotating,unresolved,200,0.4438070050176186,1.1903375076853404e-07,"[0.015354498758821538, 0.013912434341290069, 0.4457717924605763]",gyro_gain_z;gravity_delta;earth_removal,,The maximum number of function evaluations is exceeded.
48c1bfe2f1aeb31c9386841d,ILVIS0_applanix_55842_610_LVIS.013,bias1_profiled_removal,sphere_still,unresolved,200,8606.026096503869,2.7904256409573005e-07,"[15.30970087193804, 16.180208476527447, 2.2250995104587763]",gyro_bias_x;gyro_bias_y;gyro_bias_z;accel_bias_x;accel_bias_y;accel_bias_z;gyro_gain_x;gyro_gain_y;gyro_gain_z;accel_gain_y;lever_x;lever_y;gravity_delta;time_offset;earth_removal,,The maximum number of function evaluations is exceeded.
48c1bfe2f1aeb31c9386841d,ILVIS0_applanix_55842_610_LVIS.013,bias1_profiled_removal,flat_still,unresolved,200,47781.79498038026,2.2518842618280864e-09,"[48.7058199297394, 10.512866770531412, 1.175832594901728]",gyro_bias_x;gyro_bias_y;gyro_bias_z;accel_bias_x;accel_bias_y;accel_bias_z;gyro_gain_x;gyro_gain_y;gyro_gain_z;accel_gain_x;accel_gain_y;lever_x;lever_y;gravity_delta;time_offset,,The maximum number of function evaluations is exceeded.
8bf60391909fe8988c23621a,ILVIS0_applanix_55844_610_LVIS.013,bias1_unsubtracted,sphere_rotating,unresolved,200,0.23234189477911504,0.0013153127252262058,"[0.02405001232964628, 0.020563597257955982, 0.29169073332375517]",gyro_gain_z,,The maximum number of function evaluations is exceeded.
8bf60391909fe8988c23621a,ILVIS0_applanix_55844_610_LVIS.013,bias1_unsubtracted,sphere_still,converged,195,2699.417559140681,4.6200892654680976e-10,"[11.687789046812902, 9.034230264004947, 0.6032101008841562]",gyro_bias_x;gyro_bias_z;accel_bias_x;accel_bias_y;accel_bias_z;gyro_gain_x;gyro_gain_y;gyro_gain_z;accel_gain_x;accel_gain_y;lever_x;lever_z;gravity_delta;time_offset,,`xtol` termination condition is satisfied.
8bf60391909fe8988c23621a,ILVIS0_applanix_55844_610_LVIS.013,bias1_unsubtracted,flat_still,converged,119,13307.318434663444,8.214834196703261e-11,"[29.278945249092615, 15.164526054862982, 0.5616844564055024]",position_y;gyro_bias_x;gyro_bias_y;gyro_bias_z;accel_bias_x;accel_bias_y;accel_bias_z;gyro_gain_x;gyro_gain_y;gyro_gain_z;accel_gain_x;accel_gain_y;lever_x;lever_z;gravity_delta,,`xtol` termination condition is satisfied.
8bf60391909fe8988c23621a,ILVIS0_applanix_55844_610_LVIS.013,bias1_profiled_removal,sphere_rotating,unresolved,200,0.2269777883665542,0.0011537297674382395,"[0.019962908349682448, 0.020277596857605513, 0.28800135058410115]",gyro_bias_z,,The maximum number of function evaluations is exceeded.
8bf60391909fe8988c23621a,ILVIS0_applanix_55844_610_LVIS.013,bias1_profiled_removal,sphere_still,converged,182,2699.4175598566017,1.0634237369692177e-11,"[11.687789014169716, 9.034230294680688, 0.6032101018395385]",gyro_bias_x;gyro_bias_z;accel_bias_x;accel_bias_y;accel_bias_z;gyro_gain_x;gyro_gain_y;gyro_gain_z;accel_gain_x;accel_gain_y;lever_x;lever_z;gravity_delta;time_offset;earth_removal,,`xtol` termination condition is satisfied.
8bf60391909fe8988c23621a,ILVIS0_applanix_55844_610_LVIS.013,bias1_profiled_removal,flat_still,unresolved,200,11278.845713162418,0.0002782273972957147,"[28.974434374117234, 3.4958738514880863, 0.7400970339974808]",gyro_bias_x;gyro_bias_y;gyro_bias_z;accel_bias_x;accel_bias_y;gyro_gain_x;gyro_gain_y;gyro_gain_z;accel_gain_x;lever_x;lever_y;lever_z;gravity_delta;time_offset,,The maximum number of function evaluations is exceeded.
2791235ca0b11b1ef4386e21,ILVIS0_applanix_55846_610_LVIS.013,bias1_unsubtracted,sphere_rotating,unresolved,200,2.446002138213429,9.549471829166212e-07,"[0.056938617502007606, 0.022965574155008772, 1.1603244652903282]",gyro_bias_z;gyro_gain_z,,The maximum number of function evaluations is exceeded.
2791235ca0b11b1ef4386e21,ILVIS0_applanix_55846_610_LVIS.013,bias1_unsubtracted,sphere_still,converged,142,26955.06177165249,2.908070342881704e-10,"[36.15702971126414, 26.997829022058973, 1.6030805764741443]",gyro_bias_x;gyro_bias_y;gyro_bias_z;accel_bias_x;accel_bias_y;accel_bias_z;gyro_gain_x;gyro_gain_y;gyro_gain_z;accel_gain_x;accel_gain_y;lever_x;lever_y;lever_z;gravity_delta;time_offset,,`xtol` termination condition is satisfied.
2791235ca0b11b1ef4386e21,ILVIS0_applanix_55846_610_LVIS.013,bias1_unsubtracted,flat_still,converged,164,11324.579126671078,4.3893856576195277e-10,"[3.163173606937846, 33.169103336919044, 2.173238924107402]",position_y;gyro_bias_x;gyro_bias_y;gyro_bias_z;accel_bias_x;accel_bias_y;accel_bias_z;gyro_gain_x;gyro_gain_y;gyro_gain_z;accel_gain_x;accel_gain_y;lever_x;lever_y;lever_z;gravity_delta;time_offset,,`xtol` termination condition is satisfied.
2791235ca0b11b1ef4386e21,ILVIS0_applanix_55846_610_LVIS.013,bias1_profiled_removal,sphere_rotating,unresolved,179,2.4472662772203715,0.00015457825281780792,"[0.05700064109635149, 0.02341796790296976, 1.1609946408247138]",gyro_bias_z;gyro_gain_z;earth_removal,,`xtol` termination condition is satisfied.
2791235ca0b11b1ef4386e21,ILVIS0_applanix_55846_610_LVIS.013,bias1_profiled_removal,sphere_still,converged,140,26955.061770712324,3.063513415686046e-10,"[36.15702974459769, 26.997828992002468, 1.6030805831166481]",gyro_bias_x;gyro_bias_y;gyro_bias_z;accel_bias_x;accel_bias_y;accel_bias_z;gyro_gain_x;gyro_gain_y;gyro_gain_z;accel_gain_x;accel_gain_y;lever_x;lever_y;lever_z;gravity_delta;time_offset;earth_removal,,`xtol` termination condition is satisfied.
2791235ca0b11b1ef4386e21,ILVIS0_applanix_55846_610_LVIS.013,bias1_profiled_removal,flat_still,converged,159,11324.579126949948,8.783347674158647e-11,"[3.1631736002283026, 33.16910333868028, 2.173238924159003]",position_y;gyro_bias_x;gyro_bias_y;gyro_bias_z;accel_bias_x;accel_bias_y;accel_bias_z;gyro_gain_x;gyro_gain_y;gyro_gain_z;accel_gain_x;accel_gain_y;lever_x;lever_y;lever_z;gravity_delta;time_offset;earth_removal,,`xtol` termination condition is satisfied.
2f7e37c48f3b4423c55662dd,ILVIS0_applanix_57289_610_DMS_24Sept15DMS.013,bias1_unsubtracted,sphere_rotating,converged,131,3.192192379060313,2.669515998943688e-07,"[0.07399013728270977, 0.09006671078536098, 0.7652407292177648]",gyro_bias_z;gyro_gain_z;gravity_delta,,`xtol` termination condition is satisfied.
2f7e37c48f3b4423c55662dd,ILVIS0_applanix_57289_610_DMS_24Sept15DMS.013,bias1_unsubtracted,sphere_still,converged,140,13843.191153416672,1.6986966345294965e-10,"[23.645999233575004, 18.579310289867713, 1.6437689051866224]",gyro_bias_x;gyro_bias_y;gyro_bias_z;accel_bias_x;accel_bias_y;accel_bias_z;gyro_gain_x;gyro_gain_y;gyro_gain_z;accel_gain_x;accel_gain_y;lever_x;lever_z;gravity_delta;time_offset,,`xtol` termination condition is satisfied.
2f7e37c48f3b4423c55662dd,ILVIS0_applanix_57289_610_DMS_24Sept15DMS.013,bias1_unsubtracted,flat_still,converged,104,80621.6204367207,7.360397169792857e-11,"[67.01647022879713, 26.180268832141216, 0.8955863978588972]",position_y;gyro_bias_x;gyro_bias_y;gyro_bias_z;accel_bias_x;accel_bias_y;accel_bias_z;gyro_gain_x;gyro_gain_y;gyro_gain_z;accel_gain_x;accel_gain_y;lever_x;lever_z;gravity_delta;time_offset,,`xtol` termination condition is satisfied.
2f7e37c48f3b4423c55662dd,ILVIS0_applanix_57289_610_DMS_24Sept15DMS.013,bias1_profiled_removal,sphere_rotating,converged,182,3.191029746517355,3.8735362739450037e-07,"[0.07299409202995044, 0.0911988723697988, 0.7663100284018727]",gyro_bias_z;gyro_gain_z;gravity_delta,,`xtol` termination condition is satisfied.
2f7e37c48f3b4423c55662dd,ILVIS0_applanix_57289_610_DMS_24Sept15DMS.013,bias1_profiled_removal,sphere_still,converged,134,13843.191153835738,2.2258782288799852e-11,"[23.645999232855846, 18.57931028981038, 1.6437689046209607]",gyro_bias_x;gyro_bias_y;gyro_bias_z;accel_bias_x;accel_bias_y;accel_bias_z;gyro_gain_x;gyro_gain_y;gyro_gain_z;accel_gain_x;accel_gain_y;lever_x;lever_z;gravity_delta;time_offset;earth_removal,,`xtol` termination condition is satisfied.
2f7e37c48f3b4423c55662dd,ILVIS0_applanix_57289_610_DMS_24Sept15DMS.013,bias1_profiled_removal,flat_still,converged,109,72340.01097429237,1.629831550694545e-10,"[66.98415615454796, 12.510356809715065, 0.8599733901164457]",gyro_bias_x;gyro_bias_y;gyro_bias_z;accel_bias_x;accel_bias_y;accel_bias_z;gyro_gain_x;gyro_gain_y;gyro_gain_z;accel_gain_x;accel_gain_y;lever_x;lever_y;lever_z;gravity_delta;time_offset,,`xtol` termination condition is satisfied.
d9d91c8edba5721931856fc9,ILVIS0_applanix_57289_610_LVIS_38614965.013,bias1_unsubtracted,sphere_rotating,unresolved,200,5.6129529301754,1.2122057804449615e-06,"[0.07217953536815097, 0.04389620300392374, 0.5615735535968699]",gyro_bias_z;gyro_gain_z,,The maximum number of function evaluations is exceeded.
d9d91c8edba5721931856fc9,ILVIS0_applanix_57289_610_LVIS_38614965.013,bias1_unsubtracted,sphere_still,converged,166,9326.267462361375,4.824634443539498e-07,"[22.21198174293368, 15.56753083277325, 0.9149711098773995]",gyro_bias_x;gyro_bias_y;gyro_bias_z;accel_bias_x;accel_bias_z;gyro_gain_x;gyro_gain_y;gyro_gain_z;accel_gain_x;accel_gain_y;lever_x;lever_y;gravity_delta;time_offset,,`xtol` termination condition is satisfied.
d9d91c8edba5721931856fc9,ILVIS0_applanix_57289_610_LVIS_38614965.013,bias1_unsubtracted,flat_still,converged,122,40624.85945597668,1.8813565426381576e-05,"[51.8733373669858, 24.91371317966657, 0.8169628674583218]",position_y;gyro_bias_x;gyro_bias_y;gyro_bias_z;accel_bias_x;gyro_gain_x;gyro_gain_y;gyro_gain_z;accel_gain_x;accel_gain_y;lever_x;gravity_delta,,`xtol` termination condition is satisfied.
d9d91c8edba5721931856fc9,ILVIS0_applanix_57289_610_LVIS_38614965.013,bias1_profiled_removal,sphere_rotating,unresolved,200,5.598285378941266,1.2553177252852071e-06,"[0.0707175741675015, 0.04373992958702221, 0.5502377174554128]",gyro_bias_x;gyro_bias_z;gyro_gain_z,,The maximum number of function evaluations is exceeded.
d9d91c8edba5721931856fc9,ILVIS0_applanix_57289_610_LVIS_38614965.013,bias1_profiled_removal,sphere_still,converged,165,9326.267460366304,2.0847691263504718e-09,"[22.21198155011005, 15.567530943735829, 0.914973541233886]",gyro_bias_x;gyro_bias_y;gyro_bias_z;accel_bias_x;accel_bias_z;gyro_gain_x;gyro_gain_y;gyro_gain_z;accel_gain_x;accel_gain_y;lever_x;lever_y;gravity_delta;time_offset;earth_removal,,`xtol` termination condition is satisfied.
d9d91c8edba5721931856fc9,ILVIS0_applanix_57289_610_LVIS_38614965.013,bias1_profiled_removal,flat_still,converged,122,33751.272203819666,1.120479216081135e-07,"[51.892610439976245, 6.2525673772114025, 1.182346426811588]",gyro_bias_x;gyro_bias_y;gyro_bias_z;accel_bias_x;accel_bias_y;accel_bias_z;gyro_gain_x;gyro_gain_y;gyro_gain_z;accel_gain_x;accel_gain_y;lever_x;lever_y;gravity_delta;time_offset,,`xtol` termination condition is satisfied.
da346f70a6661ee42cecea19,ILVIS0_applanix_57289_610_loaner_24Sept15LVIS.013,bias1_unsubtracted,sphere_rotating,unresolved,200,2.112861962146256,0.0004208066721433738,"[0.06088764874105308, 0.04778763110423281, 1.0406138841101653]",gyro_gain_z,,The maximum number of function evaluations is exceeded.
da346f70a6661ee42cecea19,ILVIS0_applanix_57289_610_loaner_24Sept15LVIS.013,bias1_unsubtracted,sphere_still,converged,181,6657.4051199206715,1.3489514497988443e-08,"[17.68382388112265, 12.40355289056753, 1.1869467426988598]",gyro_bias_x;gyro_bias_z;accel_bias_x;accel_bias_y;gyro_gain_x;gyro_gain_y;gyro_gain_z;accel_gain_x;accel_gain_y;lever_x;gravity_delta;time_offset,,`xtol` termination condition is satisfied.
da346f70a6661ee42cecea19,ILVIS0_applanix_57289_610_loaner_24Sept15LVIS.013,bias1_unsubtracted,flat_still,converged,196,47193.884242845554,5.304817600535393e-07,"[45.10155627773745, 42.09569230103075, 0.8653632943349929]",position_y;gyro_bias_x;gyro_bias_z;accel_bias_x;accel_bias_y;accel_bias_z;gyro_gain_x;gyro_gain_y;gyro_gain_z;accel_gain_x;accel_gain_y;lever_x;lever_y;lever_z;gravity_delta;time_offset,,`xtol` termination condition is satisfied.
da346f70a6661ee42cecea19,ILVIS0_applanix_57289_610_loaner_24Sept15LVIS.013,bias1_profiled_removal,sphere_rotating,unresolved,200,2.094299615317987,0.0009714001640833814,"[0.056589348755596285, 0.04705089431724493, 1.0359784169997703]",gyro_gain_z,,The maximum number of function evaluations is exceeded.
da346f70a6661ee42cecea19,ILVIS0_applanix_57289_610_loaner_24Sept15LVIS.013,bias1_profiled_removal,sphere_still,converged,170,6657.405103654643,5.5679272306771926e-11,"[17.683825236366495, 12.403548790712438, 1.186864480567017]",gyro_bias_x;gyro_bias_z;accel_bias_x;accel_bias_y;accel_bias_z;gyro_gain_x;gyro_gain_y;gyro_gain_z;accel_gain_x;accel_gain_y;lever_x;gravity_delta;time_offset;earth_removal,,`xtol` termination condition is satisfied.
da346f70a6661ee42cecea19,ILVIS0_applanix_57289_610_loaner_24Sept15LVIS.013,bias1_profiled_removal,flat_still,unresolved,200,26408.925955422244,0.002240807325662066,"[43.04575931490356, 6.629787710244329, 1.7570320131567359]",gyro_bias_x;gyro_bias_y;gyro_bias_z;accel_bias_x;accel_bias_y;gyro_gain_x;gyro_gain_y;gyro_gain_z;accel_gain_x;lever_x;lever_y;lever_z;time_offset;earth_removal,,The maximum number of function evaluations is exceeded.
e6629f14d2e03e471a446e06,ILVIS0_applanix_57291_610_DMS_26Sept15DMS.013,bias1_unsubtracted,sphere_rotating,converged,155,2.686416738410938,1.021250341787546e-05,"[0.07265696857116993, 0.0592125876803644, 1.0045589036520146]",gyro_bias_z;gyro_gain_z;gravity_delta,,`xtol` termination condition is satisfied.
e6629f14d2e03e471a446e06,ILVIS0_applanix_57291_610_DMS_26Sept15DMS.013,bias1_unsubtracted,sphere_still,converged,173,9930.962626900973,7.176062684690359e-11,"[23.30296242824384, 12.094638263765438, 1.756481885336543]",gyro_bias_x;gyro_bias_y;gyro_bias_z;accel_bias_x;accel_bias_y;accel_bias_z;gyro_gain_x;gyro_gain_y;gyro_gain_z;accel_gain_x;accel_gain_y;lever_x;lever_z;gravity_delta;time_offset,,`xtol` termination condition is satisfied.
e6629f14d2e03e471a446e06,ILVIS0_applanix_57291_610_DMS_26Sept15DMS.013,bias1_unsubtracted,flat_still,unresolved,200,22663.51070172898,6.086795757874612e-08,"[3.5967995924085647, 49.998187048949355, 2.2697615339983512]",position_y;gyro_bias_x;gyro_bias_y;gyro_bias_z;accel_bias_x;accel_bias_y;gyro_gain_x;gyro_gain_y;gyro_gain_z;accel_gain_x;accel_gain_y;lever_x;lever_y;lever_z;gravity_delta;time_offset,,The maximum number of function evaluations is exceeded.
e6629f14d2e03e471a446e06,ILVIS0_applanix_57291_610_DMS_26Sept15DMS.013,bias1_profiled_removal,sphere_rotating,converged,187,2.6864166991807523,1.081885202079019e-05,"[0.07265685583634157, 0.05921186801051743, 1.00456061420734]",gyro_bias_z;gyro_gain_z;gravity_delta;earth_removal,,`xtol` termination condition is satisfied.
e6629f14d2e03e471a446e06,ILVIS0_applanix_57291_610_DMS_26Sept15DMS.013,bias1_profiled_removal,sphere_still,unresolved,200,9931.036765450013,1.8018078038273667e-07,"[23.302933093497536, 12.094836662326667, 1.7568102238553063]",gyro_bias_x;gyro_bias_y;gyro_bias_z;accel_bias_x;accel_bias_y;gyro_gain_x;gyro_gain_y;gyro_gain_z;accel_gain_x;accel_gain_y;lever_x;lever_z;gravity_delta;time_offset;earth_removal,,The maximum number of function evaluations is exceeded.
e6629f14d2e03e471a446e06,ILVIS0_applanix_57291_610_DMS_26Sept15DMS.013,bias1_profiled_removal,flat_still,unresolved,200,22663.484139684577,6.098478406642877e-06,"[3.5966035482005925, 49.99817740303981, 2.2698368900900627]",position_y;gyro_bias_x;gyro_bias_y;gyro_bias_z;accel_bias_x;accel_bias_y;gyro_gain_x;gyro_gain_y;gyro_gain_z;accel_gain_x;accel_gain_y;lever_x;lever_y;lever_z;gravity_delta;time_offset;earth_removal,,The maximum number of function evaluations is exceeded.
f7677e15295077fd8cfd3089,ILVIS0_applanix_57291_610_LVIS_38614965.013,bias1_unsubtracted,sphere_rotating,converged,188,1.5495930705079968,2.4014608798382916e-08,"[0.047044788008068765, 0.031960702377981126, 0.6793447930663373]",gyro_bias_z;gravity_delta,,`xtol` termination condition is satisfied.
f7677e15295077fd8cfd3089,ILVIS0_applanix_57291_610_LVIS_38614965.013,bias1_unsubtracted,sphere_still,converged,97,9316.50368757093,2.33666569966173e-06,"[18.85631289105085, 19.07169900435758, 1.5389047328380034]",gyro_bias_x;gyro_bias_y;gyro_bias_z;accel_bias_x;accel_bias_y;accel_bias_z;gyro_gain_x;gyro_gain_y;gyro_gain_z;accel_gain_x;accel_gain_y;lever_x;lever_y;lever_z;gravity_delta;time_offset,,`xtol` termination condition is satisfied.
f7677e15295077fd8cfd3089,ILVIS0_applanix_57291_610_LVIS_38614965.013,bias1_unsubtracted,flat_still,converged,97,9184.321775914492,1.0034066928831116e-10,"[4.016293645469937, 29.114271536664322, 2.27633571076478]",position_y;gyro_bias_x;gyro_bias_y;gyro_bias_z;accel_bias_x;accel_bias_y;accel_bias_z;gyro_gain_x;gyro_gain_y;gyro_gain_z;accel_gain_x;accel_gain_y;lever_x;lever_y;lever_z;gravity_delta;time_offset,,`xtol` termination condition is satisfied.
f7677e15295077fd8cfd3089,ILVIS0_applanix_57291_610_LVIS_38614965.013,bias1_profiled_removal,sphere_rotating,converged,162,1.5513269131522387,8.116236036765014e-05,"[0.045791307458405345, 0.030331514462019395, 0.683514517924209]",earth_removal,,`xtol` termination condition is satisfied.
f7677e15295077fd8cfd3089,ILVIS0_applanix_57291_610_LVIS_38614965.013,bias1_profiled_removal,sphere_still,converged,99,9316.503690545927,8.174843202018992e-10,"[18.85629051265935, 19.071687464134616, 1.5388253824320768]",gyro_bias_x;gyro_bias_y;gyro_bias_z;accel_bias_x;accel_bias_y;accel_bias_z;gyro_gain_x;gyro_gain_y;gyro_gain_z;accel_gain_x;accel_gain_y;lever_x;lever_y;lever_z;gravity_delta;time_offset;earth_removal,,`xtol` termination condition is satisfied.
f7677e15295077fd8cfd3089,ILVIS0_applanix_57291_610_LVIS_38614965.013,bias1_profiled_removal,flat_still,converged,113,9184.321775645412,2.893972586800452e-10,"[4.016293644182215, 29.11427154004819, 2.2763357120014125]",position_y;gyro_bias_x;gyro_bias_y;gyro_bias_z;accel_bias_x;accel_bias_y;accel_bias_z;gyro_gain_x;gyro_gain_y;gyro_gain_z;accel_gain_x;accel_gain_y;lever_x;lever_y;lever_z;gravity_delta;time_offset;earth_removal,,`xtol` termination condition is satisfied.
abe881b5c87cc878226a9aef,ILVIS0_applanix_57291_610_loaner_26Sept15LVIS.013,bias1_unsubtracted,sphere_rotating,converged,134,1.496546468270563,6.803931162516153e-07,"[0.03156884250324118, 0.03877157190482735, 0.8641487542781701]",gyro_bias_z;gyro_gain_z,,`xtol` termination condition is satisfied.
abe881b5c87cc878226a9aef,ILVIS0_applanix_57291_610_loaner_26Sept15LVIS.013,bias1_unsubtracted,sphere_still,converged,87,8453.899531070592,6.816698499643416e-11,"[18.655986016833523, 13.325611842415324, 1.8696211445252349]",gyro_bias_x;gyro_bias_y;gyro_bias_z;accel_bias_x;accel_bias_y;accel_bias_z;gyro_gain_x;gyro_gain_y;gyro_gain_z;accel_gain_x;accel_gain_y;lever_x;lever_y;lever_z;gravity_delta;time_offset,,`xtol` termination condition is satisfied.
abe881b5c87cc878226a9aef,ILVIS0_applanix_57291_610_loaner_26Sept15LVIS.013,bias1_unsubtracted,flat_still,converged,121,18951.192268637493,5.429167916509413e-10,"[3.9275912419151, 44.75426045117288, 2.434281962338328]",position_y;gyro_bias_x;gyro_bias_y;gyro_bias_z;accel_bias_x;accel_bias_y;accel_bias_z;gyro_gain_x;gyro_gain_y;gyro_gain_z;accel_gain_x;accel_gain_y;lever_x;lever_y;lever_z;gravity_delta;time_offset,,`xtol` termination condition is satisfied.
abe881b5c87cc878226a9aef,ILVIS0_applanix_57291_610_loaner_26Sept15LVIS.013,bias1_profiled_removal,sphere_rotating,converged,111,1.5001111507035676,9.88099305518605e-05,"[0.03157508708641292, 0.03869738346554554, 0.8671210968929574]",gyro_bias_z;gyro_gain_z;earth_removal,,`xtol` termination condition is satisfied.
abe881b5c87cc878226a9aef,ILVIS0_applanix_57291_610_loaner_26Sept15LVIS.013,bias1_profiled_removal,sphere_still,converged,97,8453.899530759269,3.697330104617535e-10,"[18.65598600669653, 13.325611842142973, 1.8696211454604967]",gyro_bias_x;gyro_bias_y;gyro_bias_z;accel_bias_x;accel_bias_y;accel_bias_z;gyro_gain_x;gyro_gain_y;gyro_gain_z;accel_gain_x;accel_gain_y;lever_x;lever_y;lever_z;gravity_delta;time_offset;earth_removal,,`xtol` termination condition is satisfied.
abe881b5c87cc878226a9aef,ILVIS0_applanix_57291_610_loaner_26Sept15LVIS.013,bias1_profiled_removal,flat_still,converged,129,18951.192266217964,4.0804322953308433e-08,"[3.9275911560991643, 44.754260388886955, 2.4342836138094563]",position_y;gyro_bias_x;gyro_bias_y;gyro_bias_z;accel_bias_x;accel_bias_y;accel_bias_z;gyro_gain_x;gyro_gain_y;gyro_gain_z;accel_gain_x;accel_gain_y;lever_x;lever_y;lever_z;gravity_delta;time_offset;earth_removal,,`xtol` termination condition is satisfied.
01177d345ecb28bcfdcc6a4f,ILVIS0_applanix_57294_610_DMS_29Sept15DMS.013,bias1_unsubtracted,sphere_rotating,unresolved,199,9.007978716183397,0.0010000675147172327,"[0.15826216881764327, 0.0944811242525111, 1.0871796664558164]",gyro_bias_z,,The maximum number of function evaluations is exceeded.
01177d345ecb28bcfdcc6a4f,ILVIS0_applanix_57294_610_DMS_29Sept15DMS.013,bias1_unsubtracted,sphere_still,converged,84,12885.057689356345,1.0749243498273016e-09,"[32.5237354177183, 6.287457480663084, 1.5807053339509944]",gyro_bias_x;gyro_bias_y;gyro_bias_z;accel_bias_x;accel_bias_y;accel_bias_z;gyro_gain_x;gyro_gain_y;gyro_gain_z;accel_gain_x;accel_gain_y;lever_x;lever_y;gravity_delta;time_offset,,`xtol` termination condition is satisfied.
01177d345ecb28bcfdcc6a4f,ILVIS0_applanix_57294_610_DMS_29Sept15DMS.013,bias1_unsubtracted,flat_still,unresolved,200,22867.3446498892,0.0003026181536947772,"[3.142082455595324, 48.95195077029262, 0.4497263639554228]",position_y;gyro_bias_x;gyro_bias_y;gyro_bias_z;accel_bias_x;accel_bias_y;gyro_gain_x;gyro_gain_y;gyro_gain_z;accel_gain_x;lever_x;lever_y;lever_z;gravity_delta;time_offset,,The maximum number of function evaluations is exceeded.
01177d345ecb28bcfdcc6a4f,ILVIS0_applanix_57294_610_DMS_29Sept15DMS.013,bias1_profiled_removal,sphere_rotating,unresolved,200,8.986556031292727,0.0010484744748443452,"[0.15828955636347192, 0.09537356448237354, 1.0793251279719582]",,,The maximum number of function evaluations is exceeded.
01177d345ecb28bcfdcc6a4f,ILVIS0_applanix_57294_610_DMS_29Sept15DMS.013,bias1_profiled_removal,sphere_still,converged,95,12885.05769880036,1.1727934270969627e-11,"[32.523735187929375, 6.2874587101073445, 1.5807053351380165]",gyro_bias_x;gyro_bias_y;gyro_bias_z;accel_bias_x;accel_bias_y;accel_bias_z;gyro_gain_x;gyro_gain_y;gyro_gain_z;accel_gain_x;accel_gain_y;lever_x;lever_y;gravity_delta;time_offset;earth_removal,,`xtol` termination condition is satisfied.
01177d345ecb28bcfdcc6a4f,ILVIS0_applanix_57294_610_DMS_29Sept15DMS.013,bias1_profiled_removal,flat_still,unresolved,200,22858.331154246436,0.007320180856895537,"[2.961064529731645, 48.96191971931912, 0.4546518489566628]",position_y;gyro_bias_x;gyro_bias_y;gyro_bias_z;accel_bias_x;accel_bias_y;gyro_gain_x;gyro_gain_y;gyro_gain_z;accel_gain_x;lever_x;lever_y;lever_z;gravity_delta;time_offset;earth_removal,,The maximum number of function evaluations is exceeded.
dac266ab5c198050d25b17f6,ILVIS0_applanix_57294_610_loaner_29Sept15LVIS.013,bias1_unsubtracted,sphere_rotating,unresolved,200,4.871821700751887,7.207250818310439e-05,"[0.09209461179396584, 0.08823494743413708, 1.1450184633017477]",gyro_bias_z;gyro_gain_z,,The maximum number of function evaluations is exceeded.
dac266ab5c198050d25b17f6,ILVIS0_applanix_57294_610_loaner_29Sept15LVIS.013,bias1_unsubtracted,sphere_still,unresolved,200,12712.715413833677,0.0031417181863075748,"[31.28576199815374, 6.683110380797406, 1.7688093524830302]",gyro_bias_x;gyro_bias_y;gyro_bias_z;accel_bias_x;accel_bias_y;gyro_gain_x;gyro_gain_y;gyro_gain_z;accel_gain_x;accel_gain_y;lever_x;lever_y;lever_z;gravity_delta,,The maximum number of function evaluations is exceeded.
dac266ab5c198050d25b17f6,ILVIS0_applanix_57294_610_loaner_29Sept15LVIS.013,bias1_unsubtracted,flat_still,converged,197,29173.73399648741,1.8676934822283543e-07,"[3.3143187148576487, 55.47278090032839, 0.9012857826490251]",position_y;gyro_bias_x;gyro_bias_y;gyro_bias_z;accel_bias_x;accel_bias_y;accel_bias_z;gyro_gain_x;gyro_gain_y;gyro_gain_z;accel_gain_x;accel_gain_y;lever_x;lever_y;lever_z;gravity_delta;time_offset,,`xtol` termination condition is satisfied.
dac266ab5c198050d25b17f6,ILVIS0_applanix_57294_610_loaner_29Sept15LVIS.013,bias1_profiled_removal,sphere_rotating,unresolved,200,4.87524573564245,0.002840799936568503,"[0.09209597873326338, 0.0884567601225916, 1.152933043080011]",gyro_bias_z;gyro_gain_z;earth_removal,,The maximum number of function evaluations is exceeded.
dac266ab5c198050d25b17f6,ILVIS0_applanix_57294_610_loaner_29Sept15LVIS.013,bias1_profiled_removal,sphere_still,unresolved,200,13137.344668764388,0.002101860760220725,"[32.004973217479844, 6.603145697068698, 1.736993368385467]",gyro_bias_x;gyro_bias_y;gyro_bias_z;accel_bias_x;accel_bias_y;gyro_gain_x;gyro_gain_y;gyro_gain_z;lever_y;gravity_delta;earth_removal,,The maximum number of function evaluations is exceeded.
dac266ab5c198050d25b17f6,ILVIS0_applanix_57294_610_loaner_29Sept15LVIS.013,bias1_profiled_removal,flat_still,converged,194,29173.733998646712,7.430209926147565e-07,"[3.3143298261278455, 55.47278158411218, 0.9012562029481214]",position_y;gyro_bias_x;gyro_bias_y;gyro_bias_z;accel_bias_x;accel_bias_y;accel_bias_z;gyro_gain_x;gyro_gain_y;gyro_gain_z;accel_gain_x;accel_gain_y;lever_x;lever_y;lever_z;gravity_delta;time_offset;earth_removal,,`xtol` termination condition is satisfied.
f50ff54d2e6175d2e8277823,ILVIS0_applanix_57298_610_DMS_03Oct15DMS.013,bias1_unsubtracted,sphere_rotating,unresolved,200,5.134836657607504,0.0007537171752020632,"[0.06072193065453765, 0.03254590977766145, 1.8283709647250979]",gyro_bias_z;gyro_gain_z,,The maximum number of function evaluations is exceeded.
f50ff54d2e6175d2e8277823,ILVIS0_applanix_57298_610_DMS_03Oct15DMS.013,bias1_unsubtracted,sphere_still,converged,83,31884.595450607234,4.3657100515914274e-11,"[39.49830720817523, 30.155944898082215, 2.066832380526254]",gyro_bias_x;gyro_bias_y;gyro_bias_z;accel_bias_x;accel_bias_y;accel_bias_z;gyro_gain_x;gyro_gain_y;gyro_gain_z;accel_gain_y;lever_x;lever_y;lever_z;gravity_delta;time_offset,,`xtol` termination condition is satisfied.
f50ff54d2e6175d2e8277823,ILVIS0_applanix_57298_610_DMS_03Oct15DMS.013,bias1_unsubtracted,flat_still,unresolved,200,30217.323479186292,1.1965850165200403e-06,"[12.391839301925849, 55.251831634979204, 1.1694667090450022]",position_y;gyro_bias_x;gyro_bias_y;gyro_bias_z;accel_bias_x;accel_bias_y;gyro_gain_x;gyro_gain_y;gyro_gain_z;accel_gain_x;accel_gain_y;lever_x;lever_y;lever_z;gravity_delta;time_offset,,The maximum number of function evaluations is exceeded.
f50ff54d2e6175d2e8277823,ILVIS0_applanix_57298_610_DMS_03Oct15DMS.013,bias1_profiled_removal,sphere_rotating,unresolved,200,5.122817467298878,0.009692762377834488,"[0.06060854147324, 0.03345726367391899, 1.8209036672878558]",gyro_bias_z;gyro_gain_z,,The maximum number of function evaluations is exceeded.
f50ff54d2e6175d2e8277823,ILVIS0_applanix_57298_610_DMS_03Oct15DMS.013,bias1_profiled_removal,sphere_still,converged,87,31884.595452629474,6.001399273709721e-12,"[39.49830726268996, 30.155944861710264, 2.0668323788136265]",gyro_bias_x;gyro_bias_y;gyro_bias_z;accel_bias_x;accel_bias_y;accel_bias_z;gyro_gain_x;gyro_gain_y;gyro_gain_z;accel_gain_y;lever_x;lever_y;lever_z;gravity_delta;time_offset;earth_removal,,`xtol` termination condition is satisfied.
f50ff54d2e6175d2e8277823,ILVIS0_applanix_57298_610_DMS_03Oct15DMS.013,bias1_profiled_removal,flat_still,converged,188,30216.420290396727,3.67159368383973e-07,"[12.389533345484994, 55.251828204138626, 1.137183119118097]",position_y;gyro_bias_x;gyro_bias_y;gyro_bias_z;accel_bias_x;accel_bias_y;accel_bias_z;gyro_gain_x;gyro_gain_y;gyro_gain_z;accel_gain_x;accel_gain_y;lever_x;lever_y;lever_z;gravity_delta;time_offset;earth_removal,,`xtol` termination condition is satisfied.
4fad619380ea429cbf6cbcc9,ILVIS0_applanix_57298_610_LVIS_38614965.013,bias1_unsubtracted,sphere_rotating,converged,142,0.8578895914737534,8.30006567110894e-09,"[0.04469852088302121, 0.015583125122816222, 0.15826564974975926]",gyro_bias_z;gravity_delta,,`xtol` termination condition is satisfied.
4fad619380ea429cbf6cbcc9,ILVIS0_applanix_57298_610_LVIS_38614965.013,bias1_unsubtracted,sphere_still,converged,111,2954.559908496489,2.1508842481523305e-06,"[7.7400457676308685, 13.944626497154802, 0.6397323724373659]",gyro_bias_x;gyro_bias_y;gyro_bias_z;accel_bias_x;accel_bias_y;accel_bias_z;gyro_gain_x;gyro_gain_y;gyro_gain_z;accel_gain_y;lever_x;lever_y;gravity_delta;time_offset,,`xtol` termination condition is satisfied.
4fad619380ea429cbf6cbcc9,ILVIS0_applanix_57298_610_LVIS_38614965.013,bias1_unsubtracted,flat_still,converged,159,1272.5955154298686,9.042940233387542e-09,"[3.9184751839511835, 9.448826142437406, 0.8418025143802231]",gyro_bias_x;gyro_bias_y;gyro_bias_z;accel_bias_y;gyro_gain_x;gyro_gain_y;gyro_gain_z;accel_gain_x;accel_gain_y;lever_x;lever_y;lever_z;gravity_delta,,`xtol` termination condition is satisfied.
4fad619380ea429cbf6cbcc9,ILVIS0_applanix_57298_610_LVIS_38614965.013,bias1_profiled_removal,sphere_rotating,unresolved,129,0.8545714208165874,0.00011365854436228329,"[0.0436764830778681, 0.016838215201908955, 0.15722160079668562]",gyro_bias_x;gyro_bias_z;gyro_gain_z,,`xtol` termination condition is satisfied.
4fad619380ea429cbf6cbcc9,ILVIS0_applanix_57298_610_LVIS_38614965.013,bias1_profiled_removal,sphere_still,converged,125,2954.559875853251,6.253013735083036e-08,"[7.741186355270935, 13.943909713433971, 0.6397416162070998]",gyro_bias_x;gyro_bias_y;gyro_bias_z;accel_bias_x;accel_bias_y;accel_bias_z;gyro_gain_x;gyro_gain_y;gyro_gain_z;accel_gain_y;lever_x;lever_y;gravity_delta;time_offset;earth_removal,,`xtol` termination condition is satisfied.
4fad619380ea429cbf6cbcc9,ILVIS0_applanix_57298_610_LVIS_38614965.013,bias1_profiled_removal,flat_still,converged,155,1272.5955154996138,4.146234411854927e-08,"[3.9185015483469763, 9.448814785646109, 0.8417781045855297]",gyro_bias_x;gyro_bias_y;gyro_bias_z;accel_bias_y;gyro_gain_x;gyro_gain_y;gyro_gain_z;accel_gain_x;accel_gain_y;lever_x;lever_y;lever_z;gravity_delta;earth_removal,,`xtol` termination condition is satisfied.
d4e793dd58b79bf4d95c692b,ILVIS0_applanix_57298_610_loaner_03Oct15LVIS.013,bias1_unsubtracted,sphere_rotating,converged,177,3.585770975709301,3.2510560798547045e-09,"[0.036404102881694586, 0.062072534286379176, 1.6016149061014984]",gyro_bias_z;accel_bias_z;gyro_gain_z;gravity_delta,,`xtol` termination condition is satisfied.
d4e793dd58b79bf4d95c692b,ILVIS0_applanix_57298_610_loaner_03Oct15LVIS.013,bias1_unsubtracted,sphere_still,converged,83,27922.69362827584,6.92102924065757e-07,"[37.34829234573431, 26.122635500188178, 1.5845576993841186]",gyro_bias_x;gyro_bias_y;gyro_bias_z;accel_bias_x;accel_bias_y;accel_bias_z;gyro_gain_x;gyro_gain_y;gyro_gain_z;accel_gain_x;accel_gain_y;lever_x;lever_y;gravity_delta;time_offset,,`xtol` termination condition is satisfied.
d4e793dd58b79bf4d95c692b,ILVIS0_applanix_57298_610_loaner_03Oct15LVIS.013,bias1_unsubtracted,flat_still,unresolved,200,27269.58530473116,0.006345578453719308,"[11.569685681612578, 50.95862251811424, 1.5326618033815167]",position_y;gyro_bias_x;gyro_bias_y;gyro_bias_z;accel_bias_x;accel_bias_y;gyro_gain_x;gyro_gain_y;gyro_gain_z;accel_gain_x;lever_x;lever_y;lever_z;gravity_delta;time_offset,,The maximum number of function evaluations is exceeded.
d4e793dd58b79bf4d95c692b,ILVIS0_applanix_57298_610_loaner_03Oct15LVIS.013,bias1_profiled_removal,sphere_rotating,unresolved,200,3.7292476581646454,0.00033347147905577287,"[0.036873538370144635, 0.06564796597843964, 1.6585821130913334]",gyro_bias_z;gyro_gain_z;earth_removal,,The maximum number of function evaluations is exceeded.
d4e793dd58b79bf4d95c692b,ILVIS0_applanix_57298_610_loaner_03Oct15LVIS.013,bias1_profiled_removal,sphere_still,converged,83,27922.693635138716,2.730882133319996e-10,"[37.348294646434354, 26.12263064263642, 1.5845577713543937]",gyro_bias_x;gyro_bias_y;gyro_bias_z;accel_bias_x;accel_bias_y;accel_bias_z;gyro_gain_x;gyro_gain_y;gyro_gain_z;accel_gain_x;accel_gain_y;lever_x;lever_y;gravity_delta;time_offset;earth_removal,,`xtol` termination condition is satisfied.
d4e793dd58b79bf4d95c692b,ILVIS0_applanix_57298_610_loaner_03Oct15LVIS.013,bias1_profiled_removal,flat_still,unresolved,200,27272.77370986207,0.0013974027613603095,"[11.592646666762406, 50.94451054137351, 1.5216095759809933]",position_y;gyro_bias_x;gyro_bias_y;gyro_bias_z;accel_bias_x;accel_bias_y;gyro_gain_x;gyro_gain_y;gyro_gain_z;accel_gain_x;lever_x;lever_y;lever_z;gravity_delta;time_offset;earth_removal,,The maximum number of function evaluations is exceeded.
570b37d23af5e245dd461051,ILVIS0_applanix_57300_610_LVIS_38614965.013,bias1_unsubtracted,sphere_rotating,converged,127,2.3110260839923398,2.272132925347096e-09,"[0.057442825377871425, 0.05673715815527098, 0.6965425288630508]",gyro_bias_z;gyro_gain_z;gravity_delta,,`xtol` termination condition is satisfied.
570b37d23af5e245dd461051,ILVIS0_applanix_57300_610_LVIS_38614965.013,bias1_unsubtracted,sphere_still,converged,172,10747.016232348018,9.283198409270393e-10,"[23.357233059108783, 17.18129690330679, 0.9355893650715376]",gyro_bias_y;gyro_bias_z;accel_bias_x;accel_bias_y;accel_bias_z;gyro_gain_x;gyro_gain_y;gyro_gain_z;accel_gain_x;accel_gain_y;lever_x;lever_y;gravity_delta;time_offset,,`xtol` termination condition is satisfied.
570b37d23af5e245dd461051,ILVIS0_applanix_57300_610_LVIS_38614965.013,bias1_unsubtracted,flat_still,converged,175,49304.20124662942,1.607465219275559e-10,"[58.276078683408755, 25.35018479898114, 1.4943481324840906]",position_y;gyro_bias_x;gyro_bias_y;gyro_bias_z;accel_bias_x;accel_bias_y;accel_bias_z;gyro_gain_x;gyro_gain_y;gyro_gain_z;accel_gain_x;accel_gain_y;lever_x;lever_y;gravity_delta,,`xtol` termination condition is satisfied.
570b37d23af5e245dd461051,ILVIS0_applanix_57300_610_LVIS_38614965.013,bias1_profiled_removal,sphere_rotating,converged,146,2.311026082975893,2.2057685587274543e-09,"[0.05744282546699896, 0.05673715786390004, 0.6965425291408581]",gyro_bias_z;gyro_gain_z;gravity_delta;earth_removal,,`xtol` termination condition is satisfied.
570b37d23af5e245dd461051,ILVIS0_applanix_57300_610_LVIS_38614965.013,bias1_profiled_removal,sphere_still,converged,182,10747.016232433913,1.7302945644941355e-11,"[23.35723304380381, 17.1812969162246, 0.9355893642603726]",gyro_bias_y;gyro_bias_z;accel_bias_x;accel_bias_y;accel_bias_z;gyro_gain_x;gyro_gain_y;gyro_gain_z;accel_gain_x;accel_gain_y;lever_x;lever_y;gravity_delta;time_offset;earth_removal,,`xtol` termination condition is satisfied.
570b37d23af5e245dd461051,ILVIS0_applanix_57300_610_LVIS_38614965.013,bias1_profiled_removal,flat_still,converged,167,45776.369273860655,1.5226078090084912e-10,"[58.56326486642846, 15.25358621781382, 1.6452612051007682]",position_y;gyro_bias_x;gyro_bias_y;gyro_bias_z;accel_bias_x;accel_bias_y;accel_bias_z;gyro_gain_x;gyro_gain_y;gyro_gain_z;accel_gain_x;accel_gain_y;lever_x;lever_y;gravity_delta,,`xtol` termination condition is satisfied.
8dacbcf9f1e2774318723460,ILVIS0_applanix_57300_610_loaner_05Oct15LVIS.013,bias1_unsubtracted,sphere_rotating,converged,145,1.9218892942732717,1.4034447614645946e-05,"[0.053747346011408216, 0.06201907482649778, 0.24743473117298315]",gyro_bias_z;gyro_gain_x;gyro_gain_z;gravity_delta,,`xtol` termination condition is satisfied.
8dacbcf9f1e2774318723460,ILVIS0_applanix_57300_610_loaner_05Oct15LVIS.013,bias1_unsubtracted,sphere_still,converged,138,6665.432656913999,5.193810156057622e-10,"[3.654030431233796, 21.184147924701406, 6.095092825707574]",gyro_bias_x;gyro_bias_y;gyro_bias_z;accel_bias_x;accel_bias_y;gyro_gain_x;gyro_gain_y;gyro_gain_z;lever_x;lever_y;gravity_delta;time_offset,,`xtol` termination condition is satisfied.
8dacbcf9f1e2774318723460,ILVIS0_applanix_57300_610_loaner_05Oct15LVIS.013,bias1_unsubtracted,flat_still,converged,84,29871.72566245026,1.823194630348734e-06,"[35.49325215107363, 34.166728411396164, 5.741985892603692]",position_y;gyro_bias_x;gyro_bias_y;gyro_bias_z;accel_bias_x;accel_bias_y;accel_bias_z;gyro_gain_x;gyro_gain_y;gyro_gain_z;accel_gain_x;accel_gain_y;lever_x;lever_y;gravity_delta,,`xtol` termination condition is satisfied.
8dacbcf9f1e2774318723460,ILVIS0_applanix_57300_610_loaner_05Oct15LVIS.013,bias1_profiled_removal,sphere_rotating,converged,187,1.921889369872722,7.459106740675264e-07,"[0.053746608861184195, 0.062019388866887674, 0.24743651351599222]",gyro_bias_z;gyro_gain_x;gyro_gain_z;gravity_delta;earth_removal,,`xtol` termination condition is satisfied.
8dacbcf9f1e2774318723460,ILVIS0_applanix_57300_610_loaner_05Oct15LVIS.013,bias1_profiled_removal,sphere_still,converged,157,6665.432658000162,1.6428949834239664e-08,"[3.653987247804831, 21.184154083594613, 6.095108352157606]",gyro_bias_x;gyro_bias_y;gyro_bias_z;accel_bias_x;accel_bias_y;gyro_gain_x;gyro_gain_y;gyro_gain_z;lever_x;lever_y;gravity_delta;time_offset;earth_removal,,`xtol` termination condition is satisfied.
8dacbcf9f1e2774318723460,ILVIS0_applanix_57300_610_loaner_05Oct15LVIS.013,bias1_profiled_removal,flat_still,converged,76,29871.72574266682,4.7693058541328695e-06,"[35.49327287260414, 34.16672155607693, 5.741453456593522]",position_y;gyro_bias_x;gyro_bias_y;gyro_bias_z;accel_bias_x;accel_bias_y;accel_bias_z;gyro_gain_x;gyro_gain_y;gyro_gain_z;accel_gain_x;accel_gain_y;lever_x;lever_y;gravity_delta;earth_removal,,`xtol` termination condition is satisfied.
a953c8ddf4fae255674de128,ILVIS0_applanix_57302_610_DMS_07Oct15DMS.013,bias1_unsubtracted,sphere_rotating,converged,152,2.5035500730594307,6.836627604538501e-05,"[0.13650697010437574, 0.11587023423275693, 0.7332102003969961]",gyro_bias_z;gyro_gain_y;gyro_gain_z;gravity_delta,,`xtol` termination condition is satisfied.
a953c8ddf4fae255674de128,ILVIS0_applanix_57302_610_DMS_07Oct15DMS.013,bias1_unsubtracted,sphere_still,converged,97,143685.18468041837,2.686917319909575e-09,"[75.6107968096247, 82.95095865850998, 3.0393817189823196]",gyro_bias_x;gyro_bias_y;gyro_bias_z;accel_bias_x;accel_bias_y;accel_bias_z;gyro_gain_x;gyro_gain_y;gyro_gain_z;accel_gain_x;accel_gain_y;lever_x;lever_y;lever_z;gravity_delta;time_offset,,`xtol` termination condition is satisfied.
a953c8ddf4fae255674de128,ILVIS0_applanix_57302_610_DMS_07Oct15DMS.013,bias1_unsubtracted,flat_still,converged,189,45812.189004944485,5.636336485955385e-10,"[12.088241375372009, 65.31461966950546, 7.654567883634545]",velocity_y;position_y;gyro_bias_x;gyro_bias_y;gyro_bias_z;accel_bias_x;accel_bias_y;accel_bias_z;gyro_gain_x;gyro_gain_y;gyro_gain_z;accel_gain_x;accel_gain_y;lever_x;lever_y;lever_z;gravity_delta;time_offset,,`xtol` termination condition is satisfied.
a953c8ddf4fae255674de128,ILVIS0_applanix_57302_610_DMS_07Oct15DMS.013,bias1_profiled_removal,sphere_rotating,unresolved,200,2.3830964863945447,0.00016550627085809208,"[0.0986083863016967, 0.1282135947422227, 0.7287449579308044]",gyro_bias_y;gyro_bias_z;gyro_gain_y;gyro_gain_z,,The maximum number of function evaluations is exceeded.
a953c8ddf4fae255674de128,ILVIS0_applanix_57302_610_DMS_07Oct15DMS.013,bias1_profiled_removal,sphere_still,converged,95,143685.18464915577,5.131087953748788e-09,"[75.61078702586221, 82.95096748614134, 3.0393815872903134]",gyro_bias_x;gyro_bias_y;gyro_bias_z;accel_bias_x;accel_bias_y;accel_bias_z;gyro_gain_x;gyro_gain_y;gyro_gain_z;accel_gain_x;accel_gain_y;lever_x;lever_y;lever_z;gravity_delta;time_offset;earth_removal,,`xtol` termination condition is satisfied.
a953c8ddf4fae255674de128,ILVIS0_applanix_57302_610_DMS_07Oct15DMS.013,bias1_profiled_removal,flat_still,converged,185,45812.18900518053,1.8408010255523357e-11,"[12.088241377983607, 65.31461966977031, 7.654567977343875]",velocity_y;position_y;gyro_bias_x;gyro_bias_y;gyro_bias_z;accel_bias_x;accel_bias_y;accel_bias_z;gyro_gain_x;gyro_gain_y;gyro_gain_z;accel_gain_x;accel_gain_y;lever_x;lever_y;lever_z;gravity_delta;time_offset;earth_removal,,`xtol` termination condition is satisfied.
711e7aade97a54f71ac5d9c5,ILVIS0_applanix_57302_610_LVIS_38614965.013,bias1_unsubtracted,sphere_rotating,converged,116,0.8813364843383337,1.2925007185317782e-07,"[0.018400183666760897, 0.01926657550975852, 0.2031511335755182]",gyro_bias_z;gyro_gain_z,,`xtol` termination condition is satisfied.
711e7aade97a54f71ac5d9c5,ILVIS0_applanix_57302_610_LVIS_38614965.013,bias1_unsubtracted,sphere_still,converged,114,12667.908753080212,1.2240298047200822e-06,"[16.23768603979855, 30.52446740368615, 0.9286230579380294]",gyro_bias_x;gyro_bias_y;gyro_bias_z;accel_bias_x;accel_bias_z;gyro_gain_x;gyro_gain_y;gyro_gain_z;accel_gain_y;lever_x;lever_y;lever_z;gravity_delta,,`xtol` termination condition is satisfied.
711e7aade97a54f71ac5d9c5,ILVIS0_applanix_57302_610_LVIS_38614965.013,bias1_unsubtracted,flat_still,converged,180,1724.8567465734761,1.656393109967252e-09,"[4.693543272596485, 11.457924130817945, 1.5565636606512459]",gyro_bias_x;gyro_bias_y;gyro_bias_z;accel_bias_y;gyro_gain_x;gyro_gain_y;gyro_gain_z;accel_gain_x;accel_gain_y;lever_x;lever_z;gravity_delta;time_offset,,`xtol` termination condition is satisfied.
711e7aade97a54f71ac5d9c5,ILVIS0_applanix_57302_610_LVIS_38614965.013,bias1_profiled_removal,sphere_rotating,converged,96,0.8812049487387202,6.228231658805579e-05,"[0.018417060913071152, 0.019182216786076078, 0.2030580828645634]",gyro_bias_z;gyro_gain_z,,`xtol` termination condition is satisfied.
711e7aade97a54f71ac5d9c5,ILVIS0_applanix_57302_610_LVIS_38614965.013,bias1_profiled_removal,sphere_still,converged,134,12667.90854078244,1.2416126406981038e-08,"[16.240218217822296, 30.522972148805792, 0.9287353585979254]",gyro_bias_x;gyro_bias_y;gyro_bias_z;accel_bias_x;accel_bias_z;gyro_gain_x;gyro_gain_y;gyro_gain_z;accel_gain_y;lever_x;lever_y;lever_z;gravity_delta;earth_removal,,`xtol` termination condition is satisfied.
711e7aade97a54f71ac5d9c5,ILVIS0_applanix_57302_610_LVIS_38614965.013,bias1_profiled_removal,flat_still,converged,187,1724.8567467112684,2.619174102638016e-09,"[4.6935427478464495, 11.457924261240267, 1.5565632561578429]",gyro_bias_x;gyro_bias_y;gyro_bias_z;accel_bias_y;gyro_gain_x;gyro_gain_y;gyro_gain_z;accel_gain_x;accel_gain_y;lever_x;lever_z;gravity_delta;time_offset;earth_removal,,`xtol` termination condition is satisfied.
31d7e5019dfdc9e2e6387206,ILVIS0_applanix_57302_610_loaner_07Oct15LVIS.013,bias1_unsubtracted,sphere_rotating,converged,150,0.978621340006078,6.980902426350514e-08,"[0.06701531792214085, 0.12162087169734724, 0.38630249690487845]",gyro_bias_z;gyro_gain_z;gravity_delta,,`xtol` termination condition is satisfied.
31d7e5019dfdc9e2e6387206,ILVIS0_applanix_57302_610_loaner_07Oct15LVIS.013,bias1_unsubtracted,sphere_still,converged,160,123494.88893107498,1.237667563968872e-07,"[69.45564276773098, 77.40903528275595, 3.229349492770897]",gyro_bias_x;gyro_bias_y;gyro_bias_z;accel_bias_x;accel_bias_y;accel_bias_z;gyro_gain_x;gyro_gain_y;gyro_gain_z;accel_gain_x;accel_gain_y;lever_x;lever_y;gravity_delta;time_offset,,`xtol` termination condition is satisfied.
31d7e5019dfdc9e2e6387206,ILVIS0_applanix_57302_610_loaner_07Oct15LVIS.013,bias1_unsubtracted,flat_still,converged,173,47267.56926328811,2.59539975570652e-10,"[13.213961104934455, 67.65469295583681, 7.216756217414023]",position_y;gyro_bias_x;gyro_bias_y;gyro_bias_z;accel_bias_x;accel_bias_y;accel_bias_z;gyro_gain_x;gyro_gain_y;gyro_gain_z;accel_gain_x;accel_gain_y;lever_x;lever_y;lever_z;gravity_delta;time_offset,,`xtol` termination condition is satisfied.
31d7e5019dfdc9e2e6387206,ILVIS0_applanix_57302_610_loaner_07Oct15LVIS.013,bias1_profiled_removal,sphere_rotating,converged,155,0.9786212867607605,2.0244222636297774e-09,"[0.06701541914070913, 0.12162074900562593, 0.38630248399870754]",gyro_bias_z;gyro_gain_z;gravity_delta;earth_removal,,`xtol` termination condition is satisfied.
31d7e5019dfdc9e2e6387206,ILVIS0_applanix_57302_610_loaner_07Oct15LVIS.013,bias1_profiled_removal,sphere_still,converged,152,123494.88895529896,1.2359820907609343e-07,"[69.45564128201067, 77.40903662068202, 3.229349912510888]",gyro_bias_x;gyro_bias_y;gyro_bias_z;accel_bias_x;accel_bias_y;accel_bias_z;gyro_gain_x;gyro_gain_y;gyro_gain_z;accel_gain_x;accel_gain_y;lever_x;lever_y;gravity_delta;time_offset;earth_removal,,`xtol` termination condition is satisfied.
31d7e5019dfdc9e2e6387206,ILVIS0_applanix_57302_610_loaner_07Oct15LVIS.013,bias1_profiled_removal,flat_still,converged,170,47267.569263461744,9.177982741612272e-11,"[13.213961105933437, 67.65469295630363, 7.216756218626592]",position_y;gyro_bias_x;gyro_bias_y;gyro_bias_z;accel_bias_x;accel_bias_y;accel_bias_z;gyro_gain_x;gyro_gain_y;gyro_gain_z;accel_gain_x;accel_gain_y;lever_x;lever_y;lever_z;gravity_delta;time_offset;earth_removal,,`xtol` termination condition is satisfied.
f66ab49757292bc3c396aba2,ILVIS0_applanix_57305_610_DMS_10Oct15DMS.013,bias1_unsubtracted,sphere_rotating,converged,190,3.6511737385755376,9.73422003148741e-09,"[0.09207809099729669, 0.09567717849417648, 1.1925717175227768]",gyro_bias_z;gyro_gain_z;gravity_delta,,`xtol` termination condition is satisfied.
f66ab49757292bc3c396aba2,ILVIS0_applanix_57305_610_DMS_10Oct15DMS.013,bias1_unsubtracted,sphere_still,converged,67,124909.6303249037,1.698315439515188e-08,"[67.42848529105615, 76.23348336641683, 4.516588127777278]",position_x;gyro_bias_x;gyro_bias_y;gyro_bias_z;accel_bias_x;accel_bias_y;accel_bias_z;gyro_gain_x;gyro_gain_y;gyro_gain_z;accel_gain_x;accel_gain_y;lever_x;lever_y;lever_z;gravity_delta,,`xtol` termination condition is satisfied.
f66ab49757292bc3c396aba2,ILVIS0_applanix_57305_610_DMS_10Oct15DMS.013,bias1_unsubtracted,flat_still,converged,145,93671.01337612147,1.4659071512995673e-08,"[26.384625400731284, 97.27996193788911, 3.298319892943898]",position_y;gyro_bias_x;gyro_bias_y;gyro_bias_z;accel_bias_y;accel_bias_z;gyro_gain_x;gyro_gain_y;gyro_gain_z;accel_gain_x;accel_gain_y;lever_x;lever_y;lever_z;gravity_delta;time_offset,,`xtol` termination condition is satisfied.
f66ab49757292bc3c396aba2,ILVIS0_applanix_57305_610_DMS_10Oct15DMS.013,bias1_profiled_removal,sphere_rotating,unresolved,200,3.6620689513293256,0.0011462826688313115,"[0.09290325639185514, 0.09688901940568552, 1.1991461677094646]",gyro_bias_z;gyro_gain_z;earth_removal,,The maximum number of function evaluations is exceeded.
f66ab49757292bc3c396aba2,ILVIS0_applanix_57305_610_DMS_10Oct15DMS.013,bias1_profiled_removal,sphere_still,unresolved,66,124909.64766984503,0.0024400963577424135,"[67.42673774144434, 76.23548996985133, 4.517004520213297]",position_x;gyro_bias_x;gyro_bias_y;gyro_bias_z;accel_bias_x;accel_bias_y;accel_bias_z;gyro_gain_x;gyro_gain_y;gyro_gain_z;accel_gain_x;accel_gain_y;lever_x;lever_y;lever_z;gravity_delta;earth_removal,,`xtol` termination condition is satisfied.
f66ab49757292bc3c396aba2,ILVIS0_applanix_57305_610_DMS_10Oct15DMS.013,bias1_profiled_removal,flat_still,converged,150,93671.01337665966,1.3322516877565713e-08,"[26.384625568061335, 97.27996195702288, 3.2983199540073964]",position_y;gyro_bias_x;gyro_bias_y;gyro_bias_z;accel_bias_y;accel_bias_z;gyro_gain_x;gyro_gain_y;gyro_gain_z;accel_gain_x;accel_gain_y;lever_x;lever_y;lever_z;gravity_delta;time_offset;earth_removal,,`xtol` termination condition is satisfied.
e543e7b6e878b96a1966dbb6,ILVIS0_applanix_57305_610_LVIS_38614965.013,bias1_unsubtracted,sphere_rotating,unresolved,200,1.8712133651457206,0.00029471799233510537,"[0.06204876625111139, 0.050151918497270354, 0.5853415165648442]",gyro_gain_z,,The maximum number of function evaluations is exceeded.
e543e7b6e878b96a1966dbb6,ILVIS0_applanix_57305_610_LVIS_38614965.013,bias1_unsubtracted,sphere_still,unresolved,200,4018.3706794655222,9.801026019823595e-11,"[14.673583239278662, 10.153518521481312, 0.9311261796517297]",gyro_bias_x;gyro_bias_y;gyro_bias_z;accel_bias_x;accel_bias_y;accel_bias_z;gyro_gain_x;gyro_gain_y;gyro_gain_z;accel_gain_x;accel_gain_y;lever_x;lever_y;gravity_delta;time_offset,,The maximum number of function evaluations is exceeded.
e543e7b6e878b96a1966dbb6,ILVIS0_applanix_57305_610_LVIS_38614965.013,bias1_unsubtracted,flat_still,converged,171,6730.923591243253,5.118464976197841e-10,"[2.726580200522072, 24.09110960791451, 1.1913222322013355]",position_y;gyro_bias_x;gyro_bias_y;gyro_bias_z;accel_bias_x;accel_bias_y;accel_bias_z;gyro_gain_x;gyro_gain_y;gyro_gain_z;accel_gain_x;accel_gain_y;lever_x;lever_z;gravity_delta;time_offset,,`xtol` termination condition is satisfied.
e543e7b6e878b96a1966dbb6,ILVIS0_applanix_57305_610_LVIS_38614965.013,bias1_profiled_removal,sphere_rotating,converged,176,1.8404246935230213,8.505363487820243e-05,"[0.05695197425581231, 0.03635442818971591, 0.5812389879049548]",gyro_bias_x;gyro_bias_z,,`xtol` termination condition is satisfied.
e543e7b6e878b96a1966dbb6,ILVIS0_applanix_57305_610_LVIS_38614965.013,bias1_profiled_removal,sphere_still,unresolved,200,4033.9794433869956,0.07072805681221726,"[14.723409684544068, 10.157221976404157, 0.8766374767011903]",gyro_bias_x;gyro_bias_y;gyro_bias_z;accel_bias_x;gyro_gain_x;gyro_gain_y;gyro_gain_z;accel_gain_x;lever_x;gravity_delta;earth_removal,,The maximum number of function evaluations is exceeded.
e543e7b6e878b96a1966dbb6,ILVIS0_applanix_57305_610_LVIS_38614965.013,bias1_profiled_removal,flat_still,converged,169,6730.923591349875,6.035974279941063e-11,"[2.726580207015831, 24.0911096035251, 1.1913222358817046]",position_y;gyro_bias_x;gyro_bias_y;gyro_bias_z;accel_bias_x;accel_bias_y;accel_bias_z;gyro_gain_x;gyro_gain_y;gyro_gain_z;accel_gain_x;accel_gain_y;lever_x;lever_z;gravity_delta;time_offset;earth_removal,,`xtol` termination condition is satisfied.
9f4d888995ab94bb8eff4df6,ILVIS0_applanix_57305_610_loaner_10Oct15LVIS.013,bias1_unsubtracted,sphere_rotating,unresolved,200,3.3019958181346687,3.09124348491862e-06,"[0.07582879384649163, 0.08265858930608871, 1.3703788363833045]",gyro_gain_x;gyro_gain_z,,The maximum number of function evaluations is exceeded.
9f4d888995ab94bb8eff4df6,ILVIS0_applanix_57305_610_loaner_10Oct15LVIS.013,bias1_unsubtracted,sphere_still,converged,58,90591.9700583665,9.814843233465217e-12,"[69.4903573430957, 47.08799241723496, 3.855204345919981]",position_x;gyro_bias_x;gyro_bias_y;gyro_bias_z;accel_bias_x;accel_bias_y;accel_bias_z;gyro_gain_x;gyro_gain_y;gyro_gain_z;accel_gain_x;accel_gain_y;lever_x;lever_y;lever_z;gravity_delta,,`xtol` termination condition is satisfied.
9f4d888995ab94bb8eff4df6,ILVIS0_applanix_57305_610_loaner_10Oct15LVIS.013,bias1_unsubtracted,flat_still,unresolved,200,29385.718538099816,4.035520907625659e-06,"[18.793777867519044, 39.07350378978938, 2.802661724654923]",position_y;gyro_bias_x;gyro_bias_y;gyro_bias_z;accel_bias_x;accel_bias_y;accel_bias_z;gyro_gain_x;gyro_gain_y;gyro_gain_z;accel_gain_x;accel_gain_y;lever_x;lever_y;lever_z;gravity_delta;time_offset,,The maximum number of function evaluations is exceeded.
9f4d888995ab94bb8eff4df6,ILVIS0_applanix_57305_610_loaner_10Oct15LVIS.013,bias1_profiled_removal,sphere_rotating,unresolved,200,3.298920152813548,0.0022812264822206505,"[0.07050487508151936, 0.08390563768967929, 1.3757650126669112]",gyro_bias_z;gyro_gain_x;gyro_gain_z,,The maximum number of function evaluations is exceeded.
9f4d888995ab94bb8eff4df6,ILVIS0_applanix_57305_610_loaner_10Oct15LVIS.013,bias1_profiled_removal,sphere_still,converged,66,90591.97005028199,1.5554710578399734e-10,"[69.49035738829068, 47.08799232971184, 3.8552043458427874]",position_x;gyro_bias_x;gyro_bias_y;gyro_bias_z;accel_bias_x;accel_bias_y;accel_bias_z;gyro_gain_x;gyro_gain_y;gyro_gain_z;accel_gain_x;accel_gain_y;lever_x;lever_y;lever_z;gravity_delta;earth_removal,,`xtol` termination condition is satisfied.
9f4d888995ab94bb8eff4df6,ILVIS0_applanix_57305_610_loaner_10Oct15LVIS.013,bias1_profiled_removal,flat_still,unresolved,200,29385.718525642307,3.042070351757393e-06,"[18.793817333594546, 39.07350402983065, 2.8029118735004954]",position_y;gyro_bias_x;gyro_bias_y;gyro_bias_z;accel_bias_x;accel_bias_y;accel_bias_z;gyro_gain_x;gyro_gain_y;gyro_gain_z;accel_gain_x;accel_gain_y;lever_x;lever_y;lever_z;gravity_delta;time_offset;earth_removal,,The maximum number of function evaluations is exceeded.
705de394963c8be15c580512,ILVIS0_applanix_57307_610_DMS_12Oct15DMS.013,bias1_unsubtracted,sphere_rotating,unresolved,82,0.30149529989280566,0.00011650446050111059,"[0.0355253812393602, 0.013791570768290379, 0.11572293285178335]",gyro_bias_z;gyro_gain_z,,`xtol` termination condition is satisfied.
705de394963c8be15c580512,ILVIS0_applanix_57307_610_DMS_12Oct15DMS.013,bias1_unsubtracted,sphere_still,converged,126,1940.0746639860195,1.4672378663598373e-05,"[2.981381617803034, 12.523835346533902, 0.25740602544508817]",gyro_bias_x;gyro_bias_y;gyro_bias_z;accel_bias_x;accel_bias_y;accel_bias_z;gyro_gain_x;gyro_gain_y;gyro_gain_z;accel_gain_x;accel_gain_y;lever_x;lever_y;lever_z;gravity_delta;time_offset,,`xtol` termination condition is satisfied.
705de394963c8be15c580512,ILVIS0_applanix_57307_610_DMS_12Oct15DMS.013,bias1_unsubtracted,flat_still,converged,167,2156.7179965675537,2.980249661935042e-10,"[7.3000268186096395, 8.781725457505354, 0.47697340873567906]",position_y;gyro_bias_x;gyro_bias_y;gyro_bias_z;accel_bias_x;accel_bias_y;gyro_gain_x;gyro_gain_y;gyro_gain_z;accel_gain_x;accel_gain_y;lever_x;lever_y;lever_z;gravity_delta,,`xtol` termination condition is satisfied.
705de394963c8be15c580512,ILVIS0_applanix_57307_610_DMS_12Oct15DMS.013,bias1_profiled_removal,sphere_rotating,converged,77,0.30150756624791447,8.598257343246204e-05,"[0.035526698259010586, 0.013808107729981825, 0.11571636564887164]",gyro_bias_z;gyro_gain_z;earth_removal,,`xtol` termination condition is satisfied.
705de394963c8be15c580512,ILVIS0_applanix_57307_610_DMS_12Oct15DMS.013,bias1_profiled_removal,sphere_still,converged,121,1940.0746658563394,1.4570483043943443e-07,"[2.9813546435780482, 12.52386976415637, 0.2574994834007155]",gyro_bias_x;gyro_bias_y;gyro_bias_z;accel_bias_x;accel_bias_y;accel_bias_z;gyro_gain_x;gyro_gain_y;gyro_gain_z;accel_gain_x;accel_gain_y;lever_x;lever_y;lever_z;gravity_delta;time_offset;earth_removal,,`xtol` termination condition is satisfied.
705de394963c8be15c580512,ILVIS0_applanix_57307_610_DMS_12Oct15DMS.013,bias1_profiled_removal,flat_still,converged,170,2156.7179956903155,1.6537587299631757e-08,"[7.300027436464503, 8.781727087726644, 0.4768858929370814]",position_y;gyro_bias_x;gyro_bias_y;gyro_bias_z;accel_bias_x;accel_bias_y;gyro_gain_x;gyro_gain_y;gyro_gain_z;accel_gain_x;accel_gain_y;lever_x;lever_y;lever_z;gravity_delta;earth_removal,,`xtol` termination condition is satisfied.
74ec8f62cb621604ddcdde9c,ILVIS0_applanix_57307_610_loaner_12Oct15LVIS.013,bias1_unsubtracted,sphere_rotating,converged,170,1.879946799755671,8.68040919520454e-06,"[0.04283692639148914, 0.03507464709062765, 1.1425314678618939]",gyro_bias_z;gyro_gain_z,,`xtol` termination condition is satisfied.
74ec8f62cb621604ddcdde9c,ILVIS0_applanix_57307_610_loaner_12Oct15LVIS.013,bias1_unsubtracted,sphere_still,converged,161,9711.978464117079,1.24762674175611e-06,"[22.37130311260335, 11.428979493471765, 1.0238993680016666]",gyro_bias_x;gyro_bias_z;accel_bias_x;accel_bias_y;accel_bias_z;gyro_gain_x;gyro_gain_y;gyro_gain_z;accel_gain_x;accel_gain_y;lever_x;lever_y;lever_z;gravity_delta;time_offset,,`xtol` termination condition is satisfied.
74ec8f62cb621604ddcdde9c,ILVIS0_applanix_57307_610_loaner_12Oct15LVIS.013,bias1_unsubtracted,flat_still,converged,160,36405.03916343457,1.4166511116941428e-10,"[15.728505845469645, 53.41347510910676, 1.4080062528739425]",position_y;gyro_bias_x;gyro_bias_y;gyro_bias_z;accel_bias_x;accel_bias_y;accel_bias_z;gyro_gain_x;gyro_gain_y;gyro_gain_z;accel_gain_y;lever_x;lever_y;lever_z;gravity_delta;time_offset,,`xtol` termination condition is satisfied.
74ec8f62cb621604ddcdde9c,ILVIS0_applanix_57307_610_loaner_12Oct15LVIS.013,bias1_profiled_removal,sphere_rotating,unresolved,102,1.8843885585458469,0.00044882725257401764,"[0.04339159675739294, 0.03528003105112174, 1.144541361892748]",gyro_bias_z;gyro_gain_z;earth_removal,,`xtol` termination condition is satisfied.
74ec8f62cb621604ddcdde9c,ILVIS0_applanix_57307_610_loaner_12Oct15LVIS.013,bias1_profiled_removal,sphere_still,converged,154,9711.978466125234,4.831026365724981e-10,"[22.37130072261979, 11.428983232203787, 1.023850671961667]",gyro_bias_x;gyro_bias_z;accel_bias_x;accel_bias_y;accel_bias_z;gyro_gain_x;gyro_gain_y;gyro_gain_z;accel_gain_x;accel_gain_y;lever_x;lever_y;lever_z;gravity_delta;time_offset;earth_removal,,`xtol` termination condition is satisfied.
74ec8f62cb621604ddcdde9c,ILVIS0_applanix_57307_610_loaner_12Oct15LVIS.013,bias1_profiled_removal,flat_still,converged,160,36405.039163500966,1.255331494094802e-10,"[15.728505845213904, 53.41347510915805, 1.4080062527287809]",position_y;gyro_bias_x;gyro_bias_y;gyro_bias_z;accel_bias_x;accel_bias_y;accel_bias_z;gyro_gain_x;gyro_gain_y;gyro_gain_z;accel_gain_y;lever_x;lever_y;lever_z;gravity_delta;time_offset;earth_removal,,`xtol` termination condition is satisfied.
a6e658d1550299e4eb9f00a3,ILVIS0_applanix_57312_610_DMS_17Oct15DMS.013,bias1_unsubtracted,sphere_rotating,unresolved,199,3.2494418373016742,0.0018064949232223684,"[0.08650301820408961, 0.08693528607717423, 0.8441568210345114]",gyro_bias_z;gyro_gain_x;gyro_gain_z,,The maximum number of function evaluations is exceeded.
a6e658d1550299e4eb9f00a3,ILVIS0_applanix_57312_610_DMS_17Oct15DMS.013,bias1_unsubtracted,sphere_still,unresolved,200,4239.131407831801,1.456597590626398e-07,"[11.68062628238919, 12.592123291640933, 1.9532599079148152]",gyro_bias_x;gyro_bias_z;accel_bias_x;accel_bias_y;accel_bias_z;gyro_gain_x;gyro_gain_y;gyro_gain_z;accel_gain_x;accel_gain_y;lever_x;lever_y;lever_z;gravity_delta;time_offset,,The maximum number of function evaluations is exceeded.
a6e658d1550299e4eb9f00a3,ILVIS0_applanix_57312_610_DMS_17Oct15DMS.013,bias1_unsubtracted,flat_still,converged,141,29072.71612962646,2.095383920284403e-07,"[36.44722723570601, 29.708023153028186, 0.5831617004614217]",position_y;gyro_bias_x;gyro_bias_z;accel_bias_x;accel_bias_y;accel_bias_z;gyro_gain_x;gyro_gain_y;gyro_gain_z;accel_gain_x;accel_gain_y;lever_x;lever_y;lever_z;gravity_delta;time_offset,,`xtol` termination condition is satisfied.
a6e658d1550299e4eb9f00a3,ILVIS0_applanix_57312_610_DMS_17Oct15DMS.013,bias1_profiled_removal,sphere_rotating,unresolved,200,3.231144181147895,0.001360533028453488,"[0.0816418863882205, 0.09417526114001223, 0.8163921532884956]",gyro_bias_z;gyro_gain_x;gyro_gain_z,,The maximum number of function evaluations is exceeded.
a6e658d1550299e4eb9f00a3,ILVIS0_applanix_57312_610_DMS_17Oct15DMS.013,bias1_profiled_removal,sphere_still,converged,197,4239.1313974150435,2.6719434658394355e-07,"[11.680625925778877, 12.592124358508121, 1.9532547533499174]",gyro_bias_x;gyro_bias_z;accel_bias_x;accel_bias_y;accel_bias_z;gyro_gain_x;gyro_gain_y;gyro_gain_z;accel_gain_x;accel_gain_y;lever_x;lever_y;lever_z;gravity_delta;time_offset;earth_removal,,`xtol` termination condition is satisfied.
a6e658d1550299e4eb9f00a3,ILVIS0_applanix_57312_610_DMS_17Oct15DMS.013,bias1_profiled_removal,flat_still,converged,136,17190.889988069324,1.430718066721044e-06,"[34.661474542322566, 2.3256266496203946, 1.529985101185464]",gyro_bias_x;gyro_bias_y;gyro_bias_z;accel_bias_x;accel_bias_y;accel_bias_z;gyro_gain_x;gyro_gain_y;gyro_gain_z;accel_gain_x;accel_gain_y;lever_x;lever_y;lever_z;gravity_delta;time_offset,,`xtol` termination condition is satisfied.
8f2a00e9f13b367202e4d46a,ILVIS0_applanix_57312_610_LVIS_38614965.013,bias1_unsubtracted,sphere_rotating,converged,131,1.0026394173661177,2.4024708155824596e-06,"[0.04727090908816611, 0.026306824785850298, 0.40031566083663894]",gyro_bias_z;gyro_gain_z,,`xtol` termination condition is satisfied.
8f2a00e9f13b367202e4d46a,ILVIS0_applanix_57312_610_LVIS_38614965.013,bias1_unsubtracted,sphere_still,converged,153,1673.8396946770897,4.4780819608052804e-10,"[8.101646404661249, 6.9909023182312415, 0.38740142170665587]",gyro_bias_x;gyro_bias_z;accel_bias_x;accel_bias_y;accel_bias_z;gyro_gain_x;gyro_gain_y;gyro_gain_z;accel_gain_x;accel_gain_y;lever_x;lever_y;lever_z;gravity_delta;time_offset,,`xtol` termination condition is satisfied.
8f2a00e9f13b367202e4d46a,ILVIS0_applanix_57312_610_LVIS_38614965.013,bias1_unsubtracted,flat_still,converged,134,11332.944558487889,9.244383722906342e-11,"[3.834662751151689, 30.53674614535441, 0.6307091208409336]",position_y;gyro_bias_x;gyro_bias_y;gyro_bias_z;accel_bias_x;accel_bias_y;accel_bias_z;gyro_gain_x;gyro_gain_y;gyro_gain_z;accel_gain_x;accel_gain_y;lever_x;lever_y;lever_z;gravity_delta;time_offset,,`xtol` termination condition is satisfied.
8f2a00e9f13b367202e4d46a,ILVIS0_applanix_57312_610_LVIS_38614965.013,bias1_profiled_removal,sphere_rotating,converged,194,0.9945796525187992,1.8715897646299383e-05,"[0.04382384781849299, 0.026366201143429763, 0.4020717218468367]",gyro_bias_z;gyro_gain_z;gravity_delta,,`xtol` termination condition is satisfied.
8f2a00e9f13b367202e4d46a,ILVIS0_applanix_57312_610_LVIS_38614965.013,bias1_profiled_removal,sphere_still,converged,138,1673.8396947299861,2.2999662540582576e-09,"[8.101646401631253, 6.990902319394459, 0.3874014224467]",gyro_bias_x;gyro_bias_z;accel_bias_x;accel_bias_y;accel_bias_z;gyro_gain_x;gyro_gain_y;gyro_gain_z;accel_gain_x;accel_gain_y;lever_x;lever_y;lever_z;gravity_delta;time_offset;earth_removal,,`xtol` termination condition is satisfied.
8f2a00e9f13b367202e4d46a,ILVIS0_applanix_57312_610_LVIS_38614965.013,bias1_profiled_removal,flat_still,converged,137,11332.944558698862,8.409533775795188e-11,"[3.8346627521956083, 30.536746145318162, 0.6307091208186506]",position_y;gyro_bias_x;gyro_bias_y;gyro_bias_z;accel_bias_x;accel_bias_y;accel_bias_z;gyro_gain_x;gyro_gain_y;gyro_gain_z;accel_gain_x;accel_gain_y;lever_x;lever_y;lever_z;gravity_delta;time_offset;earth_removal,,`xtol` termination condition is satisfied.
8cc288f5de7e88878c04b7f1,ILVIS0_applanix_57312_610_loaner_17Oct15LVIS.013,bias1_unsubtracted,sphere_rotating,unresolved,200,1.6808464460482828,5.203633353130084e-06,"[0.06870602414737885, 0.07664485682875383, 1.0206097760301442]",gyro_bias_z;gyro_gain_z,,The maximum number of function evaluations is exceeded.
8cc288f5de7e88878c04b7f1,ILVIS0_applanix_57312_610_loaner_17Oct15LVIS.013,bias1_unsubtracted,sphere_still,converged,190,3674.9029547015853,5.92972654816298e-11,"[11.437946000828159, 10.63207849198139, 1.711230131560628]",gyro_bias_x;gyro_bias_z;accel_bias_x;accel_bias_y;accel_bias_z;gyro_gain_x;gyro_gain_z;accel_gain_x;accel_gain_y;lever_x;lever_y;gravity_delta;time_offset,,`xtol` termination condition is satisfied.
8cc288f5de7e88878c04b7f1,ILVIS0_applanix_57312_610_loaner_17Oct15LVIS.013,bias1_unsubtracted,flat_still,converged,127,25989.05423829451,4.562108917076416e-07,"[32.60827186929681, 29.693210801826318, 0.6534710193470856]",position_y;gyro_bias_x;gyro_bias_z;accel_bias_x;accel_bias_y;gyro_gain_x;gyro_gain_y;gyro_gain_z;accel_gain_x;accel_gain_y;lever_x;lever_y;gravity_delta;time_offset,,`xtol` termination condition is satisfied.
8cc288f5de7e88878c04b7f1,ILVIS0_applanix_57312_610_loaner_17Oct15LVIS.013,bias1_profiled_removal,sphere_rotating,unresolved,200,1.686788259427694,0.0002661030610279255,"[0.0684232121912518, 0.07637678799809876, 1.0245528563642592]",gyro_bias_z;gyro_gain_z;earth_removal,,The maximum number of function evaluations is exceeded.
8cc288f5de7e88878c04b7f1,ILVIS0_applanix_57312_610_loaner_17Oct15LVIS.013,bias1_profiled_removal,sphere_still,unresolved,200,3806.206575745874,0.011403869417271971,"[11.498923391257652, 11.002895413010492, 1.5113906010589357]",gyro_bias_x;gyro_bias_z;gyro_gain_x;gyro_gain_y;gyro_gain_z;accel_gain_x;accel_gain_y;lever_x;lever_y;earth_removal,,The maximum number of function evaluations is exceeded.
8cc288f5de7e88878c04b7f1,ILVIS0_applanix_57312_610_loaner_17Oct15LVIS.013,bias1_profiled_removal,flat_still,converged,145,14596.35420496443,5.542266240230214e-09,"[30.597230514962817, 2.428651121823632, 1.5243998007702757]",gyro_bias_x;gyro_bias_y;gyro_bias_z;accel_bias_x;accel_bias_y;accel_bias_z;gyro_gain_x;gyro_gain_y;gyro_gain_z;accel_gain_x;accel_gain_y;lever_x;lever_y;gravity_delta;time_offset,,`xtol` termination condition is satisfied.
50f24131843071ae9312c082,ILVIS0_applanix_57315_610_DMS_20Oct15DMS.013,bias1_unsubtracted,sphere_rotating,unresolved,199,4.365356660359413,2.787170866681677e-05,"[0.120833243328736, 0.09528768802229873, 1.0339181180801136]",gyro_bias_z;gyro_gain_z,,The maximum number of function evaluations is exceeded.
50f24131843071ae9312c082,ILVIS0_applanix_57315_610_DMS_20Oct15DMS.013,bias1_unsubtracted,sphere_still,unresolved,199,2604.015652884931,0.0006198869796749938,"[11.453447623361582, 7.640809286839674, 1.0515997084131925]",gyro_bias_x;gyro_bias_z;gyro_gain_x;gyro_gain_y;gyro_gain_z;accel_gain_x;accel_gain_y;lever_x;lever_z;gravity_delta,,The maximum number of function evaluations is exceeded.
50f24131843071ae9312c082,ILVIS0_applanix_57315_610_DMS_20Oct15DMS.013,bias1_unsubtracted,flat_still,converged,148,22203.37909928266,6.766682129142703e-10,"[25.823707140502947, 35.578191556780155, 0.3672009172336845]",position_y;gyro_bias_x;gyro_bias_y;gyro_bias_z;accel_bias_x;accel_bias_y;accel_bias_z;gyro_gain_x;gyro_gain_y;gyro_gain_z;accel_gain_x;accel_gain_y;lever_x;lever_y;lever_z;gravity_delta;time_offset,,`xtol` termination condition is satisfied.
50f24131843071ae9312c082,ILVIS0_applanix_57315_610_DMS_20Oct15DMS.013,bias1_profiled_removal,sphere_rotating,unresolved,200,4.380267074630823,0.00012096987824760463,"[0.11962922465086688, 0.09391046666015858, 1.0464076478099378]",gyro_bias_z;earth_removal,,The maximum number of function evaluations is exceeded.
50f24131843071ae9312c082,ILVIS0_applanix_57315_610_DMS_20Oct15DMS.013,bias1_profiled_removal,sphere_still,unresolved,200,2611.5782326618523,0.004452032956250366,"[11.4740816031283, 7.675209906290323, 1.0445183833737581]",gyro_bias_x;gyro_bias_z;gyro_gain_x;gyro_gain_y;gyro_gain_z;accel_gain_x;accel_gain_y;lever_x;lever_z;gravity_delta;earth_removal,,The maximum number of function evaluations is exceeded.
50f24131843071ae9312c082,ILVIS0_applanix_57315_610_DMS_20Oct15DMS.013,bias1_profiled_removal,flat_still,converged,166,8437.588094169461,2.3458255490797438e-11,"[24.367587230088393, 4.4719206030914584, 0.9515891407174697]",gyro_bias_x;gyro_bias_y;gyro_bias_z;accel_bias_x;accel_bias_y;accel_bias_z;gyro_gain_x;gyro_gain_y;gyro_gain_z;accel_gain_x;accel_gain_y;lever_x;lever_y;lever_z;gravity_delta;time_offset;earth_removal,,`xtol` termination condition is satisfied.
be1d75a0e47ff1c972865ba7,ILVIS0_applanix_57315_610_LVIS_38614965.013,bias1_unsubtracted,sphere_rotating,converged,178,0.7414470460511368,5.608610640657081e-09,"[0.031111576498949946, 0.02312038154972588, 0.1814153578720825]",gyro_bias_z;gravity_delta,,`xtol` termination condition is satisfied.
be1d75a0e47ff1c972865ba7,ILVIS0_applanix_57315_610_LVIS_38614965.013,bias1_unsubtracted,sphere_still,converged,136,54628.930425290186,3.0545466800511666e-09,"[64.85287791677244, 33.30192317113411, 1.6843611108427887]",gyro_bias_x;gyro_bias_y;gyro_bias_z;accel_bias_x;accel_bias_z;gyro_gain_x;gyro_gain_y;gyro_gain_z;accel_gain_x;accel_gain_y;lever_x;lever_y;lever_z;gravity_delta;time_offset,,`xtol` termination condition is satisfied.
be1d75a0e47ff1c972865ba7,ILVIS0_applanix_57315_610_LVIS_38614965.013,bias1_unsubtracted,flat_still,unresolved,199,4948.505905563874,2.685404929516962e-06,"[1.6431433208840638, 19.716031866843522, 2.177331133502548]",position_y;gyro_bias_y;gyro_bias_z;accel_bias_x;accel_bias_y;gyro_gain_x;gyro_gain_y;gyro_gain_z;accel_gain_y;lever_x;lever_y;gravity_delta,,The maximum number of function evaluations is exceeded.
be1d75a0e47ff1c972865ba7,ILVIS0_applanix_57315_610_LVIS_38614965.013,bias1_profiled_removal,sphere_rotating,converged,184,0.7325143152015828,6.893455553520726e-05,"[0.03021303822336262, 0.017224463427919452, 0.18068262126190834]",gyro_bias_x;gyro_gain_z,,`xtol` termination condition is satisfied.
be1d75a0e47ff1c972865ba7,ILVIS0_applanix_57315_610_LVIS_38614965.013,bias1_profiled_removal,sphere_still,converged,159,54628.93094863932,2.345845860868364e-07,"[64.85290879304907, 33.3018605073999, 1.6843800857997964]",gyro_bias_x;gyro_bias_y;gyro_bias_z;accel_bias_x;accel_bias_z;gyro_gain_x;gyro_gain_y;gyro_gain_z;accel_gain_x;accel_gain_y;lever_x;lever_y;lever_z;gravity_delta;time_offset;earth_removal,,`xtol` termination condition is satisfied.
be1d75a0e47ff1c972865ba7,ILVIS0_applanix_57315_610_LVIS_38614965.013,bias1_profiled_removal,flat_still,unresolved,200,4948.456302586763,3.696478379993608e-09,"[1.6431596027567161, 19.71598636619388, 2.1625235404165073]",position_y;gyro_bias_y;gyro_bias_z;accel_bias_x;accel_bias_y;accel_bias_z;gyro_gain_x;gyro_gain_y;gyro_gain_z;accel_gain_y;lever_x;lever_y;gravity_delta;earth_removal,,The maximum number of function evaluations is exceeded.
61e1b08da0912019eb521cd9,ILVIS0_applanix_57315_610_loaner_20Oct15LVIS.013,bias1_unsubtracted,sphere_rotating,converged,171,1.3446588465593117,1.343882985324428e-05,"[0.07750106580614324, 0.06768126721725831, 0.33733679117706333]",gyro_gain_z;gravity_delta,,`xtol` termination condition is satisfied.
61e1b08da0912019eb521cd9,ILVIS0_applanix_57315_610_loaner_20Oct15LVIS.013,bias1_unsubtracted,sphere_still,unresolved,199,6559.501265674273,3.0680381453834415e-06,"[19.208531842510283, 7.514577188824396, 0.5867046584055037]",gyro_bias_x;gyro_bias_y;gyro_bias_z;accel_bias_x;accel_bias_y;gyro_gain_x;gyro_gain_y;gyro_gain_z;accel_gain_y;lever_x;lever_y;lever_z;gravity_delta;time_offset,,The maximum number of function evaluations is exceeded.
61e1b08da0912019eb521cd9,ILVIS0_applanix_57315_610_loaner_20Oct15LVIS.013,bias1_unsubtracted,flat_still,converged,139,32108.9497401447,9.653227176996471e-07,"[22.930409633922217, 45.228548316522286, 0.659574645968048]",position_y;gyro_bias_x;gyro_bias_y;gyro_bias_z;accel_bias_x;accel_bias_y;accel_bias_z;gyro_gain_x;gyro_gain_y;gyro_gain_z;accel_gain_x;accel_gain_y;lever_x;lever_y;lever_z;gravity_delta;time_offset,,`xtol` termination condition is satisfied.
61e1b08da0912019eb521cd9,ILVIS0_applanix_57315_610_loaner_20Oct15LVIS.013,bias1_profiled_removal,sphere_rotating,unresolved,200,1.3447034743619082,1.7131284329861803e-07,"[0.07750675500134746, 0.06767483438063164, 0.3373911493828134]",gyro_gain_z;earth_removal,,The maximum number of function evaluations is exceeded.
61e1b08da0912019eb521cd9,ILVIS0_applanix_57315_610_loaner_20Oct15LVIS.013,bias1_profiled_removal,sphere_still,unresolved,200,4569.849162834001,6.598753541357325e-08,"[13.06587740964995, 7.067887642344513, 0.5151059680237435]",gyro_bias_x;gyro_bias_y;gyro_bias_z;accel_bias_x;accel_bias_y;accel_bias_z;gyro_gain_x;gyro_gain_y;gyro_gain_z;accel_gain_x;accel_gain_y;lever_x;lever_z;gravity_delta;time_offset,,The maximum number of function evaluations is exceeded.
61e1b08da0912019eb521cd9,ILVIS0_applanix_57315_610_loaner_20Oct15LVIS.013,bias1_profiled_removal,flat_still,unresolved,200,11781.287748204953,5.012110012975911e-05,"[22.16597994682941, 11.20161154655938, 0.5816550739021867]",position_y;gyro_bias_x;gyro_bias_z;accel_bias_x;accel_bias_y;gyro_gain_x;gyro_gain_y;gyro_gain_z;accel_gain_x;accel_gain_y;lever_x;lever_z;earth_removal,,The maximum number of function evaluations is exceeded.
ec6effbf9b2172b1389afc96,ILVIS0_applanix_57317_610_DMS_21Oct15DMS.013,bias1_unsubtracted,sphere_rotating,converged,161,0.551159417110948,4.508426770890207e-09,"[0.021798150894784877, 0.022645791537690307, 0.1164556711627965]",gyro_bias_z;gyro_gain_z;gravity_delta,,`xtol` termination condition is satisfied.
ec6effbf9b2172b1389afc96,ILVIS0_applanix_57317_610_DMS_21Oct15DMS.013,bias1_unsubtracted,sphere_still,converged,122,22202.790105676635,4.0471787412778733e-10,"[9.170940019012383, 41.06114181507752, 2.277348462869276]",gyro_bias_x;gyro_bias_y;gyro_bias_z;accel_bias_x;accel_bias_y;accel_bias_z;gyro_gain_x;gyro_gain_y;gyro_gain_z;accel_gain_x;accel_gain_y;lever_x;lever_y;gravity_delta;time_offset,,`xtol` termination condition is satisfied.
ec6effbf9b2172b1389afc96,ILVIS0_applanix_57317_610_DMS_21Oct15DMS.013,bias1_unsubtracted,flat_still,converged,122,42935.680804862706,3.076938753328061e-08,"[1.6380486946026966, 58.86748516959889, 1.9156380687928998]",gyro_bias_y;gyro_bias_z;accel_bias_x;accel_bias_y;accel_bias_z;gyro_gain_x;gyro_gain_z;accel_gain_x;accel_gain_y;lever_x;lever_y;gravity_delta;time_offset,,`xtol` termination condition is satisfied.
ec6effbf9b2172b1389afc96,ILVIS0_applanix_57317_610_DMS_21Oct15DMS.013,bias1_profiled_removal,sphere_rotating,converged,132,0.5451590242824917,5.813153585696485e-09,"[0.0191562858731538, 0.022937715180100005, 0.1142336023217003]",gyro_bias_y;gyro_gain_z;gravity_delta,,`xtol` termination condition is satisfied.
ec6effbf9b2172b1389afc96,ILVIS0_applanix_57317_610_DMS_21Oct15DMS.013,bias1_profiled_removal,sphere_still,converged,124,22202.79010510865,1.3913818101283863e-06,"[9.170941518348238, 41.06114146035172, 2.277348452486069]",gyro_bias_x;gyro_bias_y;gyro_bias_z;accel_bias_x;accel_bias_y;accel_bias_z;gyro_gain_x;gyro_gain_y;gyro_gain_z;accel_gain_x;accel_gain_y;lever_x;lever_y;gravity_delta;time_offset;earth_removal,,`xtol` termination condition is satisfied.
ec6effbf9b2172b1389afc96,ILVIS0_applanix_57317_610_DMS_21Oct15DMS.013,bias1_profiled_removal,flat_still,converged,125,42802.87607172246,8.328460386449102e-11,"[1.8312726229270941, 58.225716307328476, 1.97448253134366]",gyro_bias_y;gyro_bias_z;accel_bias_x;accel_bias_y;gyro_gain_x;gyro_gain_y;gyro_gain_z;accel_gain_x;accel_gain_y;lever_x;lever_y;gravity_delta;time_offset,,`xtol` termination condition is satisfied.
c69d0a93113d86b5264f92eb,ILVIS0_applanix_57317_610_LVIS_38614965.013,bias1_unsubtracted,sphere_rotating,converged,127,1.6689016245666408,1.7051406431686727e-05,"[0.02839504876056808, 0.04376921904446474, 0.22990153524706775]",gyro_bias_z;gyro_gain_z;gravity_delta,,`xtol` termination condition is satisfied.
c69d0a93113d86b5264f92eb,ILVIS0_applanix_57317_610_LVIS_38614965.013,bias1_unsubtracted,sphere_still,converged,120,78096.701618919,5.438968334728492e-08,"[24.75729217586971, 76.5890693467609, 6.192233744403851]",position_y;gyro_bias_x;gyro_bias_y;gyro_bias_z;accel_bias_x;accel_bias_z;gyro_gain_x;gyro_gain_y;gyro_gain_z;accel_gain_x;accel_gain_y;lever_x;lever_z;gravity_delta;time_offset,,`xtol` termination condition is satisfied.
c69d0a93113d86b5264f92eb,ILVIS0_applanix_57317_610_LVIS_38614965.013,bias1_unsubtracted,flat_still,converged,162,4953.919140431286,1.4003980933185246e-06,"[9.269782176923764, 17.15421727364879, 3.8585492296224992]",gyro_bias_x;gyro_bias_y;gyro_bias_z;accel_bias_y;accel_bias_z;gyro_gain_x;gyro_gain_y;gyro_gain_z;accel_gain_x;accel_gain_y;lever_x;lever_y;gravity_delta;time_offset,,`xtol` termination condition is satisfied.
c69d0a93113d86b5264f92eb,ILVIS0_applanix_57317_610_LVIS_38614965.013,bias1_profiled_removal,sphere_rotating,converged,161,1.6689012090760782,4.083427323417944e-09,"[0.02839511321616107, 0.04376865802784415, 0.22988334461783858]",gyro_bias_z;gyro_gain_z;gravity_delta;earth_removal,,`xtol` termination condition is satisfied.
c69d0a93113d86b5264f92eb,ILVIS0_applanix_57317_610_LVIS_38614965.013,bias1_profiled_removal,sphere_still,converged,107,78096.70221457444,7.5534737701793255e-06,"[24.765202042408525, 76.58595438049298, 6.1925938506673655]",position_y;gyro_bias_x;gyro_bias_y;gyro_bias_z;accel_bias_x;accel_bias_z;gyro_gain_x;gyro_gain_y;gyro_gain_z;accel_gain_x;accel_gain_y;lever_x;lever_z;gravity_delta;time_offset;earth_removal,,`xtol` termination condition is satisfied.
c69d0a93113d86b5264f92eb,ILVIS0_applanix_57317_610_LVIS_38614965.013,bias1_profiled_removal,flat_still,converged,161,4953.9191366534415,6.194388650228997e-09,"[9.26978924937299, 17.15421145370876, 3.8585527554744337]",gyro_bias_x;gyro_bias_y;gyro_bias_z;accel_bias_y;accel_bias_z;gyro_gain_x;gyro_gain_y;gyro_gain_z;accel_gain_x;accel_gain_y;lever_x;lever_y;gravity_delta;time_offset;earth_removal,,`xtol` termination condition is satisfied.
370cec66878c4c1cf84b4ceb,ILVIS0_applanix_57320_610_DMS_25Oct15DMS.013,bias1_unsubtracted,sphere_rotating,converged,167,2.460592495501701,4.28829710852585e-05,"[0.07393927358685763, 0.07106803889262982, 0.9175066171645477]",gyro_bias_z;gyro_gain_x;gyro_gain_z;lever_x,,`xtol` termination condition is satisfied.
370cec66878c4c1cf84b4ceb,ILVIS0_applanix_57320_610_DMS_25Oct15DMS.013,bias1_unsubtracted,sphere_still,unresolved,199,2002.503269015284,0.0005939052848280895,"[9.369773277304015, 4.9109837943238865, 0.7448143238212699]",gyro_bias_y;gyro_bias_z;accel_bias_y;gyro_gain_x;gyro_gain_y;gyro_gain_z;accel_gain_x;accel_gain_y;lever_x;lever_y;lever_z;time_offset,,The maximum number of function evaluations is exceeded.
370cec66878c4c1cf84b4ceb,ILVIS0_applanix_57320_610_DMS_25Oct15DMS.013,bias1_unsubtracted,flat_still,unresolved,200,16650.685338238556,4.3977560525168793e-07,"[26.066316989655242, 19.673546807307183, 0.3957841438934407]",gyro_bias_x;gyro_bias_z;accel_bias_x;accel_bias_y;accel_bias_z;gyro_gain_x;gyro_gain_y;gyro_gain_z;accel_gain_x;accel_gain_y;lever_x;lever_y;lever_z;gravity_delta;time_offset,,The maximum number of function evaluations is exceeded.
370cec66878c4c1cf84b4ceb,ILVIS0_applanix_57320_610_DMS_25Oct15DMS.013,bias1_profiled_removal,sphere_rotating,unresolved,200,2.466555970956482,0.00033837457491758604,"[0.07394137596156004, 0.07106417885139714, 0.9192444504747928]",gyro_bias_z;gyro_gain_x;gyro_gain_z;lever_x;earth_removal,,The maximum number of function evaluations is exceeded.
370cec66878c4c1cf84b4ceb,ILVIS0_applanix_57320_610_DMS_25Oct15DMS.013,bias1_profiled_removal,sphere_still,unresolved,200,2008.8590864539933,0.00032526840745101377,"[9.387926606686571, 4.922448917501776, 0.8221249816551564]",gyro_bias_y;gyro_bias_z;accel_bias_y;gyro_gain_x;gyro_gain_y;gyro_gain_z;accel_gain_x;accel_gain_y;lever_x;lever_y;lever_z;time_offset;earth_removal,,The maximum number of function evaluations is exceeded.
370cec66878c4c1cf84b4ceb,ILVIS0_applanix_57320_610_DMS_25Oct15DMS.013,bias1_profiled_removal,flat_still,converged,173,9367.28659900891,3.178953338944016e-07,"[22.505219717179067, 6.789032147921483, 0.9914465287621372]",gyro_bias_x;gyro_bias_y;gyro_bias_z;accel_bias_x;accel_bias_y;gyro_gain_x;gyro_gain_y;gyro_gain_z;accel_gain_x;accel_gain_y;lever_x;lever_y;lever_z;gravity_delta;time_offset,,`xtol` termination condition is satisfied.
b4e44ddc0f130ecd45674c78,ILVIS0_applanix_57320_610_LVIS_38614965.013,bias1_unsubtracted,sphere_rotating,converged,178,1.3765834052908041,7.39636750065965e-05,"[0.056516278569401036, 0.0635135149585328, 0.5592115792053672]",gyro_bias_z;gyro_gain_z,,`xtol` termination condition is satisfied.
b4e44ddc0f130ecd45674c78,ILVIS0_applanix_57320_610_LVIS_38614965.013,bias1_unsubtracted,sphere_still,converged,184,1980.9845684465236,8.496270246964683e-07,"[11.643277618854412, 5.554942025105321, 0.3927623471782223]",gyro_bias_x;gyro_bias_y;gyro_bias_z;accel_bias_z;gyro_gain_x;gyro_gain_y;gyro_gain_z;accel_gain_x;accel_gain_y;lever_x;lever_y;lever_z;gravity_delta,,`xtol` termination condition is satisfied.
b4e44ddc0f130ecd45674c78,ILVIS0_applanix_57320_610_LVIS_38614965.013,bias1_unsubtracted,flat_still,converged,177,12508.020488671415,6.372270109375607e-10,"[23.220197569436788, 23.64495906866205, 0.3620809093139876]",gyro_bias_x;gyro_bias_y;gyro_bias_z;accel_bias_x;accel_bias_y;accel_bias_z;gyro_gain_x;gyro_gain_y;gyro_gain_z;accel_gain_x;accel_gain_y;lever_x;lever_y;lever_z;gravity_delta;time_offset,,`xtol` termination condition is satisfied.
b4e44ddc0f130ecd45674c78,ILVIS0_applanix_57320_610_LVIS_38614965.013,bias1_profiled_removal,sphere_rotating,unresolved,200,1.377874733700278,5.164563781285374e-06,"[0.05673966974949422, 0.06376139933353119, 0.5621367153948971]",gyro_bias_z;gyro_gain_z;earth_removal,,The maximum number of function evaluations is exceeded.
b4e44ddc0f130ecd45674c78,ILVIS0_applanix_57320_610_LVIS_38614965.013,bias1_profiled_removal,sphere_still,converged,200,1980.9864422888202,1.5674864161078998e-05,"[11.644156709377874, 5.552939040745481, 0.39287799258746314]",gyro_bias_x;gyro_bias_y;gyro_bias_z;accel_bias_z;gyro_gain_x;gyro_gain_y;gyro_gain_z;accel_gain_x;accel_gain_y;lever_x;lever_y;lever_z;gravity_delta;earth_removal,,`xtol` termination condition is satisfied.
b4e44ddc0f130ecd45674c78,ILVIS0_applanix_57320_610_LVIS_38614965.013,bias1_profiled_removal,flat_still,converged,196,6543.003424416216,9.270328632084568e-10,"[22.414705840267477, 6.139798550180875, 1.093974887277614]",gyro_bias_x;gyro_bias_y;gyro_bias_z;accel_bias_x;accel_bias_y;accel_bias_z;gyro_gain_x;gyro_gain_y;gyro_gain_z;accel_gain_x;accel_gain_y;lever_x;lever_y;lever_z;gravity_delta;time_offset;earth_removal,,`xtol` termination condition is satisfied.
2eb8727803b318a39937e7ec,ILVIS0_applanix_57320_610_loaner_25Oct15LVIS.013,bias1_unsubtracted,sphere_rotating,unresolved,200,1.4195350279943215,0.00039705355098145807,"[0.05445513860695925, 0.05969141769656518, 0.7240075343184869]",gyro_bias_z;gyro_gain_z,,The maximum number of function evaluations is exceeded.
2eb8727803b318a39937e7ec,ILVIS0_applanix_57320_610_loaner_25Oct15LVIS.013,bias1_unsubtracted,sphere_still,converged,198,846.0220029395914,4.071510291356751e-05,"[5.335707855996169, 2.728866055088098, 0.5211667108511646]",gyro_bias_x;gyro_bias_y;gyro_bias_z;gyro_gain_x;gyro_gain_y;gyro_gain_z;accel_gain_x;accel_gain_y;lever_x;lever_y;lever_z;gravity_delta;time_offset,,`xtol` termination condition is satisfied.
2eb8727803b318a39937e7ec,ILVIS0_applanix_57320_610_loaner_25Oct15LVIS.013,bias1_unsubtracted,flat_still,unresolved,200,23456.469991721013,0.001357667470293721,"[12.268739649439379, 43.220862609995635, 0.8548994796884759]",position_y;gyro_bias_x;gyro_bias_y;gyro_bias_z;accel_bias_x;accel_bias_y;gyro_gain_x;gyro_gain_y;gyro_gain_z;accel_gain_y;lever_x;lever_y;lever_z;gravity_delta;time_offset,,The maximum number of function evaluations is exceeded.
2eb8727803b318a39937e7ec,ILVIS0_applanix_57320_610_loaner_25Oct15LVIS.013,bias1_profiled_removal,sphere_rotating,unresolved,200,1.3430839554036835,0.02331102380711478,"[0.042868152862530505, 0.05807848575572652, 0.6694790228660011]",gyro_bias_x;gyro_bias_z;gyro_gain_z,,The maximum number of function evaluations is exceeded.
2eb8727803b318a39937e7ec,ILVIS0_applanix_57320_610_loaner_25Oct15LVIS.013,bias1_profiled_removal,sphere_still,unresolved,200,845.9088331743906,2.9858893916045655e-05,"[5.335512908856794, 2.7280707884971815, 0.5065908111974922]",gyro_bias_x;gyro_bias_y;gyro_bias_z;gyro_gain_x;gyro_gain_y;gyro_gain_z;accel_gain_x;accel_gain_y;lever_x;lever_y;lever_z;gravity_delta;time_offset;earth_removal,,The maximum number of function evaluations is exceeded.
2eb8727803b318a39937e7ec,ILVIS0_applanix_57320_610_loaner_25Oct15LVIS.013,bias1_profiled_removal,flat_still,unresolved,200,3671.9802416132266,0.0006799068143629627,"[11.42259657459734, 6.1409527508487285, 0.9672152482868903]",gyro_bias_x;gyro_bias_z;accel_bias_x;gyro_gain_x;gyro_gain_z;accel_gain_x;accel_gain_y;lever_y;lever_z;time_offset;earth_removal,,The maximum number of function evaluations is exceeded.
2a56eb8fa7d4e10c9a867bb0,ILVIS0_applanix_57322_610_DMS_27Oct15bDMS.013,bias1_unsubtracted,sphere_rotating,converged,157,6.092255796780724,9.204781588202327e-05,"[0.09290381345800701, 0.07172750687216545, 1.1751786695033415]",gyro_bias_z;gyro_gain_x,,`xtol` termination condition is satisfied.
2a56eb8fa7d4e10c9a867bb0,ILVIS0_applanix_57322_610_DMS_27Oct15bDMS.013,bias1_unsubtracted,sphere_still,converged,169,5542.167838397185,3.834452141993159e-06,"[15.68115487298328, 12.785911400301174, 1.3991350274910574]",gyro_bias_x;gyro_bias_z;accel_bias_x;accel_bias_y;gyro_gain_x;gyro_gain_y;gyro_gain_z;accel_gain_x;accel_gain_y;lever_x;lever_y;gravity_delta;time_offset,,`xtol` termination condition is satisfied.
2a56eb8fa7d4e10c9a867bb0,ILVIS0_applanix_57322_610_DMS_27Oct15bDMS.013,bias1_unsubtracted,flat_still,unresolved,200,44289.99303763096,0.0015946503852148357,"[45.98810072898277, 38.224017255813195, 0.5178691521144724]",position_y;gyro_bias_x;gyro_bias_z;accel_bias_x;accel_bias_y;gyro_gain_x;gyro_gain_y;gyro_gain_z;accel_gain_x;lever_x;lever_y;lever_z;gravity_delta;time_offset,,The maximum number of function evaluations is exceeded.
2a56eb8fa7d4e10c9a867bb0,ILVIS0_applanix_57322_610_DMS_27Oct15bDMS.013,bias1_profiled_removal,sphere_rotating,unresolved,200,6.074476690322735,0.00019948041285137855,"[0.09142496784681728, 0.07398716521094431, 1.1699003764212046]",gyro_bias_z;gyro_gain_x,,The maximum number of function evaluations is exceeded.
2a56eb8fa7d4e10c9a867bb0,ILVIS0_applanix_57322_610_DMS_27Oct15bDMS.013,bias1_profiled_removal,sphere_still,unresolved,200,5564.667530716014,0.005015417703277683,"[15.635840963455838, 12.917342603149569, 1.242480780979948]",gyro_bias_x;gyro_bias_z;accel_bias_x;gyro_gain_x;gyro_gain_z;accel_gain_x;accel_gain_y;time_offset;earth_removal,,The maximum number of function evaluations is exceeded.
2a56eb8fa7d4e10c9a867bb0,ILVIS0_applanix_57322_610_DMS_27Oct15bDMS.013,bias1_profiled_removal,flat_still,unresolved,200,26441.118608719105,0.0014080583127202638,"[42.79294814314626, 7.264800058432872, 1.1293161457876246]",gyro_bias_x;gyro_bias_y;gyro_bias_z;accel_bias_x;accel_bias_y;gyro_gain_x;gyro_gain_y;gyro_gain_z;accel_gain_x;lever_x;lever_y;lever_z;time_offset;earth_removal,,The maximum number of function evaluations is exceeded.
f5c1fca513b9b40dffba93eb,ILVIS0_applanix_57322_610_LVIS_38614965.013,bias1_unsubtracted,sphere_rotating,unresolved,199,1.571176317979346,4.789841283060466e-05,"[0.028515008020286812, 0.02952978597060182, 0.0749949933595688]",gyro_bias_z;gyro_gain_z,,The maximum number of function evaluations is exceeded.
f5c1fca513b9b40dffba93eb,ILVIS0_applanix_57322_610_LVIS_38614965.013,bias1_unsubtracted,sphere_still,converged,84,2060.654328242659,5.354913598699555e-08,"[9.701707508781555, 6.099388968678212, 0.8355573027610437]",gyro_bias_x;gyro_bias_y;gyro_bias_z;accel_bias_x;accel_bias_y;accel_bias_z;gyro_gain_x;gyro_gain_y;gyro_gain_z;accel_gain_x;accel_gain_y;lever_x;lever_y;lever_z;gravity_delta;time_offset,,`xtol` termination condition is satisfied.
f5c1fca513b9b40dffba93eb,ILVIS0_applanix_57322_610_LVIS_38614965.013,bias1_unsubtracted,flat_still,converged,129,478.6003042478752,5.16841288200603e-11,"[1.6222607741740225, 6.2745011613207184, 1.5678051545771643]",gyro_bias_x;gyro_bias_y;gyro_bias_z;accel_bias_x;accel_bias_y;accel_bias_z;gyro_gain_x;gyro_gain_y;gyro_gain_z;accel_gain_x;accel_gain_y;lever_x;lever_z;gravity_delta;time_offset,,`xtol` termination condition is satisfied.
f5c1fca513b9b40dffba93eb,ILVIS0_applanix_57322_610_LVIS_38614965.013,bias1_profiled_removal,sphere_rotating,unresolved,140,1.5722492213370558,0.0003209760665986181,"[0.02870430283413875, 0.02939528299781674, 0.07405194621951987]",gyro_bias_z;gyro_gain_z;earth_removal,,`xtol` termination condition is satisfied.
f5c1fca513b9b40dffba93eb,ILVIS0_applanix_57322_610_LVIS_38614965.013,bias1_profiled_removal,sphere_still,converged,92,2060.654326099367,7.637024692830198e-08,"[9.701668964790384, 6.099459864060449, 0.8355575741415534]",gyro_bias_x;gyro_bias_y;gyro_bias_z;accel_bias_x;accel_bias_y;accel_bias_z;gyro_gain_x;gyro_gain_y;gyro_gain_z;accel_gain_x;accel_gain_y;lever_x;lever_y;lever_z;gravity_delta;time_offset;earth_removal,,`xtol` termination condition is satisfied.
f5c1fca513b9b40dffba93eb,ILVIS0_applanix_57322_610_LVIS_38614965.013,bias1_profiled_removal,flat_still,converged,197,111.35718734151926,1.195395369378988e-07,"[0.7832373453076588, 1.621355109639773, 0.65866199190943]",gyro_bias_x;gyro_bias_y;gyro_bias_z;accel_bias_y;gyro_gain_x;gyro_gain_y;gyro_gain_z;accel_gain_y;lever_x;time_offset;earth_removal,,`xtol` termination condition is satisfied.
013fdb894ff28509889a8896,ILVIS0_applanix_57322_610_loaner_27Oct15bLVIS.013,bias1_unsubtracted,sphere_rotating,unresolved,199,3.548263613552993,1.9352255966011573e-06,"[0.06655684064497386, 0.04151037015424697, 1.1389824825697132]",gyro_bias_z;gyro_gain_z,,The maximum number of function evaluations is exceeded.
013fdb894ff28509889a8896,ILVIS0_applanix_57322_610_loaner_27Oct15bLVIS.013,bias1_unsubtracted,sphere_still,unresolved,199,5003.0197622572005,0.011362929172088818,"[13.038104705607738, 11.701220183476611, 1.073120243065301]",gyro_bias_x;gyro_bias_z;accel_bias_x;gyro_gain_x;gyro_gain_y;gyro_gain_z;accel_gain_x;lever_x;lever_y;lever_z;time_offset,,The maximum number of function evaluations is exceeded.
013fdb894ff28509889a8896,ILVIS0_applanix_57322_610_loaner_27Oct15bLVIS.013,bias1_unsubtracted,flat_still,unresolved,200,39977.18837915975,0.001637737451333356,"[40.631059721108244, 35.411860433015256, 0.4776023776763318]",position_y;gyro_bias_x;gyro_bias_z;accel_bias_x;accel_bias_y;gyro_gain_x;gyro_gain_y;gyro_gain_z;accel_gain_x;lever_x;lever_y;lever_z;gravity_delta;time_offset,,The maximum number of function evaluations is exceeded.
013fdb894ff28509889a8896,ILVIS0_applanix_57322_610_loaner_27Oct15bLVIS.013,bias1_profiled_removal,sphere_rotating,unresolved,197,3.55401302206831,0.000124913318348056,"[0.06595936484195533, 0.04071145232552508, 1.1426053501767786]",gyro_bias_z;gyro_gain_z;earth_removal,,`xtol` termination condition is satisfied.
013fdb894ff28509889a8896,ILVIS0_applanix_57322_610_loaner_27Oct15bLVIS.013,bias1_profiled_removal,sphere_still,unresolved,200,4940.903298396968,0.003222965144867399,"[13.140240681376142, 11.385643133111978, 1.0294142183123256]",gyro_bias_x;gyro_bias_z;accel_bias_x;gyro_gain_x;gyro_gain_y;gyro_gain_z;accel_gain_x;accel_gain_y;lever_x;lever_y;lever_z;time_offset;earth_removal,,The maximum number of function evaluations is exceeded.
013fdb894ff28509889a8896,ILVIS0_applanix_57322_610_loaner_27Oct15bLVIS.013,bias1_profiled_removal,flat_still,unresolved,200,22537.71642148768,7.891008161322193e-05,"[37.09536862781083, 6.564142963051591, 0.7334068776533537]",gyro_bias_x;gyro_bias_y;gyro_bias_z;accel_bias_x;accel_bias_y;gyro_gain_x;gyro_gain_y;gyro_gain_z;accel_gain_x;lever_x;lever_y;lever_z;time_offset;earth_removal,,The maximum number of function evaluations is exceeded.
5a642167dfb523f6c9cc284c,ILVIS0_applanix_57324_610_DMS_29Oct15DMS.013,bias1_unsubtracted,sphere_rotating,unresolved,72,2.3259528154606954,0.00014548447762116246,"[0.10909698310990132, 0.05655891134090662, 0.8987394126875462]",gyro_bias_z;gyro_gain_x;gyro_gain_z,,`xtol` termination condition is satisfied.
5a642167dfb523f6c9cc284c,ILVIS0_applanix_57324_610_DMS_29Oct15DMS.013,bias1_unsubtracted,sphere_still,converged,107,95052.87153521147,9.954358175345487e-08,"[71.34372069031484, 51.21228561886754, 3.317889536248948]",position_x;gyro_bias_x;gyro_bias_y;gyro_bias_z;accel_bias_x;accel_bias_y;accel_bias_z;gyro_gain_x;gyro_gain_y;gyro_gain_z;accel_gain_x;accel_gain_y;lever_x;lever_y;lever_z;gravity_delta,,`xtol` termination condition is satisfied.
5a642167dfb523f6c9cc284c,ILVIS0_applanix_57324_610_DMS_29Oct15DMS.013,bias1_unsubtracted,flat_still,converged,154,27872.243279489696,7.758066140766527e-11,"[12.958790139352269, 43.81038299269301, 2.236759517308604]",position_y;gyro_bias_x;gyro_bias_y;gyro_bias_z;accel_bias_x;accel_bias_y;accel_bias_z;gyro_gain_x;gyro_gain_y;gyro_gain_z;accel_gain_x;accel_gain_y;lever_x;lever_y;lever_z;gravity_delta;time_offset,,`xtol` termination condition is satisfied.
5a642167dfb523f6c9cc284c,ILVIS0_applanix_57324_610_DMS_29Oct15DMS.013,bias1_profiled_removal,sphere_rotating,converged,136,2.2770134056201523,6.927177877479932e-05,"[0.0830219691706138, 0.05582468851281726, 0.9145170841350478]",gyro_gain_x;gyro_gain_z,,`xtol` termination condition is satisfied.
5a642167dfb523f6c9cc284c,ILVIS0_applanix_57324_610_DMS_29Oct15DMS.013,bias1_profiled_removal,sphere_still,converged,95,95052.8715617513,1.618043499221574e-10,"[71.34373640066754, 51.212262573087784, 3.3179178097250195]",position_x;gyro_bias_x;gyro_bias_y;gyro_bias_z;accel_bias_x;accel_bias_y;accel_bias_z;gyro_gain_x;gyro_gain_y;gyro_gain_z;accel_gain_x;accel_gain_y;lever_x;lever_y;lever_z;gravity_delta;earth_removal,,`xtol` termination condition is satisfied.
5a642167dfb523f6c9cc284c,ILVIS0_applanix_57324_610_DMS_29Oct15DMS.013,bias1_profiled_removal,flat_still,converged,154,27872.243279443723,8.531656234797887e-11,"[12.95879013968153, 43.81038299280515, 2.236759517424527]",position_y;gyro_bias_x;gyro_bias_y;gyro_bias_z;accel_bias_x;accel_bias_y;accel_bias_z;gyro_gain_x;gyro_gain_y;gyro_gain_z;accel_gain_x;accel_gain_y;lever_x;lever_y;lever_z;gravity_delta;time_offset;earth_removal,,`xtol` termination condition is satisfied.
c028fde63f91c3f1067df4ad,ILVIS0_applanix_57324_610_LVIS_38614965.013,bias1_unsubtracted,sphere_rotating,converged,178,9.971376995241183,2.0118276460503544e-05,"[0.10884780632082101, 0.04965436695512319, 0.42532353793777056]",gyro_bias_z;gyro_gain_y;gyro_gain_z,,`xtol` termination condition is satisfied.
c028fde63f91c3f1067df4ad,ILVIS0_applanix_57324_610_LVIS_38614965.013,bias1_unsubtracted,sphere_still,converged,127,3632.488514819382,1.4448414277662046e-06,"[9.387581835599514, 14.346715043482028, 0.8671905547475155]",gyro_bias_x;gyro_bias_y;gyro_bias_z;accel_bias_x;accel_bias_y;accel_bias_z;gyro_gain_x;gyro_gain_y;gyro_gain_z;accel_gain_x;accel_gain_y;lever_x;lever_y;lever_z;gravity_delta;time_offset,,`xtol` termination condition is satisfied.
c028fde63f91c3f1067df4ad,ILVIS0_applanix_57324_610_LVIS_38614965.013,bias1_unsubtracted,flat_still,converged,171,2920.2936676035147,2.9013563940184606e-10,"[3.1123705972472786, 15.707927175695898, 1.4098499230343648]",gyro_bias_x;gyro_bias_y;gyro_bias_z;accel_bias_x;accel_bias_y;accel_bias_z;gyro_gain_x;gyro_gain_y;gyro_gain_z;accel_gain_x;accel_gain_y;lever_x;lever_y;lever_z;gravity_delta;time_offset,,`xtol` termination condition is satisfied.
c028fde63f91c3f1067df4ad,ILVIS0_applanix_57324_610_LVIS_38614965.013,bias1_profiled_removal,sphere_rotating,converged,172,9.971408309820651,7.584214527795097e-05,"[0.10872463889349082, 0.049636683799410844, 0.4255274745970452]",gyro_bias_z;gyro_gain_y;gyro_gain_z;earth_removal,,`xtol` termination condition is satisfied.
c028fde63f91c3f1067df4ad,ILVIS0_applanix_57324_610_LVIS_38614965.013,bias1_profiled_removal,sphere_still,converged,111,3632.4885166294694,4.1685362663730066e-07,"[9.387582071937963, 14.346715343252797, 0.8672351936075804]",gyro_bias_x;gyro_bias_y;gyro_bias_z;accel_bias_x;accel_bias_y;accel_bias_z;gyro_gain_x;gyro_gain_y;gyro_gain_z;accel_gain_x;accel_gain_y;lever_x;lever_y;lever_z;gravity_delta;time_offset;earth_removal,,`xtol` termination condition is satisfied.
c028fde63f91c3f1067df4ad,ILVIS0_applanix_57324_610_LVIS_38614965.013,bias1_profiled_removal,flat_still,converged,180,2920.2936657559762,6.000208306189155e-07,"[3.1123721917918243, 15.707927036111649, 1.4098448289809944]",gyro_bias_x;gyro_bias_y;gyro_bias_z;accel_bias_x;accel_bias_y;accel_bias_z;gyro_gain_x;gyro_gain_y;gyro_gain_z;accel_gain_x;accel_gain_y;lever_x;lever_y;lever_z;gravity_delta;time_offset;earth_removal,,`xtol` termination condition is satisfied.
7ee5e21c025360c970124eeb,ILVIS0_applanix_57324_610_loaner_29Oct15LVIS.013,bias1_unsubtracted,sphere_rotating,unresolved,199,1.3608956447287421,0.002076224084855281,"[0.04941006018099542, 0.03534192895621169, 0.7190436931899642]",gyro_gain_z,,The maximum number of function evaluations is exceeded.
7ee5e21c025360c970124eeb,ILVIS0_applanix_57324_610_loaner_29Oct15LVIS.013,bias1_unsubtracted,sphere_still,converged,71,94141.15973674053,2.483443397933171e-09,"[72.70132127529739, 53.25212757346589, 2.7856957033152114]",position_x;gyro_bias_x;gyro_bias_y;gyro_bias_z;accel_bias_x;accel_bias_y;accel_bias_z;gyro_gain_x;gyro_gain_y;gyro_gain_z;accel_gain_x;accel_gain_y;lever_x;lever_y;lever_z;gravity_delta,,`xtol` termination condition is satisfied.
7ee5e21c025360c970124eeb,ILVIS0_applanix_57324_610_loaner_29Oct15LVIS.013,bias1_unsubtracted,flat_still,converged,121,36644.76743584407,2.998458983088404e-11,"[8.55017001404953, 59.13499667473723, 2.2231072731533237]",position_y;gyro_bias_x;gyro_bias_y;gyro_bias_z;accel_bias_x;accel_bias_y;accel_bias_z;gyro_gain_x;gyro_gain_y;gyro_gain_z;accel_gain_x;accel_gain_y;lever_x;lever_y;lever_z;gravity_delta;time_offset,,`xtol` termination condition is satisfied.
7ee5e21c025360c970124eeb,ILVIS0_applanix_57324_610_loaner_29Oct15LVIS.013,bias1_profiled_removal,sphere_rotating,unresolved,200,1.3603907783797327,0.0059570408221031644,"[0.04919406916379044, 0.035078566144352195, 0.7156382770936232]",gyro_gain_z,,The maximum number of function evaluations is exceeded.
7ee5e21c025360c970124eeb,ILVIS0_applanix_57324_610_loaner_29Oct15LVIS.013,bias1_profiled_removal,sphere_still,converged,78,94141.15975708386,2.0945879166752556e-08,"[72.70126855983298, 53.25220132658489, 2.7856955775744656]",position_x;gyro_bias_x;gyro_bias_y;gyro_bias_z;accel_bias_x;accel_bias_y;accel_bias_z;gyro_gain_x;gyro_gain_y;gyro_gain_z;accel_gain_x;accel_gain_y;lever_x;lever_y;lever_z;gravity_delta;earth_removal,,`xtol` termination condition is satisfied.
7ee5e21c025360c970124eeb,ILVIS0_applanix_57324_610_loaner_29Oct15LVIS.013,bias1_profiled_removal,flat_still,converged,124,36644.76743604871,5.56603993477661e-10,"[8.550170022447952, 59.134996676298854, 2.223107274605069]",position_y;gyro_bias_x;gyro_bias_y;gyro_bias_z;accel_bias_x;accel_bias_y;accel_bias_z;gyro_gain_x;gyro_gain_y;gyro_gain_z;accel_gain_x;accel_gain_y;lever_x;lever_y;lever_z;gravity_delta;time_offset;earth_removal,,`xtol` termination condition is satisfied.
