filename,task,imu_type,model,seconds,converged,evaluations,weighted_cost,rms_neu_m,stationarity,earth_removal,active_bounds,error
ILVIS0_gyro_54935_lvis_applanix_POSAV.013,594999d9bb7345ad87d3,6,sphere_rotating,484.745,False,198,2.472310029655558,"[0.197848058362957, 0.20671075997718402, 0.18584914951994128]",0.02792419374821288,0.10902686283119623,,
ILVIS0_gyro_54935_lvis_applanix_POSAV.013,594999d9bb7345ad87d3,6,sphere_still,484.745,False,198,5.863685028204704,"[0.5993821848059495, 0.1698980964276074, 0.16701368395704624]",0.08321652533559196,0.059565692985858454,,
ILVIS0_gyro_54935_lvis_applanix_POSAV.013,594999d9bb7345ad87d3,6,flat_still,484.745,False,198,7.320633659751775,"[0.5955565908879213, 0.1941155588274107, 0.17129270034761704]",0.14477693526496893,5.386836177312393e-05,earth_removal,
ILVIS0_applanix_55495_20101026_510_lvis_LVIS.013,f166954fecd1d93111ee,6,sphere_rotating,482.85,False,198,381.14535341013027,"[4.643829312046991, 1.6398130606952663, 1.9053225602075508]",0.04281652436716452,0.09053406429209387,,
ILVIS0_applanix_55495_20101026_510_lvis_LVIS.013,f166954fecd1d93111ee,6,sphere_still,482.85,False,198,247.38091793476502,"[2.9649488772563592, 1.4940694321363719, 9.336863949607624]",0.18530250925613292,0.04429450294971349,,
ILVIS0_applanix_55495_20101026_510_lvis_LVIS.013,f166954fecd1d93111ee,6,flat_still,482.85,False,198,86143601.31470668,"[469.44884646553453, 6507.99228086104, 1307.2405762734522]",0.3834203083110262,4.068153208747205e-08,attitude_x;velocity_y;velocity_z;position_y;position_z;gyro_bias_x;gyro_bias_y;gyro_bias_z;accel_bias_x;accel_bias_y;gyro_gain_x;gyro_gain_y;gyro_gain_z;accel_gain_x;accel_gain_y;lever_x;lever_y;lever_z;gravity_delta;time_offset;earth_removal,
ILVIS0_applanix_55520_20101120_510_lvis_LVIS.013,46f49500c8df79c821b2,6,sphere_rotating,476.98,False,198,4.358949701947862,"[0.1181719070332862, 0.08251748925450941, 0.7314452070489744]",0.027230750809112133,0.08609098854692654,,
ILVIS0_applanix_55520_20101120_510_lvis_LVIS.013,46f49500c8df79c821b2,6,sphere_still,476.98,False,198,7.446621503279513,"[0.19327059056237786, 0.432201657448133, 0.6893419713038189]",0.02741969035227505,7.031307378835283e-06,earth_removal,
ILVIS0_applanix_55520_20101120_510_lvis_LVIS.013,46f49500c8df79c821b2,6,flat_still,476.98,False,198,641.789654726186,"[1.7179225130076108, 5.169432810556343, 1.019416292647099]",0.09808980376771144,0.062315761571665185,,
ILVIS0_applanix_56916_510_POS510.013,f5cae9d0d107ecad9d45,6,sphere_rotating,473.3,False,198,7.378052009674644,"[0.3552998055519395, 0.39293675387302907, 0.8824233777357592]",0.17362920511696514,0.08696584768445154,,
ILVIS0_applanix_56916_510_POS510.013,f5cae9d0d107ecad9d45,6,sphere_still,473.3,False,198,11.594816966332202,"[0.4404694563403822, 0.3557444713926202, 0.8495486771864994]",0.011163661107672031,0.014213745012932655,gyro_bias_z,
ILVIS0_applanix_56916_510_POS510.013,f5cae9d0d107ecad9d45,6,flat_still,473.3,False,198,11.668989307120391,"[0.4810204452441531, 0.28241378525599226, 0.7198274525791036]",0.017011484905569647,0.016283265195863372,gyro_bias_z,
ILVIS0_applanix_57289_510_LVISGH.013,ae7127a8b48f61b051a8,6,sphere_rotating,448.615,False,184,32.586155974548724,"[0.19106941112638368, 0.12784399699463975, 0.8842652997980088]",0.013956066010478657,1.1145125140554768e-06,earth_removal,
ILVIS0_applanix_57289_510_LVISGH.013,ae7127a8b48f61b051a8,6,sphere_still,448.615,False,198,37.954310200885885,"[0.48237884476322096, 0.4862207996790481, 0.7684143296314407]",0.020436679369720486,5.6682537298291535e-06,earth_removal,
ILVIS0_applanix_57289_510_LVISGH.013,ae7127a8b48f61b051a8,6,flat_still,448.615,False,198,555.9120410354134,"[2.375783444953303, 5.8516226986102335, 1.217987591131612]",0.01464101102273356,0.011321915406802552,,
ILVIS0_58016_B200T_N44U_imu_510i_0539_41265390920_104746.013,93f52157cbd20bdf8c1b,6,sphere_rotating,565.445,False,198,1.6199750970558,"[0.19463233494195867, 0.15987705444468145, 0.2504401305934657]",0.017649826389858344,0.0036948168544915228,,
ILVIS0_58016_B200T_N44U_imu_510i_0539_41265390920_104746.013,93f52157cbd20bdf8c1b,6,sphere_still,565.445,False,198,3.0899122454723313,"[0.1604214383054751, 0.2654063535952184, 0.3144278104565676]",0.030630191416427147,7.232302446646965e-06,earth_removal,
ILVIS0_58016_B200T_N44U_imu_510i_0539_41265390920_104746.013,93f52157cbd20bdf8c1b,6,flat_still,565.445,False,198,9.501495656248151,"[0.2843099259037559, 0.6357469724589162, 0.32543423491297485]",0.09488182707592865,1.4108512378374627e-06,earth_removal,
ILVIS0_gyro_54936_atm_applanix_15Apr09.013,e2eab4a5165f2b84a703,8,sphere_rotating,599.985,False,198,14.463654797914545,"[0.7854974109198783, 0.7178596880641789, 0.592327103113491]",0.10209081713835183,4.187671994448916e-06,earth_removal,
ILVIS0_gyro_54936_atm_applanix_15Apr09.013,e2eab4a5165f2b84a703,8,sphere_still,599.985,False,198,99.20800653696863,"[1.921891973059307, 2.0706344581397946, 0.7495524564962843]",0.042187104371341405,2.3035039741492458e-05,earth_removal,
ILVIS0_gyro_54936_atm_applanix_15Apr09.013,e2eab4a5165f2b84a703,8,flat_still,599.985,False,198,77.0600475191206,"[1.9861507475387603, 1.5190152391387122, 0.4049930096648626]",0.06703818271558037,1.4397678148148074e-05,earth_removal,
ILVIS0_gyro_54936_lvis_applanix_POSAV.013,46f0a9ed26f8de10bb18,6,sphere_rotating,276.995,False,198,18.010744634903123,"[0.27501644321391416, 0.5975121140667153, 0.5036732170102997]",0.05108237568621222,0.21679003719802165,,
ILVIS0_gyro_54936_lvis_applanix_POSAV.013,46f0a9ed26f8de10bb18,6,sphere_still,276.995,False,198,26.162760526464112,"[0.3995142840202958, 1.0611726416876184, 1.5094424803147344]",0.13599927703079445,0.11855245596004982,,
ILVIS0_gyro_54936_lvis_applanix_POSAV.013,46f0a9ed26f8de10bb18,6,flat_still,276.995,False,198,34.15468888467432,"[0.3545557481644934, 1.0601614802593569, 0.24935800801436453]",0.024183005854178617,0.2874150832122634,,
ILVIS0_gyro_54937_atm_applanix_16Apr09.013,0428cb9b1d87fedfb19e,8,sphere_rotating,599.99,False,181,0.9503440514122897,"[0.13786109567908683, 0.054854372914079894, 0.25381533080563856]",0.015160967765877323,3.7835183397394445e-07,earth_removal,
ILVIS0_gyro_54937_atm_applanix_16Apr09.013,0428cb9b1d87fedfb19e,8,sphere_still,599.99,False,198,35.69930548272533,"[0.7301850041859832, 0.35970737957448323, 2.2347434614211554]",0.022719170766770644,7.623288068081546e-06,earth_removal,
ILVIS0_gyro_54937_atm_applanix_16Apr09.013,0428cb9b1d87fedfb19e,8,flat_still,599.99,False,198,46.47088034481601,"[0.8200396131148172, 0.4136989610083334, 2.6187914097424803]",0.01066149749058413,1.825622154444373e-05,earth_removal,
ILVIS0_gyro_54937_lvis_applanix_POSAV.013,b48221b3e76e93a5d27d,6,sphere_rotating,484.015,False,198,3.3279488552547645,"[0.15099780159293819, 0.3338632598473746, 0.14217237790545276]",0.006608756447595061,0.02814340677085103,,
ILVIS0_gyro_54937_lvis_applanix_POSAV.013,b48221b3e76e93a5d27d,6,sphere_still,484.015,False,198,4.870179801429289,"[0.20518704350212857, 0.43388389641226227, 0.16813687263787708]",0.007391493350950476,0.009528680543318346,,
ILVIS0_gyro_54937_lvis_applanix_POSAV.013,b48221b3e76e93a5d27d,6,flat_still,484.015,False,198,7.990840300591986,"[0.3234226954010631, 0.5590145284996022, 0.26053155948052775]",0.023930174528336724,6.275094940888515e-06,earth_removal,
ILVIS0_applanix_55117_Ames_610-13Oct09_13Oct09.013,d0e3a956ede05ba381c3,21,sphere_rotating,599.995,False,198,1359.5361393990197,"[0.6431639625841229, 0.17628871456114964, 1.2444073804579694]",0.0003686456504754949,0.0010028666391190266,,
ILVIS0_applanix_55117_Ames_610-13Oct09_13Oct09.013,d0e3a956ede05ba381c3,21,sphere_still,599.995,False,198,6511.940337870142,"[8.50122718695898, 7.763509821355115, 27.97959830922699]",0.015264852592672856,3.3852853335014643e-06,gyro_bias_z;accel_gain_x;earth_removal,
ILVIS0_applanix_55117_Ames_610-13Oct09_13Oct09.013,d0e3a956ede05ba381c3,21,flat_still,599.995,True,182,13510884.712177783,"[167.3583041932577, 866.4312632113207, 157.61265511790015]",2.2992164326420055e-05,9.10937991704941e-14,velocity_y;position_x;position_z;gyro_bias_x;gyro_bias_z;accel_bias_y;accel_bias_z;gyro_gain_x;gyro_gain_y;gyro_gain_z;accel_gain_x;accel_gain_y;lever_x;lever_y;lever_z;gravity_delta;time_offset;earth_removal,
ILVIS0_applanix_55117_LVIS_GSFC_510_POSAV.013,f9e6103611499862cdd5,6,sphere_rotating,470.745,False,198,3351.6344541248905,"[0.8017582328128708, 0.8145442010042541, 2.2173477262447845]",0.0003770869698096676,0.3140992395598718,,
ILVIS0_applanix_55117_LVIS_GSFC_510_POSAV.013,f9e6103611499862cdd5,6,sphere_still,470.745,False,198,3424.238690632693,"[0.8187352894260238, 0.8534212289385256, 6.789953116388887]",0.004781321279631128,3.6133483079514583e-06,gravity_delta;earth_removal,
ILVIS0_applanix_55117_LVIS_GSFC_510_POSAV.013,f9e6103611499862cdd5,6,flat_still,470.745,False,193,5281938.762218109,"[265.1294987812126, 741.6798846329133, 256.4552630870666]",0.170413165295452,5.551115123125783e-17,velocity_y;position_y;position_z;gyro_bias_x;gyro_bias_y;gyro_bias_z;accel_bias_x;accel_bias_y;accel_bias_z;gyro_gain_x;gyro_gain_y;gyro_gain_z;accel_gain_x;accel_gain_y;lever_x;lever_z;gravity_delta;time_offset;earth_removal,
ILVIS0_applanix_55120_Ames_610-16Oct09_16Oct09.013,4c1edd9ff3709c652827,21,sphere_rotating,600.0,False,198,35.30128472457832,"[0.2134189213970925, 0.17408234989649102, 1.3933503702301528]",0.011090688097487195,0.017784810709021992,,
ILVIS0_applanix_55120_Ames_610-16Oct09_16Oct09.013,4c1edd9ff3709c652827,21,sphere_still,600.0,False,198,116.82506761916997,"[1.8540849160079742, 0.6722771074268538, 2.648949627509159]",0.06406664584810239,5.542201617192433e-06,earth_removal,
ILVIS0_applanix_55120_Ames_610-16Oct09_16Oct09.013,4c1edd9ff3709c652827,21,flat_still,600.0,False,198,221975.09091073106,"[44.845189708319005, 90.44215421591433, 17.130946148364302]",0.10534804297134694,0.008131927265172478,,
ILVIS0_applanix_55120_LVIS_GSFC_510_POSAV.013,55459ded925fbb5b286f,6,sphere_rotating,467.19,False,198,5.5545292297617435,"[0.07184832201963531, 0.05560976334724059, 0.23815551005320124]",0.0009410303985367679,0.0016374296043158987,,
ILVIS0_applanix_55120_LVIS_GSFC_510_POSAV.013,55459ded925fbb5b286f,6,sphere_still,467.19,False,198,6.385146271567419,"[0.14715210086974925, 0.1221504844609587, 0.3087162014210682]",0.049245670878595105,3.6533739859456738e-06,earth_removal,
ILVIS0_applanix_55120_LVIS_GSFC_510_POSAV.013,55459ded925fbb5b286f,6,flat_still,467.19,False,198,2209.2274206934103,"[3.184539054950915, 11.461123885296377, 0.6868467381522173]",0.047092041925017154,0.00016552013487641792,earth_removal,
ILVIS0_applanix_55124_Ames_510-20oct09_20Oct09.013,ff36ab86ea03f8c2c49b,8,sphere_rotating,599.96,False,198,10.951067914985144,"[0.3541554958750128, 0.5692031432631155, 1.0062486908190593]",0.04235612748862503,0.012244211065461252,,
ILVIS0_applanix_55124_Ames_510-20oct09_20Oct09.013,ff36ab86ea03f8c2c49b,8,sphere_still,599.96,False,198,36.27348254121501,"[0.9508722324537577, 1.8591810574810652, 2.9994636790940783]",0.2209892176361222,2.7102255373889772e-05,earth_removal,
ILVIS0_applanix_55124_Ames_510-20oct09_20Oct09.013,ff36ab86ea03f8c2c49b,8,flat_still,599.96,False,198,2073.1791806437413,"[0.4906541233067973, 7.781346266500418, 0.7124315163662837]",0.03734525209654597,0.000416247096933442,earth_removal,
ILVIS0_applanix_55124_Ames_610-20Oct09_20Oct09.013,26677dfea3fbb0fb60fe,21,sphere_rotating,600.0,False,198,2.9531620053651926,"[0.13952075138260478, 0.05196061968274396, 1.1809237032203361]",0.01090594728230708,3.3554244660560784e-07,earth_removal,
ILVIS0_applanix_55124_Ames_610-20Oct09_20Oct09.013,26677dfea3fbb0fb60fe,21,sphere_still,600.0,False,198,27.628242836426647,"[0.5037042264551387, 0.9720707134485476, 1.439682121305372]",0.02569124231785475,3.614917619521041e-06,earth_removal,
ILVIS0_applanix_55124_Ames_610-20Oct09_20Oct09.013,26677dfea3fbb0fb60fe,21,flat_still,600.0,False,198,5183.4079931749075,"[12.95900987226121, 10.06730485928086, 1.0124853859757796]",0.08209125511898006,0.2293761036161549,,
ILVIS0_applanix_55124_LVIS_GSFC_510_POSAV.013,b007185bd3fe112c44c3,6,sphere_rotating,472.195,False,198,11.362475639079806,"[0.1706123864856517, 0.07800695635641454, 0.5668417680827892]",0.006797518948251618,0.027120982293528606,,
ILVIS0_applanix_55124_LVIS_GSFC_510_POSAV.013,b007185bd3fe112c44c3,6,sphere_still,472.195,False,198,15.330782106656235,"[0.23117509932238545, 0.34392203895037926, 0.6413442299943414]",0.018934590552091887,2.9808321855284703e-07,earth_removal,
ILVIS0_applanix_55124_LVIS_GSFC_510_POSAV.013,b007185bd3fe112c44c3,6,flat_still,472.195,False,198,1367.1242528425387,"[0.5294950537070601, 5.782404252490175, 0.4399814836768387]",0.05160228035000376,0.003749179636771627,,
ILVIS0_applanix_55125_Ames_510-21Oct09_21Oct09.013,a19f1e9e96315b20a4a2,8,sphere_rotating,599.96,False,198,152.84883635788557,"[0.6266771221772429, 0.8613321009914874, 9.35964941457024]",0.007648946659410471,0.29621246398127055,gyro_gain_y,
ILVIS0_applanix_55125_Ames_510-21Oct09_21Oct09.013,a19f1e9e96315b20a4a2,8,sphere_still,599.96,False,177,49.579626018318145,"[0.5166576227086814, 0.45191127930057756, 3.570433644669407]",0.15361711935796016,4.025737624424597e-06,earth_removal,
ILVIS0_applanix_55125_Ames_510-21Oct09_21Oct09.013,a19f1e9e96315b20a4a2,8,flat_still,599.96,False,198,9132272.088853471,"[118.32172230712403, 1559.3999451955908, 217.95301945040788]",0.0057169635113074645,0.999999999143366,velocity_y;position_x;position_y;position_z;gyro_bias_x;gyro_bias_z;accel_bias_x;gyro_gain_x;gyro_gain_y;gyro_gain_z;accel_gain_x;accel_gain_y;lever_x;lever_y;lever_z;gravity_delta;time_offset;earth_removal,
ILVIS0_applanix_55125_Ames_610-21Oct09_21Oct09.013,6d4377977ca2fbed9e2b,21,sphere_rotating,600.0,False,194,1.0254647227347535,"[0.016795147757670752, 0.03590532421912413, 0.8166117926012822]",0.0024504763310749717,3.678577815302564e-06,earth_removal,
ILVIS0_applanix_55125_Ames_610-21Oct09_21Oct09.013,6d4377977ca2fbed9e2b,21,sphere_still,600.0,False,174,127.25918229678415,"[0.9613992485023352, 1.1159665594662163, 6.300390247950485]",0.0066192946053040495,8.639504672780518e-08,earth_removal,
ILVIS0_applanix_55125_Ames_610-21Oct09_21Oct09.013,6d4377977ca2fbed9e2b,21,flat_still,600.0,False,195,297891042.56797606,"[299.3854103070197, 10618.513128099861, 2304.487591167708]",0.13141314825555217,1.1062817328877372e-12,attitude_x;velocity_y;velocity_z;position_x;position_y;position_z;gyro_bias_x;gyro_bias_z;accel_bias_x;accel_bias_y;accel_bias_z;gyro_gain_x;gyro_gain_y;gyro_gain_z;accel_gain_x;accel_gain_y;lever_x;lever_y;gravity_delta;time_offset;earth_removal,
ILVIS0_applanix_55125_LVIS_GSFC_510_POSAV.013,4e045339dc4bf2ba0589,6,sphere_rotating,493.67,False,198,1.7382762891270782,"[0.05554460723011517, 0.06971918670808494, 0.9929915650800979]",0.03811758751548397,0.004464527549503439,,
ILVIS0_applanix_55125_LVIS_GSFC_510_POSAV.013,4e045339dc4bf2ba0589,6,sphere_still,493.67,False,198,12.061363119246668,"[0.3028679484111367, 0.5621797243832458, 0.9904574187690787]",0.06313576449624349,1.3487783057541947e-05,earth_removal,
ILVIS0_applanix_55125_LVIS_GSFC_510_POSAV.013,4e045339dc4bf2ba0589,6,flat_still,493.67,False,198,911.8817855175893,"[0.19355069000018507, 3.577940952373647, 1.2372477828119013]",0.03400294837934952,0.0005419864543144692,,
ILVIS0_applanix_55128_Ames_510-24Oct09_24Oct09.013,683ac516120685564714,8,sphere_rotating,599.96,False,198,19.53907781331429,"[0.23270567283505167, 0.7713827887527018, 1.9485845395208699]",0.00861676318028979,0.04428918259938558,,
ILVIS0_applanix_55128_Ames_510-24Oct09_24Oct09.013,683ac516120685564714,8,sphere_still,599.96,False,198,20.3880764113345,"[0.7563628256660165, 0.38827529855462317, 1.6572205541710014]",0.008678303074176079,1.6920793250996269e-06,earth_removal,
ILVIS0_applanix_55128_Ames_510-24Oct09_24Oct09.013,683ac516120685564714,8,flat_still,599.96,False,198,696.162369740407,"[1.392194586649798, 6.0861980770831545, 1.4504722981468692]",0.060612999622653346,0.01554892368757177,,
ILVIS0_applanix_55128_Ames_610-24Oct09_24Oct09.013,ad2d5717b2c1c2ed3589,21,sphere_rotating,599.995,False,198,13.484571726539626,"[0.15526421736805274, 0.1574829027528802, 2.450844717813968]",0.004780788514789845,0.0038210344815362007,,
ILVIS0_applanix_55128_Ames_610-24Oct09_24Oct09.013,ad2d5717b2c1c2ed3589,21,sphere_still,599.995,False,180,51.03218060684444,"[1.458975611992742, 0.8544515113779222, 2.1303278080944485]",0.04169139734823705,6.433075848133463e-07,earth_removal,
ILVIS0_applanix_55128_Ames_610-24Oct09_24Oct09.013,ad2d5717b2c1c2ed3589,21,flat_still,599.995,False,198,642.539078998453,"[1.5323453466917827, 4.992125470125435, 1.635361734205024]",0.018511559125055487,0.010490501138057107,,
ILVIS0_applanix_55128_LVIS_GSFC_510_POSAV.013,dd4066b4761ccf5f031d,6,sphere_rotating,475.975,False,198,1.251528181869121,"[0.08146513822857102, 0.04854443739712959, 0.8216651348571161]",0.001818732693083504,0.010870685748591402,,
ILVIS0_applanix_55128_LVIS_GSFC_510_POSAV.013,dd4066b4761ccf5f031d,6,sphere_still,475.975,False,198,7.442997911226669,"[0.2842886493447754, 0.4449047173258427, 0.6846979783089971]",0.07717063458168436,0.013417017218324001,,
ILVIS0_applanix_55128_LVIS_GSFC_510_POSAV.013,dd4066b4761ccf5f031d,6,flat_still,475.975,False,198,1997.9344974919763,"[0.41452693692131665, 7.165708083016229, 0.4841297640760136]",0.03085842100164083,0.03343631451722662,lever_z,
ILVIS0_applanix_55129_610-25Oct09_25Oct09.013,b78faf2349870ed2ddb8,21,sphere_rotating,600.0,False,198,2.9829142561398583,"[0.04741958020938004, 0.15342831018971367, 1.3405295606092082]",0.008170730637612254,0.011957259129231401,,
ILVIS0_applanix_55129_610-25Oct09_25Oct09.013,b78faf2349870ed2ddb8,21,sphere_still,600.0,False,198,23.678263034736595,"[0.28915164438308705, 1.0546679585619125, 2.1211791696279945]",0.16873585787567996,1.0124612297990332e-06,earth_removal,
ILVIS0_applanix_55129_610-25Oct09_25Oct09.013,b78faf2349870ed2ddb8,21,flat_still,600.0,False,198,1753.73156913064,"[0.37722482739399454, 4.8429128806691635, 0.949756012430662]",0.03322010972040192,2.050052839863703e-05,earth_removal,
ILVIS0_applanix_55129_LVIS_GSFC_510_POSAV.013,065a958de975f32924e5,6,sphere_rotating,496.695,False,198,30.71709794684401,"[0.11469956984291615, 0.3168586583518839, 4.912433927462711]",0.007225040001130279,1.4818711518982397e-07,earth_removal,
ILVIS0_applanix_55129_LVIS_GSFC_510_POSAV.013,065a958de975f32924e5,6,sphere_still,496.695,False,198,47.808960195892205,"[0.26043506628498714, 1.0847696652665464, 4.993591473478912]",0.05751351681930787,1.3978604098130454e-06,earth_removal,
ILVIS0_applanix_55129_LVIS_GSFC_510_POSAV.013,065a958de975f32924e5,6,flat_still,496.695,False,198,763.4447107071571,"[0.4279944796605858, 4.453231177916529, 5.2597563009302855]",0.02473574868304927,5.676875497595546e-05,earth_removal,
ILVIS0_applanix_55131_610-27Oct09_27Oct09.013,60b015c2680f835a1882,21,sphere_rotating,600.0,False,174,2.6321087593422487,"[0.05581969743579716, 0.05641136398203128, 1.2158598135005534]",0.0019711013310002895,4.897769229683657e-06,earth_removal,
ILVIS0_applanix_55131_610-27Oct09_27Oct09.013,60b015c2680f835a1882,21,sphere_still,600.0,False,198,50.76780270726763,"[0.389835316124019, 0.18149560778908197, 5.905340895587764]",0.01774517719379595,7.113473315262242e-05,earth_removal,
ILVIS0_applanix_55131_610-27Oct09_27Oct09.013,60b015c2680f835a1882,21,flat_still,600.0,False,198,250413.26387107992,"[34.81869545391081, 164.14375028070674, 57.74351905792927]",0.11981381111109324,5.551115123125783e-17,gyro_bias_x;gyro_bias_y;accel_bias_y;earth_removal,
ILVIS0_applanix_55131_LVIS_GSFC_510_POSAV.013,798c004bb4435dcf2723,6,sphere_rotating,483.77500000000003,False,198,2.2959355033131574,"[0.18392163984957058, 0.11310668835071207, 1.0325390023366696]",0.041692525507600074,0.019771645404929872,,
ILVIS0_applanix_55131_LVIS_GSFC_510_POSAV.013,798c004bb4435dcf2723,6,sphere_still,483.77500000000003,False,198,25.845182497589203,"[0.4647239242343756, 1.0127536201098297, 5.8976253196297765]",0.3733687271728707,3.401164563726633e-05,earth_removal,
ILVIS0_applanix_55131_LVIS_GSFC_510_POSAV.013,798c004bb4435dcf2723,6,flat_still,483.77500000000003,False,198,1019.2850515629898,"[0.5142752834799132, 3.9485523492293395, 1.248050491339267]",0.041655659962648556,0.00010216650620425982,earth_removal,
ILVIS0_applanix_55133_610-29Oct09_29Oct09.013,28efd95656987f7d215a,21,sphere_rotating,600.0,False,198,2.7741013574542217,"[0.10162038084008813, 0.06259145858833869, 1.372654430519629]",0.013913822782587458,0.049075246806698336,,
ILVIS0_applanix_55133_610-29Oct09_29Oct09.013,28efd95656987f7d215a,21,sphere_still,600.0,False,198,57.83607192273953,"[0.44751844993557144, 2.3626897153641413, 3.701688515844121]",0.17292285487760395,1.2948474430618528e-05,earth_removal,
ILVIS0_applanix_55133_610-29Oct09_29Oct09.013,28efd95656987f7d215a,21,flat_still,600.0,False,198,2115.4246700509198,"[2.9692626567034734, 5.927971852759374, 1.6308575276138881]",0.0775759680035631,0.005260825263964708,,
ILVIS0_applanix_55133_LVIS_GSFC_510_POSAV.013,80ec450f8cedbc70215e,6,sphere_rotating,479.40000000000003,False,198,43.493481365464255,"[0.20161992823387473, 0.08215661023569724, 0.47695453180133235]",0.010341891065683199,0.04661086691930788,,
ILVIS0_applanix_55133_LVIS_GSFC_510_POSAV.013,80ec450f8cedbc70215e,6,sphere_still,479.40000000000003,False,198,53.465088695847214,"[0.2396867679429371, 0.795475112650264, 0.9349176450035176]",0.023989095248097662,5.2923731027720855e-05,earth_removal,
ILVIS0_applanix_55133_LVIS_GSFC_510_POSAV.013,80ec450f8cedbc70215e,6,flat_still,479.40000000000003,False,198,1777.067964534199,"[0.5373967960552309, 4.907064446481329, 1.1168739044927618]",0.050309476739144265,0.00042882762983631473,earth_removal,
ILVIS0_applanix_55135_610-31Oct09_31Oct09.013,6d07c5ae81f6c1fada88,21,sphere_rotating,600.0,False,187,3.601344543701768,"[0.1351212405583533, 0.14237565594392496, 1.3038445070600078]",0.009847922449494792,2.1391612424204176e-06,earth_removal,
ILVIS0_applanix_55135_610-31Oct09_31Oct09.013,6d07c5ae81f6c1fada88,21,sphere_still,600.0,False,191,10.747572746927514,"[0.3303686121345896, 0.33731612386123444, 1.3521046504342624]",0.019452298958842984,3.9310113880697273e-07,earth_removal,
ILVIS0_applanix_55135_610-31Oct09_31Oct09.013,6d07c5ae81f6c1fada88,21,flat_still,600.0,False,198,781396.8436342513,"[23.725314893945505, 264.8373691501845, 10.854514354100544]",0.06290869904984635,5.165569088450006e-05,gyro_bias_x;gyro_gain_x;earth_removal,
ILVIS0_applanix_55135_LVIS_GSFC_510_POSAV.013,4ad8d8525fc91ac7243d,6,sphere_rotating,486.915,False,198,1.3813716029968446,"[0.10111264582298224, 0.024121184933056296, 0.6203123252494793]",0.016022333014232674,0.005488862557163854,,
ILVIS0_applanix_55135_LVIS_GSFC_510_POSAV.013,4ad8d8525fc91ac7243d,6,sphere_still,486.915,False,198,16.314789651152648,"[0.3595442469090461, 0.956413709491915, 0.8481891438335704]",0.32110669066597103,1.488180040948306e-05,earth_removal,
ILVIS0_applanix_55135_LVIS_GSFC_510_POSAV.013,4ad8d8525fc91ac7243d,6,flat_still,486.915,False,198,3416.243350657405,"[0.19106001133927325, 8.929734981116251, 1.0218355142611881]",0.10011596847850521,0.0433688391632861,gyro_gain_x;accel_gain_y;lever_z,
ILVIS0_applanix_55139_610-04Nov09_04Nov09.013,1ef925fbecacc780e73a,21,sphere_rotating,599.995,False,198,2.1438815796206327,"[0.05877501712289755, 0.04689468254711461, 0.8943820473233703]",0.0008315747357525109,0.08557575656558347,,
ILVIS0_applanix_55139_610-04Nov09_04Nov09.013,1ef925fbecacc780e73a,21,sphere_still,599.995,False,198,15.828999866289521,"[0.5186337828768031, 0.17814861908660232, 2.6169148490202083]",0.0598007612092039,1.939890083013651e-06,earth_removal,
ILVIS0_applanix_55139_610-04Nov09_04Nov09.013,1ef925fbecacc780e73a,21,flat_still,599.995,False,198,1163616.5685572715,"[31.745547418694695, 378.626796430731, 21.768458780147494]",0.06116387531800618,0.9999999999964436,velocity_y;gyro_bias_x;gyro_gain_x;earth_removal,
ILVIS0_applanix_55139_LVIS_GSFC_510_POSAV.013,c98891d2a38c480fe3e6,6,sphere_rotating,478.52,False,198,3.9044086098434994,"[0.22255673148985036, 0.257886694297761, 1.3891005275381656]",0.04949744621868154,0.20496920291485793,,
ILVIS0_applanix_55139_LVIS_GSFC_510_POSAV.013,c98891d2a38c480fe3e6,6,sphere_still,478.52,False,198,9.701682422973246,"[0.385219948720507, 0.5660442745308545, 1.6459781843223458]",0.07717112794126914,0.00607619050514141,,
ILVIS0_applanix_55139_LVIS_GSFC_510_POSAV.013,c98891d2a38c480fe3e6,6,flat_still,478.52,False,198,376.5023589641916,"[0.5184850406055181, 3.75640810563649, 1.8379651776531176]",0.019822353863710035,0.00014205788427584798,earth_removal,
ILVIS0_applanix_55140_610-05Nov09_05Nov09.013,b97d0866606fd64f4e2e,21,sphere_rotating,600.0,False,198,7.218583638736569,"[0.08442050690412788, 0.08679506931079321, 1.1494293390008263]",0.01977149008692242,0.012420483141798722,,
ILVIS0_applanix_55140_610-05Nov09_05Nov09.013,b97d0866606fd64f4e2e,21,sphere_still,600.0,False,178,61.441055127485285,"[0.9475860076323519, 1.2074240478568, 2.731595739057861]",0.025043577601068213,7.805034930030708e-07,earth_removal,
ILVIS0_applanix_55140_610-05Nov09_05Nov09.013,b97d0866606fd64f4e2e,21,flat_still,600.0,False,198,101856.70323310788,"[5.8083870036414025, 82.91776727047804, 3.735936194311763]",0.03573874811438234,0.013238930666992443,velocity_y;accel_gain_x,
ILVIS0_applanix_55140_LVIS_GSFC_510_POSAV.013,29a285ee434f73726bb5,6,sphere_rotating,475.795,False,198,1.3562410216512595,"[0.10115687525483702, 0.08408404812002497, 0.599758098511507]",0.04360968174910353,0.0663817628905643,,
ILVIS0_applanix_55140_LVIS_GSFC_510_POSAV.013,29a285ee434f73726bb5,6,sphere_still,475.795,False,198,5.797766046354949,"[0.34515339868595935, 0.5184812306691707, 0.6345621350322896]",0.2325527976864406,2.6473243090130438e-05,earth_removal,
ILVIS0_applanix_55140_LVIS_GSFC_510_POSAV.013,29a285ee434f73726bb5,6,flat_still,475.795,False,198,432.4704382789396,"[0.1869628804594647, 4.153262837545904, 0.6589930302750969]",0.011582244908199184,0.0005434115682242946,,
ILVIS0_applanix_55277_20100322_610_AMES_08Dec09.013,c2e72777d4aa69a7f197,21,sphere_rotating,599.995,False,198,5.89912547779917,"[0.05684666861800327, 0.10981644129634434, 1.8796181039827697]",0.004718670228739306,0.025324196528433984,,
ILVIS0_applanix_55277_20100322_610_AMES_08Dec09.013,c2e72777d4aa69a7f197,21,sphere_still,599.995,False,195,32.739512656963704,"[0.40746748007741085, 0.3063864331618875, 3.825638268703876]",0.006244775460779134,3.0407579971747367e-06,earth_removal,
ILVIS0_applanix_55277_20100322_610_AMES_08Dec09.013,c2e72777d4aa69a7f197,21,flat_still,599.995,False,198,3922.4591379928293,"[1.9177681332811027, 13.421987950368012, 9.802329998543579]",0.22205868381357521,1.7404170384316409e-06,gyro_gain_x;earth_removal,
ILVIS0_applanix_55278_20100323_510_LVIS_POSAV.013,0d906637c82059f4b956,6,sphere_rotating,476.77500000000003,False,198,3.3839758158396975,"[0.09083359765856107, 0.08668929622035895, 1.4973555655066353]",0.014570999984402826,2.092377001405854e-05,earth_removal,
ILVIS0_applanix_55278_20100323_510_LVIS_POSAV.013,0d906637c82059f4b956,6,sphere_still,476.77500000000003,False,198,2.8894298637200873,"[0.1618530131051819, 0.19473680141705998, 0.75538463265569]",0.1168796313136046,2.335936055553045e-05,earth_removal,
ILVIS0_applanix_55278_20100323_510_LVIS_POSAV.013,0d906637c82059f4b956,6,flat_still,476.77500000000003,False,198,3.9853157033249085,"[0.1676251690849378, 0.22085708483338487, 1.1457122005738887]",0.057475782046387855,2.3651086048848136e-05,earth_removal,
ILVIS0_applanix_55278_20100323_610_AMES_23Mar10.013,d6963226d080d2cc57f1,21,sphere_rotating,599.995,False,182,0.5252394693333224,"[0.07977348497006005, 0.0661953911548375, 0.22646148517005735]",0.002418124320363573,7.87537264179683e-07,earth_removal,
ILVIS0_applanix_55278_20100323_610_AMES_23Mar10.013,d6963226d080d2cc57f1,21,sphere_still,599.995,False,198,3.8517878727593,"[0.2960642690439604, 0.133676047922264, 0.6250756286366863]",0.0210462429981811,3.3977129627049685e-06,earth_removal,
ILVIS0_applanix_55278_20100323_610_AMES_23Mar10.013,d6963226d080d2cc57f1,21,flat_still,599.995,False,198,6.398912870167429,"[0.3355017278183512, 0.39801386128227556, 0.21850628925472002]",0.13204439034794818,8.7336705290042e-06,earth_removal,
ILVIS0_applanix_55279_20100324_510_LVIS_POSAV.013,d148e0852763f01663d4,6,sphere_rotating,472.865,False,198,0.5552231863661193,"[0.02890886811782835, 0.042434455795848994, 0.3460546066621689]",0.0009501881679153171,0.08434595162423658,,
ILVIS0_applanix_55279_20100324_510_LVIS_POSAV.013,d148e0852763f01663d4,6,sphere_still,472.865,False,188,58.36300585595535,"[0.3131450303984558, 0.5202965644433413, 5.699014636472512]",0.0031956595420435667,4.57434688522218e-06,gravity_delta;earth_removal,
ILVIS0_applanix_55279_20100324_510_LVIS_POSAV.013,d148e0852763f01663d4,6,flat_still,472.865,False,198,77.58714462894545,"[0.3404268878295263, 0.7982719226373542, 5.889182285938868]",0.0059165567703740604,1.6247470689401133e-06,earth_removal,
ILVIS0_applanix_55281_20100326_510_LVIS_POSAV.013,e3ab04fb98d3e143dde9,6,sphere_rotating,479.515,False,198,1.704855512664685,"[0.08434878497034042, 0.05144818141552817, 0.9379913205576412]",0.0024314852573122142,0.059433867571855925,,
ILVIS0_applanix_55281_20100326_510_LVIS_POSAV.013,e3ab04fb98d3e143dde9,6,sphere_still,479.515,False,198,4.750863680804266,"[0.17048977215172545, 0.18115516191486766, 0.893148660599604]",0.3210949897827662,9.777381669762164e-05,earth_removal,
ILVIS0_applanix_55281_20100326_510_LVIS_POSAV.013,e3ab04fb98d3e143dde9,6,flat_still,479.515,False,198,1.7836672489487562,"[0.06736131282859287, 0.06366599680103864, 0.8419841218096844]",0.037246535181139094,3.177144382304764e-06,earth_removal,
ILVIS0_applanix_55281_20100326_610_AMES_KERNEL_MISS_NAMED_24Mar10.013,c113ebd6a699d315df57,21,sphere_rotating,599.995,False,198,9.968387344459952,"[0.285951645159744, 0.5243958460247454, 1.989336495443882]",0.011951219914094856,1.9906549135029206e-05,earth_removal,
ILVIS0_applanix_55281_20100326_610_AMES_KERNEL_MISS_NAMED_24Mar10.013,c113ebd6a699d315df57,21,sphere_still,599.995,False,198,20.5869213343747,"[0.20705171260470373, 1.064645114121098, 1.9913270368301956]",0.008535344604443907,1.852060523388488e-05,earth_removal,
ILVIS0_applanix_55281_20100326_610_AMES_KERNEL_MISS_NAMED_24Mar10.013,c113ebd6a699d315df57,21,flat_still,599.995,False,198,13.024458716257495,"[0.3220873495860751, 0.7203788899911896, 1.889386083180739]",0.01151703646243038,0.0005724275844847249,gyro_gain_y,
ILVIS0_applanix_55284_20100329_510_LVIS_POSAV.013,98dbabbd7b93401715cb,6,sphere_rotating,472.615,False,198,18471.890994203255,"[24.089435213892855, 24.27816460187149, 52.986860646512866]",0.15383400599948052,0.16238655840400446,attitude_x;accel_bias_x,
ILVIS0_applanix_55284_20100329_510_LVIS_POSAV.013,98dbabbd7b93401715cb,6,sphere_still,472.615,False,198,50705.571644676995,"[44.432144052472914, 37.69733980261538, 37.77818436560615]",0.19527167706461618,0.06213148598066254,accel_bias_x;gravity_delta,
ILVIS0_applanix_55284_20100329_510_LVIS_POSAV.013,98dbabbd7b93401715cb,6,flat_still,472.615,False,198,25431.814841443906,"[21.916114814403695, 20.337902330979727, 33.175924145022826]",0.1618216824869441,0.11947521115440102,attitude_x;time_offset,
ILVIS0_applanix_55284_20100329_610_AMES_29Mar100329_103936.013,e8ef81c896d08e296383,21,sphere_rotating,599.995,False,198,0.982946190425143,"[0.03684830299881873, 0.040052605244512214, 0.797850505661595]",0.024968401917122626,0.08802572410041187,,
ILVIS0_applanix_55284_20100329_610_AMES_29Mar100329_103936.013,e8ef81c896d08e296383,21,sphere_still,599.995,False,198,7.610235909386793,"[0.2987522402946893, 0.1447470271194466, 1.6257809423736234]",0.0009439786581877211,0.035398925120335545,,
ILVIS0_applanix_55284_20100329_610_AMES_29Mar100329_103936.013,e8ef81c896d08e296383,21,flat_still,599.995,False,185,10.361655975657365,"[0.3285542703299401, 0.3563728260762299, 1.6022197972681123]",0.004675736749316653,5.455142684795966e-07,earth_removal,
ILVIS0_applanix_55288_20100402_510_LVIS_POSAV.013,7fe534a78767ef149e22,6,sphere_rotating,480.58500000000004,False,198,5.777228343040495,"[0.24811992628321178, 0.3966943081196268, 0.24491378919689807]",0.21688895793147905,0.26097478615412784,,
ILVIS0_applanix_55288_20100402_510_LVIS_POSAV.013,7fe534a78767ef149e22,6,sphere_still,480.58500000000004,False,198,7.437575854163899,"[0.22884417408090027, 0.3986043902461903, 0.37621710358694566]",0.17788598152872215,0.006382991898713275,,
ILVIS0_applanix_55288_20100402_510_LVIS_POSAV.013,7fe534a78767ef149e22,6,flat_still,480.58500000000004,False,198,9.938788552127399,"[0.449277880160115, 0.4428725945386325, 0.13176171673387957]",0.11505633204310706,0.6259844520904064,,
ILVIS0_applanix_55288_20100402_610_LVIS_02Apr10.013,6470d449b74df01c7ef3,21,sphere_rotating,599.995,False,198,19.311513850285458,"[0.15394653860777718, 0.08786823816267769, 0.4731533892531895]",0.0033839406895396986,0.04545593371120643,,
ILVIS0_applanix_55288_20100402_610_LVIS_02Apr10.013,6470d449b74df01c7ef3,21,sphere_still,599.995,False,198,33.69575553013613,"[0.5249925752927102, 0.26933249229953393, 1.1825949346198374]",0.07120244264969726,1.1923514994238715e-06,earth_removal,
ILVIS0_applanix_55288_20100402_610_LVIS_02Apr10.013,6470d449b74df01c7ef3,21,flat_still,599.995,False,198,35.28910354722688,"[0.5580600284621572, 0.17623552871561482, 0.7414682898993232]",0.013011847967122774,2.921568558189591e-07,earth_removal,
ILVIS0_applanix_55291_20100405_510_LVIS_POSAV.013,d2ec4f1e1707c0d93dc2,6,sphere_rotating,475.77500000000003,False,198,0.49304833488242267,"[0.05299484249765162, 0.05068720797524301, 0.5173462045306362]",0.024766461493093094,0.0017858735951711835,,
ILVIS0_applanix_55291_20100405_510_LVIS_POSAV.013,d2ec4f1e1707c0d93dc2,6,sphere_still,475.77500000000003,False,198,2.3644155143360033,"[0.23060333571785294, 0.11617862752221016, 0.780902920572862]",0.07372030434768836,1.0192399679864739e-05,earth_removal,
ILVIS0_applanix_55291_20100405_510_LVIS_POSAV.013,d2ec4f1e1707c0d93dc2,6,flat_still,475.77500000000003,False,198,0.4239159899342554,"[0.06477579966318378, 0.06505473490939687, 0.2742615987492762]",0.008751492491739924,0.022941347286063563,,
ILVIS0_applanix_55291_20100405_610_LVIS_05Apr10.013,56914803301d5dd3d9bc,21,sphere_rotating,599.995,False,178,1.3439522243333617,"[0.04585446160201513, 0.12068928633949923, 0.46421089177355146]",0.02910644947275662,1.1275701093604873e-05,earth_removal,
ILVIS0_applanix_55291_20100405_610_LVIS_05Apr10.013,56914803301d5dd3d9bc,21,sphere_still,599.995,False,198,7.9079145570208,"[0.5870987144833321, 0.38894079593508013, 0.38691594588030526]",0.02570935620527682,3.846634511139868e-06,earth_removal,
ILVIS0_applanix_55291_20100405_610_LVIS_05Apr10.013,56914803301d5dd3d9bc,21,flat_still,599.995,False,198,5.588195858339715,"[0.48754422870509584, 0.11893336219775957, 0.5659621233833207]",0.01071076941607081,0.015516329933141337,,
ILVIS0_applanix_55295_20100409_510_LVIS_POSAV.013,cd66a80e294af3d53697,6,sphere_rotating,485.16,False,144,159549746.75682047,"[5080.148484845489, 4365.682914645255, 2130.4047213833906]",0.46163056413540415,0.306461445511551,attitude_x;velocity_x;velocity_y;position_x;gyro_bias_y,
ILVIS0_applanix_55295_20100409_510_LVIS_POSAV.013,cd66a80e294af3d53697,6,sphere_still,485.16,False,144,149125327.5258298,"[5099.661331494135, 4557.125022908437, 326.73169100394523]",0.5071038102339165,1.6653345369377348e-16,attitude_x;velocity_x;velocity_y;gyro_bias_x;gyro_bias_y;gyro_bias_z;accel_bias_x;accel_bias_y;gyro_gain_x;gyro_gain_y;gyro_gain_z;accel_gain_x;accel_gain_y;gravity_delta;earth_removal,
ILVIS0_applanix_55295_20100409_510_LVIS_POSAV.013,cd66a80e294af3d53697,6,flat_still,485.16,False,147,146643934.36886793,"[5165.526961903854, 3406.0501391192647, 2172.182867667152]",0.4657227941401342,0.8681382217957221,attitude_x;velocity_x;velocity_y;gyro_bias_x;gyro_gain_x;gyro_gain_y;gravity_delta,
ILVIS0_applanix_55295_20100409_610_LVIS_09Apr10.013,397f6c3a7f6f34592195,21,sphere_rotating,599.995,False,170,17.58925460550035,"[0.16684267733529012, 0.09311382479585018, 2.6347664177766563]",0.0010677663865639193,4.3935710075659884e-07,earth_removal,
ILVIS0_applanix_55295_20100409_610_LVIS_09Apr10.013,397f6c3a7f6f34592195,21,sphere_still,599.995,False,198,417.5951738824949,"[0.9578852214598649, 0.5121617595833966, 16.71945360275205]",0.01253930759484021,9.57015178704168e-06,earth_removal,
ILVIS0_applanix_55295_20100409_610_LVIS_09Apr10.013,397f6c3a7f6f34592195,21,flat_still,599.995,False,198,753.3442613470079,"[3.0460898382896824, 1.6389769034930266, 15.258001165277316]",0.05320627686964626,4.957324719778722e-06,earth_removal,
ILVIS0_applanix_55298_20100412_610_AMES_12Apr10.013,6f62e0aa90d1bfb12c24,21,sphere_rotating,600.0,False,196,20.415363367331334,"[0.13307835092369558, 0.14445890761997776, 1.638568870270194]",0.0016449173961545335,0.12192668449626615,gyro_gain_z,
ILVIS0_applanix_55298_20100412_610_AMES_12Apr10.013,6f62e0aa90d1bfb12c24,21,sphere_still,600.0,False,198,24.414180943488578,"[0.3320724617251509, 0.32998836226874284, 1.8877040296778764]",0.034248756146681214,0.03452263328901811,,
ILVIS0_applanix_55298_20100412_610_AMES_12Apr10.013,6f62e0aa90d1bfb12c24,21,flat_still,600.0,False,198,27.737192420137877,"[0.36823329582329517, 0.3495575980408399, 2.310304833158571]",0.004621077622427065,0.14996508728824737,gyro_bias_z;gyro_gain_z,
ILVIS0_applanix_55299_20100413_AMES_610_13Apr10.013,3361b4f9d23e55cd4841,21,sphere_rotating,600.0,False,198,9.771706619925443,"[0.20473488205122947, 0.06476236653507265, 0.4360577528698985]",0.006759873078472051,0.08414067072357534,,
ILVIS0_applanix_55299_20100413_AMES_610_13Apr10.013,3361b4f9d23e55cd4841,21,sphere_still,600.0,False,196,15.960014983153851,"[0.5300275147907247, 0.29063648488553606, 0.4581153626479283]",0.02519696218396832,3.33921205825094e-06,earth_removal,
ILVIS0_applanix_55299_20100413_AMES_610_13Apr10.013,3361b4f9d23e55cd4841,21,flat_still,600.0,False,198,14.284565402589356,"[0.19332714690877206, 0.3787395170269454, 0.7904755559967288]",0.10600936456290982,4.288881504721509e-06,earth_removal,
ILVIS0_applanix_55299_20100413_LVIS_510_POSAV.013,024088f20237d75d91ce,6,sphere_rotating,483.305,False,198,18.676027026145995,"[0.08455503902426914, 0.21360325578486702, 0.7545137601952755]",0.0018265720136442587,0.09531758931505613,,
ILVIS0_applanix_55299_20100413_LVIS_510_POSAV.013,024088f20237d75d91ce,6,sphere_still,483.305,False,192,25.137373695965753,"[0.412903593612476, 0.40436301022258375, 1.0007272482968184]",0.007495305959258757,1.5741729063045717e-06,earth_removal,
ILVIS0_applanix_55299_20100413_LVIS_510_POSAV.013,024088f20237d75d91ce,6,flat_still,483.305,False,198,31.435899020560306,"[0.7287334167724849, 0.46236660337478896, 0.9541758150610207]",0.025638283738671202,1.3032670790558143e-05,earth_removal,
ILVIS0_applanix_55300_20100414_Ames610_14Apr10.013,739867a871b2c6dc77f4,21,sphere_rotating,600.0,False,175,0.954454574739832,"[0.054549445122586644, 0.04431467213848685, 0.3953278450981416]",0.0009320056697698876,6.67537134069196e-07,earth_removal,
ILVIS0_applanix_55300_20100414_Ames610_14Apr10.013,739867a871b2c6dc77f4,21,sphere_still,600.0,False,176,6.260278565738394,"[0.2852577648380005, 0.10574799866518525, 0.6804558855758449]",0.008592353863464911,3.6711050027671277e-07,earth_removal,
ILVIS0_applanix_55300_20100414_Ames610_14Apr10.013,739867a871b2c6dc77f4,21,flat_still,600.0,False,174,19.573979507201418,"[0.5034298015349331, 0.1584446536366129, 2.3952434553485182]",0.014708602711426395,7.139804576450359e-07,earth_removal,
ILVIS0_applanix_55300_20100414_LVIS510_POSAV.013,9144c20384fb71e4b1e3,6,sphere_rotating,477.98,False,198,0.7198316275779172,"[0.08506119534960863, 0.04739884258607632, 0.37281463154644406]",0.028091079786294427,0.07224072241931828,,
ILVIS0_applanix_55300_20100414_LVIS510_POSAV.013,9144c20384fb71e4b1e3,6,sphere_still,477.98,False,198,2.26709011288293,"[0.11703552806715439, 0.24906137649606114, 0.5248868696120754]",0.03367528634453732,7.97309866962248e-07,earth_removal,
ILVIS0_applanix_55300_20100414_LVIS510_POSAV.013,9144c20384fb71e4b1e3,6,flat_still,477.98,False,198,2.629080865538778,"[0.1659186679734532, 0.23837375225730184, 0.7039066207598974]",0.009051781475220051,1.1380813860040195e-05,earth_removal,
ILVIS0_applanix_55305_20100419_Ames610_19Apr10.013,81b7dc5d8a941315f623,21,sphere_rotating,599.995,False,198,1.7538015979288273,"[0.11467532299488967, 0.0715628161643627, 0.5466894181878138]",0.1574002031866953,0.03299233296551335,,
ILVIS0_applanix_55305_20100419_Ames610_19Apr10.013,81b7dc5d8a941315f623,21,sphere_still,599.995,False,198,4.548171381053333,"[0.2490439329476297, 0.20109735615092628, 0.629859812310521]",0.2313651625335255,0.004346463531969658,,
ILVIS0_applanix_55305_20100419_Ames610_19Apr10.013,81b7dc5d8a941315f623,21,flat_still,599.995,False,198,5.135200844197409,"[0.21119818060390727, 0.3218650313815517, 0.3946887262010618]",0.06287789391526123,0.09593520456003041,,
ILVIS0_applanix_55305_20100419_LVIS510_POSAV.013,abe6956666c05eecbbf9,6,sphere_rotating,493.815,False,198,0.62926499255653,"[0.10566403323269899, 0.09236919213433659, 0.13875491698386752]",0.016011844026636184,0.08747960525413817,,
ILVIS0_applanix_55305_20100419_LVIS510_POSAV.013,abe6956666c05eecbbf9,6,sphere_still,493.815,False,198,1.8681022910289038,"[0.31728212273937056, 0.17714932129099878, 0.12842956655003926]",0.13340958046654805,2.2784785548290998e-06,earth_removal,
ILVIS0_applanix_55305_20100419_LVIS510_POSAV.013,abe6956666c05eecbbf9,6,flat_still,493.815,False,198,1.14021429074986,"[0.2107508073529796, 0.0951283338242931, 0.13563216784504015]",0.017081799208388506,0.02009652776639481,,
ILVIS0_applanix_55306_20100420_Ames610_20Apr10.013,713bb9ca5c6d03766fb3,21,sphere_rotating,599.995,False,198,2.438503934632402,"[0.07223050815386106, 0.047938030255999756, 0.46365342432532963]",0.009226295067497104,0.001529454747629777,,
ILVIS0_applanix_55306_20100420_Ames610_20Apr10.013,713bb9ca5c6d03766fb3,21,sphere_still,599.995,False,198,4.3584243111157015,"[0.22172434943637173, 0.163075439350597, 0.4094182657764765]",0.10198519085256655,2.140424600616253e-06,earth_removal,
ILVIS0_applanix_55306_20100420_Ames610_20Apr10.013,713bb9ca5c6d03766fb3,21,flat_still,599.995,False,198,3.7088727279582008,"[0.11292176504707503, 0.11320378352167364, 0.928678117309097]",0.028979384405091575,0.15489307270151464,,
ILVIS0_applanix_55306_20100420_LVIS510_POSAV.013,4daae299476a856df920,6,sphere_rotating,488.075,False,198,6.197861070189047,"[0.23264378470019687, 0.2206892229363723, 1.3543524510978604]",0.10616207327436195,0.3742493286674894,,
ILVIS0_applanix_55306_20100420_LVIS510_POSAV.013,4daae299476a856df920,6,sphere_still,488.075,False,198,65.91885991259767,"[0.3377679991464236, 0.5149201253477713, 6.7026340511093805]",0.03810498445925032,5.669395417406964e-05,earth_removal,
ILVIS0_applanix_55306_20100420_LVIS510_POSAV.013,4daae299476a856df920,6,flat_still,488.075,False,198,154.73025371981316,"[0.9869621374929743, 1.2545872510499005, 8.424379438113226]",0.03368602734338471,8.449605202209831e-05,earth_removal,
ILVIS0_applanix_55307_20100421_Ames610_21Apr10.013,8c953c34ba28140feafd,21,sphere_rotating,599.995,False,198,1.3892002209319194,"[0.056560936239557734, 0.11668214577460864, 0.6422198869879419]",0.11334173557143584,7.635381777515438e-05,earth_removal,
ILVIS0_applanix_55307_20100421_Ames610_21Apr10.013,8c953c34ba28140feafd,21,sphere_still,599.995,False,198,11.667589246474643,"[0.3342230259845153, 0.6594227815062551, 0.6321084945417786]",0.09368792699234561,1.8491894303585e-06,earth_removal,
ILVIS0_applanix_55307_20100421_Ames610_21Apr10.013,8c953c34ba28140feafd,21,flat_still,599.995,False,198,6.349662399057018,"[0.22357042746911118, 0.4837188477587569, 0.6624133690785672]",0.02619910942128183,9.552712516736062e-06,earth_removal,
ILVIS0_applanix_55307_20100421_LVIS510_POSAV.013,1fec3d39099d0e619100,6,sphere_rotating,482.91,False,198,0.26922332020740664,"[0.052988540422857756, 0.04678707819149078, 0.224889616180415]",0.010858303542912614,0.009111655884359082,,
ILVIS0_applanix_55307_20100421_LVIS510_POSAV.013,1fec3d39099d0e619100,6,sphere_still,482.91,False,198,3.16284323973878,"[0.28967248834137105, 0.31643233425724754, 0.25252284443578155]",0.037115574994986286,2.9300670030818488e-06,earth_removal,
ILVIS0_applanix_55307_20100421_LVIS510_POSAV.013,1fec3d39099d0e619100,6,flat_still,482.91,False,198,7.149334698179863,"[0.5632832498452955, 0.19311014152852393, 0.7282051090936608]",0.06374485203685981,0.0007562962986235044,,
ILVIS0_applanix_55308_20100422_Ames610_22Apr10.013,803fc652962ade07d350,21,sphere_rotating,599.995,False,198,23.077848724652704,"[0.3759174771152412, 0.6262238119691226, 2.277986149102193]",0.06275914660441903,0.03240748230701035,,
ILVIS0_applanix_55308_20100422_Ames610_22Apr10.013,803fc652962ade07d350,21,sphere_still,599.995,False,198,53.836091921750246,"[0.5359094878142071, 0.6116543897242124, 4.628584451123744]",0.030904265714494162,1.9455071028906534e-05,earth_removal,
ILVIS0_applanix_55308_20100422_Ames610_22Apr10.013,803fc652962ade07d350,21,flat_still,599.995,False,198,234.58278467048737,"[1.4974930102310913, 1.9589251540705714, 9.261839631937745]",0.03236514719114532,3.170401954133428e-05,earth_removal,
ILVIS0_applanix_55485_20101016_510_LVIS.013,abe8ee7ce576153eeb6f,6,sphere_rotating,471.54,False,173,2.6816204082450477,"[0.04204765249746293, 0.034278903583863686, 0.9395034381521314]",0.0011442049669904276,9.045065248847184e-06,earth_removal,
ILVIS0_applanix_55485_20101016_510_LVIS.013,abe8ee7ce576153eeb6f,6,sphere_still,471.54,False,198,137.58156121221353,"[0.8403956088267832, 0.5871821603964327, 5.977891110637797]",0.004892861385356363,5.1496445299670235e-06,earth_removal,
ILVIS0_applanix_55485_20101016_510_LVIS.013,abe8ee7ce576153eeb6f,6,flat_still,471.54,False,198,66402.2994218664,"[34.237342541868486, 55.01928088280676, 29.572993124968463]",0.20793871062580943,0.9999980116246991,gyro_bias_z;accel_bias_z;gyro_gain_x;gyro_gain_y;gyro_gain_z;accel_gain_x;accel_gain_y;lever_x;lever_y;gravity_delta;time_offset;earth_removal,
ILVIS0_applanix_55488_20101019_510_LVIS.013,d8e612b62a9f0192a39d,6,sphere_rotating,483.265,False,198,0.7505004723164519,"[0.06757687406834756, 0.0468160081916882, 0.4064829928867869]",0.011629922434077327,1.930414684714332e-06,earth_removal,
ILVIS0_applanix_55488_20101019_510_LVIS.013,d8e612b62a9f0192a39d,6,sphere_still,483.265,False,198,228.7361013767048,"[3.3800326455958585, 1.0586224990884634, 4.89403019310428]",0.12056808572078023,3.7226455762984223e-06,earth_removal,
ILVIS0_applanix_55488_20101019_510_LVIS.013,d8e612b62a9f0192a39d,6,flat_still,483.265,False,198,106248.1450713887,"[28.86149714414024, 50.9596952514545, 9.527851777806818]",0.31784292412597326,0.0005104340608611535,gravity_delta,
ILVIS0_applanix_55497_20101028_510_LVIS.013,953bf000f10421faad04,6,sphere_rotating,471.125,False,198,1.1722250640803948,"[0.10580858154953932, 0.0942895245673258, 0.5922524580664983]",0.03026313266325213,0.03096902450939676,,
ILVIS0_applanix_55497_20101028_510_LVIS.013,953bf000f10421faad04,6,sphere_still,471.125,False,196,1.5963888283025323,"[0.09614598180053764, 0.1223985067385441, 0.5270160426319128]",0.005364481896639989,6.14821008548816e-08,earth_removal,
ILVIS0_applanix_55497_20101028_510_LVIS.013,953bf000f10421faad04,6,flat_still,471.125,False,198,13107.685985302476,"[8.122208126005525, 29.09514261680757, 3.717796458785078]",0.05480025894367024,0.004307670308858147,gyro_bias_y,
ILVIS0_applanix_55499_20101030_510_LVIS.013,de0755286667fab3c707,6,sphere_rotating,479.325,False,171,1.854387869921191,"[0.09491876249461657, 0.11468185128039823, 0.8048083225919282]",0.0021799607767481063,6.011156411134255e-06,earth_removal,
ILVIS0_applanix_55499_20101030_510_LVIS.013,de0755286667fab3c707,6,sphere_still,479.325,False,198,6.684763569239,"[0.13034452950070682, 0.5152247660102546, 0.7923064714692297]",0.01631634771204808,1.7694257405942437e-06,earth_removal,
ILVIS0_applanix_55499_20101030_510_LVIS.013,de0755286667fab3c707,6,flat_still,479.325,False,198,7866.273913960476,"[0.48233506752194744, 13.152106228339926, 0.6368409290717193]",0.055391905711308136,0.023802166596147756,,
ILVIS0_applanix_55504_20101104_510_lvis_LVIS.013,45d2c3d47421eb1af468,6,sphere_rotating,479.395,False,198,0.9703764191472622,"[0.12624551955219485, 0.044768447043891754, 0.6679365669920078]",0.013843086960840023,0.06859025135926045,,
ILVIS0_applanix_55504_20101104_510_lvis_LVIS.013,45d2c3d47421eb1af468,6,sphere_still,479.395,False,185,2.5558048501431156,"[0.16943472303899784, 0.20886094446923073, 0.7254083490044292]",0.05453909773271003,9.81846810965692e-07,earth_removal,
ILVIS0_applanix_55504_20101104_510_lvis_LVIS.013,45d2c3d47421eb1af468,6,flat_still,479.395,False,198,417.7611536849433,"[0.3798640247951071, 2.5293992309996245, 0.6079951497159933]",0.026465136556559486,0.00313006652151282,,
ILVIS0_applanix_55505_20101105_510_lvis_LVIS.013,f2a610caa1c8af459d3f,6,sphere_rotating,478.33,False,198,0.5935200477288227,"[0.026462522326914727, 0.03073153545746601, 0.6009686847536445]",0.027708831860540108,0.10761121520149075,,
ILVIS0_applanix_55505_20101105_510_lvis_LVIS.013,f2a610caa1c8af459d3f,6,sphere_still,478.33,False,198,90.69864236612136,"[1.039980331737795, 1.1055668929777336, 5.238255797430761]",0.06798874411387881,5.9026888765689733e-08,gyro_bias_z;gyro_gain_y;earth_removal,
ILVIS0_applanix_55505_20101105_510_lvis_LVIS.013,f2a610caa1c8af459d3f,6,flat_still,478.33,False,198,951594.1990751233,"[25.108252353120648, 276.020451684521, 51.34873200295876]",0.0789854463748891,0.029436605401390314,gyro_bias_x,
ILVIS0_applanix_55506_20101106_510_lvis_LVIS.013,010c70375fc8e3a31be0,6,sphere_rotating,481.435,False,198,1.0643635322168548,"[0.060396047692545585, 0.07203175974551558, 0.7396873284678811]",0.006811061214286431,0.016758618389285884,,
ILVIS0_applanix_55506_20101106_510_lvis_LVIS.013,010c70375fc8e3a31be0,6,sphere_still,481.435,False,198,5.631465409591393,"[0.28669968053232575, 0.2172596780282863, 1.1309310369465284]",0.06476759066264494,7.184690745343225e-06,earth_removal,
ILVIS0_applanix_55506_20101106_510_lvis_LVIS.013,010c70375fc8e3a31be0,6,flat_still,481.435,False,198,1314.5043524039827,"[1.3666262503650457, 5.986514366715482, 0.8055349453858093]",0.015713351406989262,0.00038871588678868196,gyro_gain_y;earth_removal,
ILVIS0_applanix_55513_20101113_510_lvis_LVIS.013,54ce1ae47ed03618d558,6,sphere_rotating,471.90000000000003,False,198,1.0925223271617104,"[0.11515805030390604, 0.13532941928428216, 0.6984205509496023]",0.0635583870872419,0.06514737384014874,,
ILVIS0_applanix_55513_20101113_510_lvis_LVIS.013,54ce1ae47ed03618d558,6,sphere_still,471.90000000000003,False,198,3.3828589227396306,"[0.17572880482708603, 0.24536627369444777, 0.7215803540285451]",0.025659796787264808,3.7628164305525402e-06,earth_removal,
ILVIS0_applanix_55513_20101113_510_lvis_LVIS.013,54ce1ae47ed03618d558,6,flat_still,471.90000000000003,False,198,1238579.66238705,"[6.964276876850308, 190.61168272489329, 29.8590759749388]",0.01808364524089627,1.0,gyro_bias_x;gyro_bias_z;accel_bias_y;accel_bias_z;gyro_gain_x;accel_gain_y;lever_x;lever_z;gravity_delta;time_offset;earth_removal,
ILVIS0_applanix_55519_20101119_510_lvis_LVIS.013,2ed4b764824f93ef7b89,6,sphere_rotating,467.03000000000003,False,198,0.7327958554776357,"[0.029328543804716344, 0.030383695037351353, 0.6227091486373129]",0.031638981839529255,0.05951141642773633,,
ILVIS0_applanix_55519_20101119_510_lvis_LVIS.013,2ed4b764824f93ef7b89,6,sphere_still,467.03000000000003,False,193,30.51600578359435,"[0.6592796735721087, 0.2663674551806337, 3.3508387941463034]",0.03529118577396682,1.061682490977045e-06,earth_removal,
ILVIS0_applanix_55519_20101119_510_lvis_LVIS.013,2ed4b764824f93ef7b89,6,flat_still,467.03000000000003,False,198,570400.8390735138,"[15.76960309443394, 251.09982109956934, 28.11145099489326]",0.09022259734328701,0.2088984440223876,velocity_y;position_y;gyro_gain_x,
ILVIS0_applanix_55657_510_posav.013,f0c9b04b7607dfa6e6b8,6,sphere_rotating,496.8,False,198,0.6172175280570166,"[0.03487404121361773, 0.06671812561903248, 0.16130955084570622]",0.0033851794901713613,0.9281313539918727,,
ILVIS0_applanix_55657_510_posav.013,f0c9b04b7607dfa6e6b8,6,sphere_still,496.8,False,198,1.2170737109746164,"[0.11670994116325621, 0.18967412470021047, 0.16261041044592073]",0.07712600616389509,0.3653062969511077,,
ILVIS0_applanix_55657_510_posav.013,f0c9b04b7607dfa6e6b8,6,flat_still,496.8,False,198,0.7648841357309428,"[0.11513190319337428, 0.05610478134517706, 0.16448703136493287]",0.01752860770267352,0.2839841430587744,,
ILVIS0_applanix_55666_510_POSAV.013,a80a0998487b4fc283e1,6,sphere_rotating,478.16,False,198,0.2582889780407124,"[0.028318509006770562, 0.0416460648726463, 0.13547422007394508]",0.008154222007043757,0.1664356690127336,,
ILVIS0_applanix_55666_510_POSAV.013,a80a0998487b4fc283e1,6,sphere_still,478.16,False,170,2.0204064943118953,"[0.08009703726449408, 0.11467582196489277, 0.8490493372481899]",0.03284325780447141,1.8431432835530615e-07,earth_removal,
ILVIS0_applanix_55666_510_POSAV.013,a80a0998487b4fc283e1,6,flat_still,478.16,False,198,11.34148564954868,"[0.26210151987527713, 0.5307156659912157, 1.9564228598201903]",0.20575001394471704,8.030018346760759e-06,earth_removal,
ILVIS0_applanix_55667_20110416_510_POSAV.013,9e8d6fa9271922043b11,6,sphere_rotating,486.38,False,198,5.279342314582208,"[0.04975687215196122, 0.04551313357088229, 0.4354807119514631]",0.012410707866780574,0.050386313297882734,,
ILVIS0_applanix_55667_20110416_510_POSAV.013,9e8d6fa9271922043b11,6,sphere_still,486.38,False,198,6.817641595454286,"[0.11135684031701161, 0.1449617009429926, 0.42304684669660353]",0.02177780684362594,2.605344846640101e-06,earth_removal,
ILVIS0_applanix_55667_20110416_510_POSAV.013,9e8d6fa9271922043b11,6,flat_still,486.38,False,198,10.456112269434346,"[0.17451501625653, 0.5188025043316882, 0.400285956379334]",0.23773634180968004,2.997266388804487e-06,earth_removal,
ILVIS0_applanix_55669_510_20110418_POSAV.013,c8fb72ed074def26d0be,6,sphere_rotating,481.96000000000004,False,198,3.0701120226013883,"[0.08068784864231125, 0.07497009534861143, 0.3249804890133621]",0.04015941771641075,0.07880932982941741,,
ILVIS0_applanix_55669_510_20110418_POSAV.013,c8fb72ed074def26d0be,6,sphere_still,481.96000000000004,False,191,3.4344526299821347,"[0.13589602026115322, 0.04509035963698253, 0.3781243883316175]",0.0069627293085177825,1.260155904886373e-05,earth_removal,
ILVIS0_applanix_55669_510_20110418_POSAV.013,c8fb72ed074def26d0be,6,flat_still,481.96000000000004,False,198,7.340138381129912,"[0.1884858968113107, 0.4108837140572019, 0.37265848300824655]",0.013037314140307094,1.379463131667702e-06,gyro_gain_x;earth_removal,
ILVIS0_applanix_55670_510_20110419_POSAV.013,a7d5130d4c74ca994aa0,6,sphere_rotating,472.06,False,198,12.69401180300898,"[0.14108976781218038, 0.20084806242218714, 0.4037241297648815]",0.005431403518446948,0.0014086552669666519,,
ILVIS0_applanix_55670_510_20110419_POSAV.013,a7d5130d4c74ca994aa0,6,sphere_still,472.06,False,198,533.582209778451,"[2.622030358625949, 2.6354307539645303, 12.77095569945319]",0.02621131701425353,7.519775506059645e-06,accel_gain_x;earth_removal,
ILVIS0_applanix_55670_510_20110419_POSAV.013,a7d5130d4c74ca994aa0,6,flat_still,472.06,False,198,1722.1499593075575,"[5.953887062890949, 5.337288112966898, 14.617524721375105]",0.030102918719745672,1.6932273987191326e-05,gyro_bias_z;accel_gain_x;earth_removal,
ILVIS0_applanix_55671_20110420_510_POSAV.013,160462321f06e92834e9,6,sphere_rotating,479.74,False,198,6.273383720495937,"[0.14508363838779145, 0.08316445898232187, 0.4870207875113415]",0.0029257591243420935,0.06265814180385249,,
ILVIS0_applanix_55671_20110420_510_POSAV.013,160462321f06e92834e9,6,sphere_still,479.74,False,198,9.335424532006796,"[0.3788219154715036, 0.05724224743968443, 0.733998983144959]",0.011759766488584997,6.617798636865402e-07,earth_removal,
ILVIS0_applanix_55671_20110420_510_POSAV.013,160462321f06e92834e9,6,flat_still,479.74,False,198,13.03103623932753,"[0.4901852326972538, 0.22429120546746897, 0.809615142270095]",0.03289376913633597,6.804349608480198e-06,earth_removal,
ILVIS0_applanix_55672_510_20110421_POSAV.013,1e5669afc7752491d1a7,6,sphere_rotating,485.135,False,198,5.0313407093337625,"[0.05790632472398524, 0.07025245370016261, 0.3214083276410916]",0.005900111164640913,0.03333372290459219,,
ILVIS0_applanix_55672_510_20110421_POSAV.013,1e5669afc7752491d1a7,6,sphere_still,485.135,False,198,6.703642946193351,"[0.15886061422785336, 0.10573174605963426, 0.8647838407660904]",0.0115250288370142,4.334726765642394e-06,earth_removal,
ILVIS0_applanix_55672_510_20110421_POSAV.013,1e5669afc7752491d1a7,6,flat_still,485.135,False,198,8.176518817255335,"[0.16183694792132364, 0.249288880398123, 0.555787398894359]",0.090694213009034,0.03698033443204035,,
ILVIS0_applanix_55673_510_20110422_POSAV.013,ffecb3c185262a6e1e41,6,sphere_rotating,482.395,False,198,4.595333614443651,"[0.07064010662932947, 0.11174119928555393, 0.41062679919153017]",0.03233996178492671,0.05027712157076952,,
ILVIS0_applanix_55673_510_20110422_POSAV.013,ffecb3c185262a6e1e41,6,sphere_still,482.395,False,198,5.181303372354843,"[0.12145178421018404, 0.11276364829930718, 0.7229930729230806]",0.0024562954430743704,1.419343441111387e-07,earth_removal,
ILVIS0_applanix_55673_510_20110422_POSAV.013,ffecb3c185262a6e1e41,6,flat_still,482.395,False,198,6.820728389766324,"[0.18199106599666495, 0.21382730746051523, 0.7324986238750478]",0.0629323856881634,0.022555848614618235,,
ILVIS0_applanix_55676_510_20110425_POSAV.013,863b4cbc77c4b0ff07f3,6,sphere_rotating,473.205,False,198,0.2907848349580853,"[0.04383297059179325, 0.03827756888444602, 0.10349140771116226]",0.03220232506946752,0.0551195979849064,,
ILVIS0_applanix_55676_510_20110425_POSAV.013,863b4cbc77c4b0ff07f3,6,sphere_still,473.205,False,198,0.7383301280326562,"[0.12015732498161856, 0.04406531717432918, 0.09159963237433581]",0.025032396281010772,2.653127388896337e-07,earth_removal,
ILVIS0_applanix_55676_510_20110425_POSAV.013,863b4cbc77c4b0ff07f3,6,flat_still,473.205,False,183,3.7764186080040787,"[0.09251369084903263, 0.314618278534352, 0.10552900159340058]",0.01388757685472057,1.7746565442733342e-06,earth_removal,
ILVIS0_applanix_55683_20110502_510_POSAV.013,3a4cabe9ba8dc34d25fc,6,sphere_rotating,466.34000000000003,False,187,0.6803151665014466,"[0.06422337821623478, 0.019453222057801325, 0.3157556696513338]",0.0027839107187051073,5.6747138089674465e-06,earth_removal,
ILVIS0_applanix_55683_20110502_510_POSAV.013,3a4cabe9ba8dc34d25fc,6,sphere_still,466.34000000000003,False,198,1.83429622277808,"[0.13901153975225342, 0.19918767223517886, 0.20726963324702963]",0.03187096775556674,0.006787965174340993,,
ILVIS0_applanix_55683_20110502_510_POSAV.013,3a4cabe9ba8dc34d25fc,6,flat_still,466.34000000000003,False,198,1.1080588943750416,"[0.11642443076933776, 0.08568178689566715, 0.22651351480617343]",0.04716758655407814,0.0027697978611067597,gyro_gain_x,
ILVIS0_applanix_55686_20110505_510_POSAV.013,30995bd9f248cd9025d9,6,sphere_rotating,480.225,False,198,0.2163693903645106,"[0.050494501633742875, 0.08186652262672003, 0.17010972768874613]",0.06551489720632224,0.06382954715984707,,
ILVIS0_applanix_55686_20110505_510_POSAV.013,30995bd9f248cd9025d9,6,sphere_still,480.225,False,198,3.2575599184244366,"[0.12246882426636198, 0.43930922326985034, 0.29170952875877526]",0.061190963031092505,1.4606280747120337e-06,earth_removal,
ILVIS0_applanix_55686_20110505_510_POSAV.013,30995bd9f248cd9025d9,6,flat_still,480.225,False,198,5.1336165083926,"[0.17889690768923003, 0.4226827314639361, 0.3275529727309035]",0.14351365996629994,9.553685671459533e-07,earth_removal,
ILVIS0_applanix_55687_20110506_510_POSAV.013,248b7603dc17be34377c,6,sphere_rotating,476.395,False,198,0.6180382676975207,"[0.10081625208361746, 0.056426731751172375, 0.34901883869403266]",0.06335225272626767,0.07199614091230105,,
ILVIS0_applanix_55687_20110506_510_POSAV.013,248b7603dc17be34377c,6,sphere_still,476.395,False,198,0.9363012278741677,"[0.11735443076960295, 0.09113433681651639, 0.2912289400741666]",0.024889455569088833,2.0686185081553177e-06,earth_removal,
ILVIS0_applanix_55687_20110506_510_POSAV.013,248b7603dc17be34377c,6,flat_still,476.395,False,198,2.5646169191024137,"[0.21703871246402548, 0.19725682326949057, 0.45496077762100984]",0.017983622546182857,8.07106473321717e-08,earth_removal,
ILVIS0_applanix_55688_20110507_510_POSAV.013,800e4742e1878bf9d063,6,sphere_rotating,482.925,False,198,0.1548136580140171,"[0.015255151402525044, 0.011260119687508414, 0.06262328028296847]",0.0025669358997892433,0.037681059177434195,,
ILVIS0_applanix_55688_20110507_510_POSAV.013,800e4742e1878bf9d063,6,sphere_still,482.925,False,198,14.986637651674958,"[0.31398166620142204, 0.06698477323013363, 1.9326794296683902]",0.014184783821412708,4.315869035820263e-06,earth_removal,
ILVIS0_applanix_55688_20110507_510_POSAV.013,800e4742e1878bf9d063,6,flat_still,482.925,False,170,21.230162896024705,"[0.5195010839709533, 0.19975423523446761, 1.7164153170763643]",0.013007349298140918,1.8229366254285395e-06,earth_removal,
ILVIS0_applanix_55842_510_POSAV.013,ed56c39b83785073e14b,6,sphere_rotating,471.38,False,194,1.9390361373449339,"[0.10480824231988356, 0.12509170430894376, 0.7767072656032751]",0.003966001863931954,7.963132442334597e-08,earth_removal,
ILVIS0_applanix_55842_510_POSAV.013,ed56c39b83785073e14b,6,sphere_still,471.38,False,198,7.468392568975576,"[0.22343889186249746, 0.5510825829149366, 0.8963307972521821]",0.05674488215138914,1.3423272997581392e-06,earth_removal,
ILVIS0_applanix_55842_510_POSAV.013,ed56c39b83785073e14b,6,flat_still,471.38,False,198,2163.94770811,"[2.587656595540209, 11.303482539551359, 0.40946542852477985]",0.040053292363901184,0.018135898901974923,,
ILVIS0_applanix_55842_610_LVIS.013,30b98b4d421c7e9d0292,21,sphere_rotating,445.05,False,198,1.0734693418721422,"[0.03575963045965745, 0.030372293119822143, 0.5941304823907864]",0.03598299971892167,0.009810376578242519,,
ILVIS0_applanix_55842_610_LVIS.013,30b98b4d421c7e9d0292,21,sphere_still,445.05,False,198,3.490360017487237,"[0.09548132638609086, 0.3886669652793627, 0.8856638914441347]",0.019330669987974676,2.1373420613923777e-06,earth_removal,
ILVIS0_applanix_55842_610_LVIS.013,30b98b4d421c7e9d0292,21,flat_still,445.05,False,198,1912.8533001834207,"[3.1301136661156463, 10.680479877519057, 0.7144297576584473]",0.06726571899251513,0.03204857092101249,accel_gain_x,
ILVIS0_applanix_55844_510_POSAV.013,5513dbcc876ba4cde791,6,sphere_rotating,486.73,False,198,3.831617611687165,"[0.24919652527208758, 0.1074231924745326, 1.0003300742070813]",0.031441822152080065,0.003730320205454496,,
ILVIS0_applanix_55844_510_POSAV.013,5513dbcc876ba4cde791,6,sphere_still,486.73,False,198,9.71256187950794,"[0.33416265804227563, 0.22814769557241277, 1.569654689390713]",0.042546293141789454,2.9842221030806915e-05,earth_removal,
ILVIS0_applanix_55844_510_POSAV.013,5513dbcc876ba4cde791,6,flat_still,486.73,False,198,996963.5925485925,"[16.482970539402277, 274.314382303244, 4.157063016290798]",0.05557691247869693,0.001873593196705825,velocity_y;gyro_gain_x,
ILVIS0_applanix_55844_610_LVIS.013,187a21019bce7b34a04c,21,sphere_rotating,451.29,False,198,0.47741649167241723,"[0.03741881473760288, 0.03029235943768826, 0.5040809775494268]",0.03190125116161455,0.00838148226098967,,
ILVIS0_applanix_55844_610_LVIS.013,187a21019bce7b34a04c,21,sphere_still,451.29,False,198,1.8269581762548348,"[0.21535473967810978, 0.2823505118655806, 0.4659275222848491]",0.24730018262757558,1.4432701300859385e-05,earth_removal,
ILVIS0_applanix_55844_610_LVIS.013,187a21019bce7b34a04c,21,flat_still,451.29,False,198,473.00177270376395,"[1.4229844253760517, 4.237478549935606, 1.1062012973268052]",0.05261486989255044,2.6848483796193534e-06,earth_removal,
ILVIS0_applanix_55846_510_POSAV.013,0bfc763c049677c01c38,6,sphere_rotating,492.82,False,198,15.106796350547423,"[0.12334765509392345, 0.7551365347185426, 1.8936778170046131]",0.012893131552250707,1.1769262353578114e-06,earth_removal,
ILVIS0_applanix_55846_510_POSAV.013,0bfc763c049677c01c38,6,sphere_still,492.82,False,198,20.75269197225783,"[0.22160084079098413, 0.8764068001352994, 1.8079622813396228]",0.0421582482973668,1.2396988385843244e-06,earth_removal,
ILVIS0_applanix_55846_510_POSAV.013,0bfc763c049677c01c38,6,flat_still,492.82,False,198,93.46601090720281,"[0.5190136737190737, 0.8673129029852638, 2.2425050409715888]",0.04431948289357657,6.709581130848186e-05,earth_removal,
ILVIS0_applanix_55846_610_LVIS.013,12fbcbce3c7f52a3eae7,21,sphere_rotating,454.015,False,198,2.7117842770637712,"[0.05589897941780933, 0.03123711018757426, 1.2613918834613422]",0.024142734019126585,0.009585655522090175,,
ILVIS0_applanix_55846_610_LVIS.013,12fbcbce3c7f52a3eae7,21,sphere_still,454.015,False,198,3.430600666429057,"[0.07890200180271768, 0.17848400670562753, 1.268519655971507]",0.004500713535292649,1.0744301578713422e-05,earth_removal,
ILVIS0_applanix_55846_610_LVIS.013,12fbcbce3c7f52a3eae7,21,flat_still,454.015,False,198,68.97582149722544,"[0.18073720540899188, 0.7032310990348776, 1.3045131961828755]",0.03462477763201441,7.612070059448417e-06,earth_removal,
ILVIS0_applanix_55849_510_POSAV.013,322e26afab23cf655935,6,sphere_rotating,477.38,False,198,23.6275185235548,"[0.4803557883454122, 0.6791116124640167, 0.9844392752002203]",0.016847901084328255,0.01603946420711916,,
ILVIS0_applanix_55849_510_POSAV.013,322e26afab23cf655935,6,sphere_still,477.38,False,198,31.587372856949834,"[0.7086709208047605, 0.44091985482710794, 1.0148736633990145]",0.018258587464766083,1.022570810876866e-05,earth_removal,
ILVIS0_applanix_55849_510_POSAV.013,322e26afab23cf655935,6,flat_still,477.38,False,198,76776.06315836965,"[2.5562810592534615, 51.48149335938368, 1.1499917756362659]",0.037287406955608206,0.0026973079930118216,gyro_gain_x,
ILVIS0_applanix_55851_510_POSAV.013,7215f035d9781895f627,6,sphere_rotating,487.02,False,198,17.837709921391752,"[0.6783795236011283, 0.7197015097046672, 1.8137140879582998]",0.02445610646475504,1.2818448596463305e-05,earth_removal,
ILVIS0_applanix_55851_510_POSAV.013,7215f035d9781895f627,6,sphere_still,487.02,False,198,70.27238706169157,"[1.560898682976235, 1.5301932474629392, 1.6370684848981916]",0.004853237941508032,3.6672975849971756e-06,earth_removal,
ILVIS0_applanix_55851_510_POSAV.013,7215f035d9781895f627,6,flat_still,487.02,False,198,1738.0936760717782,"[2.4854542841415466, 9.710709903449986, 1.173584814828189]",0.014673691570221201,0.0002972378403835463,earth_removal,
ILVIS0_applanix_55853_510_POSAV.013,b1d03e303312dc2de8f6,6,sphere_rotating,485.605,False,198,126.5135555101824,"[0.23954168815238983, 0.3246998167691153, 10.048133268541063]",0.04054537361004165,0.008640166338031219,,
ILVIS0_applanix_55853_510_POSAV.013,b1d03e303312dc2de8f6,6,sphere_still,485.605,False,198,101.82135372915802,"[1.2582623983124155, 0.6503229029906985, 8.10029063142651]",0.1344298027599563,7.889434317859267e-05,earth_removal,
ILVIS0_applanix_55853_510_POSAV.013,b1d03e303312dc2de8f6,6,flat_still,485.605,False,198,1531.9950347125841,"[2.3382503424337036, 7.522052781869695, 14.210164451675912]",0.018965992534622243,0.005551461776286404,,
ILVIS0_applanix_55853_610_LVIS.013,eecc97da7cb309a622c8,21,sphere_rotating,458.325,False,98,3860086931.3786697,"[44843.230574762456, 2684.149793760717, 10331.17578823371]",0.9780945654786104,2.4810098420147142e-11,earth_removal,
ILVIS0_applanix_55853_610_LVIS.013,eecc97da7cb309a622c8,21,sphere_still,458.325,False,97,4421036235.4276495,"[44472.13203821867, 14648.506714283514, 17145.49074344926]",0.9713352223257934,2.4668600495658666e-11,earth_removal,
ILVIS0_applanix_55853_610_LVIS.013,eecc97da7cb309a622c8,21,flat_still,458.325,False,98,805244944.0097561,"[14934.483668620593, 14642.160003048895, 7614.660836597555]",0.8694638209633396,0.00010276927830232818,earth_removal,
ILVIS0_applanix_55856_510_POSAV.013,a30fae518b7544818d4a,6,sphere_rotating,492.64500000000004,False,198,1.0538108764353376,"[0.05468805295315397, 0.19384950550549357, 0.06712976033444752]",0.005489330525531958,0.07641610552295164,,
ILVIS0_applanix_55856_510_POSAV.013,a30fae518b7544818d4a,6,sphere_still,492.64500000000004,False,198,1.0514140826297278,"[0.07622163685803572, 0.1876891451948042, 0.06602718912231977]",0.013958390403715895,0.02105230551300913,,
ILVIS0_applanix_55856_510_POSAV.013,a30fae518b7544818d4a,6,flat_still,492.64500000000004,False,130,0.5393675518412927,"[0.0713204057853684, 0.08216084566811951, 0.06889539971644004]",0.004615937670953697,0.03629337639405644,,
ILVIS0_applanix_55856_610_LVIS.013,24718d57807748271bfc,21,sphere_rotating,467.535,False,198,11739.34563798987,"[5.999076123927101, 11.632099444302447, 0.28656350155091165]",0.1197002642366293,0.3645540096682205,lever_x;lever_y,
ILVIS0_applanix_55856_610_LVIS.013,24718d57807748271bfc,21,sphere_still,467.535,False,198,13220.777393993134,"[6.443853994720396, 12.451259457345307, 0.4846318100428842]",0.13689883466069613,0.041584386769384696,accel_gain_y;lever_x;lever_y,
ILVIS0_applanix_55856_610_LVIS.013,24718d57807748271bfc,21,flat_still,467.535,False,198,7920.277126565887,"[3.0328662422239896, 7.564434727067421, 0.3196335364589852]",0.17332520375311933,0.3338278183916843,,
ILVIS0_applanix_55857_510_POSAV.013,9069182c9a51272fd86e,6,sphere_rotating,477.98,False,194,95.20423592028979,"[0.2983934497884576, 0.21433104351838617, 6.657071862370441]",0.0002623116581155026,0.020388083353016173,accel_bias_z,
ILVIS0_applanix_55857_510_POSAV.013,9069182c9a51272fd86e,6,sphere_still,477.98,False,198,280.4602676440092,"[0.9907190047096586, 1.6919671859049403, 3.729779675811998]",0.0007783366212627338,5.551115123125783e-17,earth_removal,
ILVIS0_applanix_55857_510_POSAV.013,9069182c9a51272fd86e,6,flat_still,477.98,False,102,15434271.320447488,"[483.389045122091, 1375.7759454265956, 93.65896137275561]",0.15145319572071975,0.0014514996262429691,,
ILVIS0_applanix_55857_610_LVIS.013,a71cf7c9a4222715c01d,21,sphere_rotating,443.875,False,198,7.579446595502413,"[0.1229576379252314, 0.11318702032494923, 0.13716878043506844]",0.014957384592356697,0.011654884914423513,,
ILVIS0_applanix_55857_610_LVIS.013,a71cf7c9a4222715c01d,21,sphere_still,443.875,False,198,1607.111510054452,"[9.300453910101515, 2.1118600458810546, 0.3845605756547838]",0.16425132061005734,5.838062602292471e-06,earth_removal,
ILVIS0_applanix_55857_610_LVIS.013,a71cf7c9a4222715c01d,21,flat_still,443.875,False,198,8107.895115179626,"[8.464155983555823, 14.625277570037008, 1.0941940568394048]",0.14012335689834618,0.5201445213945817,,
ILVIS0_applanix_55860_510_POSAV.013,f8d1c197afe3e1bcd6c3,6,sphere_rotating,483.915,False,198,3.5422687584313692,"[0.14600837347379947, 0.28897966270974246, 0.2676806720226528]",0.0010917560701787024,0.0915212432542164,,
ILVIS0_applanix_55860_510_POSAV.013,f8d1c197afe3e1bcd6c3,6,sphere_still,483.915,False,198,4.313444950817538,"[0.2120785936905469, 0.34857336254928123, 0.27412459650899973]",0.02435689240543306,0.0365372740178993,,
ILVIS0_applanix_55860_510_POSAV.013,f8d1c197afe3e1bcd6c3,6,flat_still,483.915,False,198,8.13457538091193,"[0.655498374385982, 0.12849414416079505, 0.27099841818162906]",0.08399938688959291,2.850144888710826e-05,earth_removal,
ILVIS0_applanix_55860_610_LVIS.013,2b82c787ca0e04503791,21,sphere_rotating,459.78000000000003,False,198,7.881524553207723,"[0.09673474100064251, 0.1238424188451337, 0.1949634039220623]",0.008643158959197868,0.07869080527278649,,
ILVIS0_applanix_55860_610_LVIS.013,2b82c787ca0e04503791,21,sphere_still,459.78000000000003,False,198,8.206524873501529,"[0.146501288892723, 0.16011909266667534, 0.19484696508705274]",0.004690423802311634,0.01825231453814835,,
ILVIS0_applanix_55860_610_LVIS.013,2b82c787ca0e04503791,21,flat_still,459.78000000000003,False,129,8.081772079301055,"[0.1736463230583377, 0.08069452530025902, 0.1959738989693506]",0.0017831906103590246,2.007031871087417e-05,earth_removal,
ILVIS0_applanix_55861_510_POSAV.013,115a4c63907abb4ed282,6,sphere_rotating,480.975,False,198,132.17946876232924,"[0.7075883560816149, 0.4243113959354554, 10.073769552866873]",0.07736802349348226,0.015520909612072087,,
ILVIS0_applanix_55861_510_POSAV.013,115a4c63907abb4ed282,6,sphere_still,480.975,False,198,94.1272949255214,"[0.6206055386718164, 0.9743155201661994, 8.027401401236594]",0.12112835327864827,1.2767750372677522e-05,earth_removal,
ILVIS0_applanix_55861_510_POSAV.013,115a4c63907abb4ed282,6,flat_still,480.975,False,198,4957.7933791150135,"[1.8491778177538665, 10.025775564935797, 15.535069048685655]",0.06315894426702841,0.0002401461783427261,earth_removal,
ILVIS0_applanix_55861_610_LVIS.013,c5edcede76fd27a44982,21,sphere_rotating,453.505,False,98,3402296228.2833166,"[26431.333873323572, 30347.431220418104, 12074.043441438882]",0.9241238565915652,2.1576684883228836e-11,earth_removal,
ILVIS0_applanix_55861_610_LVIS.013,c5edcede76fd27a44982,21,sphere_still,453.505,False,98,2804428899.3899045,"[23501.427227259253, 27731.61571328227, 13186.877680564101]",0.9081388622435973,2.1755264256739792e-11,earth_removal,
ILVIS0_applanix_55861_610_LVIS.013,c5edcede76fd27a44982,21,flat_still,453.505,False,198,5798263.897603298,"[203.33050885101068, 1125.948862806829, 160.04118532697552]",0.2884308757391817,1.5491968383019028e-05,attitude_y;velocity_y;gyro_gain_y;earth_removal,
ILVIS0_applanix_56045_510_POS510.013,05de4ba41105b06f8547,6,sphere_rotating,473.34000000000003,False,198,20.340908460172123,"[0.12809739999604666, 0.11546999701711554, 3.93381879508935]",0.022057138021234275,1.6175561414644157e-05,earth_removal,
ILVIS0_applanix_56045_510_POS510.013,05de4ba41105b06f8547,6,sphere_still,473.34000000000003,False,198,27.054697355931385,"[0.11663239251806679, 0.17225998584080876, 4.509113275620602]",0.006628593373575448,0.023727041842608654,,
ILVIS0_applanix_56045_510_POS510.013,05de4ba41105b06f8547,6,flat_still,473.34000000000003,False,198,24.22854694503696,"[0.19772043489353797, 0.30735159839865156, 4.01749168342007]",0.006878392134386258,0.02348721967241718,,
ILVIS0_applanix_56047_510_POS510.013,2f840f444f9444088f92,6,sphere_rotating,469.76,False,198,3.551991924733192,"[0.25111892001513725, 0.20672109718990064, 0.369650205045613]",0.047954835433572714,0.12859695643236402,,
ILVIS0_applanix_56047_510_POS510.013,2f840f444f9444088f92,6,sphere_still,469.76,False,198,7.347122193344456,"[0.3924912808684778, 0.3385916342051399, 0.3749583506171182]",0.054831742465018055,0.08391125322591397,,
ILVIS0_applanix_56047_510_POS510.013,2f840f444f9444088f92,6,flat_still,469.76,False,198,9.618369435770198,"[0.48552618251855095, 0.40775860360410604, 0.7678971665482319]",0.08197029432721675,0.029108200787453686,,
ILVIS0_applanix_56048_510_POS510.013,dc29b80394d9632b65b7,6,sphere_rotating,479.33500000000004,False,198,0.8924772190985844,"[0.09986610129309528, 0.0734347761437813, 0.402790235280425]",0.022704354745581065,0.35171626830337255,,
ILVIS0_applanix_56048_510_POS510.013,dc29b80394d9632b65b7,6,sphere_still,479.33500000000004,False,198,1.9016205208890666,"[0.16628671555538158, 0.1924527575207848, 0.3236535153436154]",0.023494988654361077,0.07205237605722437,,
ILVIS0_applanix_56048_510_POS510.013,dc29b80394d9632b65b7,6,flat_still,479.33500000000004,False,198,4.118118842553961,"[0.2284118880434496, 0.27446865501915035, 0.3717313882732267]",0.07198466761114462,0.006423686350444158,,
ILVIS0_applanix_56049_510_POS510.013,fd613b53fa761ddb0963,6,sphere_rotating,465.56,False,198,1.8802154162606528,"[0.18271850632362585, 0.21737326574559956, 0.28036878060227094]",0.32476387292932596,0.12727263952454276,,
ILVIS0_applanix_56049_510_POS510.013,fd613b53fa761ddb0963,6,sphere_still,465.56,False,198,6.227991092463309,"[0.3367080938899478, 0.5012924333306804, 0.34226186166871325]",0.07084487306125445,0.06715712596088286,,
ILVIS0_applanix_56049_510_POS510.013,fd613b53fa761ddb0963,6,flat_still,465.56,False,198,7.490178101143089,"[0.1773223877157671, 0.5210172859695609, 0.6024555764790811]",0.0345799894670154,0.00289282959648135,gyro_gain_z,
ILVIS0_applanix_56050_510_POS510.013,f55542e91b8e2f6ecc2c,6,sphere_rotating,481.75,False,198,450.22192528257887,"[1.8966238890661893, 2.7893157438856604, 4.046194089181326]",0.1043078931558465,0.0003840896941111338,lever_y;earth_removal,
ILVIS0_applanix_56050_510_POS510.013,f55542e91b8e2f6ecc2c,6,sphere_still,481.75,False,198,410.5771259023605,"[1.606345726873984, 2.2972918461221914, 2.463969634424713]",0.04792382823027186,0.00018925437342032225,earth_removal,
ILVIS0_applanix_56050_510_POS510.013,f55542e91b8e2f6ecc2c,6,flat_still,481.75,False,198,1222.2156133361382,"[5.045353766810854, 2.864777185997806, 3.6935711669461972]",0.12291165286947575,0.0005726770544373094,,
ILVIS0_applanix_56051_510_POS510.013,f0491d25959f595366bd,6,sphere_rotating,468.485,False,183,15722521.741189055,"[1291.5180391245324, 753.2883832757337, 144.8757665789237]",0.025694684959827685,0.9999999999885918,attitude_x;velocity_x;position_x;position_y;position_z;gyro_bias_y;gyro_bias_z;accel_bias_y;accel_bias_z;gyro_gain_x;gyro_gain_y;gyro_gain_z;accel_gain_x;accel_gain_y;lever_x;lever_y;lever_z;gravity_delta;time_offset;earth_removal,
ILVIS0_applanix_56051_510_POS510.013,f0491d25959f595366bd,6,sphere_still,468.485,False,198,13895890.680380242,"[1213.1428074421613, 690.5650655043952, 106.55090105300374]",0.0010329890350188214,1.0,attitude_x;velocity_x;position_x;position_y;position_z;gyro_bias_y;gyro_bias_z;accel_bias_x;accel_bias_y;accel_bias_z;gyro_gain_x;gyro_gain_y;gyro_gain_z;accel_gain_x;lever_x;lever_y;lever_z;gravity_delta;time_offset;earth_removal,
ILVIS0_applanix_56051_510_POS510.013,f0491d25959f595366bd,6,flat_still,468.485,False,103,115474557.24059641,"[2646.809089580537, 3474.4542303062535, 1646.6759002999515]",0.6574281773202834,0.38235486528802765,,
ILVIS0_applanix_56052_510_POS510.013,1d9d9af2aee1b6b26218,6,sphere_rotating,474.66,False,176,1.8106331449510777,"[0.058053809241818, 0.03976792666488261, 0.2110176268513328]",0.002266407322784686,1.8284338210161621e-07,earth_removal,
ILVIS0_applanix_56052_510_POS510.013,1d9d9af2aee1b6b26218,6,sphere_still,474.66,False,198,3274.5413552852365,"[9.970374464279384, 4.261410939215891, 31.275899878244196]",0.00021854151399545416,9.43689570931383e-16,gyro_bias_z;accel_bias_z;gyro_gain_y;accel_gain_x;accel_gain_y;lever_x;gravity_delta;time_offset;earth_removal,
ILVIS0_applanix_56052_510_POS510.013,1d9d9af2aee1b6b26218,6,flat_still,474.66,False,198,32801.19416406905,"[21.742220107746533, 38.855200993877595, 40.10284370041771]",0.021388943432310768,3.178136063208825e-07,gyro_bias_y;gyro_bias_z;accel_bias_z;accel_gain_x;lever_y;gravity_delta;earth_removal,
ILVIS0_applanix_56054_510_POS510.013,3767559017b196642291,6,sphere_rotating,467.515,False,188,0.7032028682753413,"[0.047184599397132494, 0.054601365661022555, 0.12623949344483654]",0.0025202767872005336,1.2092035268085333e-06,earth_removal,
ILVIS0_applanix_56054_510_POS510.013,3767559017b196642291,6,sphere_still,467.515,False,198,93.87675239047452,"[1.0355371706531318, 0.3304326263809556, 6.613600450287561]",0.005042822219824066,2.2389865306227108e-07,earth_removal,
ILVIS0_applanix_56054_510_POS510.013,3767559017b196642291,6,flat_still,467.515,False,198,97.45914447938435,"[1.0822037602986911, 0.2469256901001086, 6.3287158419079015]",0.007800226488087907,6.710550987110153e-07,earth_removal,
ILVIS0_applanix_56055_510_POS510.013,f9468a2dd07f9ee54df0,6,sphere_rotating,473.58,False,144,23359420.662434585,"[1863.0256497067405, 536.6730020780838, 1548.7840904292595]",0.722174159393753,9.076073226310655e-14,attitude_x;gyro_bias_x;accel_bias_y;gyro_gain_x;earth_removal,
ILVIS0_applanix_56055_510_POS510.013,f9468a2dd07f9ee54df0,6,sphere_still,473.58,False,138,8730375.409365118,"[934.7463992101358, 1253.353480526661, 2113.0845037689824]",0.6107839574153763,2.6645352591003757e-15,attitude_x;velocity_y;velocity_z;gyro_bias_x;gyro_bias_y;accel_bias_x;accel_bias_y;gyro_gain_x;accel_gain_y;earth_removal,
ILVIS0_applanix_56055_510_POS510.013,f9468a2dd07f9ee54df0,6,flat_still,473.58,False,135,86857016.05075012,"[3780.2179459175013, 434.72953494629786, 2663.7402427027714]",0.927015814757904,5.551115123125783e-17,attitude_x;velocity_y;gyro_bias_x;accel_bias_y;gyro_gain_x;gravity_delta;earth_removal,
ILVIS0_applanix_56056_510_POS510.013,54220c7e2b389fd69064,6,sphere_rotating,467.43,False,198,2.0797038138546777,"[0.04522326165841896, 0.02750252713487738, 0.22239415380440622]",0.011230620449371882,0.07353761529465658,,
ILVIS0_applanix_56056_510_POS510.013,54220c7e2b389fd69064,6,sphere_still,467.43,False,187,10.78762036406019,"[0.2134526884225405, 0.2116849803375823, 1.5350455201674273]",0.0026057373064646756,1.9558633796434854e-06,gravity_delta;earth_removal,
ILVIS0_applanix_56056_510_POS510.013,54220c7e2b389fd69064,6,flat_still,467.43,False,198,336.8578737420456,"[1.6387010660404482, 1.6082328690787562, 7.415775477822948]",0.025520571753474015,0.18502611314800904,gyro_gain_x,
ILVIS0_applanix_56057_510_POS510.013,c4af455d888117b1fb91,6,sphere_rotating,474.27,False,198,15.531813162852874,"[0.19615040639022424, 0.37477753727189483, 0.746121502610115]",0.025404366816365414,0.10212519779227847,,
ILVIS0_applanix_56057_510_POS510.013,c4af455d888117b1fb91,6,sphere_still,474.27,False,198,23.20041297812116,"[0.4205576623774385, 0.6472459480753683, 0.6716255995151673]",0.05811644427090597,1.4414352898506344e-06,earth_removal,
ILVIS0_applanix_56057_510_POS510.013,c4af455d888117b1fb91,6,flat_still,474.27,False,198,23.562940376563418,"[0.34511334178764785, 0.5420179620964064, 0.6747091981157193]",0.10416389709813219,6.1017163753840364e-06,earth_removal,
ILVIS0_applanix_56596_230_610_WFF_25Feb12.013,ca64833f6ebbd5fcd35e,21,sphere_rotating,576.5550000000001,False,198,7.22042758591201,"[0.024838998895245407, 0.0942603737208648, 0.38964343838108545]",0.00030519739155675875,0.06687209323754806,,
ILVIS0_applanix_56596_230_610_WFF_25Feb12.013,ca64833f6ebbd5fcd35e,21,sphere_still,576.5550000000001,False,198,69.36618929954247,"[1.2499356036918072, 0.3740501911690711, 4.64482429066083]",0.09978203284701447,2.8449687132781065e-05,earth_removal,
ILVIS0_applanix_56596_230_610_WFF_25Feb12.013,ca64833f6ebbd5fcd35e,21,flat_still,576.5550000000001,False,198,79.21343767656745,"[1.4494400141599808, 0.5903690806020492, 5.328675357964818]",0.14981057576182913,1.2290563047467895e-05,earth_removal,
ILVIS0_applanix_56596_232_510_POS510.013,6db1404cb5afe9f69919,6,sphere_rotating,466.075,False,198,0.9356079462346863,"[0.12416822871471604, 0.07188661911576215, 0.3183861514101178]",0.0133960274465097,0.0018580913216628692,,
ILVIS0_applanix_56596_232_510_POS510.013,6db1404cb5afe9f69919,6,sphere_still,466.075,False,198,3.7304271531987734,"[0.21323440011369665, 0.23604510478133486, 0.6535816351257127]",0.042968781429434,5.904486011587551e-05,earth_removal,
ILVIS0_applanix_56596_232_510_POS510.013,6db1404cb5afe9f69919,6,flat_still,466.075,False,198,2.8932603335398137,"[0.17294092186878565, 0.24335706102036733, 0.6114085037304546]",0.08068628900385305,3.64701301149295e-05,earth_removal,
ILVIS0_applanix_56597_232_510_POS510.013,862e7de8ac3309dececf,6,sphere_rotating,460.445,False,198,1.5524564853027487,"[0.10293497979001069, 0.1404348162142369, 0.4000336414864725]",0.021127638399761266,0.01850905882683268,,
ILVIS0_applanix_56597_232_510_POS510.013,862e7de8ac3309dececf,6,sphere_still,460.445,False,198,9.593449816090057,"[0.39888819347905513, 0.21854110918296618, 1.0105709756202907]",0.025258020296285412,2.5079264091565356e-06,earth_removal,
ILVIS0_applanix_56597_232_510_POS510.013,862e7de8ac3309dececf,6,flat_still,460.445,False,188,9.12491857765611,"[0.3971421012520925, 0.18008373688647583, 0.9106231055249255]",0.002727631646798437,1.131315299124358e-05,earth_removal,
ILVIS0_applanix_56600_232_510_POS510.013,b20226780e68108f29f8,6,sphere_rotating,472.06,False,198,4.563588617282567,"[0.17380219639483616, 0.34725906289426395, 0.41506398587120524]",0.05381019134093036,0.10031478421136808,,
ILVIS0_applanix_56600_232_510_POS510.013,b20226780e68108f29f8,6,sphere_still,472.06,False,198,5.430478048138542,"[0.17616374768848045, 0.4574427614384934, 0.38506718002061097]",0.0108034148619819,2.9089434649409718e-06,earth_removal,
ILVIS0_applanix_56600_232_510_POS510.013,b20226780e68108f29f8,6,flat_still,472.06,False,198,8.34849849291456,"[0.24419054968875442, 0.5619414141407191, 0.34720886448276655]",0.006972641012489545,1.6495537190908127e-05,earth_removal,
ILVIS0_applanix_56601_230_610_WFF_25Feb12.013,fd9eb28de38e611f1a53,21,sphere_rotating,592.61,False,198,8.435367768846834,"[0.17283300551249917, 0.18863197733041878, 0.9335933930254547]",0.016868919118160408,0.003616291988638831,,
ILVIS0_applanix_56601_230_610_WFF_25Feb12.013,fd9eb28de38e611f1a53,21,sphere_still,592.61,False,198,22.930963437819006,"[0.4977200192839635, 0.804961007118541, 0.7580672262742005]",0.07476918235983239,2.1606029383891556e-05,earth_removal,
ILVIS0_applanix_56601_230_610_WFF_25Feb12.013,fd9eb28de38e611f1a53,21,flat_still,592.61,False,198,48.09574302726661,"[0.8024294937709904, 1.0448256583142117, 0.7702055108161568]",0.33599884688457826,0.000197647287657976,earth_removal,
ILVIS0_applanix_56601_232_510_POS510.013,382d5a870132d66472f0,6,sphere_rotating,470.13,False,198,2.817218293466771,"[0.16804133787506623, 0.2951936689393113, 0.23184371319385758]",0.06629361250565588,0.09378282958310613,,
ILVIS0_applanix_56601_232_510_POS510.013,382d5a870132d66472f0,6,sphere_still,470.13,False,198,4.734103235794396,"[0.19209369404874205, 0.44677380457130117, 0.2718631228385645]",0.10714238901541494,0.04472824719578938,,
ILVIS0_applanix_56601_232_510_POS510.013,382d5a870132d66472f0,6,flat_still,470.13,False,198,3.274836712257336,"[0.13968699576481097, 0.3337420120069605, 0.33106372217453633]",0.015261464407163264,3.7031474002247045e-06,earth_removal,
ILVIS0_applanix_56602_232_510_POS510.013,71db413296b9184db816,6,sphere_rotating,472.52,False,98,4481278099.942651,"[18207.441176954333, 41116.334765001186, 21776.642635460277]",0.9799272811707512,0.18169171782482185,,
ILVIS0_applanix_56602_232_510_POS510.013,71db413296b9184db816,6,sphere_still,472.52,False,98,4235200537.8485494,"[16531.778322556358, 40616.92998445376, 20759.05336049396]",0.9799856431558199,0.181272860223396,,
ILVIS0_applanix_56602_232_510_POS510.013,71db413296b9184db816,6,flat_still,472.52,False,98,4774501049.268244,"[15902.054326778567, 43458.43790967347, 25541.624017581806]",0.9770215380532346,0.17831474500133665,,
ILVIS0_applanix_56604_230_610_WFF_25Feb12.013,9a6a312f2c7248723644,21,sphere_rotating,588.03,False,198,0.8184897051045593,"[0.08277880260788813, 0.10185729037100504, 0.3221595308383548]",0.00016622417041668462,0.07583171511414527,,
ILVIS0_applanix_56604_230_610_WFF_25Feb12.013,9a6a312f2c7248723644,21,sphere_still,588.03,False,182,11.395246737712457,"[0.23655237562980377, 0.13092452505203084, 1.6337378930865174]",0.008197217130801293,8.889422948299419e-07,earth_removal,
ILVIS0_applanix_56604_230_610_WFF_25Feb12.013,9a6a312f2c7248723644,21,flat_still,588.03,False,198,19.730108469283394,"[0.3166214422852592, 0.23024254041571063, 2.1286722853969122]",0.018745696074115716,1.2603206342443052e-05,earth_removal,
ILVIS0_applanix_56604_232_510_POS510.013,4aac2e3a6694be31401e,6,sphere_rotating,479.855,False,198,9.802107258735349,"[0.3859860833156076, 0.5571926005220315, 0.38797870259728684]",0.0018861030844382794,1.1699318704927464e-06,earth_removal,
ILVIS0_applanix_56604_232_510_POS510.013,4aac2e3a6694be31401e,6,sphere_still,479.855,False,198,15.07351572233103,"[0.34724356993122424, 0.7388148926542086, 0.5280288423483055]",0.11078373911144253,2.1341920294570826e-05,earth_removal,
ILVIS0_applanix_56604_232_510_POS510.013,4aac2e3a6694be31401e,6,flat_still,479.855,False,198,13.815300490025333,"[0.2663038050656327, 0.7239165944273568, 0.4241916209676797]",0.02897204419730955,1.1027859536105744e-05,earth_removal,
ILVIS0_applanix_56605_230_610_WFF_25Feb12.013,3f7e99f556666c5e28c2,21,sphere_rotating,588.9350000000001,False,198,23.40042205877262,"[0.1793403891475065, 0.3527062169232808, 3.3354479645612627]",0.022429690998054,7.305711179017571e-06,earth_removal,
ILVIS0_applanix_56605_230_610_WFF_25Feb12.013,3f7e99f556666c5e28c2,21,sphere_still,588.9350000000001,False,198,69.41167143169116,"[0.8255082572435203, 1.0527278774867315, 3.8193236710388594]",0.2076630819239505,1.0135530146226923e-05,earth_removal,
ILVIS0_applanix_56605_230_610_WFF_25Feb12.013,3f7e99f556666c5e28c2,21,flat_still,588.9350000000001,False,198,90.09584389592798,"[1.23564953010048, 1.2944455137385824, 3.7257145776269964]",0.08595652691836804,2.3294075420399185e-05,earth_removal,
ILVIS0_applanix_56605_232_510_POS510.013,98a8a7b15f0c2801fc4f,6,sphere_rotating,477.805,False,198,28.083122058662678,"[0.4279126486805391, 0.19220171223298005, 1.0875694373844955]",0.013806220857911401,0.1658053268621415,,
ILVIS0_applanix_56605_232_510_POS510.013,98a8a7b15f0c2801fc4f,6,sphere_still,477.805,False,198,27.442420658008945,"[0.38144169762879043, 0.27913843051842, 0.6836629666759523]",0.040561839682896304,9.423566513566684e-06,earth_removal,
ILVIS0_applanix_56605_232_510_POS510.013,98a8a7b15f0c2801fc4f,6,flat_still,477.805,False,198,31.13267953284016,"[0.42347159867629885, 0.3619396711065011, 0.7888893124495041]",0.004870235768584452,8.505285451765321e-06,gyro_gain_z;earth_removal,
ILVIS0_applanix_56608_232_510_POS510.013,a62bc3b07a6ad3f6043c,6,sphere_rotating,476.595,False,198,4.124681890929026,"[0.24096911374535301, 0.17005920966023738, 0.2550029182844635]",0.026414768975938214,0.07677205205778881,,
ILVIS0_applanix_56608_232_510_POS510.013,a62bc3b07a6ad3f6043c,6,sphere_still,476.595,False,198,10.982600174401886,"[0.43760866241204877, 0.4101636019157923, 0.21374127186297373]",0.04377268965323934,4.685927406822277e-05,earth_removal,
ILVIS0_applanix_56608_232_510_POS510.013,a62bc3b07a6ad3f6043c,6,flat_still,476.595,False,198,12.75377828812186,"[0.4254280357652461, 0.35041505665656536, 0.2325219506805469]",0.38378707975602844,1.685152074781815e-05,earth_removal,
ILVIS0_applanix_56610_232_510_POS510.013,99e0a9227326ef359498,6,sphere_rotating,481.915,False,198,1.1252446861864998,"[0.06669324288885041, 0.13796809702081148, 0.3519110431937996]",0.03590802634289152,0.12926102985743582,,
ILVIS0_applanix_56610_232_510_POS510.013,99e0a9227326ef359498,6,sphere_still,481.915,False,198,4.9219627655556115,"[0.15473964023304784, 0.17303574032564634, 1.2908040252380464]",0.015983119241840725,1.7461637042526235e-05,earth_removal,
ILVIS0_applanix_56610_232_510_POS510.013,99e0a9227326ef359498,6,flat_still,481.915,False,198,3.806561127460882,"[0.19153644515416035, 0.10331047800590892, 0.7129712838862701]",0.04327014651920865,2.5237041791303927e-05,earth_removal,
ILVIS0_applanix_56902_510_fromdrive_partial_POS510.013,cb673ea00ba48a0413bf,6,sphere_rotating,483.17,False,198,2.6736100484056897,"[0.08164662224435221, 0.08548983646620169, 0.3333581623583178]",0.04761438399757095,0.008671348708130189,,
ILVIS0_applanix_56902_510_fromdrive_partial_POS510.013,cb673ea00ba48a0413bf,6,sphere_still,483.17,False,198,14.34873503374719,"[0.5053359518555314, 0.593041813961758, 1.233456174684811]",0.12520391009058196,1.180008659451559e-06,earth_removal,
ILVIS0_applanix_56902_510_fromdrive_partial_POS510.013,cb673ea00ba48a0413bf,6,flat_still,483.17,False,198,73.9829033685285,"[0.6130291893014276, 1.1491853447242275, 0.6125415941160275]",0.08590833762006635,4.1099766361463175e-05,earth_removal,
ILVIS0_applanix_56902_510_ftp_POS5100902_151321.013,d017b3eba0bc3095c2f1,6,sphere_rotating,483.17,False,198,2.6736100484056897,"[0.08164662224435221, 0.08548983646620169, 0.3333581623583178]",0.04761438399757095,0.008671348708130189,,
ILVIS0_applanix_56902_510_ftp_POS5100902_151321.013,d017b3eba0bc3095c2f1,6,sphere_still,483.17,False,198,14.34873503374719,"[0.5053359518555314, 0.593041813961758, 1.233456174684811]",0.12520391009058196,1.180008659451559e-06,earth_removal,
ILVIS0_applanix_56902_510_ftp_POS5100902_151321.013,d017b3eba0bc3095c2f1,6,flat_still,483.17,False,198,73.9829033685285,"[0.6130291893014276, 1.1491853447242275, 0.6125415941160275]",0.08590833762006635,4.1099766361463175e-05,earth_removal,
ILVIS0_applanix_56904_510_POS510.013,92646e0789082b49ffa2,6,sphere_rotating,480.295,False,198,3.950128172618467,"[0.15539107973162905, 0.13546450510446867, 0.25294755985433764]",0.00944804537094026,0.02194567533599212,,
ILVIS0_applanix_56904_510_POS510.013,92646e0789082b49ffa2,6,sphere_still,480.295,False,190,4556.372842448611,"[4.619719316581788, 14.353125622276172, 0.659315739589199]",0.0014918146031541787,5.551115123125783e-17,gyro_bias_z;gyro_gain_x;gyro_gain_y;gyro_gain_z;lever_z;gravity_delta;time_offset;earth_removal,
ILVIS0_applanix_56904_510_POS510.013,92646e0789082b49ffa2,6,flat_still,480.295,False,188,4791.110058252864,"[4.706065735028932, 14.84090329199658, 0.6921493361580666]",0.0034581746567941165,5.551115123125783e-17,gyro_bias_z;gyro_gain_x;gyro_gain_y;gyro_gain_z;lever_z;gravity_delta;time_offset;earth_removal,
ILVIS0_applanix_56904_610_LVIS610.013,504c68189ef4c48aa369,21,sphere_rotating,439.625,False,198,5.674972631005641,"[0.07344262438799226, 0.03736747447621909, 0.36539408215727015]",0.011108436486980157,0.017940908099884578,,
ILVIS0_applanix_56904_610_LVIS610.013,504c68189ef4c48aa369,21,sphere_still,439.625,False,198,181.0345695873453,"[1.9424874933809184, 0.9701086792764818, 1.3435418076091086]",0.03487457764972619,3.8514992716787155e-05,gyro_bias_z;gravity_delta;earth_removal,
ILVIS0_applanix_56904_610_LVIS610.013,504c68189ef4c48aa369,21,flat_still,439.625,False,198,179.66479240754776,"[1.8455956380125438, 0.9430027763860658, 1.4616761449560112]",0.04370308013417747,3.8813360602740765e-06,earth_removal,
ILVIS0_applanix_56905_510_POS510.013,935ab712574b790273f5,6,sphere_rotating,486.86,False,198,0.9615443926982838,"[0.08617335840551092, 0.23353246275979547, 0.11499017849714174]",0.01409940622172138,0.35933709858468876,,
ILVIS0_applanix_56905_510_POS510.013,935ab712574b790273f5,6,sphere_still,486.86,False,198,1.509954654492034,"[0.24067770440992706, 0.22186209408833088, 0.11567034631668045]",0.036401302492102126,0.04477214828974696,,
ILVIS0_applanix_56905_510_POS510.013,935ab712574b790273f5,6,flat_still,486.86,False,198,1.529758288244107,"[0.24256523246360895, 0.21538063415429204, 0.11565628323492803]",0.009602754704172928,0.0972297255298053,,
ILVIS0_applanix_56906_510_POS510.013,b393cdc2d63ba2723750,6,sphere_rotating,483.105,False,198,30.551872174777774,"[0.3308038010083058, 0.402664986945391, 3.7164382145659496]",0.0312441367147211,0.13909144603003998,,
ILVIS0_applanix_56906_510_POS510.013,b393cdc2d63ba2723750,6,sphere_still,483.105,False,198,42.1476881232542,"[0.3371869205515478, 0.3695371341247318, 4.654663523720276]",0.021519830919059048,3.1628593982202524e-06,earth_removal,
ILVIS0_applanix_56906_510_POS510.013,b393cdc2d63ba2723750,6,flat_still,483.105,False,198,79.79732547996939,"[0.4746359284869137, 0.8467466455803421, 6.539336630956096]",0.0408849267631173,0.001323190326383894,,
ILVIS0_applanix_56907_510_POS510.013,a151123459abc39d2a54,6,sphere_rotating,474.575,False,198,7.458750520470403,"[0.5421455127383787, 0.1443883314428344, 0.7559356186034052]",0.03735238737708744,1.3042861673084882e-05,earth_removal,
ILVIS0_applanix_56907_510_POS510.013,a151123459abc39d2a54,6,sphere_still,474.575,False,198,3.9243816438628554,"[0.3711183121046816, 0.20976009246534832, 0.7116354159503718]",0.006563236154317812,2.9304137780239436e-06,earth_removal,
ILVIS0_applanix_56907_510_POS510.013,a151123459abc39d2a54,6,flat_still,474.575,False,198,4.123450484115188,"[0.39952484945304795, 0.13129014341959022, 0.7913645896752668]",0.04674975999154799,0.00083146624007302,,
ILVIS0_applanix_56909_510_POS510.013,9dcc0bf45000011e53d5,6,sphere_rotating,485.515,False,198,3.736502060817502,"[0.32899196205751025, 0.1496820289881322, 0.6027023443841453]",0.02040355698090029,0.00013783998339078618,earth_removal,
ILVIS0_applanix_56909_510_POS510.013,9dcc0bf45000011e53d5,6,sphere_still,485.515,False,198,13.253172471829783,"[0.6495179348591305, 0.20300826868421756, 0.7426460772782177]",0.0989790454766215,9.332545145568361e-07,earth_removal,
ILVIS0_applanix_56909_510_POS510.013,9dcc0bf45000011e53d5,6,flat_still,485.515,False,198,9.11945283960563,"[0.47609974886948314, 0.22507700404406925, 0.7170459752390489]",0.04292314885823646,2.9042921446675862e-06,earth_removal,
ILVIS0_applanix_56909_610_LVIS610.013,ea3716a039f0aefc02d4,21,sphere_rotating,435.945,False,198,0.9795248343748036,"[0.07302073204553537, 0.05906435156668608, 0.6006700215915376]",0.034741909332671954,3.6416575941999874e-06,earth_removal,
ILVIS0_applanix_56909_610_LVIS610.013,ea3716a039f0aefc02d4,21,sphere_still,435.945,False,198,3.406464241787975,"[0.24213926676949418, 0.18774235141033918, 0.7230509651391357]",0.16467215265599558,1.7744384428475257e-06,earth_removal,
ILVIS0_applanix_56909_610_LVIS610.013,ea3716a039f0aefc02d4,21,flat_still,435.945,False,198,4.772859343973516,"[0.22662986062523943, 0.3752749766881739, 0.7670321589123219]",0.09068978918043058,5.726149188423069e-06,earth_removal,
ILVIS0_applanix_56910_510_POS510.013,1641f18ff730f1b3cd03,6,sphere_rotating,480.245,False,198,1.963075454608092,"[0.08862750114709754, 0.1856292077540741, 0.6455396404452922]",0.05784407310399338,0.013032867028740236,,
ILVIS0_applanix_56910_510_POS510.013,1641f18ff730f1b3cd03,6,sphere_still,480.245,False,198,48.64565111235984,"[0.9793130124608858, 0.5919230696894695, 1.9272287494000153]",0.05116388906791718,6.614882647582032e-06,earth_removal,
ILVIS0_applanix_56910_510_POS510.013,1641f18ff730f1b3cd03,6,flat_still,480.245,False,198,59.772240281320144,"[1.111421828470392, 0.5491397015833367, 2.356728295847762]",0.10805333097468309,0.01991266365530464,,
ILVIS0_applanix_56910_610_LVIS610.013,864e9c094f3d36d24466,21,sphere_rotating,446.40000000000003,False,198,2.819179350069217,"[0.03740681373455699, 0.028524357551747592, 0.5233628186253858]",0.0020622917429158815,0.0160060174693038,,
ILVIS0_applanix_56910_610_LVIS610.013,864e9c094f3d36d24466,21,sphere_still,446.40000000000003,False,198,5.424289123770564,"[0.2745532319027766, 0.1736208493179269, 0.7916335022059221]",0.06522506782464871,4.539203303566275e-06,earth_removal,
ILVIS0_applanix_56910_610_LVIS610.013,864e9c094f3d36d24466,21,flat_still,446.40000000000003,False,198,6.528535754139676,"[0.3130214489728014, 0.09746989887444968, 0.8848021570313628]",0.00663565893980149,1.5076606362796063e-06,earth_removal,
ILVIS0_applanix_56911_510_POS510.013,f11e387a674ca46976ed,6,sphere_rotating,482.34000000000003,False,198,2.9736104711073565,"[0.1561903293294404, 0.06457337263899943, 0.5207008734015043]",0.014767941121088587,0.06680286765507165,,
ILVIS0_applanix_56911_510_POS510.013,f11e387a674ca46976ed,6,sphere_still,482.34000000000003,False,198,3.9823458471128226,"[0.14646310696114934, 0.21967019871567356, 0.5606128419283912]",0.012692764990632271,6.951853553927023e-07,earth_removal,
ILVIS0_applanix_56911_510_POS510.013,f11e387a674ca46976ed,6,flat_still,482.34000000000003,False,185,8.089860451792775,"[0.26669896783254554, 0.21719603884388558, 0.6612511125530208]",0.015407510067972271,1.6077523574131725e-06,earth_removal,
ILVIS0_applanix_56911_610_LVIS610.013,9d54224065d7782b2923,21,sphere_rotating,444.975,False,181,21.12111453110096,"[0.06542649216068822, 0.2095201982296421, 0.8947158131774783]",0.00280690840866232,1.274255459482454e-07,earth_removal,
ILVIS0_applanix_56911_610_LVIS610.013,9d54224065d7782b2923,21,sphere_still,444.975,False,198,22.34730639601441,"[0.15163741585752513, 0.3111059606759998, 0.8379852308219466]",0.007760576374737143,0.06916505830509045,,
ILVIS0_applanix_56911_610_LVIS610.013,9d54224065d7782b2923,21,flat_still,444.975,False,198,27.244510206319365,"[0.3036234203660123, 0.3597118738786437, 0.9093050548668355]",0.010331054300321392,1.808519970075695e-05,earth_removal,
ILVIS0_applanix_56913_510_POS510.013,c945deb0602ef5dff68c,6,sphere_rotating,472.77,False,198,3.3753160410536798,"[0.16443166342106508, 0.14102447791701755, 0.5507513420637405]",0.07783723745462409,0.028056345262076565,,
ILVIS0_applanix_56913_510_POS510.013,c945deb0602ef5dff68c,6,sphere_still,472.77,False,198,4.282337079196721,"[0.13841318864444718, 0.17804617018032287, 0.49420600718396096]",0.013507457957146836,4.587222105500999e-07,earth_removal,
ILVIS0_applanix_56913_510_POS510.013,c945deb0602ef5dff68c,6,flat_still,472.77,False,198,3.979924265483163,"[0.08951785612887939, 0.21379568871346294, 0.5855827665414697]",0.07150980539854145,1.9897327415141497e-06,earth_removal,
ILVIS0_applanix_56913_610_LVIS610.013,f8a6b1bf65b6345e0a13,21,sphere_rotating,438.795,False,198,2.3039241283613356,"[0.052354441730639883, 0.07998484859269639, 0.41870182629326336]",0.02032630130388616,0.043696564470445065,,
ILVIS0_applanix_56913_610_LVIS610.013,f8a6b1bf65b6345e0a13,21,sphere_still,438.795,False,198,3.4778671644816317,"[0.1444434054329531, 0.1827223180777984, 0.4241429930532781]",0.0037465520083717232,6.175905846728114e-07,earth_removal,
ILVIS0_applanix_56913_610_LVIS610.013,f8a6b1bf65b6345e0a13,21,flat_still,438.795,False,180,3.3140750357532482,"[0.1303615061274325, 0.1461493505859003, 0.32916492427939187]",0.007676655119384396,2.6025819543917805e-07,earth_removal,
ILVIS0_applanix_56915_510_POS510.013,d4aafa5c6d644bc528f8,6,sphere_rotating,477.625,False,198,4.744552325268818,"[0.31386954278025225, 0.07700739305265103, 0.10527807189607039]",0.0730449994568724,1.738973895992757e-07,gyro_bias_z;earth_removal,
ILVIS0_applanix_56915_510_POS510.013,d4aafa5c6d644bc528f8,6,sphere_still,477.625,False,198,27.003622413769175,"[0.8306365712740764, 0.20887626439231471, 0.38667024047001525]",0.07377708879202681,7.830515951212647e-07,earth_removal,
ILVIS0_applanix_56915_510_POS510.013,d4aafa5c6d644bc528f8,6,flat_still,477.625,False,183,24.755761336607307,"[0.7491535409987038, 0.2626004077618882, 0.41435104970880027]",0.009339128528274175,2.5987875834077023e-06,gyro_bias_z;earth_removal,
ILVIS0_applanix_56915_610_LVIS610.013,61b1057089e4b0de4311,21,sphere_rotating,440.83500000000004,False,198,0.5990907720076194,"[0.030133446837325953, 0.07819845557991284, 0.5360753337449378]",0.015514250624999643,0.036883354479828545,,
ILVIS0_applanix_56915_610_LVIS610.013,61b1057089e4b0de4311,21,sphere_still,440.83500000000004,False,198,1.631797343780123,"[0.18100551758880223, 0.0887249471351378, 0.7568337312527805]",0.0111304295478566,8.679250629861635e-07,earth_removal,
ILVIS0_applanix_56915_610_LVIS610.013,61b1057089e4b0de4311,21,flat_still,440.83500000000004,False,198,3.5554696724454065,"[0.3182964379579714, 0.23744904982138798, 0.7968129952232059]",0.09971907129837307,1.15853573062763e-06,earth_removal,
ILVIS0_applanix_56916_610_LVIS610.013,b02e718ddd5bb27a8876,21,sphere_rotating,443.385,False,198,4.119177006535529,"[0.13657689101302184, 0.1634191409149301, 0.7613945977031987]",0.09933203424374933,0.13871413700946106,,
ILVIS0_applanix_56916_610_LVIS610.013,b02e718ddd5bb27a8876,21,sphere_still,443.385,False,198,10.60670459143692,"[0.4628430477414157, 0.5278580075830019, 0.7584011421367726]",0.1544616303249656,1.2432006364193615e-05,earth_removal,
ILVIS0_applanix_56916_610_LVIS610.013,b02e718ddd5bb27a8876,21,flat_still,443.385,False,198,16.257970027765772,"[0.3432116807627612, 0.3486082807404142, 0.8135134274305453]",0.06277469373915565,1.4092523100250887e-05,earth_removal,
ILVIS0_applanix_56917_510_POS510.013,805f0408039d16de8ca3,6,sphere_rotating,483.32,False,198,14.566432221016104,"[0.3095507694754766, 0.8257929419849264, 0.9124296605932821]",0.14073161447382565,3.234250444855702e-05,earth_removal,
ILVIS0_applanix_56917_510_POS510.013,805f0408039d16de8ca3,6,sphere_still,483.32,False,198,29.62546649579827,"[0.5170815841534147, 1.0249520890673762, 0.8753774660952662]",0.005618043564739609,4.9423325697073306e-05,earth_removal,
ILVIS0_applanix_56917_510_POS510.013,805f0408039d16de8ca3,6,flat_still,483.32,False,198,18.06334864119533,"[0.39821517962145975, 0.8167773237456664, 0.8600594446439098]",0.02991931040066629,5.197121321354192e-05,gyro_bias_z;earth_removal,
ILVIS0_applanix_56917_610_LVIS610.013,d0de79e7926d5cac2e8f,21,sphere_rotating,448.62,False,198,2.260400477375086,"[0.08293371386788276, 0.10384843640835788, 0.9479517908592457]",0.10669788158415473,5.088141845410732e-06,earth_removal,
ILVIS0_applanix_56917_610_LVIS610.013,d0de79e7926d5cac2e8f,21,sphere_still,448.62,False,198,4.654977961653945,"[0.18215066473831285, 0.13452054655125095, 1.2149248828203363]",0.16416910582667235,3.104049328200853e-05,earth_removal,
ILVIS0_applanix_56917_610_LVIS610.013,d0de79e7926d5cac2e8f,21,flat_still,448.62,False,198,7.529151468796923,"[0.19560077009646698, 0.3189722500633196, 0.8390466605031656]",0.04723751655218031,1.5443147072413677e-05,earth_removal,
ILVIS0_applanix_56918_510_POS510.013,fff1faeab010d9efd872,6,sphere_rotating,468.90000000000003,False,186,9.782507320892561,"[0.29721395953224905, 0.2973674148061358, 1.2900732169286482]",0.0017398278516320672,2.811478298836434e-06,gyro_bias_z;gyro_gain_z;earth_removal,
ILVIS0_applanix_56918_510_POS510.013,fff1faeab010d9efd872,6,sphere_still,468.90000000000003,False,198,77.5777890359613,"[1.4949470052477476, 0.6490051346443299, 2.61455661260498]",0.05814414907219451,3.297676129598859e-05,earth_removal,
ILVIS0_applanix_56918_510_POS510.013,fff1faeab010d9efd872,6,flat_still,468.90000000000003,False,198,100.64552442826712,"[1.526910848495065, 1.2150616740279596, 2.1053273387674767]",0.07113180945450617,4.037335977591372e-06,earth_removal,
ILVIS0_applanix_56918_610_LVIS610.013,ab59e1b7d4030087d98b,21,sphere_rotating,441.71500000000003,False,198,1.9306080561722867,"[0.040630802710865006, 0.04371781049207969, 0.4828653089124826]",0.029681848941491198,2.7700593135948637e-07,earth_removal,
ILVIS0_applanix_56918_610_LVIS610.013,ab59e1b7d4030087d98b,21,sphere_still,441.71500000000003,False,198,6.874695593666824,"[0.25635183962252406, 0.4348810494228479, 0.5368859465369662]",0.07936091334287418,7.070359465122245e-07,earth_removal,
ILVIS0_applanix_56918_610_LVIS610.013,ab59e1b7d4030087d98b,21,flat_still,441.71500000000003,False,198,9.435840319368554,"[0.3201680871121164, 0.47423349781974844, 0.6348377171391213]",0.05079743185898996,2.100705602048336e-05,earth_removal,
ILVIS0_applanix_56919_510_POS510.013,0ab3b49695c8c0f5b3a4,6,sphere_rotating,478.805,False,184,3.7368387934683853,"[0.2127458161130196, 0.09316818331638085, 0.9464584176343481]",0.009594322547807389,6.912838546035971e-08,gyro_bias_z;gyro_gain_z;earth_removal,
ILVIS0_applanix_56919_510_POS510.013,0ab3b49695c8c0f5b3a4,6,sphere_still,478.805,False,198,137.68353891924517,"[1.8931595321612442, 0.2209256683511548, 2.544446846908067]",0.004998531661006312,5.551115123125783e-17,gyro_bias_z;gyro_gain_z;earth_removal,
ILVIS0_applanix_56919_510_POS510.013,0ab3b49695c8c0f5b3a4,6,flat_still,478.805,False,198,98.72016324542746,"[1.4216274486464457, 0.15023342222956065, 3.2026790710943933]",0.0009288873382639249,6.8273164899324e-13,gyro_bias_z;gyro_gain_y;gyro_gain_z;earth_removal,
ILVIS0_applanix_56919_610_LVIS610.013,59e4996b9bada79eba50,21,sphere_rotating,438.64,False,198,0.9548406284841454,"[0.03539140720239996, 0.06439151878435355, 0.40205183529383876]",0.03453673373323911,0.008435976330986028,,
ILVIS0_applanix_56919_610_LVIS610.013,59e4996b9bada79eba50,21,sphere_still,438.64,False,198,3.151336873101271,"[0.19062931910445127, 0.15062670576207152, 0.4888428799654753]",0.06635058153317545,6.580809304712609e-07,earth_removal,
ILVIS0_applanix_56919_610_LVIS610.013,59e4996b9bada79eba50,21,flat_still,438.64,False,190,1.896322230894431,"[0.14154601635171443, 0.13435608146864003, 0.5000446285792595]",0.016114200130128525,4.237843441223799e-06,earth_removal,
ILVIS0_applanix_56921_510_POS510.013,a3783b6b28e68b06c91d,6,sphere_rotating,471.925,False,198,6.556679739787628,"[0.5811186561233945, 0.18349126232556243, 0.08977835438601142]",0.013816826541394187,0.013464686510384627,gyro_bias_z,
ILVIS0_applanix_56921_510_POS510.013,a3783b6b28e68b06c91d,6,sphere_still,471.925,False,198,17.615645716805783,"[0.6143701802466898, 0.4622039619540292, 0.2788530864398978]",0.028181848624039524,1.3353388655379383e-06,earth_removal,
ILVIS0_applanix_56921_510_POS510.013,a3783b6b28e68b06c91d,6,flat_still,471.925,False,198,13.02218940684758,"[0.5089961090747734, 0.3347750776014226, 0.2293681766428567]",0.011104343565513928,3.991979240391963e-06,gyro_bias_z;earth_removal,
ILVIS0_applanix_56921_610_LVIS610.013,ceac61de9c1dd86f4632,21,sphere_rotating,434.295,False,198,2.679606138211552,"[0.26684176374170704, 0.2544475536060517, 0.3074297526155784]",0.04027522877369771,0.01887284706265069,,
ILVIS0_applanix_56921_610_LVIS610.013,ceac61de9c1dd86f4632,21,sphere_still,434.295,False,198,4.1573569645998525,"[0.34214394054170927, 0.21162305337856308, 0.25342339699878047]",0.07823740982571986,1.1534149733094523e-05,earth_removal,
ILVIS0_applanix_56921_610_LVIS610.013,ceac61de9c1dd86f4632,21,flat_still,434.295,False,198,6.071441382984375,"[0.32917106656846173, 0.2932642805513286, 0.2389514154852001]",0.07449210522780363,0.020559054496956164,,
ILVIS0_applanix_56924_510_POS510.013,64628deb92756dbaf2a8,6,sphere_rotating,495.185,False,198,19.2156216773782,"[0.8635082121067909, 0.8052282955760454, 0.25932727260839755]",0.006787380219519434,0.2539333495988456,,
ILVIS0_applanix_56924_510_POS510.013,64628deb92756dbaf2a8,6,sphere_still,495.185,False,198,28.445366592358333,"[1.0019277163498568, 0.9942079168139664, 0.25736871350671997]",0.0070548691015375285,0.19989180574511195,,
ILVIS0_applanix_56924_510_POS510.013,64628deb92756dbaf2a8,6,flat_still,495.185,False,198,27.891593838288294,"[1.0201577979059246, 0.96047319790364, 0.2574415552528606]",0.011260057328851708,0.20950893047926367,,
ILVIS0_applanix_56924_510_incomplete_POS510.013,c29b4ba9977bf344c672,6,sphere_rotating,495.185,False,198,19.2156216773782,"[0.8635082121067909, 0.8052282955760454, 0.25932727260839755]",0.006787380219519434,0.2539333495988456,,
ILVIS0_applanix_56924_510_incomplete_POS510.013,c29b4ba9977bf344c672,6,sphere_still,495.185,False,198,28.445366592358333,"[1.0019277163498568, 0.9942079168139664, 0.25736871350671997]",0.0070548691015375285,0.19989180574511195,,
ILVIS0_applanix_56924_510_incomplete_POS510.013,c29b4ba9977bf344c672,6,flat_still,495.185,False,198,27.891593838288294,"[1.0201577979059246, 0.96047319790364, 0.2574415552528606]",0.011260057328851708,0.20950893047926367,,
ILVIS0_applanix_56924_610_LVIS610.013,8607437e732847526634,21,sphere_rotating,462.85,False,198,2.702232351775007,"[0.07926413343278217, 0.13716025623432077, 0.22959560314568717]",0.004881709628708794,0.04895783345554011,,
ILVIS0_applanix_56924_610_LVIS610.013,8607437e732847526634,21,sphere_still,462.85,False,198,2.701309407767407,"[0.08069998284916383, 0.13796417007863251, 0.22967200992957765]",0.01166361320280145,0.017510136653110353,,
ILVIS0_applanix_56924_610_LVIS610.013,8607437e732847526634,21,flat_still,462.85,False,134,2.6968042330766924,"[0.08338859748098798, 0.1333603642483491, 0.23006436990310622]",0.0024560830181255275,0.0004956391535849702,earth_removal,
ILVIS0_applanix_56932_510_POS510.013,38410df8816d9ebe0c99,6,sphere_rotating,484.88,False,198,62.407253702995845,"[0.17233901890626332, 0.24788507992627537, 0.7573314495322471]",0.0031047734054156914,0.008784803481662606,gyro_bias_z,
ILVIS0_applanix_56932_510_POS510.013,38410df8816d9ebe0c99,6,sphere_still,484.88,False,198,96.13598552700239,"[0.5316375725479762, 0.3070480241181378, 2.7105365694741668]",0.017533681147900295,4.322624521158058e-06,gyro_bias_z;earth_removal,
ILVIS0_applanix_56932_510_POS510.013,38410df8816d9ebe0c99,6,flat_still,484.88,False,198,243.88632410340068,"[0.6990274529358078, 2.6742239429545513, 1.2335203044209098]",0.019311687973199553,5.289099234140338e-07,gyro_bias_z;gyro_gain_x;gravity_delta;earth_removal,
ILVIS0_applanix_56932_610_LVIS610.013,cc0f19bded8f62a87c11,21,sphere_rotating,441.805,False,198,88.47246986231497,"[0.1850601187659461, 0.23150715744279024, 1.0943727122088052]",0.005348264619109912,0.058545939928241586,,
ILVIS0_applanix_56932_610_LVIS610.013,cc0f19bded8f62a87c11,21,sphere_still,441.805,False,198,141.8501518999675,"[0.6763981035812651, 0.25143526046343406, 6.180584592468078]",0.029008385480606504,5.5980417794587733e-05,earth_removal,
ILVIS0_applanix_56932_610_LVIS610.013,cc0f19bded8f62a87c11,21,flat_still,441.805,False,198,249.4901106957381,"[1.1838232106329387, 2.563144187651827, 5.342956171793419]",0.03858578668267086,1.6779040432679526e-05,gyro_gain_x;earth_removal,
ILVIS0_applanix_57287_610_LVIS_38614965.013,108d196761a839a24f07,21,sphere_rotating,439.795,False,173,2.1015642249873014,"[0.04310720530590732, 0.03001991990332004, 0.7940305335720843]",0.023627484154581047,5.101021718745269e-06,earth_removal,
ILVIS0_applanix_57287_610_LVIS_38614965.013,108d196761a839a24f07,21,sphere_still,439.795,False,181,1161.948821315812,"[4.836878227084522, 2.1012211647545964, 5.183679176950561]",0.0005674097372416451,5.551115123125783e-17,gyro_bias_z;gravity_delta;earth_removal,
ILVIS0_applanix_57287_610_LVIS_38614965.013,108d196761a839a24f07,21,flat_still,439.795,False,168,19561593.365253873,"[169.38505564510336, 1122.4531243274973, 105.17906682516652]",0.00045539280258645356,1.0,position_y;gyro_bias_x;gyro_bias_y;gyro_bias_z;accel_bias_x;accel_bias_z;gyro_gain_x;gyro_gain_y;gyro_gain_z;accel_gain_x;accel_gain_y;lever_x;lever_y;lever_z;gravity_delta;time_offset;earth_removal,
ILVIS0_applanix_57289_610_DMS_24Sept15DMS.013,25e8081705aa69d3cd6f,21,sphere_rotating,578.95,False,198,3.3590697405962806,"[0.07068216667660594, 0.08761533113289971, 0.8649652243954564]",0.003190706452194594,0.010757310342808357,,
ILVIS0_applanix_57289_610_DMS_24Sept15DMS.013,25e8081705aa69d3cd6f,21,sphere_still,578.95,False,198,24.739559771005858,"[0.5707922933538427, 1.2715160094171614, 0.9534811171263655]",0.1468974751098342,2.403831377845167e-05,earth_removal,
ILVIS0_applanix_57289_610_DMS_24Sept15DMS.013,25e8081705aa69d3cd6f,21,flat_still,578.95,False,198,2552.004775956224,"[3.349949874170379, 13.033070011998563, 0.6689422997685045]",0.04832326021492796,0.039565916702458515,,
ILVIS0_applanix_57289_610_LVIS_38614965.013,4876a722de50db44fd7a,21,sphere_rotating,458.415,False,198,5.814132761217621,"[0.07337808485224101, 0.04058135637036137, 0.6588933583520283]",0.0017036019142587747,0.016302679949658894,,
ILVIS0_applanix_57289_610_LVIS_38614965.013,4876a722de50db44fd7a,21,sphere_still,458.415,False,198,6.657233889634283,"[0.13604827006911047, 0.2998700278048337, 0.5413764038909417]",0.10245311851571859,1.1607716319250727e-06,earth_removal,
ILVIS0_applanix_57289_610_LVIS_38614965.013,4876a722de50db44fd7a,21,flat_still,458.415,False,198,514.2105468735398,"[1.7895434987865777, 6.02089852617465, 1.0083224539221602]",0.010683739720557535,0.07763235091441245,accel_gain_x,
ILVIS0_applanix_57289_610_loaner_24Sept15LVIS.013,9b7d1be2c57168d942d1,21,sphere_rotating,556.88,False,198,2.42457489663284,"[0.06361036630215686, 0.04622513943579026, 1.1341450297438829]",0.0057676484803588154,0.01800581800482204,,
ILVIS0_applanix_57289_610_loaner_24Sept15LVIS.013,9b7d1be2c57168d942d1,21,sphere_still,556.88,False,197,15.502505101718539,"[0.6497470417921503, 0.6043125456583465, 0.936220748101812]",0.032709529838201544,7.582360958546808e-07,earth_removal,
ILVIS0_applanix_57289_610_loaner_24Sept15LVIS.013,9b7d1be2c57168d942d1,21,flat_still,556.88,False,198,651.1263542365843,"[1.9546072311703337, 6.550782518008738, 1.5011201901437956]",0.023632327206939877,0.009098689093369527,,
ILVIS0_applanix_57291_510_LVISGH.013,2f24bea2d76d164704b1,6,sphere_rotating,458.33,False,198,1.9162100348906088,"[0.2205241450187294, 0.12932037951287378, 0.5973533950575527]",0.010207022476229637,0.002936799841230131,,
ILVIS0_applanix_57291_510_LVISGH.013,2f24bea2d76d164704b1,6,sphere_still,458.33,False,198,12.902281873649207,"[0.3322023949751927, 0.8340392360675131, 0.5901022091466449]",0.02083056738465365,1.3091419392874393e-05,earth_removal,
ILVIS0_applanix_57291_510_LVISGH.013,2f24bea2d76d164704b1,6,flat_still,458.33,False,198,81.34873704484252,"[0.642277079473866, 0.928424784159089, 0.5556338662351499]",0.0442383902871316,0.014300138945204155,,
ILVIS0_applanix_57291_610_DMS_26Sept15DMS.013,8fb44931da423fbde3ef,21,sphere_rotating,571.525,False,198,3.2903372452209765,"[0.11222835712438564, 0.035066841029551765, 1.1835596132406359]",0.061112069056075136,0.005602486237520077,,
ILVIS0_applanix_57291_610_DMS_26Sept15DMS.013,8fb44931da423fbde3ef,21,sphere_still,571.525,False,198,17.475093143606156,"[0.28708349736761213, 0.9742244987741845, 1.2599933048507914]",0.051927006045666746,4.276957259963243e-06,earth_removal,
ILVIS0_applanix_57291_610_DMS_26Sept15DMS.013,8fb44931da423fbde3ef,21,flat_still,571.525,False,198,102.99531268601977,"[0.4551144418370437, 1.7606635604253214, 0.9775723585080569]",0.15148273002732765,0.0005152560435813247,,
ILVIS0_applanix_57291_610_LVIS_38614965.013,3223697e5fe287b1d443,21,sphere_rotating,453.125,False,198,1.6593365760715308,"[0.041362749184489976, 0.03577443260516787, 0.7439293889774982]",0.0016892662243630906,0.003236033481270273,,
ILVIS0_applanix_57291_610_LVIS_38614965.013,3223697e5fe287b1d443,21,sphere_still,453.125,False,198,4.534491709845265,"[0.08717798561536087, 0.388390879320779, 0.7611780175854455]",0.022814225015831517,1.4208071719701287e-06,earth_removal,
ILVIS0_applanix_57291_610_LVIS_38614965.013,3223697e5fe287b1d443,21,flat_still,453.125,False,198,66.40512385085609,"[0.36406688026074174, 0.8125488274887969, 0.7696835954928206]",0.06663909080804778,1.962335138844251e-05,earth_removal,
ILVIS0_applanix_57291_610_loaner_26Sept15LVIS.013,95a01583566d1a9e080b,21,sphere_rotating,547.535,False,198,1.6934179505953963,"[0.027220732530311584, 0.05582761265392325, 0.9591685434915392]",0.05136396070347578,0.008834305866405157,,
ILVIS0_applanix_57291_610_loaner_26Sept15LVIS.013,95a01583566d1a9e080b,21,sphere_still,547.535,False,198,18.58803880603399,"[0.36183637976685046, 1.0770529818538577, 1.5485309834639258]",0.09472780314454188,8.3692421837811e-06,earth_removal,
ILVIS0_applanix_57291_610_loaner_26Sept15LVIS.013,95a01583566d1a9e080b,21,flat_still,547.535,False,198,83.52212783870853,"[0.33771167424617665, 1.7508936681572949, 0.8937424086190785]",0.17498505734046788,0.0019523958024019183,,
ILVIS0_applanix_57294_510_LVISGH.013,c2c15448922475c632b6,6,sphere_rotating,446.44,False,198,7.5950562957119345,"[0.2394984116014492, 0.17426576161530719, 0.27669277088056804]",0.0052910448195384804,0.2091658582589508,,
ILVIS0_applanix_57294_510_LVISGH.013,c2c15448922475c632b6,6,sphere_still,446.44,False,198,10.643114013139739,"[0.5243877707783514, 0.18646911422056892, 0.2765554936196277]",0.03498457133669066,0.004201577965535108,,
ILVIS0_applanix_57294_510_LVISGH.013,c2c15448922475c632b6,6,flat_still,446.44,False,198,9.25425509821019,"[0.41861851948197176, 0.17074878611988947, 0.2755662567930153]",0.013049872549852917,0.42574929345036105,gravity_delta,
ILVIS0_applanix_57294_610_LVIS_38614965.013,fbcccc67cfc0f8c58798,21,sphere_rotating,442.145,False,198,0.6149142228758137,"[0.038118066614148245, 0.11621742314586764, 0.08823070992665244]",0.05381477044526283,0.2102564439172312,,
ILVIS0_applanix_57294_610_LVIS_38614965.013,fbcccc67cfc0f8c58798,21,sphere_still,442.145,False,198,0.663121597142442,"[0.025170516831539758, 0.1284907068654255, 0.08721408277044673]",0.00213077879603338,0.016212038392014516,,
ILVIS0_applanix_57294_610_LVIS_38614965.013,fbcccc67cfc0f8c58798,21,flat_still,442.145,False,198,0.5032048468285131,"[0.01785439935506463, 0.05714329839043466, 0.08684627353001587]",0.002228873198629241,0.010038534395822363,,
ILVIS0_applanix_57294_610_DMS_29Sept15DMS.013,67027d0caf3ed8e14c5f,21,sphere_rotating,575.445,False,198,11.585822611772679,"[0.19265359406995963, 0.1163198168699655, 1.4001185954920263]",0.011164431772098131,0.00959662889173557,,
ILVIS0_applanix_57294_610_DMS_29Sept15DMS.013,67027d0caf3ed8e14c5f,21,sphere_still,575.445,False,198,20.933356382356287,"[0.3021527188675439, 0.6598638905410114, 1.2584915438290822]",0.044514434042669596,4.812698982670227e-06,earth_removal,
ILVIS0_applanix_57294_610_DMS_29Sept15DMS.013,67027d0caf3ed8e14c5f,21,flat_still,575.445,False,198,684901.1151886663,"[4.561678041800697, 166.91938258776733, 18.707189491130194]",0.0431333304225837,0.0005594589129009342,position_y;gyro_gain_x;gyro_gain_z;lever_y;gravity_delta,
ILVIS0_applanix_57294_610_loaner_29Sept15LVIS.013,c1ef32dccf7f02f2fba6,21,sphere_rotating,549.375,False,182,5.368111419191302,"[0.11129580085851586, 0.08613795280305778, 1.2823955281996842]",0.014183887113392715,6.952470852306103e-06,earth_removal,
ILVIS0_applanix_57294_610_loaner_29Sept15LVIS.013,c1ef32dccf7f02f2fba6,21,sphere_still,549.375,False,198,42.16119192099103,"[0.1826271351329486, 1.4055996058591136, 1.2869769804618905]",0.02887819304618556,3.99108748400101e-06,earth_removal,
ILVIS0_applanix_57294_610_loaner_29Sept15LVIS.013,c1ef32dccf7f02f2fba6,21,flat_still,549.375,False,198,49.08817475462735,"[0.3283239861324463, 0.7385379977999139, 1.1383850400885112]",0.03192245052556295,0.0030330114669828157,,
ILVIS0_applanix_57298_510_LVISGH.013,58b0848c35eeaf93a9f6,6,sphere_rotating,450.595,False,189,4.028693437898354,"[0.22670658371410424, 0.22153534422478022, 0.7886766988617614]",0.0030291811642437706,2.046789535858906e-06,earth_removal,
ILVIS0_applanix_57298_510_LVISGH.013,58b0848c35eeaf93a9f6,6,sphere_still,450.595,False,198,7.932952376389341,"[0.22536962273718805, 0.48092178325651086, 0.7610750569322651]",0.0831655150316398,1.951655175663758e-05,earth_removal,
ILVIS0_applanix_57298_510_LVISGH.013,58b0848c35eeaf93a9f6,6,flat_still,450.595,False,198,449.9830216514337,"[1.796547312669023, 5.1371661235436585, 0.5166491323809702]",0.02666315363199653,0.01941586618177016,,
ILVIS0_applanix_57298_610_DMS_03Oct15DMS.013,439cd3a0feb0625b60ac,21,sphere_rotating,562.645,False,198,6.255958060420262,"[0.11515917524257728, 0.05977695539898207, 2.045842847855814]",0.02845470506605982,0.0023970199576699436,,
ILVIS0_applanix_57298_610_DMS_03Oct15DMS.013,439cd3a0feb0625b60ac,21,sphere_still,562.645,False,198,18.834691499913234,"[0.41796605116983365, 0.7406252954777749, 2.2518924919786882]",0.027791896295784643,8.872775753898665e-06,earth_removal,
ILVIS0_applanix_57298_610_DMS_03Oct15DMS.013,439cd3a0feb0625b60ac,21,flat_still,562.645,False,198,1247.288076992587,"[1.8906535014335526, 9.022270077299353, 2.9047864251003634]",0.16092027903735387,0.00011851964111497804,earth_removal,
ILVIS0_applanix_57298_610_LVIS_38614965.013,adfd80e2038861ee52fa,21,sphere_rotating,448.795,False,198,1.7043109749535184,"[0.05689875365507347, 0.07173359355359796, 0.616520952056969]",0.07382690437108284,0.03004022771251258,,
ILVIS0_applanix_57298_610_LVIS_38614965.013,adfd80e2038861ee52fa,21,sphere_still,448.795,False,198,2.081739226738371,"[0.08770554263671539, 0.11271834546138997, 0.6228608853493719]",0.023829780190356635,1.801677939505808e-06,earth_removal,
ILVIS0_applanix_57298_610_LVIS_38614965.013,adfd80e2038861ee52fa,21,flat_still,448.795,False,198,421.5182265893069,"[1.331604691150737, 4.990450881172199, 1.014628247625231]",0.0826393489593952,0.0018384883699531507,,
ILVIS0_applanix_57298_610_loaner_03Oct15LVIS.013,a4d367c39b7334fa38b8,21,sphere_rotating,549.575,False,198,4.66427623941126,"[0.05019658426994311, 0.033437965133897844, 1.8906219535274198]",0.0018853496888619175,9.602881717585277e-08,earth_removal,
ILVIS0_applanix_57298_610_loaner_03Oct15LVIS.013,a4d367c39b7334fa38b8,21,sphere_still,549.575,False,198,12.458827671810436,"[0.33248793341021804, 0.5247716758337594, 2.147962174254905]",0.061576198737197364,4.827246977795463e-05,earth_removal,
ILVIS0_applanix_57298_610_loaner_03Oct15LVIS.013,a4d367c39b7334fa38b8,21,flat_still,549.575,False,198,944.0380458310391,"[1.629736468184155, 8.802775253920506, 2.763950317167209]",0.21290430671120628,0.000671219908691123,,
ILVIS0_applanix_57300_510_LVISGH.013,e63d19ad53722e5fe0f7,6,sphere_rotating,449.59000000000003,False,198,2.848295040837619,"[0.07631941472095721, 0.11537381270791337, 0.7270892238241301]",0.01680836941688206,2.721555010964938e-06,earth_removal,
ILVIS0_applanix_57300_510_LVISGH.013,e63d19ad53722e5fe0f7,6,sphere_still,449.59000000000003,False,198,5.71302742130898,"[0.15814182011916494, 0.3600539893541293, 0.2972039136840465]",0.02909497835152048,1.8247595876874634e-05,earth_removal,
ILVIS0_applanix_57300_510_LVISGH.013,e63d19ad53722e5fe0f7,6,flat_still,449.59000000000003,False,198,3284.0173935397847,"[3.5187348979480806, 15.209998391400974, 1.399842475161912]",0.01672304089985621,0.023706552052922325,accel_gain_x,
ILVIS0_applanix_57300_610_DMS_05Oct15DMS.013,4fbe64ccb69a7ffc0257,21,sphere_rotating,555.1,False,198,3.211553496594921,"[0.05712176795022184, 0.04156164453172659, 0.9668834036834807]",0.007709564468245452,0.0031459695863433335,,
ILVIS0_applanix_57300_610_DMS_05Oct15DMS.013,4fbe64ccb69a7ffc0257,21,sphere_still,555.1,False,198,16.149627214215517,"[0.4161013295000472, 0.6654465426013624, 0.7159228302186119]",0.06077962638876177,1.60148054528797e-06,earth_removal,
ILVIS0_applanix_57300_610_DMS_05Oct15DMS.013,4fbe64ccb69a7ffc0257,21,flat_still,555.1,False,198,17008.69599778394,"[5.517213789872974, 34.85885914608261, 2.7218217726265217]",0.007331004582913181,0.02070524169163762,gyro_gain_x;accel_gain_x,
ILVIS0_applanix_57300_610_LVIS_38614965.013,a0534d9c30195543709c,21,sphere_rotating,453.865,False,198,2.737773101070844,"[0.06567297683555502, 0.06139700563684692, 0.7600987069975937]",0.0011853992476498706,0.0012106908661748683,,
ILVIS0_applanix_57300_610_LVIS_38614965.013,a0534d9c30195543709c,21,sphere_still,453.865,False,198,6.860296941100927,"[0.19198810115159348, 0.38599229464931667, 0.2616307045286247]",0.1491754692980448,1.719401528171849e-05,earth_removal,
ILVIS0_applanix_57300_610_LVIS_38614965.013,a0534d9c30195543709c,21,flat_still,453.865,False,196,3377.9923488869904,"[2.958002903846407, 15.48142301144391, 1.4307103792118707]",0.006895648262171919,0.00400401518358634,accel_gain_x,
ILVIS0_applanix_57300_610_loaner_05Oct15LVIS.013,81c18746e768f992c6e7,21,sphere_rotating,539.235,False,185,3.220266399326241,"[0.0635064760021184, 0.08929482385567711, 0.9944621434396573]",0.0019917866661546863,5.331945098219215e-07,earth_removal,
ILVIS0_applanix_57300_610_loaner_05Oct15LVIS.013,81c18746e768f992c6e7,21,sphere_still,539.235,False,195,14.970366180443744,"[0.37789140289667117, 0.7555081551823827, 1.4617769164085441]",0.024006713922303524,6.25365427942004e-07,earth_removal,
ILVIS0_applanix_57300_610_loaner_05Oct15LVIS.013,81c18746e768f992c6e7,21,flat_still,539.235,False,198,20819.36448204478,"[6.536113829826578, 39.16315532853042, 1.260159667178121]",0.00441005030583878,0.07345827373638808,accel_gain_x,
ILVIS0_applanix_57302_510_LVISGH.013,d7a8897f8b216724c891,6,sphere_rotating,451.77500000000003,False,198,2.054853266702852,"[0.08474609211080775, 0.10500258018185779, 0.5595893347951831]",0.02177310514353175,0.008426644443906062,,
ILVIS0_applanix_57302_510_LVISGH.013,d7a8897f8b216724c891,6,sphere_still,451.77500000000003,False,198,6.453770909610218,"[0.13043637805070032, 0.3870457844425747, 0.5397251163006144]",0.0279001128445662,0.017816009892077656,,
ILVIS0_applanix_57302_510_LVISGH.013,d7a8897f8b216724c891,6,flat_still,451.77500000000003,False,198,158.50140644257354,"[0.8514402583233697, 1.9053474617871402, 0.3091380726881498]",0.015739791935462637,3.7274154147115546e-06,earth_removal,
ILVIS0_applanix_57302_610_DMS_07Oct15DMS.013,b763a84552420e8c1d8d,21,sphere_rotating,556.24,False,198,2.3636547415253912,"[0.06422941244784627, 0.15804162039960418, 0.7197382447979424]",0.00977591575117537,0.016643184781739928,,
ILVIS0_applanix_57302_610_DMS_07Oct15DMS.013,b763a84552420e8c1d8d,21,sphere_still,556.24,False,195,6.2580695792340295,"[0.22917746888361135, 0.4890257745503746, 0.8146853226588668]",0.004333823494148792,7.228567185380008e-07,earth_removal,
ILVIS0_applanix_57302_610_DMS_07Oct15DMS.013,b763a84552420e8c1d8d,21,flat_still,556.24,False,198,7676.681095617614,"[2.2978286073239507, 22.93710831914373, 1.4614083428804352]",0.0019853147845383017,4.306337272941274e-05,accel_gain_x;earth_removal,
ILVIS0_applanix_57302_610_LVIS_38614965.013,448e008466fda5ad79ea,21,sphere_rotating,452.85,False,198,1.9082612009696895,"[0.037532289221584324, 0.02636730961541348, 0.5532036129184025]",0.013011071429240188,0.00012300210239596376,earth_removal,
ILVIS0_applanix_57302_610_LVIS_38614965.013,448e008466fda5ad79ea,21,sphere_still,452.85,False,198,3.384829658937405,"[0.07807721860241569, 0.3241578543779241, 0.4696910697826455]",0.23014831798268268,1.4957823269434734e-06,earth_removal,
ILVIS0_applanix_57302_610_LVIS_38614965.013,448e008466fda5ad79ea,21,flat_still,452.85,False,198,159.32123244390175,"[1.092426869774791, 2.039468237346785, 0.29782598890481315]",0.09322405775094351,0.0020779213351577175,,
ILVIS0_applanix_57302_610_loaner_07Oct15LVIS.013,b5b356504236479c028d,21,sphere_rotating,550.265,False,170,1.260594104406172,"[0.06724726161269427, 0.14977199417648537, 0.40379732657135853]",0.000714022283013267,1.818523205354694e-06,earth_removal,
ILVIS0_applanix_57302_610_loaner_07Oct15LVIS.013,b5b356504236479c028d,21,sphere_still,550.265,False,198,6.871616565209733,"[0.381732796780815, 0.5556547728071025, 0.5379200175168694]",0.07383143952409776,2.8934100929634e-06,earth_removal,
ILVIS0_applanix_57302_610_loaner_07Oct15LVIS.013,b5b356504236479c028d,21,flat_still,550.265,False,198,8383.894424633218,"[2.6004686327413284, 25.26738759373161, 0.6958261731034029]",0.018966140844538744,0.0005538132898171289,accel_gain_x,
ILVIS0_applanix_57305_510_LVISGH.013,df2ea8cdcaa4ac01615b,6,sphere_rotating,438.73,False,198,11.0114141094123,"[0.527178972198477, 0.6299676341972062, 0.7189455828020216]",0.05044041476193396,3.729178868372429e-06,earth_removal,
ILVIS0_applanix_57305_510_LVISGH.013,df2ea8cdcaa4ac01615b,6,sphere_still,438.73,False,198,31.754715444745646,"[0.749236265590877, 1.21228883207381, 0.6865554439812492]",0.08180292450573631,0.03953949906685006,,
ILVIS0_applanix_57305_510_LVISGH.013,df2ea8cdcaa4ac01615b,6,flat_still,438.73,False,198,95.20450834096701,"[0.44663274970115086, 1.0769011333678828, 0.565906801935898]",0.016091297878939086,2.550120710992365e-05,earth_removal,
ILVIS0_applanix_57305_610_DMS_10Oct15DMS.013,aa95315f0205d7f900d9,21,sphere_rotating,572.375,False,181,4.317455714922312,"[0.05902162521007114, 0.07192016015626053, 1.4736726947130072]",0.03300091497052625,7.878196107702351e-07,earth_removal,
ILVIS0_applanix_57305_610_DMS_10Oct15DMS.013,aa95315f0205d7f900d9,21,sphere_still,572.375,False,198,6.739703558655872,"[0.21569231063643568, 0.2200223480592798, 1.504662902769616]",0.006771300252953616,4.165860063631843e-06,earth_removal,
ILVIS0_applanix_57305_610_DMS_10Oct15DMS.013,aa95315f0205d7f900d9,21,flat_still,572.375,False,198,9759.767635208187,"[3.5678069542422994, 24.623376965768372, 2.592940921409121]",0.019571149632023895,0.0038566612684515222,,
ILVIS0_applanix_57305_610_LVIS_38614965.013,41cf7c4dcca04dce0678,21,sphere_rotating,438.6,False,198,2.0214477413063237,"[0.07641274008972869, 0.041161618246892184, 0.6911854133616818]",0.020805695549097492,0.010844649165147768,,
ILVIS0_applanix_57305_610_LVIS_38614965.013,41cf7c4dcca04dce0678,21,sphere_still,438.6,False,198,7.202483260871546,"[0.09612204530183589, 0.5548553427153339, 0.669852021573891]",0.09962909514135512,1.7615605457654837e-06,earth_removal,
ILVIS0_applanix_57305_610_LVIS_38614965.013,41cf7c4dcca04dce0678,21,flat_still,438.6,False,198,96.59349938592696,"[0.4902614021815478, 1.2699547841544756, 0.5657061000893157]",0.02134803110723998,0.0023347291054925945,,
ILVIS0_applanix_57305_610_loaner_10Oct15LVIS.013,05b6350e07c1b6ff24ad,21,sphere_rotating,565.23,False,198,3.792590621309406,"[0.0716233371685857, 0.0767139243404257, 1.5395842325815845]",0.006363343956327396,0.0009592204060794307,,
ILVIS0_applanix_57305_610_loaner_10Oct15LVIS.013,05b6350e07c1b6ff24ad,21,sphere_still,565.23,False,198,25.053030319119568,"[0.8198472826484631, 0.9522912872028164, 1.7294927010701173]",0.01845327876543286,2.93817219038095e-06,earth_removal,
ILVIS0_applanix_57305_610_loaner_10Oct15LVIS.013,05b6350e07c1b6ff24ad,21,flat_still,565.23,False,198,9494.517990184175,"[4.165944159832571, 25.74333816312114, 1.1192270503974306]",0.016814218266622813,0.01785011602349218,accel_gain_x,
ILVIS0_applanix_57307_510_LVISGH.013,6d398e7c4d2bc47a4b64,6,sphere_rotating,442.135,False,173,7.782454957734323,"[0.5410686886529489, 0.41755024762264104, 0.41589596688406505]",0.0016834056961901383,1.2957183034789654e-05,earth_removal,
ILVIS0_applanix_57307_510_LVISGH.013,6d398e7c4d2bc47a4b64,6,sphere_still,442.135,False,198,14.12271859120593,"[0.6939182437357261, 0.4488858473010578, 0.9897444251253145]",0.03823116960286604,4.3960120016395265e-07,earth_removal,
ILVIS0_applanix_57307_510_LVISGH.013,6d398e7c4d2bc47a4b64,6,flat_still,442.135,False,198,1370053.9927156204,"[17.435667899686752, 229.36312566605358, 37.29605396766219]",0.14607411099855225,0.9999999718198689,position_y;gyro_bias_x;gyro_bias_z;accel_bias_x;gyro_gain_x;gravity_delta;earth_removal,
ILVIS0_applanix_57307_610_DMS_12Oct15DMS.013,ed4db68c327edbb1e892,21,sphere_rotating,555.955,False,190,2.893900210523867,"[0.05878618922017509, 0.05736550658256946, 1.1832765195852684]",0.0009155809688735185,4.816069293922531e-07,earth_removal,
ILVIS0_applanix_57307_610_DMS_12Oct15DMS.013,ed4db68c327edbb1e892,21,sphere_still,555.955,False,198,131.15136210560738,"[1.5743513094255137, 0.917648882421744, 6.050059839527981]",0.08470117441693052,8.24733509374731e-07,earth_removal,
ILVIS0_applanix_57307_610_DMS_12Oct15DMS.013,ed4db68c327edbb1e892,21,flat_still,555.955,False,198,1808209.4792710992,"[24.18177523378195, 429.4949681597623, 25.469589582983588]",0.09601109237804847,0.0014195553841542807,velocity_y;gyro_gain_x,
ILVIS0_applanix_57307_610_LVIS_38614965.013,e53cc76ff2a5fe3046f9,21,sphere_rotating,443.235,False,198,1.8728653404178024,"[0.04858536600135549, 0.12064226788001552, 0.3766828902926384]",0.02643306401901907,0.007250226577953711,,
ILVIS0_applanix_57307_610_LVIS_38614965.013,e53cc76ff2a5fe3046f9,21,sphere_still,443.235,False,198,4.008032518877552,"[0.2628561241820457, 0.15030302088609662, 0.5363986718617834]",0.01258370969378245,2.589361761062836e-06,earth_removal,
ILVIS0_applanix_57307_610_LVIS_38614965.013,e53cc76ff2a5fe3046f9,21,flat_still,443.235,False,198,897079.691866925,"[15.057493120750872, 170.18023542828956, 23.74555399626737]",0.16930120042151012,0.9999762686939377,gyro_bias_x;gravity_delta;earth_removal,
ILVIS0_applanix_57307_610_loaner_12Oct15LVIS.013,a5c9a343b38c34d42251,21,sphere_rotating,532.485,False,198,2.21727498539804,"[0.04284698662977322, 0.03590047228102504, 1.249750558001809]",0.0011154331408006043,0.00489709852929926,,
ILVIS0_applanix_57307_610_loaner_12Oct15LVIS.013,a5c9a343b38c34d42251,21,sphere_still,532.485,False,190,2.6514239950883844,"[0.15012316459224204, 0.14501462696808462, 1.0153194994593921]",0.0028219010306161385,2.510024384450027e-07,earth_removal,
ILVIS0_applanix_57307_610_loaner_12Oct15LVIS.013,a5c9a343b38c34d42251,21,flat_still,532.485,False,198,4777.90762690262,"[0.9807875229678302, 18.2394894713537, 0.9742194400760944]",0.012025189335070683,0.03787718956955516,,
ILVIS0_applanix_57309_510_LVISGH.013,d044e5f04d28ef4134ae,6,sphere_rotating,444.21500000000003,False,198,4.062446060481526,"[0.0681569596570295, 0.18713937806003322, 0.19872548112831362]",0.012027186940425098,0.21065714881171904,,
ILVIS0_applanix_57309_510_LVISGH.013,d044e5f04d28ef4134ae,6,sphere_still,444.21500000000003,False,166,4.24009209661281,"[0.1334538654319174, 0.17912592920611162, 0.2001960892278778]",0.0058020463797319195,2.58501711982162e-05,earth_removal,
ILVIS0_applanix_57309_510_LVISGH.013,d044e5f04d28ef4134ae,6,flat_still,444.21500000000003,False,198,3.7067349382881596,"[0.09583062548857091, 0.061584306021908466, 0.20067409032432657]",0.005374845502358566,0.4237946122683533,gyro_gain_y,
ILVIS0_applanix_57309_610_DMS_14Oct15DMS.013,7ecb2ee97677e3a1e45c,21,sphere_rotating,553.255,False,172,3.9885889919329944,"[0.10592929002986606, 0.13325984578084263, 1.0622512975762084]",0.004119668913529994,3.3429417622965474e-08,earth_removal,
ILVIS0_applanix_57309_610_DMS_14Oct15DMS.013,7ecb2ee97677e3a1e45c,21,sphere_still,553.255,False,198,90.03040946155495,"[1.6352099330632095, 0.6366520615200593, 3.545117474554926]",0.11867216662235452,7.522834887974117e-06,earth_removal,
ILVIS0_applanix_57309_610_DMS_14Oct15DMS.013,7ecb2ee97677e3a1e45c,21,flat_still,553.255,False,198,701676.4030588223,"[8.74368564576575, 252.82662506640872, 13.124833060971781]",0.11467700338779976,0.3978264662035221,velocity_y;gyro_gain_x;gravity_delta,
ILVIS0_applanix_57309_610_LVIS_38614965.013,b670190d46cfc8d4bbad,21,sphere_rotating,444.42,False,198,0.5395729834203066,"[0.03939381990994526, 0.07801376943752004, 0.15623240147106326]",0.0010512832215348249,0.04991898388717708,,
ILVIS0_applanix_57309_610_LVIS_38614965.013,b670190d46cfc8d4bbad,21,sphere_still,444.42,False,198,0.6349022823446674,"[0.07828552149601749, 0.09973291138063792, 0.1558139272181507]",0.008720830273660692,0.01824231590069003,,
ILVIS0_applanix_57309_610_LVIS_38614965.013,b670190d46cfc8d4bbad,21,flat_still,444.42,False,198,0.5373000579330266,"[0.07493385424143184, 0.0639226398202285, 0.15528745519652268]",0.08244113925636881,0.08551590927761987,,
ILVIS0_applanix_57309_610_loaner_14Oct15LVIS.013,5489ee1ee49676ceb94b,21,sphere_rotating,548.44,False,198,19.2354923856961,"[0.5526909876625011, 0.5817570631867331, 1.2605627272379754]",0.08407587516706151,0.06428510271375559,,
ILVIS0_applanix_57309_610_loaner_14Oct15LVIS.013,5489ee1ee49676ceb94b,21,sphere_still,548.44,False,198,298.94775282996477,"[3.0919106671892203, 3.493684409131773, 3.5814847376908565]",0.19214116357347907,0.02349637095147722,,
ILVIS0_applanix_57309_610_loaner_14Oct15LVIS.013,5489ee1ee49676ceb94b,21,flat_still,548.44,False,147,689901.058768101,"[14.308312339112103, 239.25375843803016, 31.75819035909686]",0.08269098368564184,0.10175238612850007,,
ILVIS0_applanix_57312_510_LVISGH.013,70c5fd67560175526f43,6,sphere_rotating,455.02500000000003,False,198,11.778281551387563,"[0.7853835505955855, 0.20110795798448627, 0.4759874927127972]",0.018523368584119015,0.036141366919912155,,
ILVIS0_applanix_57312_510_LVISGH.013,70c5fd67560175526f43,6,sphere_still,455.02500000000003,False,198,27.072370187920946,"[1.2029284441020065, 0.7263556730955861, 0.5532434439412826]",0.12509091833248334,4.465666128278256e-05,earth_removal,
ILVIS0_applanix_57312_510_LVISGH.013,70c5fd67560175526f43,6,flat_still,455.02500000000003,False,198,118.57372567882783,"[1.0609548500016543, 2.051437305047629, 0.2077401354095112]",0.044327624239222034,9.105420780386453e-05,earth_removal,
ILVIS0_applanix_57312_610_DMS_17Oct15DMS.013,a39b228a8a59800afdfd,21,sphere_rotating,557.39,False,198,3.9308074143712175,"[0.08880757600802193, 0.08567477367707456, 1.1653627454449114]",0.027585720713700395,0.00010958725900067634,earth_removal,
ILVIS0_applanix_57312_610_DMS_17Oct15DMS.013,a39b228a8a59800afdfd,21,sphere_still,557.39,False,190,6.7262633064345065,"[0.17055975969898152, 0.362219290335865, 1.2373092520102804]",0.001806639659055193,1.3002016245877712e-06,earth_removal,
ILVIS0_applanix_57312_610_DMS_17Oct15DMS.013,a39b228a8a59800afdfd,21,flat_still,557.39,False,198,271.91760748624006,"[1.0977611408257357, 3.6571810191159795, 0.942975357672186]",0.03297233497064413,3.17755411483045e-07,earth_removal,
ILVIS0_applanix_57312_610_LVIS_38614965.013,b2e4d9044f4718247f16,21,sphere_rotating,451.34000000000003,False,198,1.0633446956127284,"[0.054513623660744664, 0.026708536520865758, 0.4510571702662108]",0.004522219239911668,0.01647505329963994,,
ILVIS0_applanix_57312_610_LVIS_38614965.013,b2e4d9044f4718247f16,21,sphere_still,451.34000000000003,False,198,7.0939118890806725,"[0.1283197368186531, 0.6248785997610101, 0.5080448912516068]",0.028043042994478205,1.699335893667886e-06,earth_removal,
ILVIS0_applanix_57312_610_LVIS_38614965.013,b2e4d9044f4718247f16,21,flat_still,451.34000000000003,False,198,103.0960481257415,"[0.5389837908511071, 1.8636373491036295, 0.20009602048511022]",0.013395403630588606,0.0004158413007786521,earth_removal,
ILVIS0_applanix_57312_610_loaner_17Oct15LVIS.013,d2a076353a8123f2d047,21,sphere_rotating,547.4,False,184,2.3613569640811605,"[0.09345590401727709, 0.06873732098140739, 1.234835686976248]",0.027228818913337484,1.7916642330861876e-07,earth_removal,
ILVIS0_applanix_57312_610_loaner_17Oct15LVIS.013,d2a076353a8123f2d047,21,sphere_still,547.4,False,198,20.5822273533993,"[0.33454507010779355, 0.9240993670376505, 1.2845892112659116]",0.031576272917399104,3.333804986549449e-05,earth_removal,
ILVIS0_applanix_57312_610_loaner_17Oct15LVIS.013,d2a076353a8123f2d047,21,flat_still,547.4,False,198,204.22891666314186,"[0.8424671802062744, 3.0340599952664813, 1.1620210208086974]",0.008079515777277467,0.0027248486449897302,,
ILVIS0_applanix_57315_510_LVISGH.013,be639c4d0fa22c858f05,6,sphere_rotating,449.63,False,194,2.241845981936873,"[0.24487459391703834, 0.15552975122633686, 0.2824964842372287]",0.010725171881416832,1.6614696669581264e-06,earth_removal,
ILVIS0_applanix_57315_510_LVISGH.013,be639c4d0fa22c858f05,6,sphere_still,449.63,False,198,2.6250972281047398,"[0.2796080477650561, 0.13756634841661522, 0.33070162804959147]",0.009582517701092527,3.583597678491479e-06,earth_removal,
ILVIS0_applanix_57315_510_LVISGH.013,be639c4d0fa22c858f05,6,flat_still,449.63,False,198,986.121233420758,"[2.3454288793963607, 7.88888285550069, 0.38252448922195986]",0.005954057187586806,0.0016669130489166406,accel_gain_x,
ILVIS0_applanix_57315_610_DMS_20Oct15DMS.013,1c071fb7315904ebaad9,21,sphere_rotating,568.96,False,198,4.972498655939872,"[0.1014961256759245, 0.11215311370546903, 1.1514589882657131]",0.027211103593333348,6.285945066131227e-07,earth_removal,
ILVIS0_applanix_57315_610_DMS_20Oct15DMS.013,1c071fb7315904ebaad9,21,sphere_still,568.96,False,198,26.24867913053008,"[0.21670043719080742, 1.9296099916741007, 3.0931381340865634]",0.28388816943006356,2.8654576619602246e-05,earth_removal,
ILVIS0_applanix_57315_610_DMS_20Oct15DMS.013,1c071fb7315904ebaad9,21,flat_still,568.96,False,198,320.44396132167583,"[1.2343166729966029, 4.263258962815648, 1.4628664148073525]",0.050637807979086666,0.0001395209437561329,earth_removal,
ILVIS0_applanix_57315_610_LVIS_38614965.013,a869222776a6ad61940f,21,sphere_rotating,446.71500000000003,False,198,0.8222344658094982,"[0.03423721159644396, 0.021824544324359103, 0.20094920020172133]",0.006943630818098415,0.01746787967356722,,
ILVIS0_applanix_57315_610_LVIS_38614965.013,a869222776a6ad61940f,21,sphere_still,446.71500000000003,False,198,1.412842320054146,"[0.07206186053283109, 0.17632875819411004, 0.2625333066426455]",0.01338725754689903,0.0004986092735815295,earth_removal,
ILVIS0_applanix_57315_610_LVIS_38614965.013,a869222776a6ad61940f,21,flat_still,446.71500000000003,False,198,1064.0570057649043,"[2.7437451312204515, 8.69287956908365, 0.3008754483032259]",0.006581150753270881,0.003593371940985024,accel_gain_x,
ILVIS0_applanix_57315_610_loaner_20Oct15LVIS.013,151ef3a56cffa6acc330,21,sphere_rotating,552.96,False,181,1.984396816552411,"[0.11485186838456443, 0.04909198681015292, 0.6925842058224403]",0.020527347583716948,2.2153153478310372e-07,earth_removal,
ILVIS0_applanix_57315_610_loaner_20Oct15LVIS.013,151ef3a56cffa6acc330,21,sphere_still,552.96,False,198,8.722126522875485,"[0.16620313703537334, 0.604269019300554, 2.2533891040925975]",0.24706829002405195,1.326920205496629e-05,earth_removal,
ILVIS0_applanix_57315_610_loaner_20Oct15LVIS.013,151ef3a56cffa6acc330,21,flat_still,552.96,False,198,212.44906158356844,"[0.5884775926977311, 2.581102860274003, 0.9529653335640954]",0.0025005650228090343,0.10413236471689286,,
ILVIS0_applanix_57317_510_LVISGH.013,1fd5f1663143051897f4,6,sphere_rotating,450.315,False,194,1.9917331151545696,"[0.07124470755187653, 0.10365775820211867, 0.5766397855606316]",0.011864937016540279,3.41535008219207e-07,earth_removal,
ILVIS0_applanix_57317_510_LVISGH.013,1fd5f1663143051897f4,6,sphere_still,450.315,False,198,3.7538596858057334,"[0.1231778041955148, 0.24202093025606605, 0.5475874265013017]",0.06011534214578405,4.417355174424209e-07,earth_removal,
ILVIS0_applanix_57317_510_LVISGH.013,1fd5f1663143051897f4,6,flat_still,450.315,False,198,150.62230852727825,"[0.953550535243937, 1.7824381119707946, 0.5527432505180994]",0.03568711425207328,0.035276128817126995,,
ILVIS0_applanix_57317_610_DMS_21Oct15DMS.013,cc3e726ffb0436c0f9d8,21,sphere_rotating,573.565,False,198,1.5962363370360815,"[0.048886682837776384, 0.060875128511549303, 0.3999096817227551]",0.0038362694036842386,0.0028058252463035727,,
ILVIS0_applanix_57317_610_DMS_21Oct15DMS.013,cc3e726ffb0436c0f9d8,21,sphere_still,573.565,False,198,30.08599027216715,"[1.3020353862224592, 0.34926333485322864, 1.4945819321875116]",0.04849789834766794,1.0072664794469333e-06,earth_removal,
ILVIS0_applanix_57317_610_DMS_21Oct15DMS.013,cc3e726ffb0436c0f9d8,21,flat_still,573.565,False,198,48531.579258007114,"[5.634095936757214, 52.05681921696151, 4.569112986064393]",0.03367231989859614,0.015160153472998927,accel_gain_x,
ILVIS0_applanix_57317_610_LVIS_38614965.013,64e033ebd4066f692c7d,21,sphere_rotating,448.3,False,198,2.0172999619885883,"[0.03785403758499638, 0.07125691496317149, 0.5027833161192774]",0.03706018316343406,0.013231447486694081,,
ILVIS0_applanix_57317_610_LVIS_38614965.013,64e033ebd4066f692c7d,21,sphere_still,448.3,False,198,2.5222635352498965,"[0.07843805728039442, 0.12696913865112502, 0.45940910332873564]",0.04474786842176051,0.0038528502080485416,,
ILVIS0_applanix_57317_610_LVIS_38614965.013,64e033ebd4066f692c7d,21,flat_still,448.3,False,198,175.8802896986935,"[1.0548248300951726, 2.1907753354650192, 0.8478254707131776]",0.028364960557741088,0.0026728269711839836,,
ILVIS0_applanix_57317_610_loaner_21Oct15LVIS.013,2aa23d331be35e2dc501,21,sphere_rotating,548.54,False,198,1.1926131253718195,"[0.03961280432793393, 0.025724788697783548, 0.38018117692147824]",0.010031349034747214,0.04263403957711026,,
ILVIS0_applanix_57317_610_loaner_21Oct15LVIS.013,2aa23d331be35e2dc501,21,sphere_still,548.54,False,198,43.678466634965325,"[1.5890769738335255, 0.7281576822920867, 0.6425762011928317]",0.09987639577981922,1.5141466208623555e-06,earth_removal,
ILVIS0_applanix_57317_610_loaner_21Oct15LVIS.013,2aa23d331be35e2dc501,21,flat_still,548.54,False,198,16301677.853689283,"[348.79901961498194, 2591.3511985835207, 159.5807681760894]",0.42290102063436363,0.00011136401901257198,velocity_y;gyro_bias_x;earth_removal,
ILVIS0_applanix_57320_510_LVISGH.013,fafe29d18a4b124a2bd5,6,sphere_rotating,448.125,False,198,3.745585099218364,"[0.4309229219325119, 0.13086634809667258, 0.5487586764136979]",0.1603648269827951,1.5332294622805165e-05,earth_removal,
ILVIS0_applanix_57320_510_LVISGH.013,fafe29d18a4b124a2bd5,6,sphere_still,448.125,False,198,14.004257122465493,"[0.8935811850338635, 0.2916882239409179, 0.5363367737202732]",0.02095458149874598,6.490313085139032e-06,earth_removal,
ILVIS0_applanix_57320_510_LVISGH.013,fafe29d18a4b124a2bd5,6,flat_still,448.125,False,198,299.29839929617646,"[0.9271055883845052, 4.826830892626003, 0.6420370379529153]",0.009126267170993817,0.0010975939068598728,,
ILVIS0_applanix_57320_610_DMS_25Oct15DMS.013,ea628c825891d2237361,21,sphere_rotating,567.4300000000001,False,139,3.5102779201521046,"[0.05465526355656047, 0.2071936206123527, 1.109948056778298]",0.024693478345786005,1.6971954452937865e-08,earth_removal,
ILVIS0_applanix_57320_610_DMS_25Oct15DMS.013,ea628c825891d2237361,21,sphere_still,567.4300000000001,False,198,15.327501683820698,"[0.7887235047765816, 0.7310527306055598, 1.1080408747718877]",0.24366145241279924,2.4518937585815692e-06,earth_removal,
ILVIS0_applanix_57320_610_DMS_25Oct15DMS.013,ea628c825891d2237361,21,flat_still,567.4300000000001,False,198,891.3708934128434,"[1.1207966536457605, 7.2842151381054006, 0.7505413866571264]",0.01745961670236179,0.1064784251762314,,
ILVIS0_applanix_57320_610_LVIS_38614965.013,cd8e05202eb41b83eb26,21,sphere_rotating,453.16,False,194,1.5706023256953487,"[0.08856666592369387, 0.06231566366524968, 0.640588567914239]",0.004494604018241733,6.217013189258047e-07,earth_removal,
ILVIS0_applanix_57320_610_LVIS_38614965.013,cd8e05202eb41b83eb26,21,sphere_still,453.16,False,198,4.5983574674277445,"[0.3022568743303478, 0.2834209371564515, 0.6215413871356702]",0.04125430949103466,5.754976807215151e-06,earth_removal,
ILVIS0_applanix_57320_610_LVIS_38614965.013,cd8e05202eb41b83eb26,21,flat_still,453.16,False,198,251.35335405429524,"[0.8402131487486337, 4.43937762295223, 0.7425397702559425]",0.05850427432024841,0.023099106877003228,,
ILVIS0_applanix_57320_610_loaner_25Oct15LVIS.013,65bd45977b48b7d8272a,21,sphere_rotating,556.27,False,198,1.7134428698538866,"[0.05018802140474277, 0.06768137044397526, 0.8633231200553401]",0.036426759449554556,0.003476099723434267,,
ILVIS0_applanix_57320_610_loaner_25Oct15LVIS.013,65bd45977b48b7d8272a,21,sphere_still,556.27,False,198,39.07830337221635,"[0.8913619350066629, 1.2721106844665604, 1.6081869549396939]",0.11691117818338992,2.6512677479939573e-05,earth_removal,
ILVIS0_applanix_57320_610_loaner_25Oct15LVIS.013,65bd45977b48b7d8272a,21,flat_still,556.27,False,198,260.5698164554985,"[0.7247947482548981, 3.0648241202043804, 1.4471773271200403]",0.012597268486332712,0.00010950588593283683,earth_removal,
ILVIS0_applanix_57322_510_LVISGH.013,e5c2db884449f0abf742,6,sphere_rotating,453.315,False,198,5.2331513166772075,"[0.12529021248059427, 0.3203677902229248, 0.9307718975133394]",0.05310720761838775,8.173645523745776e-07,earth_removal,
ILVIS0_applanix_57322_510_LVISGH.013,e5c2db884449f0abf742,6,sphere_still,453.315,False,198,9.68872499826145,"[0.19430573543587332, 0.5712044875085475, 0.9441452481640636]",0.02739167893084021,1.7839109206496673e-06,earth_removal,
ILVIS0_applanix_57322_510_LVISGH.013,e5c2db884449f0abf742,6,flat_still,453.315,False,198,662.3408566142487,"[2.2515596917270195, 6.655900773366982, 1.23792848764962]",0.019961186969804125,0.0017738499957403175,accel_gain_x,
ILVIS0_applanix_57322_610_DMS_27Oct15bDMS.013,e107412e6b64dace9bc0,21,sphere_rotating,560.82,False,198,6.45055231876648,"[0.10371549133942753, 0.08006411053012405, 1.25856627511498]",0.016194904268785882,0.014827312873213039,,
ILVIS0_applanix_57322_610_DMS_27Oct15bDMS.013,e107412e6b64dace9bc0,21,sphere_still,560.82,False,182,6.88526872053804,"[0.08956077498205116, 0.139622435346471, 1.2717252157931194]",0.0016059935990324985,3.093933437225971e-08,earth_removal,
ILVIS0_applanix_57322_610_DMS_27Oct15bDMS.013,e107412e6b64dace9bc0,21,flat_still,560.82,False,198,564.0225407452415,"[1.4902859099481771, 6.201257894900877, 1.16825941807292]",0.1116472315648157,0.010418933441377454,,
ILVIS0_applanix_57322_610_LVIS_38614965.013,b8a39f615741686e805a,21,sphere_rotating,444.78000000000003,False,198,3.5136001668651846,"[0.05245388402938217, 0.06634144352775638, 0.8083497686775639]",0.023005664052001516,8.405333051242359e-07,earth_removal,
ILVIS0_applanix_57322_610_LVIS_38614965.013,b8a39f615741686e805a,21,sphere_still,444.78000000000003,False,191,4.237352110794084,"[0.08962988358406296, 0.21075399156459326, 0.8123466427641922]",0.017267037685477563,2.807041690200407e-07,earth_removal,
ILVIS0_applanix_57322_610_LVIS_38614965.013,b8a39f615741686e805a,21,flat_still,444.78000000000003,False,193,632.9846229690596,"[2.0838072567855948, 6.579071886414263, 1.110882055416212]",0.0059889932858396356,0.009061641219900496,accel_gain_x,
ILVIS0_applanix_57322_610_loaner_27Oct15bLVIS.013,9641dfee9ad7cc1aa89e,21,sphere_rotating,549.775,False,198,3.9437931987188124,"[0.053485887229751845, 0.03965073518234119, 1.2663663250606398]",0.005081625791116648,0.011417751391601116,,
ILVIS0_applanix_57322_610_loaner_27Oct15bLVIS.013,9641dfee9ad7cc1aa89e,21,sphere_still,549.775,False,198,15.231950446737324,"[0.24196779005197067, 0.7622347975006938, 1.4804909141542621]",0.10946066672331188,8.874160484784177e-07,earth_removal,
ILVIS0_applanix_57322_610_loaner_27Oct15bLVIS.013,9641dfee9ad7cc1aa89e,21,flat_still,549.775,False,198,399.991723098216,"[1.0985785813465023, 4.4694035517883925, 1.1598625510819867]",0.00549699186619981,0.05710957846068304,,
ILVIS0_applanix_57324_510_LVISGH.013,7d48cdbc113c308beaa9,6,sphere_rotating,467.71500000000003,False,198,14.348892144717084,"[0.11776765269703786, 0.09845216235441624, 0.9046864974892563]",0.0021463670502572052,0.011622446810968967,,
ILVIS0_applanix_57324_510_LVISGH.013,7d48cdbc113c308beaa9,6,sphere_still,467.71500000000003,False,198,19.62426022817675,"[0.32297136434144874, 0.5396913134072228, 0.8960955204507148]",0.03834590626821144,2.7295783129321904e-06,earth_removal,
ILVIS0_applanix_57324_510_LVISGH.013,7d48cdbc113c308beaa9,6,flat_still,467.71500000000003,False,198,166.8947808721863,"[0.2607053166543251, 1.0234406544819241, 0.6107564016488328]",0.07686003938237593,4.474648144686677e-05,earth_removal,
ILVIS0_applanix_57324_610_DMS_29Oct15DMS.013,f50467521369a9e0579e,21,sphere_rotating,566.6750000000001,False,198,2.5742569501403407,"[0.10422881288111115, 0.05243756850027852, 1.0048063657507773]",0.0012556912610108032,0.04811558821391765,,
ILVIS0_applanix_57324_610_DMS_29Oct15DMS.013,f50467521369a9e0579e,21,sphere_still,566.6750000000001,False,198,13.591951170572944,"[0.4131908075675563, 0.7399878394639781, 1.2940036001177948]",0.020256575044112487,2.1681484447255706e-06,earth_removal,
ILVIS0_applanix_57324_610_DMS_29Oct15DMS.013,f50467521369a9e0579e,21,flat_still,566.6750000000001,False,198,5306.405090282394,"[3.224105792282027, 17.29075855097988, 0.6655191212965884]",0.007119652346625097,1.0602471860188256e-05,accel_gain_x;earth_removal,
ILVIS0_applanix_57324_610_LVIS_38614965.013,2cde8478531840037384,21,sphere_rotating,470.09000000000003,False,175,12.858760631815356,"[0.11541509505079318, 0.04261730972764068, 0.8919552485444862]",0.018545503178566985,1.0360269492304397e-06,earth_removal,
ILVIS0_applanix_57324_610_LVIS_38614965.013,2cde8478531840037384,21,sphere_still,470.09000000000003,False,198,14.454896066673516,"[0.16371750867318818, 0.2227275659898159, 0.93737828891796]",0.023995523879788455,6.976416945358999e-06,earth_removal,
ILVIS0_applanix_57324_610_LVIS_38614965.013,2cde8478531840037384,21,flat_still,470.09000000000003,False,198,170.33137255158317,"[0.284009665329956, 0.9668162208596811, 0.6227223014205889]",0.07727871159526453,0.0004817468085357435,earth_removal,
ILVIS0_applanix_57324_610_loaner_29Oct15LVIS.013,4849e6ea97a36558b5ac,21,sphere_rotating,552.625,False,198,1.6537201233261432,"[0.04528667932755263, 0.03626364943332067, 0.8963685899536491]",0.02173810236636449,0.016528390242144142,,
ILVIS0_applanix_57324_610_loaner_29Oct15LVIS.013,4849e6ea97a36558b5ac,21,sphere_still,552.625,False,198,19.128010341164966,"[0.6332863471264659, 0.8435864287550411, 1.0764505958763548]",0.04523055584133537,4.4081944261531447e-07,earth_removal,
ILVIS0_applanix_57324_610_loaner_29Oct15LVIS.013,4849e6ea97a36558b5ac,21,flat_still,552.625,False,198,1187.313715353908,"[1.4611127548906708, 7.847960438012184, 1.2213186139690422]",0.012060075050246744,0.006865571372485002,,
ILVIS0_57990_B200T_N44U_imu_510i_0539_41265390825_113248.013,b58bab67e02affe467c6,6,sphere_rotating,588.77,False,198,208.07714142505526,"[0.4298610669214768, 0.3868067313414308, 11.506376701014993]",0.004387154589378786,0.03511593716024419,,
ILVIS0_57990_B200T_N44U_imu_510i_0539_41265390825_113248.013,b58bab67e02affe467c6,6,sphere_still,588.77,False,198,1460.9693125737147,"[2.3334643339272465, 3.4749726019925515, 27.201992711443133]",0.027287624282139773,4.4624560307515715e-05,earth_removal,
ILVIS0_57990_B200T_N44U_imu_510i_0539_41265390825_113248.013,b58bab67e02affe467c6,6,flat_still,588.77,False,198,2262.8906884103835,"[3.9258435737011257, 4.89012776448834, 32.884319238285414]",0.04363626817795147,2.2341790637481207e-05,earth_removal,
ILVIS0_57994_B200T_N44U_imu_510i_0539_41265390829_103723.013,0fb743634f248a06ed6d,6,sphere_rotating,586.14,False,198,20.006489568742833,"[0.44430097290549314, 0.9749880117664587, 0.23176589153550176]",0.01329158454976701,0.008278994613505841,,
ILVIS0_57994_B200T_N44U_imu_510i_0539_41265390829_103723.013,0fb743634f248a06ed6d,6,sphere_still,586.14,False,198,28.26694507333399,"[0.5065221419270787, 1.1099377375887816, 0.2414860575596319]",0.07969672202190166,4.871353518232091e-06,earth_removal,
ILVIS0_57994_B200T_N44U_imu_510i_0539_41265390829_103723.013,0fb743634f248a06ed6d,6,flat_still,586.14,False,198,24.152428895606963,"[0.5032601873961705, 1.060224018347143, 0.2192432405324267]",0.13085676011145897,0.004088020437020057,,
ILVIS0_57994_B200T_N44U_imu_510i_pc_card_4126539.013,4a752a0d69a9ffcf26f6,6,sphere_rotating,586.085,False,198,1.5300750873179656,"[0.22748286390946906, 0.15339948986971624, 0.36443339618439397]",0.08072816276793703,1.3020152869747115e-06,earth_removal,
ILVIS0_57994_B200T_N44U_imu_510i_pc_card_4126539.013,4a752a0d69a9ffcf26f6,6,sphere_still,586.085,False,197,1.6927051626932113,"[0.24431744936074243, 0.08660337935509932, 0.305031005748433]",0.021699056484641925,3.0436627584951026e-07,gyro_bias_z;earth_removal,
ILVIS0_57994_B200T_N44U_imu_510i_pc_card_4126539.013,4a752a0d69a9ffcf26f6,6,flat_still,586.085,False,193,2.583316447779754,"[0.276550987719413, 0.15987003847235917, 0.23866759298863707]",0.007293835107044116,7.016352377431367e-07,earth_removal,
ILVIS0_57995_B200T_N44U_imu_510i_0539_41265390830_110907.013,445d05eaf1e26173e4dc,6,sphere_rotating,584.73,False,198,29.012587276782842,"[1.2008726739467737, 0.7118176995259572, 0.4436199537102676]",0.10557674872113608,0.014525513743028906,,
ILVIS0_57995_B200T_N44U_imu_510i_0539_41265390830_110907.013,445d05eaf1e26173e4dc,6,sphere_still,584.73,False,198,54.681905828439035,"[1.497591443102491, 1.1163398993530784, 0.43746611397736557]",0.06817372826516929,6.8016933996162265e-06,earth_removal,
ILVIS0_57995_B200T_N44U_imu_510i_0539_41265390830_110907.013,445d05eaf1e26173e4dc,6,flat_still,584.73,False,198,57.425464780149674,"[1.7969791715465981, 0.5572098988746786, 0.278824785114962]",0.013584728331410304,4.154028117042685e-06,earth_removal,
ILVIS0_57997_B200T_N44U_imu_510i_0539_41265390901_103423.013,1dc217386bf3c9116d3d,6,sphere_rotating,579.08,False,198,7.561495404190974,"[0.17821741315956557, 0.4864359808460972, 0.8683264446766215]",0.018823209419021554,2.8960381056042372e-06,earth_removal,
ILVIS0_57997_B200T_N44U_imu_510i_0539_41265390901_103423.013,1dc217386bf3c9116d3d,6,sphere_still,579.08,False,198,21.53215458062291,"[0.3441291232229222, 0.8803006877449108, 0.7657245809744557]",0.04089586018863496,1.439123263446973e-06,earth_removal,
ILVIS0_57997_B200T_N44U_imu_510i_0539_41265390901_103423.013,1dc217386bf3c9116d3d,6,flat_still,579.08,False,198,22.732326196730426,"[0.3602494134253941, 0.964122244798609, 0.4911861106179015]",0.017706906615099917,1.0781707380780325e-06,earth_removal,
ILVIS0_57998_B200T_N44U_imu_510i_0539_41265390902_100713.013,decede3f4beb6112e9f8,6,sphere_rotating,599.995,False,198,12.719329977665474,"[0.3872760882660687, 0.6670757390267005, 0.43007251715559836]",0.009662571982719404,0.004559468470013761,,
ILVIS0_57998_B200T_N44U_imu_510i_0539_41265390902_100713.013,decede3f4beb6112e9f8,6,sphere_still,599.995,False,198,8.698850041392662,"[0.4584264951458757, 0.397383346625676, 0.4231323308021597]",0.03456450640919574,0.22479695167918146,,
ILVIS0_57998_B200T_N44U_imu_510i_0539_41265390902_100713.013,decede3f4beb6112e9f8,6,flat_still,599.995,False,198,10.337736652933971,"[0.558036431839089, 0.3965715250506048, 0.4413476527205739]",0.0023112016939296764,0.1486041640159157,,
ILVIS0_57998_B200T_N44U_imu_610p_4965_610_776349650902_100856.013,06de5ef13d80efbe9b7e,21,sphere_rotating,599.99,False,198,0.05060537002933498,"[0.012691400651532916, 0.05196062712588633, 0.05752683139359166]",0.00016654426471561024,0.13367586368665912,,
ILVIS0_57998_B200T_N44U_imu_610p_4965_610_776349650902_100856.013,06de5ef13d80efbe9b7e,21,sphere_still,599.99,False,182,0.10714290696222176,"[0.014292405341389354, 0.07680268162618076, 0.06874625833829862]",0.006564244176350633,1.575583452706475e-06,earth_removal,
ILVIS0_57998_B200T_N44U_imu_610p_4965_610_776349650902_100856.013,06de5ef13d80efbe9b7e,21,flat_still,599.99,False,198,0.29075000576024573,"[0.028591961490301385, 0.1364706373211475, 0.07172065793560876]",0.0040278459174087405,2.905719092005654e-07,earth_removal,
ILVIS0_58000_B200T_N44U_imu_510i_0539_41265390904_094008.013,7494ec5589e5a10da69b,6,sphere_rotating,583.71,False,198,6.70599156954751,"[0.4665567265005522, 0.2872002517524508, 0.14172016363899811]",0.08443955601139207,0.040338145248788704,,
ILVIS0_58000_B200T_N44U_imu_510i_0539_41265390904_094008.013,7494ec5589e5a10da69b,6,sphere_still,583.71,False,198,11.110504486939389,"[0.5038705854784861, 0.43458152904379505, 0.1097887716997497]",0.08871773059042107,1.288356451056849e-05,earth_removal,
ILVIS0_58000_B200T_N44U_imu_510i_0539_41265390904_094008.013,7494ec5589e5a10da69b,6,flat_still,583.71,False,198,59.24079327561358,"[1.051555920829386, 1.1619638741307112, 0.302510693720263]",0.07478145647130562,9.255218306580826e-06,earth_removal,
ILVIS0_58001_B200T_N44U_imu_510i_0539_41265390905_100312.013,fdaf42fa255797a1ea6b,6,sphere_rotating,571.6850000000001,False,197,3.8781020608709764,"[0.22315359391972472, 0.20402867761243693, 0.4506708427832414]",0.004494203327967425,9.02813154957105e-07,earth_removal,
ILVIS0_58001_B200T_N44U_imu_510i_0539_41265390905_100312.013,fdaf42fa255797a1ea6b,6,sphere_still,571.6850000000001,False,198,5038.064642473795,"[10.368643239244362, 7.942677418369244, 30.487309142513453]",0.00774127552327474,8.328580786143291e-08,gyro_bias_z;gyro_gain_y;accel_gain_y;lever_x;gravity_delta;time_offset;earth_removal,
ILVIS0_58001_B200T_N44U_imu_510i_0539_41265390905_100312.013,fdaf42fa255797a1ea6b,6,flat_still,571.6850000000001,False,198,14430.077963695925,"[18.96255881145591, 20.636525870363638, 27.998693641139194]",0.2087685349829939,1.1420159613251268e-05,gravity_delta;time_offset;earth_removal,
ILVIS0_58002_B200T_N44U_imu_510i_0539_41265390906_093841.013,7d698c7062b85866cce9,6,sphere_rotating,574.595,False,198,31.776017621887775,"[0.4685148483770016, 0.24933788405684307, 3.930315453497046]",0.11972045458559558,0.024843680915368038,,
ILVIS0_58002_B200T_N44U_imu_510i_0539_41265390906_093841.013,7d698c7062b85866cce9,6,sphere_still,574.595,False,198,187.49774581281747,"[1.6064263482226957, 1.0882779208020346, 4.7910981059266975]",0.05220942740600474,5.145754926738633e-05,earth_removal,
ILVIS0_58002_B200T_N44U_imu_510i_0539_41265390906_093841.013,7d698c7062b85866cce9,6,flat_still,574.595,False,198,747.2459799187782,"[3.2222215557083533, 2.518872072934006, 5.64394478828299]",0.0219583832828638,0.017833968639975828,,
ILVIS0_58005_B200T_N44U_imu_510i_0539_41265390909_090800.013,7642acb6946d0a2585c9,6,sphere_rotating,587.73,False,198,80.44096776158182,"[0.8416252290069043, 2.003375540489485, 0.33469793834295697]",0.0329385316053727,0.13576862968699488,,
ILVIS0_58005_B200T_N44U_imu_510i_0539_41265390909_090800.013,7642acb6946d0a2585c9,6,sphere_still,587.73,False,198,61.01719627941972,"[0.712723514028556, 1.6692622623413735, 0.38471858087563404]",0.003561509217061199,0.019164671797960275,gyro_bias_z,
ILVIS0_58005_B200T_N44U_imu_510i_0539_41265390909_090800.013,7642acb6946d0a2585c9,6,flat_still,587.73,False,198,59.74505863135,"[0.7200517174201913, 1.6329280766998493, 0.3730288898536495]",0.004160794393048664,0.019832587631435306,gyro_bias_z,
ILVIS0_58008_B200T_N44U_imu_510i_0539_41265390912_093556.013,b3eb702e6383e314c1b8,6,sphere_rotating,569.3100000000001,False,198,1.5253197298239674,"[0.09087751148273374, 0.15540990012573108, 0.715132648698076]",0.0052950508614288535,0.03570822981050137,,
ILVIS0_58008_B200T_N44U_imu_510i_0539_41265390912_093556.013,b3eb702e6383e314c1b8,6,sphere_still,569.3100000000001,False,198,1.8306991204501217,"[0.07534901961984301, 0.1681970144898641, 0.7661363429846093]",0.013228451744367912,1.9055446441318402e-06,earth_removal,
ILVIS0_58008_B200T_N44U_imu_510i_0539_41265390912_093556.013,b3eb702e6383e314c1b8,6,flat_still,569.3100000000001,False,182,3.593982903140255,"[0.1673000465738904, 0.11210436943242044, 0.8563835722964225]",0.015018440105419176,9.961786995305033e-08,earth_removal,
ILVIS0_58009_B200T_N44U_imu_510i_0539_41265390913_110821.013,d3b1a8339e1f672b8a99,6,sphere_rotating,579.53,False,198,9.360265812035005,"[0.3970202287899705, 0.3787154661008478, 0.3001766170378959]",0.07267195488419391,0.019722935989209156,,
ILVIS0_58009_B200T_N44U_imu_510i_0539_41265390913_110821.013,d3b1a8339e1f672b8a99,6,sphere_still,579.53,False,198,11.364173753948101,"[0.41048263046368405, 0.42463192113108084, 0.39283386502744155]",0.08460857422682172,0.02153327494654078,,
ILVIS0_58009_B200T_N44U_imu_510i_0539_41265390913_110821.013,d3b1a8339e1f672b8a99,6,flat_still,579.53,False,198,13.437017452285962,"[0.3719352908871409, 0.4709800895608705, 0.46380732692962195]",0.09469270862365643,0.004394488555120313,,
ILVIS0_58014_B200T_N44U_imu_510i_0539_41265390918_094015.013,2c65ac547240550ad838,6,sphere_rotating,574.38,False,180,19.29652709314636,"[0.36449673575609975, 0.4426503928403739, 0.6941011055251101]",0.0020538703915239697,2.9614545593581454e-07,earth_removal,
ILVIS0_58014_B200T_N44U_imu_510i_0539_41265390918_094015.013,2c65ac547240550ad838,6,sphere_still,574.38,False,198,997.7898356433235,"[6.133329365720201, 2.7213624183479586, 2.773520212501552]",0.05227035705499376,2.8554942729797084e-06,earth_removal,
ILVIS0_58014_B200T_N44U_imu_510i_0539_41265390918_094015.013,2c65ac547240550ad838,6,flat_still,574.38,False,198,1061.1056226767569,"[5.710470346159401, 2.771201466083388, 4.2177295610517955]",0.023695300247119622,5.26973736869607e-08,gyro_gain_y;gravity_delta;earth_removal,
ILVIS0_58015_B200T_N44U_imu_510i_0539_41265390919_095816.013,04a47a69102568ffe42f,6,sphere_rotating,599.995,False,198,9.420270600916993,"[0.187806207762678, 0.08667833934528373, 0.13138320519651858]",0.0034745662316487155,0.385278732377936,,
ILVIS0_58015_B200T_N44U_imu_510i_0539_41265390919_095816.013,04a47a69102568ffe42f,6,sphere_still,599.995,False,198,9.239998954663086,"[0.19375524629737215, 0.06428644921355367, 0.1349033614627657]",0.007587508411301713,0.2768371442003609,,
ILVIS0_58015_B200T_N44U_imu_510i_0539_41265390919_095816.013,04a47a69102568ffe42f,6,flat_still,599.995,False,198,9.242404619648356,"[0.19601144869291487, 0.06278546357938766, 0.13500463586010444]",0.01135631556477049,0.2741640406288791,,
ILVIS0_58015_B200T_N44U_imu_610p_4965_610_776349650919_095921.013,9af866a9addfc2e419b7,21,sphere_rotating,599.99,False,198,407.31341249595704,"[1.7136772540012157, 4.078132677225366, 0.9188335936839729]",0.15115525543622677,0.07397010288520417,,
ILVIS0_58015_B200T_N44U_imu_610p_4965_610_776349650919_095921.013,9af866a9addfc2e419b7,21,sphere_still,599.99,False,198,2375.5621056565433,"[10.552425365189002, 8.605041745018902, 5.741237467906259]",0.11386682432616739,6.89974488575773e-05,earth_removal,
ILVIS0_58015_B200T_N44U_imu_610p_4965_610_776349650919_095921.013,9af866a9addfc2e419b7,21,flat_still,599.99,False,198,2359.657065400315,"[10.218789399854659, 8.62766928087445, 2.016171790419026]",0.18258729978476082,4.9326637353852565e-05,earth_removal,
