task,duration_s,motion,assumption,normalized_central_step,parameter,data_resolution_fraction,reference_sigma_physical,reference_sigma_to_bound,unit,modes_above_unit_information,proxy_subtracted_modes,proxy_added_modes,maximum_resolution_operator_change,artificial_reference_penalty,covariance_calibrated,empirical_earth_fit_attempts
information_2_steady_orientation_formal_only,2.0,steady_orientation,formal_only,0.0005,accel_bias_x,0.9288865585450725,0.013333551801276329,0.26667103602552655,m/s2,4,4,4,0.0001677703187136005,True,False,0
information_2_steady_orientation_formal_only,2.0,steady_orientation,formal_only,0.0005,accel_gain_x,0.009799123995451773,0.009950883759770025,0.9950883759770025,fraction,4,4,4,0.0001677703187136005,True,False,0
information_2_steady_orientation_formal_only,2.0,steady_orientation,formal_only,0.0005,attitude_y,0.9868277038421889,0.001147706241065707,0.1147706241065707,rad,4,4,4,0.0001677703187136005,True,False,0
information_2_steady_orientation_formal_only,2.0,steady_orientation,formal_only,0.0005,gyro_bias_y,9.17551344399893e-06,9.999954122327546e-06,0.9999954122327545,rad/s,4,4,4,0.0001677703187136005,True,False,0
information_2_steady_orientation_formal_only,2.0,steady_orientation,formal_only,0.0005,gyro_gain_y,2.5240250565713905e-38,0.01,1.0,fraction,4,4,4,0.0001677703187136005,True,False,0
information_2_steady_orientation_formal_only,2.0,steady_orientation,formal_only,0.0005,position_x,0.11742778874784383,4.697265723940248,0.9394531447880495,m,4,4,4,0.0001677703187136005,True,False,0
information_2_steady_orientation_formal_only,2.0,steady_orientation,formal_only,0.0005,time_offset,0.9137930914202125,0.023488810419232415,0.29361013024040516,s,4,4,4,0.0001677703187136005,True,False,0
information_2_steady_orientation_formal_only,2.0,steady_orientation,formal_only,0.0005,velocity_x,0.9991375221350008,0.01468398672874451,0.02936797345748902,m/s,4,4,4,0.0001677703187136005,True,False,0
information_2_steady_orientation_formal_only,2.0,steady_orientation,formal_only,0.001,accel_bias_x,0.928884599166091,0.013333735488780842,0.2666747097756168,m/s2,4,4,4,0.0001677703187136005,True,False,0
information_2_steady_orientation_formal_only,2.0,steady_orientation,formal_only,0.001,accel_gain_x,0.009735765363046607,0.00995120211148861,0.9951202111488608,fraction,4,4,4,0.0001677703187136005,True,False,0
information_2_steady_orientation_formal_only,2.0,steady_orientation,formal_only,0.001,attitude_y,0.9868277079878076,0.0011477060604611644,0.11477060604611643,rad,4,4,4,0.0001677703187136005,True,False,0
information_2_steady_orientation_formal_only,2.0,steady_orientation,formal_only,0.001,gyro_bias_y,7.909883711002435e-06,9.999960450503238e-06,0.9999960450503237,rad/s,4,4,4,0.0001677703187136005,True,False,0
information_2_steady_orientation_formal_only,2.0,steady_orientation,formal_only,0.001,gyro_gain_y,5.977713225241491e-39,0.009999999999999998,0.9999999999999999,fraction,4,4,4,0.0001677703187136005,True,False,0
information_2_steady_orientation_formal_only,2.0,steady_orientation,formal_only,0.001,position_x,0.11737050609502551,4.697418157629184,0.9394836315258369,m,4,4,4,0.0001677703187136005,True,False,0
information_2_steady_orientation_formal_only,2.0,steady_orientation,formal_only,0.001,time_offset,0.9137875172178126,0.0234895698088747,0.2936196226109338,s,4,4,4,0.0001677703187136005,True,False,0
information_2_steady_orientation_formal_only,2.0,steady_orientation,formal_only,0.001,velocity_x,0.9991374592416667,0.014684522109458985,0.02936904421891797,m/s,4,4,4,0.0001677703187136005,True,False,0
information_2_steady_orientation_formal_only,2.0,steady_orientation,formal_only,0.002,accel_bias_x,0.9288872962303184,0.013333482644238252,0.266669652884765,m/s2,4,4,4,0.0001677703187136005,True,False,0
information_2_steady_orientation_formal_only,2.0,steady_orientation,formal_only,0.002,accel_gain_x,0.009731391642932252,0.009951224087302365,0.9951224087302365,fraction,4,4,4,0.0001677703187136005,True,False,0
information_2_steady_orientation_formal_only,2.0,steady_orientation,formal_only,0.002,attitude_y,0.9868276788134145,0.0011477073314475983,0.11477073314475983,rad,4,4,4,0.0001677703187136005,True,False,0
information_2_steady_orientation_formal_only,2.0,steady_orientation,formal_only,0.002,gyro_bias_y,9.657840795149132e-06,9.999951710679428e-06,0.9999951710679428,rad/s,4,4,4,0.0001677703187136005,True,False,0
information_2_steady_orientation_formal_only,2.0,steady_orientation,formal_only,0.002,gyro_gain_y,3.1771179550280167e-38,0.009999999999999998,0.9999999999999999,fraction,4,4,4,0.0001677703187136005,True,False,0
information_2_steady_orientation_formal_only,2.0,steady_orientation,formal_only,0.002,position_x,0.11736198897953992,4.697440821927563,0.9394881643855126,m,4,4,4,0.0001677703187136005,True,False,0
information_2_steady_orientation_formal_only,2.0,steady_orientation,formal_only,0.002,time_offset,0.9137866762060062,0.023489684380203175,0.2936210547525397,s,4,4,4,0.0001677703187136005,True,False,0
information_2_steady_orientation_formal_only,2.0,steady_orientation,formal_only,0.002,velocity_x,0.999137486581246,0.014684289383166215,0.02936857876633243,m/s,4,4,4,0.0001677703187136005,True,False,0
information_2_steady_orientation_formal_only,2.0,steady_orientation,formal_only,0.004,accel_bias_x,0.9288850106265918,0.013333696915466545,0.2666739383093309,m/s2,4,4,4,0.0001677703187136005,True,False,0
information_2_steady_orientation_formal_only,2.0,steady_orientation,formal_only,0.004,accel_gain_x,0.009734543467690874,0.009951208250922645,0.9951208250922644,fraction,4,4,4,0.0001677703187136005,True,False,0
information_2_steady_orientation_formal_only,2.0,steady_orientation,formal_only,0.004,attitude_y,0.9868276956224021,0.0011477065991619374,0.11477065991619373,rad,4,4,4,0.0001677703187136005,True,False,0
information_2_steady_orientation_formal_only,2.0,steady_orientation,formal_only,0.004,gyro_bias_y,9.76770573118001e-06,9.999951161352092e-06,0.9999951161352091,rad/s,4,4,4,0.0001677703187136005,True,False,0
information_2_steady_orientation_formal_only,2.0,steady_orientation,formal_only,0.004,gyro_gain_y,8.213360193186688e-37,0.009999999999999998,0.9999999999999999,fraction,4,4,4,0.0001677703187136005,True,False,0
information_2_steady_orientation_formal_only,2.0,steady_orientation,formal_only,0.004,position_x,0.11736350181441935,4.697436796236808,0.9394873592473615,m,4,4,4,0.0001677703187136005,True,False,0
information_2_steady_orientation_formal_only,2.0,steady_orientation,formal_only,0.004,time_offset,0.9137868220870722,0.02348966450681525,0.2936208063351906,s,4,4,4,0.0001677703187136005,True,False,0
information_2_steady_orientation_formal_only,2.0,steady_orientation,formal_only,0.004,velocity_x,0.9991374741546032,0.014684395164565127,0.029368790329130253,m/s,4,4,4,0.0001677703187136005,True,False,0
information_2_steady_orientation_h1_v3_tau60,2.0,steady_orientation,h1_v3_tau60,0.0005,accel_bias_x,0.02015189238665867,0.04949363867239255,0.989872773447851,m/s2,1,1,1,3.0771749129306376e-06,True,False,0
information_2_steady_orientation_h1_v3_tau60,2.0,steady_orientation,h1_v3_tau60,0.0005,accel_gain_x,0.0001308535475251273,0.009999345710857662,0.9999345710857662,fraction,1,1,1,3.0771749129306376e-06,True,False,0
information_2_steady_orientation_h1_v3_tau60,2.0,steady_orientation,h1_v3_tau60,0.0005,attitude_y,0.07805776808768,0.009601782292430507,0.9601782292430506,rad,1,1,1,3.0771749129306376e-06,True,False,0
information_2_steady_orientation_h1_v3_tau60,2.0,steady_orientation,h1_v3_tau60,0.0005,gyro_bias_y,7.509035842085996e-08,9.999999624548203e-06,0.9999999624548203,rad/s,1,1,1,3.0771749129306376e-06,True,False,0
information_2_steady_orientation_h1_v3_tau60,2.0,steady_orientation,h1_v3_tau60,0.0005,gyro_gain_y,1.2516585566477615e-44,0.01,1.0,fraction,1,1,1,3.0771749129306376e-06,True,False,0
information_2_steady_orientation_h1_v3_tau60,2.0,steady_orientation,h1_v3_tau60,0.0005,position_x,0.08851691766265941,4.773581156577682,0.9547162313155363,m,1,1,1,3.0771749129306376e-06,True,False,0
information_2_steady_orientation_h1_v3_tau60,2.0,steady_orientation,h1_v3_tau60,0.0005,time_offset,0.904671075027436,0.024700306067423745,0.3087538258427968,s,1,1,1,3.0771749129306376e-06,True,False,0
information_2_steady_orientation_h1_v3_tau60,2.0,steady_orientation,h1_v3_tau60,0.0005,velocity_x,0.342998936547712,0.4052780105841815,0.810556021168363,m/s,1,1,1,3.0771749129306376e-06,True,False,0
information_2_steady_orientation_h1_v3_tau60,2.0,steady_orientation,h1_v3_tau60,0.001,accel_bias_x,0.020152269594554895,0.049493629145715416,0.9898725829143082,m/s2,1,1,1,3.0771749129306376e-06,True,False,0
information_2_steady_orientation_h1_v3_tau60,2.0,steady_orientation,h1_v3_tau60,0.001,accel_gain_x,0.00013087988387341554,0.009999345579167302,0.9999345579167301,fraction,1,1,1,3.0771749129306376e-06,True,False,0
information_2_steady_orientation_h1_v3_tau60,2.0,steady_orientation,h1_v3_tau60,0.001,attitude_y,0.07805849673012707,0.00960177849812144,0.960177849812144,rad,1,1,1,3.0771749129306376e-06,True,False,0
information_2_steady_orientation_h1_v3_tau60,2.0,steady_orientation,h1_v3_tau60,0.001,gyro_bias_y,7.570997874756275e-08,9.9999996214501e-06,0.99999996214501,rad/s,1,1,1,3.0771749129306376e-06,True,False,0
information_2_steady_orientation_h1_v3_tau60,2.0,steady_orientation,h1_v3_tau60,0.001,gyro_gain_y,1.2056462468803362e-44,0.01,1.0,fraction,1,1,1,3.0771749129306376e-06,True,False,0
information_2_steady_orientation_h1_v3_tau60,2.0,steady_orientation,h1_v3_tau60,0.001,position_x,0.08851690510527897,4.773581189460176,0.9547162378920351,m,1,1,1,3.0771749129306376e-06,True,False,0
information_2_steady_orientation_h1_v3_tau60,2.0,steady_orientation,h1_v3_tau60,0.001,time_offset,0.904671094350265,0.024700303564092186,0.3087537945511523,s,1,1,1,3.0771749129306376e-06,True,False,0
information_2_steady_orientation_h1_v3_tau60,2.0,steady_orientation,h1_v3_tau60,0.001,velocity_x,0.3429988761842579,0.4052780292020963,0.8105560584041926,m/s,1,1,1,3.0771749129306376e-06,True,False,0
information_2_steady_orientation_h1_v3_tau60,2.0,steady_orientation,h1_v3_tau60,0.002,accel_bias_x,0.020152801534267642,0.04949361571116351,0.98987231422327,m/s2,1,1,1,3.0771749129306376e-06,True,False,0
information_2_steady_orientation_h1_v3_tau60,2.0,steady_orientation,h1_v3_tau60,0.002,accel_gain_x,0.00013089501993111027,0.009999345503482061,0.9999345503482061,fraction,1,1,1,3.0771749129306376e-06,True,False,0
information_2_steady_orientation_h1_v3_tau60,2.0,steady_orientation,h1_v3_tau60,0.002,attitude_y,0.07805739278501668,0.009601784246768842,0.9601784246768842,rad,1,1,1,3.0771749129306376e-06,True,False,0
information_2_steady_orientation_h1_v3_tau60,2.0,steady_orientation,h1_v3_tau60,0.002,gyro_bias_y,7.596912196248123e-08,9.999999620154386e-06,0.9999999620154385,rad/s,1,1,1,3.0771749129306376e-06,True,False,0
information_2_steady_orientation_h1_v3_tau60,2.0,steady_orientation,h1_v3_tau60,0.002,gyro_gain_y,4.1540898365890955e-44,0.01,1.0,fraction,1,1,1,3.0771749129306376e-06,True,False,0
information_2_steady_orientation_h1_v3_tau60,2.0,steady_orientation,h1_v3_tau60,0.002,position_x,0.08851690311061125,4.773581194683371,0.9547162389366742,m,1,1,1,3.0771749129306376e-06,True,False,0
information_2_steady_orientation_h1_v3_tau60,2.0,steady_orientation,h1_v3_tau60,0.002,time_offset,0.9046710810239297,0.024700305290559627,0.3087538161319953,s,1,1,1,3.0771749129306376e-06,True,False,0
information_2_steady_orientation_h1_v3_tau60,2.0,steady_orientation,h1_v3_tau60,0.002,velocity_x,0.3429990805903636,0.40527796615706707,0.8105559323141341,m/s,1,1,1,3.0771749129306376e-06,True,False,0
information_2_steady_orientation_h1_v3_tau60,2.0,steady_orientation,h1_v3_tau60,0.004,accel_bias_x,0.020152564508402564,0.04949362169743686,0.9898724339487371,m/s2,1,1,1,3.0771749129306376e-06,True,False,0
information_2_steady_orientation_h1_v3_tau60,2.0,steady_orientation,h1_v3_tau60,0.004,accel_gain_x,0.0001309062172488525,0.009999345447491807,0.9999345447491806,fraction,1,1,1,3.0771749129306376e-06,True,False,0
information_2_steady_orientation_h1_v3_tau60,2.0,steady_orientation,h1_v3_tau60,0.004,attitude_y,0.07805811691228152,0.00960178047597277,0.960178047597277,rad,1,1,1,3.0771749129306376e-06,True,False,0
information_2_steady_orientation_h1_v3_tau60,2.0,steady_orientation,h1_v3_tau60,0.004,gyro_bias_y,7.578303400098203e-08,9.999999621084826e-06,0.9999999621084826,rad/s,1,1,1,3.0771749129306376e-06,True,False,0
information_2_steady_orientation_h1_v3_tau60,2.0,steady_orientation,h1_v3_tau60,0.004,gyro_gain_y,4.2352757150048555e-44,0.01,1.0,fraction,1,1,1,3.0771749129306376e-06,True,False,0
information_2_steady_orientation_h1_v3_tau60,2.0,steady_orientation,h1_v3_tau60,0.004,position_x,0.08851691060945881,4.773581175047047,0.9547162350094095,m,1,1,1,3.0771749129306376e-06,True,False,0
information_2_steady_orientation_h1_v3_tau60,2.0,steady_orientation,h1_v3_tau60,0.004,time_offset,0.9046710809286346,0.02470030530290549,0.30875381628631865,s,1,1,1,3.0771749129306376e-06,True,False,0
information_2_steady_orientation_h1_v3_tau60,2.0,steady_orientation,h1_v3_tau60,0.004,velocity_x,0.3429991713855763,0.40527793815307284,0.8105558763061457,m/s,1,1,1,3.0771749129306376e-06,True,False,0
information_2_steady_orientation_h10_v30_tau300,2.0,steady_orientation,h10_v30_tau300,0.0005,accel_bias_x,0.0009860817717063527,0.04997534187547631,0.9995068375095261,m/s2,1,1,1,1.7537847007509652e-07,True,False,0
information_2_steady_orientation_h10_v30_tau300,2.0,steady_orientation,h10_v30_tau300,0.0005,accel_gain_x,6.180413995088208e-06,0.00999996909788228,0.999996909788228,fraction,1,1,1,1.7537847007509652e-07,True,False,0
information_2_steady_orientation_h10_v30_tau300,2.0,steady_orientation,h10_v30_tau300,0.0005,attitude_y,0.0038195300010807486,0.009980884079072952,0.9980884079072951,rad,1,1,1,1.7537847007509652e-07,True,False,0
information_2_steady_orientation_h10_v30_tau300,2.0,steady_orientation,h10_v30_tau300,0.0005,gyro_bias_y,3.9297622495384735e-09,9.99999998035119e-06,0.9999999980351189,rad/s,1,1,1,1.7537847007509652e-07,True,False,0
information_2_steady_orientation_h10_v30_tau300,2.0,steady_orientation,h10_v30_tau300,0.0005,gyro_gain_y,9.412143652060172e-46,0.009999999999999998,0.9999999999999999,fraction,1,1,1,1.7537847007509652e-07,True,False,0
information_2_steady_orientation_h10_v30_tau300,2.0,steady_orientation,h10_v30_tau300,0.0005,position_x,0.05193659848117029,4.86842736804923,0.9736854736098459,m,1,1,1,1.7537847007509652e-07,True,False,0
information_2_steady_orientation_h10_v30_tau300,2.0,steady_orientation,h10_v30_tau300,0.0005,time_offset,0.5325926961300225,0.05469375416597273,0.6836719270746592,s,1,1,1,1.7537847007509652e-07,True,False,0
information_2_steady_orientation_h10_v30_tau300,2.0,steady_orientation,h10_v30_tau300,0.0005,velocity_x,0.005577611363088357,0.49860364735852863,0.9972072947170573,m/s,1,1,1,1.7537847007509652e-07,True,False,0
information_2_steady_orientation_h10_v30_tau300,2.0,steady_orientation,h10_v30_tau300,0.001,accel_bias_x,0.0009861064144617362,0.049975341259103453,0.999506825182069,m/s2,1,1,1,1.7537847007509652e-07,True,False,0
information_2_steady_orientation_h10_v30_tau300,2.0,steady_orientation,h10_v30_tau300,0.001,accel_gain_x,6.181836848708447e-06,0.009999969090767988,0.9999969090767988,fraction,1,1,1,1.7537847007509652e-07,True,False,0
information_2_steady_orientation_h10_v30_tau300,2.0,steady_orientation,h10_v30_tau300,0.001,attitude_y,0.003819578426293665,0.009980883836483156,0.9980883836483156,rad,1,1,1,1.7537847007509652e-07,True,False,0
information_2_steady_orientation_h10_v30_tau300,2.0,steady_orientation,h10_v30_tau300,0.001,gyro_bias_y,3.968815842040089e-09,9.999999980155923e-06,0.9999999980155921,rad/s,1,1,1,1.7537847007509652e-07,True,False,0
information_2_steady_orientation_h10_v30_tau300,2.0,steady_orientation,h10_v30_tau300,0.001,gyro_gain_y,2.4649044622297803e-46,0.01,1.0,fraction,1,1,1,1.7537847007509652e-07,True,False,0
information_2_steady_orientation_h10_v30_tau300,2.0,steady_orientation,h10_v30_tau300,0.001,position_x,0.051936585876828034,4.8684274004116865,0.9736854800823374,m,1,1,1,1.7537847007509652e-07,True,False,0
information_2_steady_orientation_h10_v30_tau300,2.0,steady_orientation,h10_v30_tau300,0.001,time_offset,0.5325926938963701,0.05469375429665834,0.6836719287082292,s,1,1,1,1.7537847007509652e-07,True,False,0
information_2_steady_orientation_h10_v30_tau300,2.0,steady_orientation,h10_v30_tau300,0.001,velocity_x,0.005577606217180254,0.4986036486486085,0.997207297297217,m/s,1,1,1,1.7537847007509652e-07,True,False,0
information_2_steady_orientation_h10_v30_tau300,2.0,steady_orientation,h10_v30_tau300,0.002,accel_bias_x,0.0009861328238842033,0.04997534059854209,0.9995068119708418,m/s2,1,1,1,1.7537847007509652e-07,True,False,0
information_2_steady_orientation_h10_v30_tau300,2.0,steady_orientation,h10_v30_tau300,0.002,accel_gain_x,6.182768883756771e-06,0.009999969086107799,0.9999969086107799,fraction,1,1,1,1.7537847007509652e-07,True,False,0
information_2_steady_orientation_h10_v30_tau300,2.0,steady_orientation,h10_v30_tau300,0.002,attitude_y,0.0038195026413003256,0.00998088421613386,0.998088421613386,rad,1,1,1,1.7537847007509652e-07,True,False,0
information_2_steady_orientation_h10_v30_tau300,2.0,steady_orientation,h10_v30_tau300,0.002,gyro_bias_y,3.984005381036273e-09,9.999999980079978e-06,0.9999999980079977,rad/s,1,1,1,1.7537847007509652e-07,True,False,0
information_2_steady_orientation_h10_v30_tau300,2.0,steady_orientation,h10_v30_tau300,0.002,gyro_gain_y,2.9648573233085924e-46,0.01,1.0,fraction,1,1,1,1.7537847007509652e-07,True,False,0
information_2_steady_orientation_h10_v30_tau300,2.0,steady_orientation,h10_v30_tau300,0.002,position_x,0.05193659258577147,4.868427383186045,0.973685476637209,m,1,1,1,1.7537847007509652e-07,True,False,0
information_2_steady_orientation_h10_v30_tau300,2.0,steady_orientation,h10_v30_tau300,0.002,time_offset,0.5325926878969149,0.05469375464767203,0.6836719330959004,s,1,1,1,1.7537847007509652e-07,True,False,0
information_2_steady_orientation_h10_v30_tau300,2.0,steady_orientation,h10_v30_tau300,0.002,velocity_x,0.005577608839337174,0.4986036479912334,0.9972072959824668,m/s,1,1,1,1.7537847007509652e-07,True,False,0
information_2_steady_orientation_h10_v30_tau300,2.0,steady_orientation,h10_v30_tau300,0.004,accel_bias_x,0.0009861196494879696,0.04997534092806452,0.9995068185612903,m/s2,1,1,1,1.7537847007509652e-07,True,False,0
information_2_steady_orientation_h10_v30_tau300,2.0,steady_orientation,h10_v30_tau300,0.004,accel_gain_x,6.183331462072882e-06,0.009999969083294898,0.9999969083294898,fraction,1,1,1,1.7537847007509652e-07,True,False,0
information_2_steady_orientation_h10_v30_tau300,2.0,steady_orientation,h10_v30_tau300,0.004,attitude_y,0.003819541691876322,0.009980884020507022,0.9980884020507022,rad,1,1,1,1.7537847007509652e-07,True,False,0
information_2_steady_orientation_h10_v30_tau300,2.0,steady_orientation,h10_v30_tau300,0.004,gyro_bias_y,3.972415400868794e-09,9.999999980137924e-06,0.9999999980137924,rad/s,1,1,1,1.7537847007509652e-07,True,False,0
information_2_steady_orientation_h10_v30_tau300,2.0,steady_orientation,h10_v30_tau300,0.004,gyro_gain_y,2.852711438186343e-46,0.009999999999999998,0.9999999999999999,fraction,1,1,1,1.7537847007509652e-07,True,False,0
information_2_steady_orientation_h10_v30_tau300,2.0,steady_orientation,h10_v30_tau300,0.004,position_x,0.0519365930210226,4.868427382068508,0.9736854764137016,m,1,1,1,1.7537847007509652e-07,True,False,0
information_2_steady_orientation_h10_v30_tau300,2.0,steady_orientation,h10_v30_tau300,0.004,time_offset,0.5325926861825198,0.05469375474797716,0.6836719343497144,s,1,1,1,1.7537847007509652e-07,True,False,0
information_2_steady_orientation_h10_v30_tau300,2.0,steady_orientation,h10_v30_tau300,0.004,velocity_x,0.005577610061398898,0.49860364768486226,0.9972072953697245,m/s,1,1,1,1.7537847007509652e-07,True,False,0
information_2_brief_pitch_formal_only,2.0,brief_pitch,formal_only,0.0005,accel_bias_x,0.9296523903091826,0.013261561907522174,0.26523123815044347,m/s2,4,4,4,0.000139309196601647,True,False,0
information_2_brief_pitch_formal_only,2.0,brief_pitch,formal_only,0.0005,accel_gain_x,0.01004113510105354,0.009949667657258441,0.9949667657258441,fraction,4,4,4,0.000139309196601647,True,False,0
information_2_brief_pitch_formal_only,2.0,brief_pitch,formal_only,0.0005,attitude_y,0.9870286119250643,0.001138920018040585,0.11389200180405849,rad,4,4,4,0.000139309196601647,True,False,0
information_2_brief_pitch_formal_only,2.0,brief_pitch,formal_only,0.0005,gyro_bias_y,1.2103777134532825e-05,9.999939480931198e-06,0.9999939480931198,rad/s,4,4,4,0.000139309196601647,True,False,0
information_2_brief_pitch_formal_only,2.0,brief_pitch,formal_only,0.0005,gyro_gain_y,2.0255955695120946e-06,0.009999989872017025,0.9999989872017025,fraction,4,4,4,0.000139309196601647,True,False,0
information_2_brief_pitch_formal_only,2.0,brief_pitch,formal_only,0.0005,position_x,0.11730597981869888,4.697589861251463,0.9395179722502925,m,4,4,4,0.000139309196601647,True,False,0
information_2_brief_pitch_formal_only,2.0,brief_pitch,formal_only,0.0005,time_offset,0.9137811899713505,0.02349043175812994,0.29363039697662424,s,4,4,4,0.000139309196601647,True,False,0
information_2_brief_pitch_formal_only,2.0,brief_pitch,formal_only,0.0005,velocity_x,0.9991375578535491,0.014683682665212814,0.029367365330425627,m/s,4,4,4,0.000139309196601647,True,False,0
information_2_brief_pitch_formal_only,2.0,brief_pitch,formal_only,0.001,accel_bias_x,0.9296285463192981,0.013263809188983107,0.2652761837796621,m/s2,4,4,4,0.000139309196601647,True,False,0
information_2_brief_pitch_formal_only,2.0,brief_pitch,formal_only,0.001,accel_gain_x,0.010076160829768484,0.009949491641135398,0.9949491641135397,fraction,4,4,4,0.000139309196601647,True,False,0
information_2_brief_pitch_formal_only,2.0,brief_pitch,formal_only,0.001,attitude_y,0.9870286961011393,0.0011389163226005745,0.11389163226005744,rad,4,4,4,0.000139309196601647,True,False,0
information_2_brief_pitch_formal_only,2.0,brief_pitch,formal_only,0.001,gyro_bias_y,1.0137684364795988e-05,9.999949311449713e-06,0.9999949311449713,rad/s,4,4,4,0.000139309196601647,True,False,0
information_2_brief_pitch_formal_only,2.0,brief_pitch,formal_only,0.001,gyro_gain_y,1.7079112486395022e-06,0.009999991460440111,0.9999991460440111,fraction,4,4,4,0.000139309196601647,True,False,0
information_2_brief_pitch_formal_only,2.0,brief_pitch,formal_only,0.001,position_x,0.11724150109183339,4.697761432076364,0.9395522864152728,m,4,4,4,0.000139309196601647,True,False,0
information_2_brief_pitch_formal_only,2.0,brief_pitch,formal_only,0.001,time_offset,0.9137749089876005,0.02349128737381916,0.2936410921727395,s,4,4,4,0.000139309196601647,True,False,0
information_2_brief_pitch_formal_only,2.0,brief_pitch,formal_only,0.001,velocity_x,0.9991374696510722,0.01468443350054429,0.02936886700108858,m/s,4,4,4,0.000139309196601647,True,False,0
information_2_brief_pitch_formal_only,2.0,brief_pitch,formal_only,0.002,accel_bias_x,0.9296341158020381,0.01326328430272479,0.2652656860544958,m/s2,4,4,4,0.000139309196601647,True,False,0
information_2_brief_pitch_formal_only,2.0,brief_pitch,formal_only,0.002,accel_gain_x,0.010076149768274744,0.009949491696723628,0.9949491696723628,fraction,4,4,4,0.000139309196601647,True,False,0
information_2_brief_pitch_formal_only,2.0,brief_pitch,formal_only,0.002,attitude_y,0.9870287111356514,0.001138915662564524,0.11389156625645239,rad,4,4,4,0.000139309196601647,True,False,0
information_2_brief_pitch_formal_only,2.0,brief_pitch,formal_only,0.002,gyro_bias_y,9.210651684778727e-06,9.999953946635532e-06,0.999995394663553,rad/s,4,4,4,0.000139309196601647,True,False,0
information_2_brief_pitch_formal_only,2.0,brief_pitch,formal_only,0.002,gyro_gain_y,2.373064058237619e-06,0.009999988134672663,0.9999988134672664,fraction,4,4,4,0.000139309196601647,True,False,0
information_2_brief_pitch_formal_only,2.0,brief_pitch,formal_only,0.002,position_x,0.11724234277408592,4.697759192492507,0.9395518384985013,m,4,4,4,0.000139309196601647,True,False,0
information_2_brief_pitch_formal_only,2.0,brief_pitch,formal_only,0.002,time_offset,0.9137749817787347,0.023491277458156646,0.29364096822695807,s,4,4,4,0.000139309196601647,True,False,0
information_2_brief_pitch_formal_only,2.0,brief_pitch,formal_only,0.002,velocity_x,0.9991374845350076,0.01468430680175712,0.02936861360351424,m/s,4,4,4,0.000139309196601647,True,False,0
information_2_brief_pitch_formal_only,2.0,brief_pitch,formal_only,0.004,accel_bias_x,0.9296304323216478,0.013263631448282936,0.26527262896565873,m/s2,4,4,4,0.000139309196601647,True,False,0
information_2_brief_pitch_formal_only,2.0,brief_pitch,formal_only,0.004,accel_gain_x,0.010112962745111606,0.009949306695719497,0.9949306695719498,fraction,4,4,4,0.000139309196601647,True,False,0
information_2_brief_pitch_formal_only,2.0,brief_pitch,formal_only,0.004,attitude_y,0.987028711970784,0.0011389156259010284,0.11389156259010283,rad,4,4,4,0.000139309196601647,True,False,0
information_2_brief_pitch_formal_only,2.0,brief_pitch,formal_only,0.004,gyro_bias_y,9.424787190190028e-06,9.999952875953018e-06,0.9999952875953018,rad/s,4,4,4,0.000139309196601647,True,False,0
information_2_brief_pitch_formal_only,2.0,brief_pitch,formal_only,0.004,gyro_gain_y,2.359982530531695e-06,0.009999988200080386,0.9999988200080385,fraction,4,4,4,0.000139309196601647,True,False,0
information_2_brief_pitch_formal_only,2.0,brief_pitch,formal_only,0.004,position_x,0.11724721913092682,4.697746217254272,0.9395492434508544,m,4,4,4,0.000139309196601647,True,False,0
information_2_brief_pitch_formal_only,2.0,brief_pitch,formal_only,0.004,time_offset,0.9137754551853728,0.023491212970249347,0.29364016212811683,s,4,4,4,0.000139309196601647,True,False,0
information_2_brief_pitch_formal_only,2.0,brief_pitch,formal_only,0.004,velocity_x,0.9991374719445902,0.014684413977145625,0.02936882795429125,m/s,4,4,4,0.000139309196601647,True,False,0
information_2_brief_pitch_h1_v3_tau60,2.0,brief_pitch,h1_v3_tau60,0.0005,accel_bias_x,0.020154691923982306,0.04949356796786876,0.9898713593573751,m/s2,1,1,1,7.407953088330608e-06,True,False,0
information_2_brief_pitch_h1_v3_tau60,2.0,brief_pitch,h1_v3_tau60,0.0005,accel_gain_x,0.00013563186380745814,0.009999321817684401,0.9999321817684401,fraction,1,1,1,7.407953088330608e-06,True,False,0
information_2_brief_pitch_h1_v3_tau60,2.0,brief_pitch,h1_v3_tau60,0.0005,attitude_y,0.07805700253038149,0.009601786278967154,0.9601786278967154,rad,1,1,1,7.407953088330608e-06,True,False,0
information_2_brief_pitch_h1_v3_tau60,2.0,brief_pitch,h1_v3_tau60,0.0005,gyro_bias_y,7.350945012572608e-08,9.999999632452745e-06,0.9999999632452745,rad/s,1,1,1,7.407953088330608e-06,True,False,0
information_2_brief_pitch_h1_v3_tau60,2.0,brief_pitch,h1_v3_tau60,0.0005,gyro_gain_y,4.674021143497664e-08,0.009999999766298942,0.9999999766298941,fraction,1,1,1,7.407953088330608e-06,True,False,0
information_2_brief_pitch_h1_v3_tau60,2.0,brief_pitch,h1_v3_tau60,0.0005,position_x,0.08851691546770955,4.77358116232533,0.9547162324650661,m,1,1,1,7.407953088330608e-06,True,False,0
information_2_brief_pitch_h1_v3_tau60,2.0,brief_pitch,h1_v3_tau60,0.0005,time_offset,0.9046710739487102,0.02470030620717599,0.3087538275896999,s,1,1,1,7.407953088330608e-06,True,False,0
information_2_brief_pitch_h1_v3_tau60,2.0,brief_pitch,h1_v3_tau60,0.0005,velocity_x,0.3429990591632042,0.4052779727658523,0.8105559455317046,m/s,1,1,1,7.407953088330608e-06,True,False,0
information_2_brief_pitch_h1_v3_tau60,2.0,brief_pitch,h1_v3_tau60,0.001,accel_bias_x,0.02015260639648779,0.04949362063952062,0.9898724127904123,m/s2,1,1,1,7.407953088330608e-06,True,False,0
information_2_brief_pitch_h1_v3_tau60,2.0,brief_pitch,h1_v3_tau60,0.001,accel_gain_x,0.00013585338499492574,0.009999320710003281,0.9999320710003281,fraction,1,1,1,7.407953088330608e-06,True,False,0
information_2_brief_pitch_h1_v3_tau60,2.0,brief_pitch,h1_v3_tau60,0.001,attitude_y,0.07805727156422614,0.00960178487800979,0.9601784878009789,rad,1,1,1,7.407953088330608e-06,True,False,0
information_2_brief_pitch_h1_v3_tau60,2.0,brief_pitch,h1_v3_tau60,0.001,gyro_bias_y,7.491092888202521e-08,9.999999625445347e-06,0.9999999625445346,rad/s,1,1,1,7.407953088330608e-06,True,False,0
information_2_brief_pitch_h1_v3_tau60,2.0,brief_pitch,h1_v3_tau60,0.001,gyro_gain_y,4.753068721641912e-08,0.009999999762346555,0.9999999762346554,fraction,1,1,1,7.407953088330608e-06,True,False,0
information_2_brief_pitch_h1_v3_tau60,2.0,brief_pitch,h1_v3_tau60,0.001,position_x,0.08851690486590415,4.773581190086997,0.9547162380173995,m,1,1,1,7.407953088330608e-06,True,False,0
information_2_brief_pitch_h1_v3_tau60,2.0,brief_pitch,h1_v3_tau60,0.001,time_offset,0.9046710942982514,0.02470030357083073,0.3087537946353841,s,1,1,1,7.407953088330608e-06,True,False,0
information_2_brief_pitch_h1_v3_tau60,2.0,brief_pitch,h1_v3_tau60,0.001,velocity_x,0.34299872068780135,0.40527807716190334,0.8105561543238067,m/s,1,1,1,7.407953088330608e-06,True,False,0
information_2_brief_pitch_h1_v3_tau60,2.0,brief_pitch,h1_v3_tau60,0.002,accel_bias_x,0.020152731127990372,0.04949361748932912,0.9898723497865823,m/s2,1,1,1,7.407953088330608e-06,True,False,0
information_2_brief_pitch_h1_v3_tau60,2.0,brief_pitch,h1_v3_tau60,0.002,accel_gain_x,0.00013577533983647602,0.009999321100255577,0.9999321100255576,fraction,1,1,1,7.407953088330608e-06,True,False,0
information_2_brief_pitch_h1_v3_tau60,2.0,brief_pitch,h1_v3_tau60,0.002,attitude_y,0.0780583967365324,0.009601779018824936,0.9601779018824935,rad,1,1,1,7.407953088330608e-06,True,False,0
information_2_brief_pitch_h1_v3_tau60,2.0,brief_pitch,h1_v3_tau60,0.002,gyro_bias_y,7.471860320385575e-08,9.999999626406978e-06,0.9999999626406978,rad/s,1,1,1,7.407953088330608e-06,True,False,0
information_2_brief_pitch_h1_v3_tau60,2.0,brief_pitch,h1_v3_tau60,0.002,gyro_gain_y,4.8425242692794775e-08,0.009999999757873785,0.9999999757873784,fraction,1,1,1,7.407953088330608e-06,True,False,0
information_2_brief_pitch_h1_v3_tau60,2.0,brief_pitch,h1_v3_tau60,0.002,position_x,0.08851689741315501,4.77358120960261,0.954716241920522,m,1,1,1,7.407953088330608e-06,True,False,0
information_2_brief_pitch_h1_v3_tau60,2.0,brief_pitch,h1_v3_tau60,0.002,time_offset,0.9046710802524891,0.024700305390502022,0.3087538173812753,s,1,1,1,7.407953088330608e-06,True,False,0
information_2_brief_pitch_h1_v3_tau60,2.0,brief_pitch,h1_v3_tau60,0.002,velocity_x,0.34299917445614037,0.4052779372060177,0.8105558744120354,m/s,1,1,1,7.407953088330608e-06,True,False,0
information_2_brief_pitch_h1_v3_tau60,2.0,brief_pitch,h1_v3_tau60,0.004,accel_bias_x,0.020152372793315134,0.04949362653935063,0.9898725307870125,m/s2,1,1,1,7.407953088330608e-06,True,False,0
information_2_brief_pitch_h1_v3_tau60,2.0,brief_pitch,h1_v3_tau60,0.004,accel_gain_x,0.0001358061265205629,0.0099993209463117,0.99993209463117,fraction,1,1,1,7.407953088330608e-06,True,False,0
information_2_brief_pitch_h1_v3_tau60,2.0,brief_pitch,h1_v3_tau60,0.004,attitude_y,0.0780577490375121,0.00960178239163171,0.9601782391631709,rad,1,1,1,7.407953088330608e-06,True,False,0
information_2_brief_pitch_h1_v3_tau60,2.0,brief_pitch,h1_v3_tau60,0.004,gyro_bias_y,7.432180418768123e-08,9.99999962839097e-06,0.999999962839097,rad/s,1,1,1,7.407953088330608e-06,True,False,0
information_2_brief_pitch_h1_v3_tau60,2.0,brief_pitch,h1_v3_tau60,0.004,gyro_gain_y,4.8030448403335845e-08,0.009999999759847755,0.9999999759847755,fraction,1,1,1,7.407953088330608e-06,True,False,0
information_2_brief_pitch_h1_v3_tau60,2.0,brief_pitch,h1_v3_tau60,0.004,position_x,0.0885169119997048,4.773581171406576,0.9547162342813151,m,1,1,1,7.407953088330608e-06,True,False,0
information_2_brief_pitch_h1_v3_tau60,2.0,brief_pitch,h1_v3_tau60,0.004,time_offset,0.9046710810224048,0.02470030529075728,0.308753816134466,s,1,1,1,7.407953088330608e-06,True,False,0
information_2_brief_pitch_h1_v3_tau60,2.0,brief_pitch,h1_v3_tau60,0.004,velocity_x,0.34299908504134236,0.40527796478425093,0.8105559295685019,m/s,1,1,1,7.407953088330608e-06,True,False,0
information_2_brief_pitch_h10_v30_tau300,2.0,brief_pitch,h10_v30_tau300,0.0005,accel_bias_x,0.0009862384456359606,0.04997533795669532,0.9995067591339064,m/s2,1,1,1,3.7775714386259456e-07,True,False,0
information_2_brief_pitch_h10_v30_tau300,2.0,brief_pitch,h10_v30_tau300,0.0005,accel_gain_x,6.422991478224543e-06,0.00999996788499104,0.999996788499104,fraction,1,1,1,3.7775714386259456e-07,True,False,0
information_2_brief_pitch_h10_v30_tau300,2.0,brief_pitch,h10_v30_tau300,0.0005,attitude_y,0.003819516336562122,0.0099808841475264,0.9980884147526399,rad,1,1,1,3.7775714386259456e-07,True,False,0
information_2_brief_pitch_h10_v30_tau300,2.0,brief_pitch,h10_v30_tau300,0.0005,gyro_bias_y,3.848227238881447e-09,9.999999980758866e-06,0.9999999980758866,rad/s,1,1,1,3.7775714386259456e-07,True,False,0
information_2_brief_pitch_h10_v30_tau300,2.0,brief_pitch,h10_v30_tau300,0.0005,gyro_gain_y,2.476607207114876e-09,0.009999999987616966,0.9999999987616965,fraction,1,1,1,3.7775714386259456e-07,True,False,0
information_2_brief_pitch_h10_v30_tau300,2.0,brief_pitch,h10_v30_tau300,0.0005,position_x,0.05193659849623724,4.8684273680105425,0.9736854736021084,m,1,1,1,3.7775714386259456e-07,True,False,0
information_2_brief_pitch_h10_v30_tau300,2.0,brief_pitch,h10_v30_tau300,0.0005,time_offset,0.532592695968091,0.05469375417544691,0.6836719271930863,s,1,1,1,3.7775714386259456e-07,True,False,0
information_2_brief_pitch_h10_v30_tau300,2.0,brief_pitch,h10_v30_tau300,0.0005,velocity_x,0.005577601243008145,0.49860364989563416,0.9972072997912683,m/s,1,1,1,3.7775714386259456e-07,True,False,0
information_2_brief_pitch_h10_v30_tau300,2.0,brief_pitch,h10_v30_tau300,0.001,accel_bias_x,0.0009861315305058473,0.049975340630892505,0.99950681261785,m/s2,1,1,1,3.7775714386259456e-07,True,False,0
information_2_brief_pitch_h10_v30_tau300,2.0,brief_pitch,h10_v30_tau300,0.001,accel_gain_x,6.436997191651068e-06,0.009999967814962247,0.9999967814962247,fraction,1,1,1,3.7775714386259456e-07,True,False,0
information_2_brief_pitch_h10_v30_tau300,2.0,brief_pitch,h10_v30_tau300,0.001,attitude_y,0.0038195268308827044,0.009980884094954302,0.9980884094954302,rad,1,1,1,3.7775714386259456e-07,True,False,0
information_2_brief_pitch_h10_v30_tau300,2.0,brief_pitch,h10_v30_tau300,0.001,gyro_bias_y,3.931958068174666e-09,9.999999980340212e-06,0.9999999980340212,rad/s,1,1,1,3.7775714386259456e-07,True,False,0
information_2_brief_pitch_h10_v30_tau300,2.0,brief_pitch,h10_v30_tau300,0.001,gyro_gain_y,2.5175664450357663e-09,0.00999999998741217,0.9999999987412169,fraction,1,1,1,3.7775714386259456e-07,True,False,0
information_2_brief_pitch_h10_v30_tau300,2.0,brief_pitch,h10_v30_tau300,0.001,position_x,0.051936585875992466,4.868427400413833,0.9736854800827667,m,1,1,1,3.7775714386259456e-07,True,False,0
information_2_brief_pitch_h10_v30_tau300,2.0,brief_pitch,h10_v30_tau300,0.001,time_offset,0.5325926938955804,0.05469375429670453,0.6836719287088067,s,1,1,1,3.7775714386259456e-07,True,False,0
information_2_brief_pitch_h10_v30_tau300,2.0,brief_pitch,h10_v30_tau300,0.001,velocity_x,0.005577606166475958,0.4986036486613199,0.9972072973226398,m/s,1,1,1,3.7775714386259456e-07,True,False,0
information_2_brief_pitch_h10_v30_tau300,2.0,brief_pitch,h10_v30_tau300,0.002,accel_bias_x,0.00098613315052124,0.04997534059037215,0.9995068118074428,m/s2,1,1,1,3.7775714386259456e-07,True,False,0
information_2_brief_pitch_h10_v30_tau300,2.0,brief_pitch,h10_v30_tau300,0.002,accel_gain_x,6.4320668590343726e-06,0.00999996783961399,0.999996783961399,fraction,1,1,1,3.7775714386259456e-07,True,False,0
information_2_brief_pitch_h10_v30_tau300,2.0,brief_pitch,h10_v30_tau300,0.002,attitude_y,0.003819579678485577,0.0099808838302102,0.9980883830210201,rad,1,1,1,3.7775714386259456e-07,True,False,0
information_2_brief_pitch_h10_v30_tau300,2.0,brief_pitch,h10_v30_tau300,0.002,gyro_bias_y,3.922880752077638e-09,9.999999980385593e-06,0.9999999980385591,rad/s,1,1,1,3.7775714386259456e-07,True,False,0
information_2_brief_pitch_h10_v30_tau300,2.0,brief_pitch,h10_v30_tau300,0.002,gyro_gain_y,2.5664094437032967e-09,0.009999999987167949,0.9999999987167949,fraction,1,1,1,3.7775714386259456e-07,True,False,0
information_2_brief_pitch_h10_v30_tau300,2.0,brief_pitch,h10_v30_tau300,0.002,position_x,0.051936592494006194,4.868427383421654,0.9736854766843308,m,1,1,1,3.7775714386259456e-07,True,False,0
information_2_brief_pitch_h10_v30_tau300,2.0,brief_pitch,h10_v30_tau300,0.002,time_offset,0.5325926871310475,0.05469375469248106,0.6836719336560133,s,1,1,1,3.7775714386259456e-07,True,False,0
information_2_brief_pitch_h10_v30_tau300,2.0,brief_pitch,h10_v30_tau300,0.002,velocity_x,0.005577614005235137,0.49860364669614227,0.9972072933922845,m/s,1,1,1,3.7775714386259456e-07,True,False,0
information_2_brief_pitch_h10_v30_tau300,2.0,brief_pitch,h10_v30_tau300,0.004,accel_bias_x,0.0009861130654637044,0.04997534109274634,0.9995068218549267,m/s2,1,1,1,3.7775714386259456e-07,True,False,0
information_2_brief_pitch_h10_v30_tau300,2.0,brief_pitch,h10_v30_tau300,0.004,accel_gain_x,6.434265156903053e-06,0.009999967828622464,0.9999967828622464,fraction,1,1,1,3.7775714386259456e-07,True,False,0
information_2_brief_pitch_h10_v30_tau300,2.0,brief_pitch,h10_v30_tau300,0.004,attitude_y,0.0038195405282362804,0.009980884026336364,0.9980884026336364,rad,1,1,1,3.7775714386259456e-07,True,False,0
information_2_brief_pitch_h10_v30_tau300,2.0,brief_pitch,h10_v30_tau300,0.004,gyro_bias_y,3.899353779694576e-09,9.999999980503229e-06,0.9999999980503228,rad/s,1,1,1,3.7775714386259456e-07,True,False,0
information_2_brief_pitch_h10_v30_tau300,2.0,brief_pitch,h10_v30_tau300,0.004,gyro_gain_y,2.544795828462098e-09,0.009999999987276019,0.9999999987276019,fraction,1,1,1,3.7775714386259456e-07,True,False,0
information_2_brief_pitch_h10_v30_tau300,2.0,brief_pitch,h10_v30_tau300,0.004,position_x,0.05193659305181859,4.868427381989439,0.9736854763978878,m,1,1,1,3.7775714386259456e-07,True,False,0
information_2_brief_pitch_h10_v30_tau300,2.0,brief_pitch,h10_v30_tau300,0.004,time_offset,0.5325926864185709,0.054693754734166385,0.6836719341770798,s,1,1,1,3.7775714386259456e-07,True,False,0
information_2_brief_pitch_h10_v30_tau300,2.0,brief_pitch,h10_v30_tau300,0.004,velocity_x,0.005577611311685062,0.4986036473714152,0.9972072947428304,m/s,1,1,1,3.7775714386259456e-07,True,False,0
information_20_steady_orientation_formal_only,20.0,steady_orientation,formal_only,0.0005,accel_bias_x,0.999986583042905,0.00018314582369687713,0.0036629164739375424,m/s2,7,7,7,9.683776289824598e-07,True,False,0
information_20_steady_orientation_formal_only,20.0,steady_orientation,formal_only,0.0005,accel_gain_x,0.9933271496324062,0.0008168751659583131,0.0816875165958313,fraction,7,7,7,9.683776289824598e-07,True,False,0
information_20_steady_orientation_formal_only,20.0,steady_orientation,formal_only,0.0005,attitude_y,0.9999992159391896,8.854720833015172e-06,0.0008854720833015172,rad,7,7,7,9.683776289824598e-07,True,False,0
information_20_steady_orientation_formal_only,20.0,steady_orientation,formal_only,0.0005,gyro_bias_y,0.9962320080565642,6.138397138859555e-07,0.06138397138859555,rad/s,7,7,7,9.683776289824598e-07,True,False,0
information_20_steady_orientation_formal_only,20.0,steady_orientation,formal_only,0.0005,gyro_gain_y,5.517525577565202e-31,0.01,1.0,fraction,7,7,7,9.683776289824598e-07,True,False,0
information_20_steady_orientation_formal_only,20.0,steady_orientation,formal_only,0.0005,position_x,0.999001778353035,0.1579732292957217,0.03159464585914434,m,7,7,7,9.683776289824598e-07,True,False,0
information_20_steady_orientation_formal_only,20.0,steady_orientation,formal_only,0.0005,time_offset,0.9999027217159706,0.0007890380331700155,0.009862975414625193,s,7,7,7,9.683776289824598e-07,True,False,0
information_20_steady_orientation_formal_only,20.0,steady_orientation,formal_only,0.0005,velocity_x,0.9999996181492266,0.00030897037624536363,0.0006179407524907273,m/s,7,7,7,9.683776289824598e-07,True,False,0
information_20_steady_orientation_formal_only,20.0,steady_orientation,formal_only,0.001,accel_bias_x,0.9999865833210393,0.00018314392538393843,0.0036628785076787684,m/s2,7,7,7,9.683776289824598e-07,True,False,0
information_20_steady_orientation_formal_only,20.0,steady_orientation,formal_only,0.001,accel_gain_x,0.9933274557103732,0.0008168564310591569,0.0816856431059157,fraction,7,7,7,9.683776289824598e-07,True,False,0
information_20_steady_orientation_formal_only,20.0,steady_orientation,formal_only,0.001,attitude_y,0.9999992159573392,8.85461834932502e-06,0.000885461834932502,rad,7,7,7,9.683776289824598e-07,True,False,0
information_20_steady_orientation_formal_only,20.0,steady_orientation,formal_only,0.001,gyro_bias_y,0.9962326814540332,6.137848601885611e-07,0.0613784860188561,rad/s,7,7,7,9.683776289824598e-07,True,False,0
information_20_steady_orientation_formal_only,20.0,steady_orientation,formal_only,0.001,gyro_gain_y,5.788846699644057e-32,0.01,1.0,fraction,7,7,7,9.683776289824598e-07,True,False,0
information_20_steady_orientation_formal_only,20.0,steady_orientation,formal_only,0.001,position_x,0.9990017815329937,0.15797297767392093,0.031594595534784185,m,7,7,7,9.683776289824598e-07,True,False,0
information_20_steady_orientation_formal_only,20.0,steady_orientation,formal_only,0.001,time_offset,0.9999027220689619,0.0007890366015878242,0.009862957519847802,s,7,7,7,9.683776289824598e-07,True,False,0
information_20_steady_orientation_formal_only,20.0,steady_orientation,formal_only,0.001,velocity_x,0.9999996182307253,0.00030893740293067007,0.0006178748058613401,m/s,7,7,7,9.683776289824598e-07,True,False,0
information_20_steady_orientation_formal_only,20.0,steady_orientation,formal_only,0.002,accel_bias_x,0.9999865822839633,0.0001831510035228387,0.003663020070456774,m/s2,7,7,7,9.683776289824598e-07,True,False,0
information_20_steady_orientation_formal_only,20.0,steady_orientation,formal_only,0.002,accel_gain_x,0.9933268639920915,0.0008168926494900254,0.08168926494900254,fraction,7,7,7,9.683776289824598e-07,True,False,0
information_20_steady_orientation_formal_only,20.0,steady_orientation,formal_only,0.002,attitude_y,0.9999992159358296,8.854739805664031e-06,0.000885473980566403,rad,7,7,7,9.683776289824598e-07,True,False,0
information_20_steady_orientation_formal_only,20.0,steady_orientation,formal_only,0.002,gyro_bias_y,0.9962318288503255,6.138543108649134e-07,0.06138543108649134,rad/s,7,7,7,9.683776289824598e-07,True,False,0
information_20_steady_orientation_formal_only,20.0,steady_orientation,formal_only,0.002,gyro_gain_y,2.0150546853215106e-31,0.01,1.0,fraction,7,7,7,9.683776289824598e-07,True,False,0
information_20_steady_orientation_formal_only,20.0,steady_orientation,formal_only,0.002,position_x,0.9990017853658805,0.15797267438702556,0.031594534877405114,m,7,7,7,9.683776289824598e-07,True,False,0
information_20_steady_orientation_formal_only,20.0,steady_orientation,formal_only,0.002,time_offset,0.9999027224160989,0.0007890351937416742,0.009862939921770926,s,7,7,7,9.683776289824598e-07,True,False,0
information_20_steady_orientation_formal_only,20.0,steady_orientation,formal_only,0.002,velocity_x,0.9999996181681572,0.00030896271711435295,0.0006179254342287059,m/s,7,7,7,9.683776289824598e-07,True,False,0
information_20_steady_orientation_formal_only,20.0,steady_orientation,formal_only,0.004,accel_bias_x,0.9999865827966625,0.00018314750433535596,0.003662950086707119,m/s2,7,7,7,9.683776289824598e-07,True,False,0
information_20_steady_orientation_formal_only,20.0,steady_orientation,formal_only,0.004,accel_gain_x,0.9933270701058492,0.0008168800336739122,0.08168800336739121,fraction,7,7,7,9.683776289824598e-07,True,False,0
information_20_steady_orientation_formal_only,20.0,steady_orientation,formal_only,0.004,attitude_y,0.9999992159447694,8.854689332289279e-06,0.0008854689332289278,rad,7,7,7,9.683776289824598e-07,True,False,0
information_20_steady_orientation_formal_only,20.0,steady_orientation,formal_only,0.004,gyro_bias_y,0.9962321936010705,6.138246002669479e-07,0.061382460026694785,rad/s,7,7,7,9.683776289824598e-07,True,False,0
information_20_steady_orientation_formal_only,20.0,steady_orientation,formal_only,0.004,gyro_gain_y,9.25844162166839e-31,0.01,1.0,fraction,7,7,7,9.683776289824598e-07,True,False,0
information_20_steady_orientation_formal_only,20.0,steady_orientation,formal_only,0.004,position_x,0.9990017795382946,0.15797313550920877,0.03159462710184176,m,7,7,7,9.683776289824598e-07,True,False,0
information_20_steady_orientation_formal_only,20.0,steady_orientation,formal_only,0.004,time_offset,0.9999027218490647,0.0007890374933963786,0.009862968667454732,s,7,7,7,9.683776289824598e-07,True,False,0
information_20_steady_orientation_formal_only,20.0,steady_orientation,formal_only,0.004,velocity_x,0.9999996181786837,0.0003089584582782045,0.000617916916556409,m/s,7,7,7,9.683776289824598e-07,True,False,0
information_20_steady_orientation_h1_v3_tau60,20.0,steady_orientation,h1_v3_tau60,0.0005,accel_bias_x,0.20755422473954369,0.04450971172846596,0.8901942345693191,m/s2,3,3,3,7.88111021709715e-07,True,False,0
information_20_steady_orientation_h1_v3_tau60,20.0,steady_orientation,h1_v3_tau60,0.0005,accel_gain_x,0.002572157017372501,0.009987130934270498,0.9987130934270498,fraction,3,3,3,7.88111021709715e-07,True,False,0
information_20_steady_orientation_h1_v3_tau60,20.0,steady_orientation,h1_v3_tau60,0.0005,attitude_y,0.7919239963109609,0.004561534869855087,0.45615348698550867,rad,3,3,3,7.88111021709715e-07,True,False,0
information_20_steady_orientation_h1_v3_tau60,20.0,steady_orientation,h1_v3_tau60,0.0005,gyro_bias_y,0.0012452203859245135,9.993771958645415e-06,0.9993771958645413,rad/s,3,3,3,7.88111021709715e-07,True,False,0
information_20_steady_orientation_h1_v3_tau60,20.0,steady_orientation,h1_v3_tau60,0.0005,gyro_gain_y,9.184313261053768e-35,0.01,1.0,fraction,3,3,3,7.88111021709715e-07,True,False,0
information_20_steady_orientation_h1_v3_tau60,20.0,steady_orientation,h1_v3_tau60,0.0005,position_x,0.10043258032654957,4.742276403989571,0.9484552807979142,m,3,3,3,7.88111021709715e-07,True,False,0
information_20_steady_orientation_h1_v3_tau60,20.0,steady_orientation,h1_v3_tau60,0.0005,time_offset,0.9060450917322628,0.02452165192056835,0.30652064900710435,s,3,3,3,7.88111021709715e-07,True,False,0
information_20_steady_orientation_h1_v3_tau60,20.0,steady_orientation,h1_v3_tau60,0.0005,velocity_x,0.9633544164448238,0.09571518107799783,0.19143036215599565,m/s,3,3,3,7.88111021709715e-07,True,False,0
information_20_steady_orientation_h1_v3_tau60,20.0,steady_orientation,h1_v3_tau60,0.001,accel_bias_x,0.20755409593477808,0.044509715345787765,0.8901943069157553,m/s2,3,3,3,7.88111021709715e-07,True,False,0
information_20_steady_orientation_h1_v3_tau60,20.0,steady_orientation,h1_v3_tau60,0.001,accel_gain_x,0.0025723689454755457,0.009987129873264517,0.9987129873264516,fraction,3,3,3,7.88111021709715e-07,True,False,0
information_20_steady_orientation_h1_v3_tau60,20.0,steady_orientation,h1_v3_tau60,0.001,attitude_y,0.7919241154961227,0.004561533563439793,0.45615335634397924,rad,3,3,3,7.88111021709715e-07,True,False,0
information_20_steady_orientation_h1_v3_tau60,20.0,steady_orientation,h1_v3_tau60,0.001,gyro_bias_y,0.0012451986480735138,9.99377206740241e-06,0.999377206740241,rad/s,3,3,3,7.88111021709715e-07,True,False,0
information_20_steady_orientation_h1_v3_tau60,20.0,steady_orientation,h1_v3_tau60,0.001,gyro_gain_y,4.0798681020110226e-35,0.009999999999999998,0.9999999999999999,fraction,3,3,3,7.88111021709715e-07,True,False,0
information_20_steady_orientation_h1_v3_tau60,20.0,steady_orientation,h1_v3_tau60,0.001,position_x,0.10043265734369829,4.742276200982768,0.9484552401965536,m,3,3,3,7.88111021709715e-07,True,False,0
information_20_steady_orientation_h1_v3_tau60,20.0,steady_orientation,h1_v3_tau60,0.001,time_offset,0.9060451211180088,0.02452164808581887,0.3065206010727359,s,3,3,3,7.88111021709715e-07,True,False,0
information_20_steady_orientation_h1_v3_tau60,20.0,steady_orientation,h1_v3_tau60,0.001,velocity_x,0.963354417231574,0.09571518005053763,0.19143036010107525,m/s,3,3,3,7.88111021709715e-07,True,False,0
information_20_steady_orientation_h1_v3_tau60,20.0,steady_orientation,h1_v3_tau60,0.002,accel_bias_x,0.2075542113095769,0.0445097121056299,0.890194242112598,m/s2,3,3,3,7.88111021709715e-07,True,False,0
information_20_steady_orientation_h1_v3_tau60,20.0,steady_orientation,h1_v3_tau60,0.002,accel_gain_x,0.0025722054856791173,0.009987130691616691,0.9987130691616691,fraction,3,3,3,7.88111021709715e-07,True,False,0
information_20_steady_orientation_h1_v3_tau60,20.0,steady_orientation,h1_v3_tau60,0.002,attitude_y,0.7919240012944889,0.0045615348152295366,0.45615348152295365,rad,3,3,3,7.88111021709715e-07,True,False,0
information_20_steady_orientation_h1_v3_tau60,20.0,steady_orientation,h1_v3_tau60,0.002,gyro_bias_y,0.0012450115478288694,9.993773003486581e-06,0.999377300348658,rad/s,3,3,3,7.88111021709715e-07,True,False,0
information_20_steady_orientation_h1_v3_tau60,20.0,steady_orientation,h1_v3_tau60,0.002,gyro_gain_y,1.4013944277963123e-33,0.01,1.0,fraction,3,3,3,7.88111021709715e-07,True,False,0
information_20_steady_orientation_h1_v3_tau60,20.0,steady_orientation,h1_v3_tau60,0.002,position_x,0.1004327235455287,4.742276026483674,0.9484552052967348,m,3,3,3,7.88111021709715e-07,True,False,0
information_20_steady_orientation_h1_v3_tau60,20.0,steady_orientation,h1_v3_tau60,0.002,time_offset,0.9060451161655385,0.024521648732101102,0.3065206091512638,s,3,3,3,7.88111021709715e-07,True,False,0
information_20_steady_orientation_h1_v3_tau60,20.0,steady_orientation,h1_v3_tau60,0.002,velocity_x,0.9633544185835339,0.09571517828493406,0.19143035656986812,m/s,3,3,3,7.88111021709715e-07,True,False,0
information_20_steady_orientation_h1_v3_tau60,20.0,steady_orientation,h1_v3_tau60,0.004,accel_bias_x,0.20755415151690476,0.044509713784832816,0.8901942756966563,m/s2,3,3,3,7.88111021709715e-07,True,False,0
information_20_steady_orientation_h1_v3_tau60,20.0,steady_orientation,h1_v3_tau60,0.004,accel_gain_x,0.00257224231120042,0.009987130507251817,0.9987130507251817,fraction,3,3,3,7.88111021709715e-07,True,False,0
information_20_steady_orientation_h1_v3_tau60,20.0,steady_orientation,h1_v3_tau60,0.004,attitude_y,0.7919240630445753,0.0045615341383730135,0.45615341383730135,rad,3,3,3,7.88111021709715e-07,True,False,0
information_20_steady_orientation_h1_v3_tau60,20.0,steady_orientation,h1_v3_tau60,0.004,gyro_bias_y,0.0012451283017712858,9.993772419353108e-06,0.9993772419353107,rad/s,3,3,3,7.88111021709715e-07,True,False,0
information_20_steady_orientation_h1_v3_tau60,20.0,steady_orientation,h1_v3_tau60,0.004,gyro_gain_y,4.999139782855153e-34,0.01,1.0,fraction,3,3,3,7.88111021709715e-07,True,False,0
information_20_steady_orientation_h1_v3_tau60,20.0,steady_orientation,h1_v3_tau60,0.004,position_x,0.10043266700262687,4.742276175523134,0.9484552351046268,m,3,3,3,7.88111021709715e-07,True,False,0
information_20_steady_orientation_h1_v3_tau60,20.0,steady_orientation,h1_v3_tau60,0.004,time_offset,0.9060451086164659,0.0245216497172318,0.3065206214653975,s,3,3,3,7.88111021709715e-07,True,False,0
information_20_steady_orientation_h1_v3_tau60,20.0,steady_orientation,h1_v3_tau60,0.004,velocity_x,0.9633544214461955,0.0957151745464165,0.191430349092833,m/s,3,3,3,7.88111021709715e-07,True,False,0
information_20_steady_orientation_h10_v30_tau300,20.0,steady_orientation,h10_v30_tau300,0.0005,accel_bias_x,0.1910381846518342,0.044971152290889944,0.8994230458177989,m/s2,2,2,2,3.0316900867746403e-07,True,False,0
information_20_steady_orientation_h10_v30_tau300,20.0,steady_orientation,h10_v30_tau300,0.0005,accel_gain_x,0.0004156206783429489,0.009997921680637718,0.9997921680637717,fraction,2,2,2,3.0316900867746403e-07,True,False,0
information_20_steady_orientation_h10_v30_tau300,20.0,steady_orientation,h10_v30_tau300,0.0005,attitude_y,0.7395342232820196,0.0051035847863828065,0.5103584786382807,rad,2,2,2,3.0316900867746403e-07,True,False,0
information_20_steady_orientation_h10_v30_tau300,20.0,steady_orientation,h10_v30_tau300,0.0005,gyro_bias_y,0.00013951539130014202,9.999302398711124e-06,0.9999302398711123,rad/s,2,2,2,3.0316900867746403e-07,True,False,0
information_20_steady_orientation_h10_v30_tau300,20.0,steady_orientation,h10_v30_tau300,0.0005,gyro_gain_y,6.622224456251719e-35,0.01,1.0,fraction,2,2,2,3.0316900867746403e-07,True,False,0
information_20_steady_orientation_h10_v30_tau300,20.0,steady_orientation,h10_v30_tau300,0.0005,position_x,0.05214635029501333,4.867888787002502,0.9735777574005005,m,2,2,2,3.0316900867746403e-07,True,False,0
information_20_steady_orientation_h10_v30_tau300,20.0,steady_orientation,h10_v30_tau300,0.0005,time_offset,0.5345919560909814,0.05457665692416239,0.6822082115520298,s,2,2,2,3.0316900867746403e-07,True,False,0
information_20_steady_orientation_h10_v30_tau300,20.0,steady_orientation,h10_v30_tau300,0.0005,velocity_x,0.3870140466141472,0.391467097399594,0.782934194799188,m/s,2,2,2,3.0316900867746403e-07,True,False,0
information_20_steady_orientation_h10_v30_tau300,20.0,steady_orientation,h10_v30_tau300,0.001,accel_bias_x,0.19103806615853097,0.04497115558448184,0.8994231116896366,m/s2,2,2,2,3.0316900867746403e-07,True,False,0
information_20_steady_orientation_h10_v30_tau300,20.0,steady_orientation,h10_v30_tau300,0.001,accel_gain_x,0.0004156383855869629,0.009997921592083087,0.9997921592083088,fraction,2,2,2,3.0316900867746403e-07,True,False,0
information_20_steady_orientation_h10_v30_tau300,20.0,steady_orientation,h10_v30_tau300,0.001,attitude_y,0.7395343663301037,0.005103583384935494,0.5103583384935494,rad,2,2,2,3.0316900867746403e-07,True,False,0
information_20_steady_orientation_h10_v30_tau300,20.0,steady_orientation,h10_v30_tau300,0.001,gyro_bias_y,0.0001395136344393162,9.999302407496041e-06,0.999930240749604,rad/s,2,2,2,3.0316900867746403e-07,True,False,0
information_20_steady_orientation_h10_v30_tau300,20.0,steady_orientation,h10_v30_tau300,0.001,gyro_gain_y,2.1477439450544483e-35,0.01,1.0,fraction,2,2,2,3.0316900867746403e-07,True,False,0
information_20_steady_orientation_h10_v30_tau300,20.0,steady_orientation,h10_v30_tau300,0.001,position_x,0.05214633916473893,4.867888815583355,0.9735777631166711,m,2,2,2,3.0316900867746403e-07,True,False,0
information_20_steady_orientation_h10_v30_tau300,20.0,steady_orientation,h10_v30_tau300,0.001,time_offset,0.5345919688649594,0.05457665617518414,0.6822082021898017,s,2,2,2,3.0316900867746403e-07,True,False,0
information_20_steady_orientation_h10_v30_tau300,20.0,steady_orientation,h10_v30_tau300,0.001,velocity_x,0.38701396593144777,0.3914671231625179,0.7829342463250358,m/s,2,2,2,3.0316900867746403e-07,True,False,0
information_20_steady_orientation_h10_v30_tau300,20.0,steady_orientation,h10_v30_tau300,0.002,accel_bias_x,0.1910381544908793,0.04497115312923164,0.8994230625846328,m/s2,2,2,2,3.0316900867746403e-07,True,False,0
information_20_steady_orientation_h10_v30_tau300,20.0,steady_orientation,h10_v30_tau300,0.002,accel_gain_x,0.00041562950882054027,0.00999792163647615,0.9997921636476149,fraction,2,2,2,3.0316900867746403e-07,True,False,0
information_20_steady_orientation_h10_v30_tau300,20.0,steady_orientation,h10_v30_tau300,0.002,attitude_y,0.7395342721733533,0.005103584307392661,0.5103584307392661,rad,2,2,2,3.0316900867746403e-07,True,False,0
information_20_steady_orientation_h10_v30_tau300,20.0,steady_orientation,h10_v30_tau300,0.002,gyro_bias_y,0.00013950683746006371,9.999302441483304e-06,0.9999302441483303,rad/s,2,2,2,3.0316900867746403e-07,True,False,0
information_20_steady_orientation_h10_v30_tau300,20.0,steady_orientation,h10_v30_tau300,0.002,gyro_gain_y,1.6807624896389582e-38,0.009999999999999998,0.9999999999999998,fraction,2,2,2,3.0316900867746403e-07,True,False,0
information_20_steady_orientation_h10_v30_tau300,20.0,steady_orientation,h10_v30_tau300,0.002,position_x,0.05214634712212936,4.867888795149985,0.9735777590299969,m,2,2,2,3.0316900867746403e-07,True,False,0
information_20_steady_orientation_h10_v30_tau300,20.0,steady_orientation,h10_v30_tau300,0.002,time_offset,0.5345919723611874,0.05457665597018926,0.6822081996273657,s,2,2,2,3.0316900867746403e-07,True,False,0
information_20_steady_orientation_h10_v30_tau300,20.0,steady_orientation,h10_v30_tau300,0.002,velocity_x,0.3870140165136705,0.3914671070110263,0.7829342140220527,m/s,2,2,2,3.0316900867746403e-07,True,False,0
information_20_steady_orientation_h10_v30_tau300,20.0,steady_orientation,h10_v30_tau300,0.004,accel_bias_x,0.19103810777358982,0.04497115442776654,0.8994230885553307,m/s2,2,2,2,3.0316900867746403e-07,True,False,0
information_20_steady_orientation_h10_v30_tau300,20.0,steady_orientation,h10_v30_tau300,0.004,accel_gain_x,0.00041562929232909077,0.009997921637558834,0.9997921637558834,fraction,2,2,2,3.0316900867746403e-07,True,False,0
information_20_steady_orientation_h10_v30_tau300,20.0,steady_orientation,h10_v30_tau300,0.004,attitude_y,0.7395343229466593,0.005103583809964729,0.5103583809964729,rad,2,2,2,3.0316900867746403e-07,True,False,0
information_20_steady_orientation_h10_v30_tau300,20.0,steady_orientation,h10_v30_tau300,0.004,gyro_bias_y,0.00013951253039060608,9.999302413016665e-06,0.9999302413016664,rad/s,2,2,2,3.0316900867746403e-07,True,False,0
information_20_steady_orientation_h10_v30_tau300,20.0,steady_orientation,h10_v30_tau300,0.004,gyro_gain_y,5.300481496454318e-35,0.01,1.0,fraction,2,2,2,3.0316900867746403e-07,True,False,0
information_20_steady_orientation_h10_v30_tau300,20.0,steady_orientation,h10_v30_tau300,0.004,position_x,0.052146346411443265,4.867888796974918,0.9735777593949836,m,2,2,2,3.0316900867746403e-07,True,False,0
information_20_steady_orientation_h10_v30_tau300,20.0,steady_orientation,h10_v30_tau300,0.004,time_offset,0.5345919624113704,0.05457665655357819,0.6822082069197274,s,2,2,2,3.0316900867746403e-07,True,False,0
information_20_steady_orientation_h10_v30_tau300,20.0,steady_orientation,h10_v30_tau300,0.004,velocity_x,0.3870140443367614,0.3914670981267899,0.7829341962535799,m/s,2,2,2,3.0316900867746403e-07,True,False,0
information_20_brief_pitch_formal_only,20.0,brief_pitch,formal_only,0.0005,accel_bias_x,0.9999865526432977,0.00018335318856161763,0.0036670637712323526,m/s2,7,7,7,0.00014605250620317064,True,False,0
information_20_brief_pitch_formal_only,20.0,brief_pitch,formal_only,0.0005,accel_gain_x,0.993338632825831,0.0008161719900957592,0.08161719900957591,fraction,7,7,7,0.00014605250620317064,True,False,0
information_20_brief_pitch_formal_only,20.0,brief_pitch,formal_only,0.0005,attitude_y,0.9999992181156655,8.842422375913409e-06,0.0008842422375913408,rad,7,7,7,0.00014605250620317064,True,False,0
information_20_brief_pitch_formal_only,20.0,brief_pitch,formal_only,0.0005,gyro_bias_y,0.9962345212892977,6.136349656515456e-07,0.06136349656515455,rad/s,7,7,7,0.00014605250620317064,True,False,0
information_20_brief_pitch_formal_only,20.0,brief_pitch,formal_only,0.0005,gyro_gain_y,0.03848816361297034,0.009805670993802666,0.9805670993802666,fraction,7,7,7,0.00014605250620317064,True,False,0
information_20_brief_pitch_formal_only,20.0,brief_pitch,formal_only,0.0005,position_x,0.9990016207477115,0.15798569969214227,0.031597139938428456,m,7,7,7,0.00014605250620317064,True,False,0
information_20_brief_pitch_formal_only,20.0,brief_pitch,formal_only,0.0005,time_offset,0.9999027073086149,0.0007890964610671229,0.009863705763339036,s,7,7,7,0.00014605250620317064,True,False,0
information_20_brief_pitch_formal_only,20.0,brief_pitch,formal_only,0.0005,velocity_x,0.9999996147701663,0.00031033443008008217,0.0006206688601601643,m/s,7,7,7,0.00014605250620317064,True,False,0
information_20_brief_pitch_formal_only,20.0,brief_pitch,formal_only,0.001,accel_bias_x,0.9999865525890609,0.00018335355831674527,0.003667071166334905,m/s2,7,7,7,0.00014605250620317064,True,False,0
information_20_brief_pitch_formal_only,20.0,brief_pitch,formal_only,0.001,accel_gain_x,0.9933394311965839,0.0008161230791624716,0.08161230791624716,fraction,7,7,7,0.00014605250620317064,True,False,0
information_20_brief_pitch_formal_only,20.0,brief_pitch,formal_only,0.001,attitude_y,0.9999992180973524,8.842525929804906e-06,0.0008842525929804905,rad,7,7,7,0.00014605250620317064,True,False,0
information_20_brief_pitch_formal_only,20.0,brief_pitch,formal_only,0.001,gyro_bias_y,0.9962338114295018,6.1369280348545e-07,0.061369280348545,rad/s,7,7,7,0.00014605250620317064,True,False,0
information_20_brief_pitch_formal_only,20.0,brief_pitch,formal_only,0.001,gyro_gain_y,0.03855025556968898,0.009805354376208499,0.9805354376208499,fraction,7,7,7,0.00014605250620317064,True,False,0
information_20_brief_pitch_formal_only,20.0,brief_pitch,formal_only,0.001,position_x,0.9990016179279805,0.15798592279218818,0.03159718455843764,m,7,7,7,0.00014605250620317064,True,False,0
information_20_brief_pitch_formal_only,20.0,brief_pitch,formal_only,0.001,time_offset,0.9999027071166571,0.0007890972395059617,0.009863715493824522,s,7,7,7,0.00014605250620317064,True,False,0
information_20_brief_pitch_formal_only,20.0,brief_pitch,formal_only,0.001,velocity_x,0.999999614852,0.00031030146642347224,0.0006206029328469445,m/s,7,7,7,0.00014605250620317064,True,False,0
information_20_brief_pitch_formal_only,20.0,brief_pitch,formal_only,0.002,accel_bias_x,0.9999865509191365,0.0001833649425582193,0.0036672988511643858,m/s2,7,7,7,0.00014605250620317064,True,False,0
information_20_brief_pitch_formal_only,20.0,brief_pitch,formal_only,0.002,accel_gain_x,0.9933389132692834,0.0008161548095010214,0.08161548095010214,fraction,7,7,7,0.00014605250620317064,True,False,0
information_20_brief_pitch_formal_only,20.0,brief_pitch,formal_only,0.002,attitude_y,0.9999992180723649,8.842667216890048e-06,0.0008842667216890048,rad,7,7,7,0.00014605250620317064,True,False,0
information_20_brief_pitch_formal_only,20.0,brief_pitch,formal_only,0.002,gyro_bias_y,0.9962329732387468,6.137610904295643e-07,0.06137610904295643,rad/s,7,7,7,0.00014605250620317064,True,False,0
information_20_brief_pitch_formal_only,20.0,brief_pitch,formal_only,0.002,gyro_gain_y,0.03848545099775828,0.009805684825662313,0.9805684825662313,fraction,7,7,7,0.00014605250620317064,True,False,0
information_20_brief_pitch_formal_only,20.0,brief_pitch,formal_only,0.002,position_x,0.9990016181252738,0.15798590718212002,0.031597181436424,m,7,7,7,0.00014605250620317064,True,False,0
information_20_brief_pitch_formal_only,20.0,brief_pitch,formal_only,0.002,time_offset,0.9999027071176965,0.0007890972352914146,0.009863715441142682,s,7,7,7,0.00014605250620317064,True,False,0
information_20_brief_pitch_formal_only,20.0,brief_pitch,formal_only,0.002,velocity_x,0.9999996147959715,0.00031032403593771456,0.0006206480718754291,m/s,7,7,7,0.00014605250620317064,True,False,0
information_20_brief_pitch_formal_only,20.0,brief_pitch,formal_only,0.004,accel_bias_x,0.9999865516096323,0.00018336023538071113,0.0036672047076142223,m/s2,7,7,7,0.00014605250620317064,True,False,0
information_20_brief_pitch_formal_only,20.0,brief_pitch,formal_only,0.004,accel_gain_x,0.9933392703502049,0.0008161329333996323,0.08161329333996323,fraction,7,7,7,0.00014605250620317064,True,False,0
information_20_brief_pitch_formal_only,20.0,brief_pitch,formal_only,0.004,attitude_y,0.9999992180725489,8.842666180711485e-06,0.0008842666180711486,rad,7,7,7,0.00014605250620317064,True,False,0
information_20_brief_pitch_formal_only,20.0,brief_pitch,formal_only,0.004,gyro_bias_y,0.996232893525879,6.137675841978158e-07,0.061376758419781574,rad/s,7,7,7,0.00014605250620317064,True,False,0
information_20_brief_pitch_formal_only,20.0,brief_pitch,formal_only,0.004,gyro_gain_y,0.03856027229298751,0.009805303298251475,0.9805303298251475,fraction,7,7,7,0.00014605250620317064,True,False,0
information_20_brief_pitch_formal_only,20.0,brief_pitch,formal_only,0.004,position_x,0.9990016080399754,0.15798670513876167,0.031597341027752336,m,7,7,7,0.00014605250620317064,True,False,0
information_20_brief_pitch_formal_only,20.0,brief_pitch,formal_only,0.004,time_offset,0.99990270616133,0.0007891011136039866,0.009863763920049833,s,7,7,7,0.00014605250620317064,True,False,0
information_20_brief_pitch_formal_only,20.0,brief_pitch,formal_only,0.004,velocity_x,0.9999996147748871,0.00031033252838136885,0.0006206650567627377,m/s,7,7,7,0.00014605250620317064,True,False,0
information_20_brief_pitch_h1_v3_tau60,20.0,brief_pitch,h1_v3_tau60,0.0005,accel_bias_x,0.20757035284826475,0.044509258788249184,0.8901851757649837,m/s2,3,3,3,1.4259012982931789e-06,True,False,0
information_20_brief_pitch_h1_v3_tau60,20.0,brief_pitch,h1_v3_tau60,0.0005,accel_gain_x,0.0025673430510038367,0.009987155035088803,0.9987155035088802,fraction,3,3,3,1.4259012982931789e-06,True,False,0
information_20_brief_pitch_h1_v3_tau60,20.0,brief_pitch,h1_v3_tau60,0.0005,attitude_y,0.7919267176987138,0.004561505040020083,0.4561505040020083,rad,3,3,3,1.4259012982931789e-06,True,False,0
information_20_brief_pitch_h1_v3_tau60,20.0,brief_pitch,h1_v3_tau60,0.0005,gyro_bias_y,0.001245683003105503,9.993769644117749e-06,0.9993769644117748,rad/s,3,3,3,1.4259012982931789e-06,True,False,0
information_20_brief_pitch_h1_v3_tau60,20.0,brief_pitch,h1_v3_tau60,0.0005,gyro_gain_y,2.3940346023292256e-07,0.00999999880298263,0.9999998802982629,fraction,3,3,3,1.4259012982931789e-06,True,False,0
information_20_brief_pitch_h1_v3_tau60,20.0,brief_pitch,h1_v3_tau60,0.0005,position_x,0.10043255670641872,4.742276466249045,0.9484552932498089,m,3,3,3,1.4259012982931789e-06,True,False,0
information_20_brief_pitch_h1_v3_tau60,20.0,brief_pitch,h1_v3_tau60,0.0005,time_offset,0.9060450893205467,0.02452165223529004,0.30652065294112546,s,3,3,3,1.4259012982931789e-06,True,False,0
information_20_brief_pitch_h1_v3_tau60,20.0,brief_pitch,h1_v3_tau60,0.0005,velocity_x,0.9633546410006039,0.09571488781714606,0.19142977563429212,m/s,3,3,3,1.4259012982931789e-06,True,False,0
information_20_brief_pitch_h1_v3_tau60,20.0,brief_pitch,h1_v3_tau60,0.001,accel_bias_x,0.2075702495839597,0.044509261688328465,0.8901852337665692,m/s2,3,3,3,1.4259012982931789e-06,True,False,0
information_20_brief_pitch_h1_v3_tau60,20.0,brief_pitch,h1_v3_tau60,0.001,accel_gain_x,0.002567492247769842,0.009987154288145502,0.9987154288145501,fraction,3,3,3,1.4259012982931789e-06,True,False,0
information_20_brief_pitch_h1_v3_tau60,20.0,brief_pitch,h1_v3_tau60,0.001,attitude_y,0.7919268199111893,0.004561503919638907,0.45615039196389073,rad,3,3,3,1.4259012982931789e-06,True,False,0
information_20_brief_pitch_h1_v3_tau60,20.0,brief_pitch,h1_v3_tau60,0.001,gyro_bias_y,0.0012453958407390117,9.993771080824598e-06,0.9993771080824598,rad/s,3,3,3,1.4259012982931789e-06,True,False,0
information_20_brief_pitch_h1_v3_tau60,20.0,brief_pitch,h1_v3_tau60,0.001,gyro_gain_y,2.4109394789317916e-07,0.009999998794530188,0.9999998794530187,fraction,3,3,3,1.4259012982931789e-06,True,False,0
information_20_brief_pitch_h1_v3_tau60,20.0,brief_pitch,h1_v3_tau60,0.001,position_x,0.10043264104729759,4.742276243937879,0.9484552487875758,m,3,3,3,1.4259012982931789e-06,True,False,0
information_20_brief_pitch_h1_v3_tau60,20.0,brief_pitch,h1_v3_tau60,0.001,time_offset,0.9060451192500768,0.024521648329578257,0.3065206041197282,s,3,3,3,1.4259012982931789e-06,True,False,0
information_20_brief_pitch_h1_v3_tau60,20.0,brief_pitch,h1_v3_tau60,0.001,velocity_x,0.9633546380861904,0.09571489162326087,0.19142978324652174,m/s,3,3,3,1.4259012982931789e-06,True,False,0
information_20_brief_pitch_h1_v3_tau60,20.0,brief_pitch,h1_v3_tau60,0.002,accel_bias_x,0.20757035212928865,0.044509258808440935,0.8901851761688186,m/s2,3,3,3,1.4259012982931789e-06,True,False,0
information_20_brief_pitch_h1_v3_tau60,20.0,brief_pitch,h1_v3_tau60,0.002,accel_gain_x,0.0025673119886004923,0.009987155190600573,0.9987155190600572,fraction,3,3,3,1.4259012982931789e-06,True,False,0
information_20_brief_pitch_h1_v3_tau60,20.0,brief_pitch,h1_v3_tau60,0.002,attitude_y,0.7919267134900142,0.004561505086152874,0.4561505086152874,rad,3,3,3,1.4259012982931789e-06,True,False,0
information_20_brief_pitch_h1_v3_tau60,20.0,brief_pitch,h1_v3_tau60,0.002,gyro_bias_y,0.0012452110764357626,9.993772005221871e-06,0.999377200522187,rad/s,3,3,3,1.4259012982931789e-06,True,False,0
information_20_brief_pitch_h1_v3_tau60,20.0,brief_pitch,h1_v3_tau60,0.002,gyro_gain_y,2.4146231449172345e-07,0.009999998792688354,0.9999998792688353,fraction,3,3,3,1.4259012982931789e-06,True,False,0
information_20_brief_pitch_h1_v3_tau60,20.0,brief_pitch,h1_v3_tau60,0.002,position_x,0.10043271310117821,4.742276054013573,0.9484552108027146,m,3,3,3,1.4259012982931789e-06,True,False,0
information_20_brief_pitch_h1_v3_tau60,20.0,brief_pitch,h1_v3_tau60,0.002,time_offset,0.9060451149108607,0.02452164889583261,0.30652061119790763,s,3,3,3,1.4259012982931789e-06,True,False,0
information_20_brief_pitch_h1_v3_tau60,20.0,brief_pitch,h1_v3_tau60,0.002,velocity_x,0.9633546345470605,0.09571489624522767,0.19142979249045533,m/s,3,3,3,1.4259012982931789e-06,True,False,0
information_20_brief_pitch_h1_v3_tau60,20.0,brief_pitch,h1_v3_tau60,0.004,accel_bias_x,0.20757028235231842,0.044509260768060444,0.8901852153612088,m/s2,3,3,3,1.4259012982931789e-06,True,False,0
information_20_brief_pitch_h1_v3_tau60,20.0,brief_pitch,h1_v3_tau60,0.004,accel_gain_x,0.0025674391956026486,0.009987154553747516,0.9987154553747516,fraction,3,3,3,1.4259012982931789e-06,True,False,0
information_20_brief_pitch_h1_v3_tau60,20.0,brief_pitch,h1_v3_tau60,0.004,attitude_y,0.7919267833473712,0.004561504320425759,0.4561504320425759,rad,3,3,3,1.4259012982931789e-06,True,False,0
information_20_brief_pitch_h1_v3_tau60,20.0,brief_pitch,h1_v3_tau60,0.004,gyro_bias_y,0.0012452463856117576,9.993771828565975e-06,0.9993771828565975,rad/s,3,3,3,1.4259012982931789e-06,True,False,0
information_20_brief_pitch_h1_v3_tau60,20.0,brief_pitch,h1_v3_tau60,0.004,gyro_gain_y,2.4186967294723923e-07,0.009999998790651563,0.9999998790651562,fraction,3,3,3,1.4259012982931789e-06,True,False,0
information_20_brief_pitch_h1_v3_tau60,20.0,brief_pitch,h1_v3_tau60,0.004,position_x,0.10043266225595596,4.742276188034716,0.9484552376069433,m,3,3,3,1.4259012982931789e-06,True,False,0
information_20_brief_pitch_h1_v3_tau60,20.0,brief_pitch,h1_v3_tau60,0.004,time_offset,0.9060451079802037,0.024521649800262165,0.30652062250327705,s,3,3,3,1.4259012982931789e-06,True,False,0
information_20_brief_pitch_h1_v3_tau60,20.0,brief_pitch,h1_v3_tau60,0.004,velocity_x,0.9633546361884757,0.0957148941016037,0.1914297882032074,m/s,3,3,3,1.4259012982931789e-06,True,False,0
information_20_brief_pitch_h10_v30_tau300,20.0,brief_pitch,h10_v30_tau300,0.0005,accel_bias_x,0.19103830712141065,0.044971148886774885,0.8994229777354976,m/s2,2,2,2,2.2915481069578705e-07,True,False,0
information_20_brief_pitch_h10_v30_tau300,20.0,brief_pitch,h10_v30_tau300,0.0005,accel_gain_x,0.00041708100936753493,0.009997914377462091,0.999791437746209,fraction,2,2,2,2.2915481069578705e-07,True,False,0
information_20_brief_pitch_h10_v30_tau300,20.0,brief_pitch,h10_v30_tau300,0.0005,attitude_y,0.7395330169887312,0.005103596604466979,0.5103596604466979,rad,2,2,2,2.2915481069578705e-07,True,False,0
information_20_brief_pitch_h10_v30_tau300,20.0,brief_pitch,h10_v30_tau300,0.0005,gyro_bias_y,0.0001395401654893949,9.999302274831535e-06,0.9999302274831534,rad/s,2,2,2,2.2915481069578705e-07,True,False,0
information_20_brief_pitch_h10_v30_tau300,20.0,brief_pitch,h10_v30_tau300,0.0005,gyro_gain_y,1.5439911300623057e-08,0.009999999922800443,0.9999999922800443,fraction,2,2,2,2.2915481069578705e-07,True,False,0
information_20_brief_pitch_h10_v30_tau300,20.0,brief_pitch,h10_v30_tau300,0.0005,position_x,0.05214634989963455,4.867888788017774,0.9735777576035549,m,2,2,2,2.2915481069578705e-07,True,False,0
information_20_brief_pitch_h10_v30_tau300,20.0,brief_pitch,h10_v30_tau300,0.0005,time_offset,0.5345919537960059,0.05457665705872399,0.6822082132340499,s,2,2,2,2.2915481069578705e-07,True,False,0
information_20_brief_pitch_h10_v30_tau300,20.0,brief_pitch,h10_v30_tau300,0.0005,velocity_x,0.3870141503106155,0.3914670642881037,0.7829341285762074,m/s,2,2,2,2.2915481069578705e-07,True,False,0
information_20_brief_pitch_h10_v30_tau300,20.0,brief_pitch,h10_v30_tau300,0.001,accel_bias_x,0.19103821090966916,0.04497115156103775,0.899423031220755,m/s2,2,2,2,2.2915481069578705e-07,True,False,0
information_20_brief_pitch_h10_v30_tau300,20.0,brief_pitch,h10_v30_tau300,0.001,accel_gain_x,0.0004170874039447823,0.00999791434548254,0.999791434548254,fraction,2,2,2,2.2915481069578705e-07,True,False,0
information_20_brief_pitch_h10_v30_tau300,20.0,brief_pitch,h10_v30_tau300,0.001,attitude_y,0.7395331439000751,0.005103595361114801,0.5103595361114801,rad,2,2,2,2.2915481069578705e-07,True,False,0
information_20_brief_pitch_h10_v30_tau300,20.0,brief_pitch,h10_v30_tau300,0.001,gyro_bias_y,0.000139523885382684,9.99930235623775e-06,0.9999302356237749,rad/s,2,2,2,2.2915481069578705e-07,True,False,0
information_20_brief_pitch_h10_v30_tau300,20.0,brief_pitch,h10_v30_tau300,0.001,gyro_gain_y,1.553124928348601e-08,0.009999999922343756,0.9999999922343756,fraction,2,2,2,2.2915481069578705e-07,True,False,0
information_20_brief_pitch_h10_v30_tau300,20.0,brief_pitch,h10_v30_tau300,0.001,position_x,0.05214633896863992,4.867888816086907,0.9735777632173814,m,2,2,2,2.2915481069578705e-07,True,False,0
information_20_brief_pitch_h10_v30_tau300,20.0,brief_pitch,h10_v30_tau300,0.001,time_offset,0.5345919672651712,0.05457665626898464,0.682208203362308,s,2,2,2,2.2915481069578705e-07,True,False,0
information_20_brief_pitch_h10_v30_tau300,20.0,brief_pitch,h10_v30_tau300,0.001,velocity_x,0.38701402660744355,0.391467103787967,0.782934207575934,m/s,2,2,2,2.2915481069578705e-07,True,False,0
information_20_brief_pitch_h10_v30_tau300,20.0,brief_pitch,h10_v30_tau300,0.002,accel_bias_x,0.19103830451930764,0.04497114895910187,0.8994229791820373,m/s2,2,2,2,2.2915481069578705e-07,True,False,0
information_20_brief_pitch_h10_v30_tau300,20.0,brief_pitch,h10_v30_tau300,0.002,accel_gain_x,0.0004170809298633718,0.009997914377859695,0.9997914377859695,fraction,2,2,2,2.2915481069578705e-07,True,False,0
information_20_brief_pitch_h10_v30_tau300,20.0,brief_pitch,h10_v30_tau300,0.002,attitude_y,0.7395330451418035,0.005103596328650968,0.5103596328650968,rad,2,2,2,2.2915481069578705e-07,True,False,0
information_20_brief_pitch_h10_v30_tau300,20.0,brief_pitch,h10_v30_tau300,0.002,gyro_bias_y,0.00013951731664292637,9.999302389083735e-06,0.9999302389083735,rad/s,2,2,2,2.2915481069578705e-07,True,False,0
information_20_brief_pitch_h10_v30_tau300,20.0,brief_pitch,h10_v30_tau300,0.002,gyro_gain_y,1.554150747230144e-08,0.009999999922292464,0.9999999922292463,fraction,2,2,2,2.2915481069578705e-07,True,False,0
information_20_brief_pitch_h10_v30_tau300,20.0,brief_pitch,h10_v30_tau300,0.002,position_x,0.052146347029441424,4.867888795387993,0.9735777590775985,m,2,2,2,2.2915481069578705e-07,True,False,0
information_20_brief_pitch_h10_v30_tau300,20.0,brief_pitch,h10_v30_tau300,0.002,time_offset,0.5345919716458939,0.05457665601212923,0.6822082001516153,s,2,2,2,2.2915481069578705e-07,True,False,0
information_20_brief_pitch_h10_v30_tau300,20.0,brief_pitch,h10_v30_tau300,0.002,velocity_x,0.3870140619931421,0.39146709248890166,0.7829341849778033,m/s,2,2,2,2.2915481069578705e-07,True,False,0
information_20_brief_pitch_h10_v30_tau300,20.0,brief_pitch,h10_v30_tau300,0.004,accel_bias_x,0.1910382395056828,0.044971150766194457,0.899423015323889,m/s2,2,2,2,2.2915481069578705e-07,True,False,0
information_20_brief_pitch_h10_v30_tau300,20.0,brief_pitch,h10_v30_tau300,0.004,accel_gain_x,0.0004170865077139168,0.009997914349964627,0.9997914349964627,fraction,2,2,2,2.2915481069578705e-07,True,False,0
information_20_brief_pitch_h10_v30_tau300,20.0,brief_pitch,h10_v30_tau300,0.004,attitude_y,0.7395331126022512,0.005103595667740033,0.5103595667740033,rad,2,2,2,2.2915481069578705e-07,True,False,0
information_20_brief_pitch_h10_v30_tau300,20.0,brief_pitch,h10_v30_tau300,0.004,gyro_bias_y,0.00013951843220458578,9.999302383505542e-06,0.9999302383505542,rad/s,2,2,2,2.2915481069578705e-07,True,False,0
information_20_brief_pitch_h10_v30_tau300,20.0,brief_pitch,h10_v30_tau300,0.004,gyro_gain_y,1.55638179662116e-08,0.009999999922180909,0.9999999922180908,fraction,2,2,2,2.2915481069578705e-07,True,False,0
information_20_brief_pitch_h10_v30_tau300,20.0,brief_pitch,h10_v30_tau300,0.004,position_x,0.05214634641754993,4.867888796959236,0.9735777593918472,m,2,2,2,2.2915481069578705e-07,True,False,0
information_20_brief_pitch_h10_v30_tau300,20.0,brief_pitch,h10_v30_tau300,0.004,time_offset,0.5345919624752722,0.05457665654983143,0.6822082068728929,s,2,2,2,2.2915481069578705e-07,True,False,0
information_20_brief_pitch_h10_v30_tau300,20.0,brief_pitch,h10_v30_tau300,0.004,velocity_x,0.38701407936267973,0.391467086942606,0.782934173885212,m/s,2,2,2,2.2915481069578705e-07,True,False,0
information_60_steady_orientation_formal_only,60.0,steady_orientation,formal_only,0.0005,accel_bias_x,0.9999966153179372,9.198752718038198e-05,0.0018397505436076394,m/s2,7,7,7,1.0303583095862957e-07,True,False,0
information_60_steady_orientation_formal_only,60.0,steady_orientation,formal_only,0.0005,accel_gain_x,0.9978904345103492,0.0004593000641901794,0.045930006419017934,fraction,7,7,7,1.0303583095862957e-07,True,False,0
information_60_steady_orientation_formal_only,60.0,steady_orientation,formal_only,0.0005,attitude_y,0.9999999964678138,5.94322000903812e-07,5.9432200090381204e-05,rad,7,7,7,1.0303583095862957e-07,True,False,0
information_60_steady_orientation_formal_only,60.0,steady_orientation,formal_only,0.0005,gyro_bias_y,0.9999982591804808,1.3194011972414684e-08,0.0013194011972414684,rad/s,7,7,7,1.0303583095862957e-07,True,False,0
information_60_steady_orientation_formal_only,60.0,steady_orientation,formal_only,0.0005,gyro_gain_y,5.7383699976188646e-30,0.01,1.0,fraction,7,7,7,1.0303583095862957e-07,True,False,0
information_60_steady_orientation_formal_only,60.0,steady_orientation,formal_only,0.0005,position_x,0.9996801544075213,0.08942113738919787,0.017884227477839573,m,7,7,7,1.0303583095862957e-07,True,False,0
information_60_steady_orientation_formal_only,60.0,steady_orientation,formal_only,0.0005,time_offset,0.9999688156946479,0.00044674327555613205,0.00558429094445165,s,7,7,7,1.0303583095862957e-07,True,False,0
information_60_steady_orientation_formal_only,60.0,steady_orientation,formal_only,0.0005,velocity_x,0.9999999567239142,0.00010401452586563222,0.00020802905173126444,m/s,7,7,7,1.0303583095862957e-07,True,False,0
information_60_steady_orientation_formal_only,60.0,steady_orientation,formal_only,0.001,accel_bias_x,0.9999966153159837,9.198755373186282e-05,0.0018397510746372564,m/s2,7,7,7,1.0303583095862957e-07,True,False,0
information_60_steady_orientation_formal_only,60.0,steady_orientation,formal_only,0.001,accel_gain_x,0.9978904267816883,0.00045930090554152273,0.04593009055415227,fraction,7,7,7,1.0303583095862957e-07,True,False,0
information_60_steady_orientation_formal_only,60.0,steady_orientation,formal_only,0.001,attitude_y,0.9999999964678109,5.943222290057481e-07,5.9432222900574805e-05,rad,7,7,7,1.0303583095862957e-07,True,False,0
information_60_steady_orientation_formal_only,60.0,steady_orientation,formal_only,0.001,gyro_bias_y,0.9999982591706006,1.3194049414823106e-08,0.0013194049414823104,rad/s,7,7,7,1.0303583095862957e-07,True,False,0
information_60_steady_orientation_formal_only,60.0,steady_orientation,formal_only,0.001,gyro_gain_y,4.415254778124973e-32,0.009999999999999998,0.9999999999999999,fraction,7,7,7,1.0303583095862957e-07,True,False,0
information_60_steady_orientation_formal_only,60.0,steady_orientation,formal_only,0.001,position_x,0.9996801552622184,0.08942101791266097,0.017884203582532194,m,7,7,7,1.0303583095862957e-07,True,False,0
information_60_steady_orientation_formal_only,60.0,steady_orientation,formal_only,0.001,time_offset,0.9999688157830856,0.0004467426420758592,0.00558428302594824,s,7,7,7,1.0303583095862957e-07,True,False,0
information_60_steady_orientation_formal_only,60.0,steady_orientation,formal_only,0.001,velocity_x,0.9999999567236237,0.00010401487512316699,0.00020802975024633398,m/s,7,7,7,1.0303583095862957e-07,True,False,0
information_60_steady_orientation_formal_only,60.0,steady_orientation,formal_only,0.002,accel_bias_x,0.9999966151836776,9.198935157225102e-05,0.0018397870314450205,m/s2,7,7,7,1.0303583095862957e-07,True,False,0
information_60_steady_orientation_formal_only,60.0,steady_orientation,formal_only,0.002,accel_gain_x,0.9978903489022173,0.00045930938350774447,0.04593093835077445,fraction,7,7,7,1.0303583095862957e-07,True,False,0
information_60_steady_orientation_formal_only,60.0,steady_orientation,formal_only,0.002,attitude_y,0.9999999964678077,5.943224811359171e-07,5.943224811359171e-05,rad,7,7,7,1.0303583095862957e-07,True,False,0
information_60_steady_orientation_formal_only,60.0,steady_orientation,formal_only,0.002,gyro_bias_y,0.9999982591601289,1.3194089097975063e-08,0.0013194089097975062,rad/s,7,7,7,1.0303583095862957e-07,True,False,0
information_60_steady_orientation_formal_only,60.0,steady_orientation,formal_only,0.002,gyro_gain_y,1.0724973495862648e-31,0.01,1.0,fraction,7,7,7,1.0303583095862957e-07,True,False,0
information_60_steady_orientation_formal_only,60.0,steady_orientation,formal_only,0.002,position_x,0.9996801562690811,0.08942087716506801,0.017884175433013603,m,7,7,7,1.0303583095862957e-07,True,False,0
information_60_steady_orientation_formal_only,60.0,steady_orientation,formal_only,0.002,time_offset,0.9999688158771901,0.0004467419680080276,0.005584274600100345,s,7,7,7,1.0303583095862957e-07,True,False,0
information_60_steady_orientation_formal_only,60.0,steady_orientation,formal_only,0.002,velocity_x,0.9999999567239708,0.00010401445741972408,0.00020802891483944817,m/s,7,7,7,1.0303583095862957e-07,True,False,0
information_60_steady_orientation_formal_only,60.0,steady_orientation,formal_only,0.004,accel_bias_x,0.9999966152541306,9.198839423876812e-05,0.0018397678847753623,m/s2,7,7,7,1.0303583095862957e-07,True,False,0
information_60_steady_orientation_formal_only,60.0,steady_orientation,formal_only,0.004,accel_gain_x,0.9978903991902303,0.00045930390916807084,0.04593039091680708,fraction,7,7,7,1.0303583095862957e-07,True,False,0
information_60_steady_orientation_formal_only,60.0,steady_orientation,formal_only,0.004,attitude_y,0.9999999964678096,5.943223494187336e-07,5.943223494187336e-05,rad,7,7,7,1.0303583095862957e-07,True,False,0
information_60_steady_orientation_formal_only,60.0,steady_orientation,formal_only,0.004,gyro_bias_y,0.9999982591653247,1.3194069410232991e-08,0.001319406941023299,rad/s,7,7,7,1.0303583095862957e-07,True,False,0
information_60_steady_orientation_formal_only,60.0,steady_orientation,formal_only,0.004,gyro_gain_y,1.4644967998088043e-29,0.009999999999999998,0.9999999999999999,fraction,7,7,7,1.0303583095862957e-07,True,False,0
information_60_steady_orientation_formal_only,60.0,steady_orientation,formal_only,0.004,position_x,0.9996801552223252,0.0894210234893415,0.0178842046978683,m,7,7,7,1.0303583095862957e-07,True,False,0
information_60_steady_orientation_formal_only,60.0,steady_orientation,formal_only,0.004,time_offset,0.9999688157753623,0.0004467426974029075,0.0055842837175363435,s,7,7,7,1.0303583095862957e-07,True,False,0
information_60_steady_orientation_formal_only,60.0,steady_orientation,formal_only,0.004,velocity_x,0.9999999567251425,0.00010401305000896807,0.00020802610001793614,m/s,7,7,7,1.0303583095862957e-07,True,False,0
information_60_steady_orientation_h1_v3_tau60,60.0,steady_orientation,h1_v3_tau60,0.0005,accel_bias_x,0.33278493086572275,0.040841616922395386,0.8168323384479077,m/s2,3,3,3,5.080303410099584e-06,True,False,0
information_60_steady_orientation_h1_v3_tau60,60.0,steady_orientation,h1_v3_tau60,0.0005,accel_gain_x,0.007450368321967217,0.009962678513723271,0.9962678513723271,fraction,3,3,3,5.080303410099584e-06,True,False,0
information_60_steady_orientation_h1_v3_tau60,60.0,steady_orientation,h1_v3_tau60,0.0005,attitude_y,0.8271201488958861,0.004157882286743024,0.41578822867430243,rad,3,3,3,5.080303410099584e-06,True,False,0
information_60_steady_orientation_h1_v3_tau60,60.0,steady_orientation,h1_v3_tau60,0.0005,gyro_bias_y,0.2359289935359175,8.741115526430722e-06,0.874111552643072,rad/s,3,3,3,5.080303410099584e-06,True,False,0
information_60_steady_orientation_h1_v3_tau60,60.0,steady_orientation,h1_v3_tau60,0.0005,gyro_gain_y,3.7322071672921486e-34,0.01,1.0,fraction,3,3,3,5.080303410099584e-06,True,False,0
information_60_steady_orientation_h1_v3_tau60,60.0,steady_orientation,h1_v3_tau60,0.0005,position_x,0.12473100838931729,4.677790588543599,0.9355581177087197,m,3,3,3,5.080303410099584e-06,True,False,0
information_60_steady_orientation_h1_v3_tau60,60.0,steady_orientation,h1_v3_tau60,0.0005,time_offset,0.9088044161929865,0.024158885246734436,0.30198606558418045,s,3,3,3,5.080303410099584e-06,True,False,0
information_60_steady_orientation_h1_v3_tau60,60.0,steady_orientation,h1_v3_tau60,0.0005,velocity_x,0.9882245212369036,0.054257439036264635,0.10851487807252927,m/s,3,3,3,5.080303410099584e-06,True,False,0
information_60_steady_orientation_h1_v3_tau60,60.0,steady_orientation,h1_v3_tau60,0.001,accel_bias_x,0.3327849660827331,0.040841615844542295,0.8168323168908459,m/s2,3,3,3,5.080303410099584e-06,True,False,0
information_60_steady_orientation_h1_v3_tau60,60.0,steady_orientation,h1_v3_tau60,0.001,accel_gain_x,0.007450409940276037,0.009962678304852186,0.9962678304852185,fraction,3,3,3,5.080303410099584e-06,True,False,0
information_60_steady_orientation_h1_v3_tau60,60.0,steady_orientation,h1_v3_tau60,0.001,attitude_y,0.8271201335248892,0.004157882471584672,0.41578824715846724,rad,3,3,3,5.080303410099584e-06,True,False,0
information_60_steady_orientation_h1_v3_tau60,60.0,steady_orientation,h1_v3_tau60,0.001,gyro_bias_y,0.23592666982193894,8.741128818282348e-06,0.8741128818282348,rad/s,3,3,3,5.080303410099584e-06,True,False,0
information_60_steady_orientation_h1_v3_tau60,60.0,steady_orientation,h1_v3_tau60,0.001,gyro_gain_y,7.828630434325604e-34,0.01,1.0,fraction,3,3,3,5.080303410099584e-06,True,False,0
information_60_steady_orientation_h1_v3_tau60,60.0,steady_orientation,h1_v3_tau60,0.001,position_x,0.12473112891074871,4.677790266486013,0.9355580532972025,m,3,3,3,5.080303410099584e-06,True,False,0
information_60_steady_orientation_h1_v3_tau60,60.0,steady_orientation,h1_v3_tau60,0.001,time_offset,0.9088044511302571,0.024158880619067482,0.3019860077383435,s,3,3,3,5.080303410099584e-06,True,False,0
information_60_steady_orientation_h1_v3_tau60,60.0,steady_orientation,h1_v3_tau60,0.001,velocity_x,0.9882245194615151,0.054257443126462614,0.10851488625292523,m/s,3,3,3,5.080303410099584e-06,True,False,0
information_60_steady_orientation_h1_v3_tau60,60.0,steady_orientation,h1_v3_tau60,0.002,accel_bias_x,0.33278497870285145,0.04084161545829047,0.8168323091658094,m/s2,3,3,3,5.080303410099584e-06,True,False,0
information_60_steady_orientation_h1_v3_tau60,60.0,steady_orientation,h1_v3_tau60,0.002,accel_gain_x,0.007450143632643999,0.009962679641378395,0.9962679641378395,fraction,3,3,3,5.080303410099584e-06,True,False,0
information_60_steady_orientation_h1_v3_tau60,60.0,steady_orientation,h1_v3_tau60,0.002,attitude_y,0.827120122036954,0.004157882609731129,0.41578826097311294,rad,3,3,3,5.080303410099584e-06,True,False,0
information_60_steady_orientation_h1_v3_tau60,60.0,steady_orientation,h1_v3_tau60,0.002,gyro_bias_y,0.23592476931739992,8.741139689323124e-06,0.8741139689323123,rad/s,3,3,3,5.080303410099584e-06,True,False,0
information_60_steady_orientation_h1_v3_tau60,60.0,steady_orientation,h1_v3_tau60,0.002,gyro_gain_y,1.1239005417112946e-33,0.009999999999999998,0.9999999999999999,fraction,3,3,3,5.080303410099584e-06,True,False,0
information_60_steady_orientation_h1_v3_tau60,60.0,steady_orientation,h1_v3_tau60,0.002,position_x,0.12473124604785016,4.677789953472017,0.9355579906944034,m,3,3,3,5.080303410099584e-06,True,False,0
information_60_steady_orientation_h1_v3_tau60,60.0,steady_orientation,h1_v3_tau60,0.002,time_offset,0.9088044519746965,0.02415888050721602,0.30198600634020023,s,3,3,3,5.080303410099584e-06,True,False,0
information_60_steady_orientation_h1_v3_tau60,60.0,steady_orientation,h1_v3_tau60,0.002,velocity_x,0.9882245126746932,0.054257458762153106,0.10851491752430621,m/s,3,3,3,5.080303410099584e-06,True,False,0
information_60_steady_orientation_h1_v3_tau60,60.0,steady_orientation,h1_v3_tau60,0.004,accel_bias_x,0.33278498009762575,0.04084161541560197,0.8168323083120393,m/s2,3,3,3,5.080303410099584e-06,True,False,0
information_60_steady_orientation_h1_v3_tau60,60.0,steady_orientation,h1_v3_tau60,0.004,accel_gain_x,0.007450292672501116,0.009962678893387554,0.9962678893387554,fraction,3,3,3,5.080303410099584e-06,True,False,0
information_60_steady_orientation_h1_v3_tau60,60.0,steady_orientation,h1_v3_tau60,0.004,attitude_y,0.8271201212297066,0.004157882619438571,0.41578826194385704,rad,3,3,3,5.080303410099584e-06,True,False,0
information_60_steady_orientation_h1_v3_tau60,60.0,steady_orientation,h1_v3_tau60,0.004,gyro_bias_y,0.23592570523752937,8.741134335785436e-06,0.8741134335785434,rad/s,3,3,3,5.080303410099584e-06,True,False,0
information_60_steady_orientation_h1_v3_tau60,60.0,steady_orientation,h1_v3_tau60,0.004,gyro_gain_y,5.421650072816773e-33,0.010000000000000002,1.0000000000000002,fraction,3,3,3,5.080303410099584e-06,True,False,0
information_60_steady_orientation_h1_v3_tau60,60.0,steady_orientation,h1_v3_tau60,0.004,position_x,0.12473114446750518,4.677790224915218,0.9355580449830435,m,3,3,3,5.080303410099584e-06,True,False,0
information_60_steady_orientation_h1_v3_tau60,60.0,steady_orientation,h1_v3_tau60,0.004,time_offset,0.9088044393665355,0.02415888217724851,0.30198602721560636,s,3,3,3,5.080303410099584e-06,True,False,0
information_60_steady_orientation_h1_v3_tau60,60.0,steady_orientation,h1_v3_tau60,0.004,velocity_x,0.9882245118288395,0.054257460710856395,0.10851492142171279,m/s,3,3,3,5.080303410099584e-06,True,False,0
information_60_steady_orientation_h10_v30_tau300,60.0,steady_orientation,h10_v30_tau300,0.0005,accel_bias_x,0.20808700650679554,0.04449474669815541,0.8898949339631081,m/s2,3,3,3,5.520323171083347e-07,True,False,0
information_60_steady_orientation_h10_v30_tau300,60.0,steady_orientation,h10_v30_tau300,0.0005,accel_gain_x,0.0006827235066349973,0.009996585799628617,0.9996585799628617,fraction,3,3,3,5.520323171083347e-07,True,False,0
information_60_steady_orientation_h10_v30_tau300,60.0,steady_orientation,h10_v30_tau300,0.0005,attitude_y,0.792746764327392,0.00455250739343285,0.45525073934328497,rad,3,3,3,5.520323171083347e-07,True,False,0
information_60_steady_orientation_h10_v30_tau300,60.0,steady_orientation,h10_v30_tau300,0.0005,gyro_bias_y,0.017972934176899075,9.909727876299635e-06,0.9909727876299634,rad/s,3,3,3,5.520323171083347e-07,True,False,0
information_60_steady_orientation_h10_v30_tau300,60.0,steady_orientation,h10_v30_tau300,0.0005,gyro_gain_y,4.105961167371756e-34,0.009999999999999998,0.9999999999999998,fraction,3,3,3,5.520323171083347e-07,True,False,0
information_60_steady_orientation_h10_v30_tau300,60.0,steady_orientation,h10_v30_tau300,0.0005,position_x,0.052585177785599194,4.866761814118296,0.9733523628236592,m,3,3,3,5.520323171083347e-07,True,False,0
information_60_steady_orientation_h10_v30_tau300,60.0,steady_orientation,h10_v30_tau300,0.0005,time_offset,0.5385085205936657,0.05434653133550053,0.6793316416937566,s,3,3,3,5.520323171083347e-07,True,False,0
information_60_steady_orientation_h10_v30_tau300,60.0,steady_orientation,h10_v30_tau300,0.0005,velocity_x,0.7727134405043872,0.23837290087990975,0.4767458017598195,m/s,3,3,3,5.520323171083347e-07,True,False,0
information_60_steady_orientation_h10_v30_tau300,60.0,steady_orientation,h10_v30_tau300,0.001,accel_bias_x,0.2080870351331298,0.044494745893949944,0.8898949178789988,m/s2,3,3,3,5.520323171083347e-07,True,False,0
information_60_steady_orientation_h10_v30_tau300,60.0,steady_orientation,h10_v30_tau300,0.001,accel_gain_x,0.0006827251356851052,0.009996585791480583,0.9996585791480583,fraction,3,3,3,5.520323171083347e-07,True,False,0
information_60_steady_orientation_h10_v30_tau300,60.0,steady_orientation,h10_v30_tau300,0.001,attitude_y,0.7927467387746937,0.004552507674077068,0.4552507674077068,rad,3,3,3,5.520323171083347e-07,True,False,0
information_60_steady_orientation_h10_v30_tau300,60.0,steady_orientation,h10_v30_tau300,0.001,gyro_bias_y,0.017972740886106297,9.909728851557417e-06,0.9909728851557417,rad/s,3,3,3,5.520323171083347e-07,True,False,0
information_60_steady_orientation_h10_v30_tau300,60.0,steady_orientation,h10_v30_tau300,0.001,gyro_gain_y,1.857039421407979e-33,0.009999999999999998,0.9999999999999998,fraction,3,3,3,5.520323171083347e-07,True,False,0
information_60_steady_orientation_h10_v30_tau300,60.0,steady_orientation,h10_v30_tau300,0.001,position_x,0.052585167566420836,4.866761840365673,0.9733523680731347,m,3,3,3,5.520323171083347e-07,True,False,0
information_60_steady_orientation_h10_v30_tau300,60.0,steady_orientation,h10_v30_tau300,0.001,time_offset,0.5385085416396485,0.054346530096283534,0.6793316262035441,s,3,3,3,5.520323171083347e-07,True,False,0
information_60_steady_orientation_h10_v30_tau300,60.0,steady_orientation,h10_v30_tau300,0.001,velocity_x,0.7727134486609749,0.23837289660268896,0.4767457932053779,m/s,3,3,3,5.520323171083347e-07,True,False,0
information_60_steady_orientation_h10_v30_tau300,60.0,steady_orientation,h10_v30_tau300,0.002,accel_bias_x,0.20808703866074202,0.044494745794848,0.88989491589696,m/s2,3,3,3,5.520323171083347e-07,True,False,0
information_60_steady_orientation_h10_v30_tau300,60.0,steady_orientation,h10_v30_tau300,0.002,accel_gain_x,0.0006827117629692984,0.009996585858367003,0.9996585858367003,fraction,3,3,3,5.520323171083347e-07,True,False,0
information_60_steady_orientation_h10_v30_tau300,60.0,steady_orientation,h10_v30_tau300,0.002,attitude_y,0.7927467350029351,0.004552507715502137,0.45525077155021365,rad,3,3,3,5.520323171083347e-07,True,False,0
information_60_steady_orientation_h10_v30_tau300,60.0,steady_orientation,h10_v30_tau300,0.002,gyro_bias_y,0.017972587556485255,9.909729625189152e-06,0.9909729625189151,rad/s,3,3,3,5.520323171083347e-07,True,False,0
information_60_steady_orientation_h10_v30_tau300,60.0,steady_orientation,h10_v30_tau300,0.002,gyro_gain_y,8.114703144985371e-34,0.01,1.0,fraction,3,3,3,5.520323171083347e-07,True,False,0
information_60_steady_orientation_h10_v30_tau300,60.0,steady_orientation,h10_v30_tau300,0.002,position_x,0.052585176536151565,4.866761817327434,0.9733523634654867,m,3,3,3,5.520323171083347e-07,True,False,0
information_60_steady_orientation_h10_v30_tau300,60.0,steady_orientation,h10_v30_tau300,0.002,time_offset,0.5385085519368361,0.054346529489970596,0.6793316186246324,s,3,3,3,5.520323171083347e-07,True,False,0
information_60_steady_orientation_h10_v30_tau300,60.0,steady_orientation,h10_v30_tau300,0.002,velocity_x,0.7727134537231872,0.23837289394812267,0.47674578789624533,m/s,3,3,3,5.520323171083347e-07,True,False,0
information_60_steady_orientation_h10_v30_tau300,60.0,steady_orientation,h10_v30_tau300,0.004,accel_bias_x,0.2080870397435442,0.04449474576442865,0.8898949152885729,m/s2,3,3,3,5.520323171083347e-07,True,False,0
information_60_steady_orientation_h10_v30_tau300,60.0,steady_orientation,h10_v30_tau300,0.004,accel_gain_x,0.0006827192664183551,0.009996585820836942,0.9996585820836943,fraction,3,3,3,5.520323171083347e-07,True,False,0
information_60_steady_orientation_h10_v30_tau300,60.0,steady_orientation,h10_v30_tau300,0.004,attitude_y,0.7927467337754414,0.004552507728983649,0.45525077289836496,rad,3,3,3,5.520323171083347e-07,True,False,0
information_60_steady_orientation_h10_v30_tau300,60.0,steady_orientation,h10_v30_tau300,0.004,gyro_bias_y,0.017972668237053332,9.909729218111601e-06,0.99097292181116,rad/s,3,3,3,5.520323171083347e-07,True,False,0
information_60_steady_orientation_h10_v30_tau300,60.0,steady_orientation,h10_v30_tau300,0.004,gyro_gain_y,4.112730256464043e-34,0.010000000000000002,1.0000000000000002,fraction,3,3,3,5.520323171083347e-07,True,False,0
information_60_steady_orientation_h10_v30_tau300,60.0,steady_orientation,h10_v30_tau300,0.004,position_x,0.05258517499855885,4.8667618212766515,0.9733523642553302,m,3,3,3,5.520323171083347e-07,True,False,0
information_60_steady_orientation_h10_v30_tau300,60.0,steady_orientation,h10_v30_tau300,0.004,time_offset,0.5385085345045102,0.05434653051641042,0.6793316314551302,s,3,3,3,5.520323171083347e-07,True,False,0
information_60_steady_orientation_h10_v30_tau300,60.0,steady_orientation,h10_v30_tau300,0.004,velocity_x,0.7727134643875946,0.2383728883558302,0.4767457767116604,m/s,3,3,3,5.520323171083347e-07,True,False,0
information_60_brief_pitch_formal_only,60.0,brief_pitch,formal_only,0.0005,accel_bias_x,0.9999966061834099,9.21115708039193e-05,0.0018422314160783859,m/s2,8,7,8,0.0005096358779663679,True,False,0
information_60_brief_pitch_formal_only,60.0,brief_pitch,formal_only,0.0005,accel_gain_x,0.9978948113190801,0.0004588233517290789,0.045882335172907886,fraction,8,7,8,0.0005096358779663679,True,False,0
information_60_brief_pitch_formal_only,60.0,brief_pitch,formal_only,0.0005,attitude_y,0.9999999960394261,6.293309072757266e-07,6.293309072757266e-05,rad,8,7,8,0.0005096358779663679,True,False,0
information_60_brief_pitch_formal_only,60.0,brief_pitch,formal_only,0.0005,gyro_bias_y,0.9999982593183162,1.3193489620345427e-08,0.0013193489620345427,rad/s,8,7,8,0.0005096358779663679,True,False,0
information_60_brief_pitch_formal_only,60.0,brief_pitch,formal_only,0.0005,gyro_gain_y,0.5323567157035561,0.006838444883863906,0.6838444883863906,fraction,8,7,8,0.0005096358779663679,True,False,0
information_60_brief_pitch_formal_only,60.0,brief_pitch,formal_only,0.0005,position_x,0.9996801427939379,0.0894227608136724,0.01788455216273448,m,8,7,8,0.0005096358779663679,True,False,0
information_60_brief_pitch_formal_only,60.0,brief_pitch,formal_only,0.0005,time_offset,0.9999688140523372,0.0004467550391927346,0.005584437989909182,s,8,7,8,0.0005096358779663679,True,False,0
information_60_brief_pitch_formal_only,60.0,brief_pitch,formal_only,0.0005,velocity_x,0.9999999540401687,0.00010719122204920908,0.00021438244409841816,m/s,8,7,8,0.0005096358779663679,True,False,0
information_60_brief_pitch_formal_only,60.0,brief_pitch,formal_only,0.001,accel_bias_x,0.9999966064017496,9.21086077796895e-05,0.0018421721555937898,m/s2,8,7,8,0.0005096358779663679,True,False,0
information_60_brief_pitch_formal_only,60.0,brief_pitch,formal_only,0.001,accel_gain_x,0.9978948993797431,0.0004588137552707293,0.04588137552707293,fraction,8,7,8,0.0005096358779663679,True,False,0
information_60_brief_pitch_formal_only,60.0,brief_pitch,formal_only,0.001,attitude_y,0.9999999960376039,6.294757108843845e-07,6.294757108843845e-05,rad,8,7,8,0.0005096358779663679,True,False,0
information_60_brief_pitch_formal_only,60.0,brief_pitch,formal_only,0.001,gyro_bias_y,0.9999982592630434,1.319369908624048e-08,0.0013193699086240479,rad/s,8,7,8,0.0005096358779663679,True,False,0
information_60_brief_pitch_formal_only,60.0,brief_pitch,formal_only,0.001,gyro_gain_y,0.5320377433063896,0.006840776686119857,0.6840776686119857,fraction,8,7,8,0.0005096358779663679,True,False,0
information_60_brief_pitch_formal_only,60.0,brief_pitch,formal_only,0.001,position_x,0.9996801443374397,0.08942254505436012,0.017884509010872025,m,8,7,8,0.0005096358779663679,True,False,0
information_60_brief_pitch_formal_only,60.0,brief_pitch,formal_only,0.001,time_offset,0.999968814222255,0.00044675382209883,0.005584422776235375,s,8,7,8,0.0005096358779663679,True,False,0
information_60_brief_pitch_formal_only,60.0,brief_pitch,formal_only,0.001,velocity_x,0.9999999540367215,0.00010719524029266122,0.00021439048058532245,m/s,8,7,8,0.0005096358779663679,True,False,0
information_60_brief_pitch_formal_only,60.0,brief_pitch,formal_only,0.002,accel_bias_x,0.9999966063884762,9.21087879036234e-05,0.0018421757580724678,m/s2,8,7,8,0.0005096358779663679,True,False,0
information_60_brief_pitch_formal_only,60.0,brief_pitch,formal_only,0.002,accel_gain_x,0.997894907055518,0.00045881291878952727,0.04588129187895273,fraction,8,7,8,0.0005096358779663679,True,False,0
information_60_brief_pitch_formal_only,60.0,brief_pitch,formal_only,0.002,attitude_y,0.9999999960389726,6.293669735944742e-07,6.293669735944742e-05,rad,8,7,8,0.0005096358779663679,True,False,0
information_60_brief_pitch_formal_only,60.0,brief_pitch,formal_only,0.002,gyro_bias_y,0.9999982592568346,1.3193722617119308e-08,0.0013193722617119306,rad/s,8,7,8,0.0005096358779663679,True,False,0
information_60_brief_pitch_formal_only,60.0,brief_pitch,formal_only,0.002,gyro_gain_y,0.5318478542001283,0.00684216446601419,0.684216446601419,fraction,8,7,8,0.0005096358779663679,True,False,0
information_60_brief_pitch_formal_only,60.0,brief_pitch,formal_only,0.002,position_x,0.9996801461731027,0.08942228845445666,0.01788445769089133,m,8,7,8,0.0005096358779663679,True,False,0
information_60_brief_pitch_formal_only,60.0,brief_pitch,formal_only,0.002,time_offset,0.9999688144127455,0.0004467524576622321,0.005584405720777901,s,8,7,8,0.0005096358779663679,True,False,0
information_60_brief_pitch_formal_only,60.0,brief_pitch,formal_only,0.002,velocity_x,0.9999999540514887,0.00010717801921698069,0.00021435603843396138,m/s,8,7,8,0.0005096358779663679,True,False,0
information_60_brief_pitch_formal_only,60.0,brief_pitch,formal_only,0.004,accel_bias_x,0.9999966065309709,9.21068541040968e-05,0.001842137082081936,m/s2,8,7,8,0.0005096358779663679,True,False,0
information_60_brief_pitch_formal_only,60.0,brief_pitch,formal_only,0.004,accel_gain_x,0.9978949818304811,0.0004588047699750275,0.04588047699750275,fraction,8,7,8,0.0005096358779663679,True,False,0
information_60_brief_pitch_formal_only,60.0,brief_pitch,formal_only,0.004,attitude_y,0.9999999960387298,6.293862241912365e-07,6.293862241912365e-05,rad,8,7,8,0.0005096358779663679,True,False,0
information_60_brief_pitch_formal_only,60.0,brief_pitch,formal_only,0.004,gyro_bias_y,0.9999982592430173,1.3193774979942056e-08,0.0013193774979942056,rad/s,8,7,8,0.0005096358779663679,True,False,0
information_60_brief_pitch_formal_only,60.0,brief_pitch,formal_only,0.004,gyro_gain_y,0.5320234665365265,0.006840881035827721,0.6840881035827721,fraction,8,7,8,0.0005096358779663679,True,False,0
information_60_brief_pitch_formal_only,60.0,brief_pitch,formal_only,0.004,position_x,0.9996801448960005,0.08942246697540651,0.017884493395081302,m,8,7,8,0.0005096358779663679,True,False,0
information_60_brief_pitch_formal_only,60.0,brief_pitch,formal_only,0.004,time_offset,0.9999688142844979,0.00044675337627480936,0.005584417203435117,s,8,7,8,0.0005096358779663679,True,False,0
information_60_brief_pitch_formal_only,60.0,brief_pitch,formal_only,0.004,velocity_x,0.999999954046021,0.00010718439741974056,0.00021436879483948112,m/s,8,7,8,0.0005096358779663679,True,False,0
information_60_brief_pitch_h1_v3_tau60,60.0,brief_pitch,h1_v3_tau60,0.0005,accel_bias_x,0.3329566622096546,0.040836360568442726,0.8167272113688545,m/s2,3,3,3,5.0176884295261215e-06,True,False,0
information_60_brief_pitch_h1_v3_tau60,60.0,brief_pitch,h1_v3_tau60,0.0005,accel_gain_x,0.007471842062086746,0.00996257074222268,0.996257074222268,fraction,3,3,3,5.0176884295261215e-06,True,False,0
information_60_brief_pitch_h1_v3_tau60,60.0,brief_pitch,h1_v3_tau60,0.0005,attitude_y,0.8271644350105498,0.004157349696494753,0.41573496964947526,rad,3,3,3,5.0176884295261215e-06,True,False,0
information_60_brief_pitch_h1_v3_tau60,60.0,brief_pitch,h1_v3_tau60,0.0005,gyro_bias_y,0.23593028051373505,8.741108164793894e-06,0.8741108164793894,rad/s,3,3,3,5.0176884295261215e-06,True,False,0
information_60_brief_pitch_h1_v3_tau60,60.0,brief_pitch,h1_v3_tau60,0.0005,gyro_gain_y,7.961369241111265e-07,0.00999999601931459,0.999999601931459,fraction,3,3,3,5.0176884295261215e-06,True,False,0
information_60_brief_pitch_h1_v3_tau60,60.0,brief_pitch,h1_v3_tau60,0.0005,position_x,0.12473100472009876,4.6777905983484915,0.9355581196696984,m,3,3,3,5.0176884295261215e-06,True,False,0
information_60_brief_pitch_h1_v3_tau60,60.0,brief_pitch,h1_v3_tau60,0.0005,time_offset,0.9088044157480505,0.02415888530566916,0.3019860663208645,s,3,3,3,5.0176884295261215e-06,True,False,0
information_60_brief_pitch_h1_v3_tau60,60.0,brief_pitch,h1_v3_tau60,0.0005,velocity_x,0.9882246931325639,0.05425704301617305,0.1085140860323461,m/s,3,3,3,5.0176884295261215e-06,True,False,0
information_60_brief_pitch_h1_v3_tau60,60.0,brief_pitch,h1_v3_tau60,0.001,accel_bias_x,0.3329566235861886,0.04083636175070607,0.8167272350141214,m/s2,3,3,3,5.0176884295261215e-06,True,False,0
information_60_brief_pitch_h1_v3_tau60,60.0,brief_pitch,h1_v3_tau60,0.001,accel_gain_x,0.007471903556235888,0.009962570433596763,0.9962570433596764,fraction,3,3,3,5.0176884295261215e-06,True,False,0
information_60_brief_pitch_h1_v3_tau60,60.0,brief_pitch,h1_v3_tau60,0.001,attitude_y,0.8271644870764497,0.004157349070303699,0.4157349070303699,rad,3,3,3,5.0176884295261215e-06,True,False,0
information_60_brief_pitch_h1_v3_tau60,60.0,brief_pitch,h1_v3_tau60,0.001,gyro_bias_y,0.23592773327860117,8.741122735217704e-06,0.8741122735217703,rad/s,3,3,3,5.0176884295261215e-06,True,False,0
information_60_brief_pitch_h1_v3_tau60,60.0,brief_pitch,h1_v3_tau60,0.001,gyro_gain_y,7.914041532939234e-07,0.00999999604297845,0.999999604297845,fraction,3,3,3,5.0176884295261215e-06,True,False,0
information_60_brief_pitch_h1_v3_tau60,60.0,brief_pitch,h1_v3_tau60,0.001,position_x,0.12473112701069457,4.677790271563339,0.9355580543126678,m,3,3,3,5.0176884295261215e-06,True,False,0
information_60_brief_pitch_h1_v3_tau60,60.0,brief_pitch,h1_v3_tau60,0.001,time_offset,0.908804451051047,0.02415888062955954,0.30198600786949426,s,3,3,3,5.0176884295261215e-06,True,False,0
information_60_brief_pitch_h1_v3_tau60,60.0,brief_pitch,h1_v3_tau60,0.001,velocity_x,0.9882246918155474,0.05425704605038432,0.10851409210076864,m/s,3,3,3,5.0176884295261215e-06,True,False,0
information_60_brief_pitch_h1_v3_tau60,60.0,brief_pitch,h1_v3_tau60,0.002,accel_bias_x,0.3329566743645336,0.04083636019638216,0.8167272039276432,m/s2,3,3,3,5.0176884295261215e-06,True,False,0
information_60_brief_pitch_h1_v3_tau60,60.0,brief_pitch,h1_v3_tau60,0.002,accel_gain_x,0.007471814278764802,0.009962570881661198,0.9962570881661197,fraction,3,3,3,5.0176884295261215e-06,True,False,0
information_60_brief_pitch_h1_v3_tau60,60.0,brief_pitch,h1_v3_tau60,0.002,attitude_y,0.827164442820955,0.004157349602559843,0.4157349602559843,rad,3,3,3,5.0176884295261215e-06,True,False,0
information_60_brief_pitch_h1_v3_tau60,60.0,brief_pitch,h1_v3_tau60,0.002,gyro_bias_y,0.2359260579493632,8.741132318244808e-06,0.8741132318244806,rad/s,3,3,3,5.0176884295261215e-06,True,False,0
information_60_brief_pitch_h1_v3_tau60,60.0,brief_pitch,h1_v3_tau60,0.002,gyro_gain_y,7.91975856139954e-07,0.009999996040119934,0.9999996040119934,fraction,3,3,3,5.0176884295261215e-06,True,False,0
information_60_brief_pitch_h1_v3_tau60,60.0,brief_pitch,h1_v3_tau60,0.002,position_x,0.12473124807841693,4.677789948045933,0.9355579896091867,m,3,3,3,5.0176884295261215e-06,True,False,0
information_60_brief_pitch_h1_v3_tau60,60.0,brief_pitch,h1_v3_tau60,0.002,time_offset,0.9088044524248995,0.02415888044758371,0.3019860055947964,s,3,3,3,5.0176884295261215e-06,True,False,0
information_60_brief_pitch_h1_v3_tau60,60.0,brief_pitch,h1_v3_tau60,0.002,velocity_x,0.9882246846112782,0.05425706264792143,0.10851412529584285,m/s,3,3,3,5.0176884295261215e-06,True,False,0
information_60_brief_pitch_h1_v3_tau60,60.0,brief_pitch,h1_v3_tau60,0.004,accel_bias_x,0.3329566735626798,0.04083636022092692,0.8167272044185383,m/s2,3,3,3,5.0176884295261215e-06,True,False,0
information_60_brief_pitch_h1_v3_tau60,60.0,brief_pitch,h1_v3_tau60,0.004,accel_gain_x,0.00747203865042657,0.009962569755588034,0.9962569755588033,fraction,3,3,3,5.0176884295261215e-06,True,False,0
information_60_brief_pitch_h1_v3_tau60,60.0,brief_pitch,h1_v3_tau60,0.004,attitude_y,0.8271644442743864,0.0041573495850795806,0.41573495850795805,rad,3,3,3,5.0176884295261215e-06,True,False,0
information_60_brief_pitch_h1_v3_tau60,60.0,brief_pitch,h1_v3_tau60,0.004,gyro_bias_y,0.23592677248073576,8.74112823106528e-06,0.874112823106528,rad/s,3,3,3,5.0176884295261215e-06,True,False,0
information_60_brief_pitch_h1_v3_tau60,60.0,brief_pitch,h1_v3_tau60,0.004,gyro_gain_y,7.921727538679174e-07,0.009999996039135445,0.9999996039135445,fraction,3,3,3,5.0176884295261215e-06,True,False,0
information_60_brief_pitch_h1_v3_tau60,60.0,brief_pitch,h1_v3_tau60,0.004,position_x,0.12473114522576012,4.6777902228890085,0.9355580445778018,m,3,3,3,5.0176884295261215e-06,True,False,0
information_60_brief_pitch_h1_v3_tau60,60.0,brief_pitch,h1_v3_tau60,0.004,time_offset,0.9088044396971494,0.024158882133456478,0.30198602666820595,s,3,3,3,5.0176884295261215e-06,True,False,0
information_60_brief_pitch_h1_v3_tau60,60.0,brief_pitch,h1_v3_tau60,0.004,velocity_x,0.9882246842507837,0.054257063478443945,0.10851412695688789,m/s,3,3,3,5.0176884295261215e-06,True,False,0
information_60_brief_pitch_h10_v30_tau300,60.0,brief_pitch,h10_v30_tau300,0.0005,accel_bias_x,0.20809340520465447,0.04449456693786741,0.889891338757348,m/s2,3,3,3,7.903318030569469e-07,True,False,0
information_60_brief_pitch_h10_v30_tau300,60.0,brief_pitch,h10_v30_tau300,0.0005,accel_gain_x,0.0006842987268940639,0.009996577920834243,0.9996577920834243,fraction,3,3,3,7.903318030569469e-07,True,False,0
information_60_brief_pitch_h10_v30_tau300,60.0,brief_pitch,h10_v30_tau300,0.0005,attitude_y,0.7927479437566903,0.004552494439791331,0.45524944397913303,rad,3,3,3,7.903318030569469e-07,True,False,0
information_60_brief_pitch_h10_v30_tau300,60.0,brief_pitch,h10_v30_tau300,0.0005,gyro_bias_y,0.01797304413806102,9.90972732148538e-06,0.9909727321485379,rad/s,3,3,3,7.903318030569469e-07,True,False,0
information_60_brief_pitch_h10_v30_tau300,60.0,brief_pitch,h10_v30_tau300,0.0005,gyro_gain_y,4.121439283772998e-08,0.009999999793928035,0.9999999793928035,fraction,3,3,3,7.903318030569469e-07,True,False,0
information_60_brief_pitch_h10_v30_tau300,60.0,brief_pitch,h10_v30_tau300,0.0005,position_x,0.05258517780274175,4.866761814074268,0.9733523628148535,m,3,3,3,7.903318030569469e-07,True,False,0
information_60_brief_pitch_h10_v30_tau300,60.0,brief_pitch,h10_v30_tau300,0.0005,time_offset,0.5385085200888338,0.05434653136522572,0.6793316420653215,s,3,3,3,7.903318030569469e-07,True,False,0
information_60_brief_pitch_h10_v30_tau300,60.0,brief_pitch,h10_v30_tau300,0.0005,velocity_x,0.7727135722227843,0.23837283180829116,0.4767456636165823,m/s,3,3,3,7.903318030569469e-07,True,False,0
information_60_brief_pitch_h10_v30_tau300,60.0,brief_pitch,h10_v30_tau300,0.001,accel_bias_x,0.20809341846821594,0.04449456656524997,0.8898913313049994,m/s2,3,3,3,7.903318030569469e-07,True,False,0
information_60_brief_pitch_h10_v30_tau300,60.0,brief_pitch,h10_v30_tau300,0.001,accel_gain_x,0.0006843012152961509,0.009996577908387967,0.9996577908387966,fraction,3,3,3,7.903318030569469e-07,True,False,0
information_60_brief_pitch_h10_v30_tau300,60.0,brief_pitch,h10_v30_tau300,0.001,attitude_y,0.7927479329895234,0.004552494558047012,0.4552494558047012,rad,3,3,3,7.903318030569469e-07,True,False,0
information_60_brief_pitch_h10_v30_tau300,60.0,brief_pitch,h10_v30_tau300,0.001,gyro_bias_y,0.01797283125631165,9.909728395590312e-06,0.9909728395590311,rad/s,3,3,3,7.903318030569469e-07,True,False,0
information_60_brief_pitch_h10_v30_tau300,60.0,brief_pitch,h10_v30_tau300,0.001,gyro_gain_y,4.0976842528862245e-08,0.009999999795115785,0.9999999795115785,fraction,3,3,3,7.903318030569469e-07,True,False,0
information_60_brief_pitch_h10_v30_tau300,60.0,brief_pitch,h10_v30_tau300,0.001,position_x,0.052585167567652406,4.86676184036251,0.9733523680725019,m,3,3,3,7.903318030569469e-07,True,False,0
information_60_brief_pitch_h10_v30_tau300,60.0,brief_pitch,h10_v30_tau300,0.001,time_offset,0.5385085416225719,0.05434653009728903,0.6793316262161129,s,3,3,3,7.903318030569469e-07,True,False,0
information_60_brief_pitch_h10_v30_tau300,60.0,brief_pitch,h10_v30_tau300,0.001,velocity_x,0.7727135676701545,0.23837283419563873,0.47674566839127747,m/s,3,3,3,7.903318030569469e-07,True,False,0
information_60_brief_pitch_h10_v30_tau300,60.0,brief_pitch,h10_v30_tau300,0.002,accel_bias_x,0.2080934324949171,0.044494566171193385,0.8898913234238677,m/s2,3,3,3,7.903318030569469e-07,True,False,0
information_60_brief_pitch_h10_v30_tau300,60.0,brief_pitch,h10_v30_tau300,0.002,accel_gain_x,0.000684296970364343,0.0099965779296199,0.99965779296199,fraction,3,3,3,7.903318030569469e-07,True,False,0
information_60_brief_pitch_h10_v30_tau300,60.0,brief_pitch,h10_v30_tau300,0.002,attitude_y,0.7927479187758874,0.004552494714155224,0.45524947141552247,rad,3,3,3,7.903318030569469e-07,True,False,0
information_60_brief_pitch_h10_v30_tau300,60.0,brief_pitch,h10_v30_tau300,0.002,gyro_bias_y,0.01797269689391086,9.90972907352209e-06,0.9909729073522089,rad/s,3,3,3,7.903318030569469e-07,True,False,0
information_60_brief_pitch_h10_v30_tau300,60.0,brief_pitch,h10_v30_tau300,0.002,gyro_gain_y,4.1011096191334056e-08,0.009999999794944522,0.9999999794944522,fraction,3,3,3,7.903318030569469e-07,True,False,0
information_60_brief_pitch_h10_v30_tau300,60.0,brief_pitch,h10_v30_tau300,0.002,position_x,0.05258517661625477,4.8667618171216915,0.9733523634243384,m,3,3,3,7.903318030569469e-07,True,False,0
information_60_brief_pitch_h10_v30_tau300,60.0,brief_pitch,h10_v30_tau300,0.002,time_offset,0.5385085524760339,0.05434652945822192,0.679331618227774,s,3,3,3,7.903318030569469e-07,True,False,0
information_60_brief_pitch_h10_v30_tau300,60.0,brief_pitch,h10_v30_tau300,0.002,velocity_x,0.7727135695317138,0.23837283321945796,0.4767456664389159,m/s,3,3,3,7.903318030569469e-07,True,False,0
information_60_brief_pitch_h10_v30_tau300,60.0,brief_pitch,h10_v30_tau300,0.004,accel_bias_x,0.20809343197701383,0.044494566185743,0.8898913237148599,m/s2,3,3,3,7.903318030569469e-07,True,False,0
information_60_brief_pitch_h10_v30_tau300,60.0,brief_pitch,h10_v30_tau300,0.004,accel_gain_x,0.0006843079755170484,0.009996577874575295,0.9996577874575295,fraction,3,3,3,7.903318030569469e-07,True,False,0
information_60_brief_pitch_h10_v30_tau300,60.0,brief_pitch,h10_v30_tau300,0.004,attitude_y,0.7927479192425311,0.00455249470903008,0.455249470903008,rad,3,3,3,7.903318030569469e-07,True,False,0
information_60_brief_pitch_h10_v30_tau300,60.0,brief_pitch,h10_v30_tau300,0.004,gyro_bias_y,0.017972758521294367,9.90972876257825e-06,0.9909728762578248,rad/s,3,3,3,7.903318030569469e-07,True,False,0
information_60_brief_pitch_h10_v30_tau300,60.0,brief_pitch,h10_v30_tau300,0.004,gyro_gain_y,4.101929576520588e-08,0.009999999794903526,0.9999999794903525,fraction,3,3,3,7.903318030569469e-07,True,False,0
information_60_brief_pitch_h10_v30_tau300,60.0,brief_pitch,h10_v30_tau300,0.004,position_x,0.05258517503435115,4.866761821184723,0.9733523642369446,m,3,3,3,7.903318030569469e-07,True,False,0
information_60_brief_pitch_h10_v30_tau300,60.0,brief_pitch,h10_v30_tau300,0.004,time_offset,0.5385085349557369,0.05434653048984162,0.6793316311230203,s,3,3,3,7.903318030569469e-07,True,False,0
information_60_brief_pitch_h10_v30_tau300,60.0,brief_pitch,h10_v30_tau300,0.004,velocity_x,0.772713579472932,0.23837282800639634,0.4767456560127927,m/s,3,3,3,7.903318030569469e-07,True,False,0
